ISO-10303-21;
HEADER;
/* Generated by software containing ST-Developer
 * from STEP Tools, Inc. (www.steptools.com) 
 */
/* OPTION: using custom renumber hook */

FILE_DESCRIPTION(
/* description */ ('STEP AP242 Edition 2',
'CAx-IF Rec.Pracs.---Representation and Presentation of Product Manufa
cturing Information (PMI)---4.0---2014-10-13',
'CAx-IF Rec.Pracs.---3D Tessellated Geometry---0.4---2014-09-14','2;1',
'CAx-IF Rec.Pracs.---User Defined Attributes---1.5---2016-08-15'),
/* implementation_level */ '2;1');

FILE_NAME(
/* name */ '6a80c9d9d8b1800fed5d6a0b',
/* time_stamp */ '2026-08-15T20:19:38Z',
/* author */ (''),
/* organization */ (''),
/* preprocessor_version */ 'ST-DEVELOPER v20',
/* originating_system */ 'ONSHAPE BY PTC INC, 1.219',
/* authorisation */ '  ');

FILE_SCHEMA (('AP242_MANAGED_MODEL_BASED_3D_ENGINEERING_MIM_LF { 1 0 10303 442 3 1 4 }'));
ENDSEC;

DATA;
#10=OVER_RIDING_STYLED_ITEM('',(#9644),#9259,#9603);
#11=OVER_RIDING_STYLED_ITEM('',(#9645),#9260,#9603);
#12=OVER_RIDING_STYLED_ITEM('',(#9646),#9261,#9603);
#13=OVER_RIDING_STYLED_ITEM('',(#9647),#9262,#9603);
#14=OVER_RIDING_STYLED_ITEM('',(#9648),#9263,#9603);
#15=OVER_RIDING_STYLED_ITEM('',(#9649),#9264,#9603);
#16=OVER_RIDING_STYLED_ITEM('',(#9650),#9265,#9603);
#17=OVER_RIDING_STYLED_ITEM('',(#9651),#9266,#9603);
#18=OVER_RIDING_STYLED_ITEM('',(#9652),#9267,#9603);
#19=OVER_RIDING_STYLED_ITEM('',(#9653),#9268,#9603);
#20=OVER_RIDING_STYLED_ITEM('',(#9654),#9269,#9603);
#21=OVER_RIDING_STYLED_ITEM('',(#9655),#9270,#9603);
#22=OVER_RIDING_STYLED_ITEM('',(#9656),#9271,#9603);
#23=OVER_RIDING_STYLED_ITEM('',(#9657),#9272,#9603);
#24=OVER_RIDING_STYLED_ITEM('',(#9658),#9273,#9603);
#25=OVER_RIDING_STYLED_ITEM('',(#9659),#9274,#9603);
#26=OVER_RIDING_STYLED_ITEM('',(#9660),#9275,#9603);
#27=OVER_RIDING_STYLED_ITEM('',(#9661),#9276,#9603);
#28=OVER_RIDING_STYLED_ITEM('',(#9662),#9277,#9603);
#29=OVER_RIDING_STYLED_ITEM('',(#9663),#9278,#9603);
#30=OVER_RIDING_STYLED_ITEM('',(#9664),#9279,#9603);
#31=OVER_RIDING_STYLED_ITEM('',(#9665),#9280,#9603);
#32=OVER_RIDING_STYLED_ITEM('',(#9666),#9281,#9603);
#33=OVER_RIDING_STYLED_ITEM('',(#9667),#9282,#9603);
#34=OVER_RIDING_STYLED_ITEM('',(#9668),#9283,#9603);
#35=OVER_RIDING_STYLED_ITEM('',(#9669),#9284,#9603);
#36=OVER_RIDING_STYLED_ITEM('',(#9670),#9285,#9603);
#37=OVER_RIDING_STYLED_ITEM('',(#9671),#9286,#9603);
#38=OVER_RIDING_STYLED_ITEM('',(#9672),#9287,#9603);
#39=OVER_RIDING_STYLED_ITEM('',(#9673),#9288,#9603);
#40=OVER_RIDING_STYLED_ITEM('',(#9674),#9289,#9603);
#41=CONTEXT_DEPENDENT_SHAPE_REPRESENTATION(#131,#16743);
#42=CONTEXT_DEPENDENT_SHAPE_REPRESENTATION(#132,#16746);
#43=CONTEXT_DEPENDENT_SHAPE_REPRESENTATION(#133,#16748);
#44=CONTEXT_DEPENDENT_SHAPE_REPRESENTATION(#134,#16750);
#45=CONTEXT_DEPENDENT_SHAPE_REPRESENTATION(#135,#16752);
#46=CONTEXT_DEPENDENT_SHAPE_REPRESENTATION(#136,#16754);
#47=CONTEXT_DEPENDENT_SHAPE_REPRESENTATION(#137,#16756);
#48=CONTEXT_DEPENDENT_SHAPE_REPRESENTATION(#138,#16758);
#49=CONTEXT_DEPENDENT_SHAPE_REPRESENTATION(#139,#16760);
#50=CONTEXT_DEPENDENT_SHAPE_REPRESENTATION(#140,#16762);
#51=CONTEXT_DEPENDENT_SHAPE_REPRESENTATION(#141,#16764);
#52=CONTEXT_DEPENDENT_SHAPE_REPRESENTATION(#142,#16766);
#53=CONTEXT_DEPENDENT_SHAPE_REPRESENTATION(#143,#16768);
#54=CONTEXT_DEPENDENT_SHAPE_REPRESENTATION(#144,#16770);
#55=CONTEXT_DEPENDENT_SHAPE_REPRESENTATION(#145,#16772);
#56=CONTEXT_DEPENDENT_SHAPE_REPRESENTATION(#146,#16774);
#57=CONTEXT_DEPENDENT_SHAPE_REPRESENTATION(#147,#16776);
#58=CONTEXT_DEPENDENT_SHAPE_REPRESENTATION(#148,#16778);
#59=CONTEXT_DEPENDENT_SHAPE_REPRESENTATION(#149,#16780);
#60=CONTEXT_DEPENDENT_SHAPE_REPRESENTATION(#150,#16782);
#61=CONTEXT_DEPENDENT_SHAPE_REPRESENTATION(#151,#16784);
#62=CONTEXT_DEPENDENT_SHAPE_REPRESENTATION(#152,#16786);
#63=CONTEXT_DEPENDENT_SHAPE_REPRESENTATION(#153,#16788);
#64=CONTEXT_DEPENDENT_SHAPE_REPRESENTATION(#154,#16790);
#65=CONTEXT_DEPENDENT_SHAPE_REPRESENTATION(#155,#16792);
#66=CONTEXT_DEPENDENT_SHAPE_REPRESENTATION(#156,#16794);
#67=CONTEXT_DEPENDENT_SHAPE_REPRESENTATION(#157,#16796);
#68=CONTEXT_DEPENDENT_SHAPE_REPRESENTATION(#158,#16798);
#69=CONTEXT_DEPENDENT_SHAPE_REPRESENTATION(#159,#16799);
#70=CONTEXT_DEPENDENT_SHAPE_REPRESENTATION(#160,#16801);
#71=CONTEXT_DEPENDENT_SHAPE_REPRESENTATION(#161,#16803);
#72=CONTEXT_DEPENDENT_SHAPE_REPRESENTATION(#162,#16805);
#73=CONTEXT_DEPENDENT_SHAPE_REPRESENTATION(#163,#16807);
#74=CONTEXT_DEPENDENT_SHAPE_REPRESENTATION(#164,#16808);
#75=CONTEXT_DEPENDENT_SHAPE_REPRESENTATION(#165,#16810);
#76=CONTEXT_DEPENDENT_SHAPE_REPRESENTATION(#166,#16811);
#77=CONTEXT_DEPENDENT_SHAPE_REPRESENTATION(#167,#16813);
#78=CONTEXT_DEPENDENT_SHAPE_REPRESENTATION(#168,#16815);
#79=CONTEXT_DEPENDENT_SHAPE_REPRESENTATION(#169,#16817);
#80=CONTEXT_DEPENDENT_SHAPE_REPRESENTATION(#170,#16819);
#81=CONTEXT_DEPENDENT_SHAPE_REPRESENTATION(#171,#16821);
#82=CONTEXT_DEPENDENT_SHAPE_REPRESENTATION(#172,#16823);
#83=CONTEXT_DEPENDENT_SHAPE_REPRESENTATION(#173,#16824);
#84=CONTEXT_DEPENDENT_SHAPE_REPRESENTATION(#174,#16826);
#85=CONTEXT_DEPENDENT_SHAPE_REPRESENTATION(#175,#16827);
#86=NEXT_ASSEMBLY_USAGE_OCCURRENCE('NAUO1','Part 1','Part 1',#16828,#16829,
'');
#87=NEXT_ASSEMBLY_USAGE_OCCURRENCE('NAUO2','Part1__PartBody_1',
'Part1__PartBody_1',#16830,#16831,'');
#88=NEXT_ASSEMBLY_USAGE_OCCURRENCE('NAUO3',
'pilares pionsat__PartBody_15','pilares pionsat__PartBody_15',#16830,#16832,
'');
#89=NEXT_ASSEMBLY_USAGE_OCCURRENCE('NAUO4','barramento__PartBody.2',
'barramento__PartBody.2',#16830,#16833,'');
#90=NEXT_ASSEMBLY_USAGE_OCCURRENCE('NAUO5',
'pilares pionsat__PartBody_9','pilares pionsat__PartBody_9',#16830,#16834,
'');
#91=NEXT_ASSEMBLY_USAGE_OCCURRENCE('NAUO6','barramento__PartBody.1',
'barramento__PartBody.1',#16830,#16835,'');
#92=NEXT_ASSEMBLY_USAGE_OCCURRENCE('NAUO7',
'pilares pionsat__PartBody_12','pilares pionsat__PartBody_12',#16830,#16836,
'');
#93=NEXT_ASSEMBLY_USAGE_OCCURRENCE('NAUO8','Part1__PartBody_3',
'Part1__PartBody_3',#16830,#16837,'');
#94=NEXT_ASSEMBLY_USAGE_OCCURRENCE('NAUO9','1730_2','1730_2',#16830,#16838,
'');
#95=NEXT_ASSEMBLY_USAGE_OCCURRENCE('NAUO10',
'pilares pionsat__PartBody_7','pilares pionsat__PartBody_7',#16830,#16839,
'');
#96=NEXT_ASSEMBLY_USAGE_OCCURRENCE('NAUO11','1730','1730',#16830,#16840,
'');
#97=NEXT_ASSEMBLY_USAGE_OCCURRENCE('NAUO12','barramento__PartBody.2_3',
'barramento__PartBody.2_3',#16830,#16841,'');
#98=NEXT_ASSEMBLY_USAGE_OCCURRENCE('NAUO13','barramento__PartBody.1_1',
'barramento__PartBody.1_1',#16830,#16842,'');
#99=NEXT_ASSEMBLY_USAGE_OCCURRENCE('NAUO14','1730_1','1730_1',#16830,#16843,
'');
#100=NEXT_ASSEMBLY_USAGE_OCCURRENCE('NAUO15',
'pilares pionsat__PartBody_11','pilares pionsat__PartBody_11',#16830,#16844,
'');
#101=NEXT_ASSEMBLY_USAGE_OCCURRENCE('NAUO16','1730_7','1730_7',#16830,#16845,
'');
#102=NEXT_ASSEMBLY_USAGE_OCCURRENCE('NAUO17','1730_6','1730_6',#16830,#16846,
'');
#103=NEXT_ASSEMBLY_USAGE_OCCURRENCE('NAUO18',
'pilares pionsat__PartBody_10','pilares pionsat__PartBody_10',#16830,#16847,
'');
#104=NEXT_ASSEMBLY_USAGE_OCCURRENCE('NAUO19',
'pilares pionsat__PartBody_5','pilares pionsat__PartBody_5',#16830,#16848,
'');
#105=NEXT_ASSEMBLY_USAGE_OCCURRENCE('NAUO20','barramento__PartBody.2_1',
'barramento__PartBody.2_1',#16830,#16849,'');
#106=NEXT_ASSEMBLY_USAGE_OCCURRENCE('NAUO21',
'pilares pionsat__PartBody_8','pilares pionsat__PartBody_8',#16830,#16850,
'');
#107=NEXT_ASSEMBLY_USAGE_OCCURRENCE('NAUO22','1730_5','1730_5',#16830,#16851,
'');
#108=NEXT_ASSEMBLY_USAGE_OCCURRENCE('NAUO23','Part 1','Part 1',#16830,#16852,
'');
#109=NEXT_ASSEMBLY_USAGE_OCCURRENCE('NAUO24',
'pilares pionsat__PartBody_6','pilares pionsat__PartBody_6',#16830,#16853,
'');
#110=NEXT_ASSEMBLY_USAGE_OCCURRENCE('NAUO25','1730_4','1730_4',#16830,#16854,
'');
#111=NEXT_ASSEMBLY_USAGE_OCCURRENCE('NAUO26','Part1__PartBody_2',
'Part1__PartBody_2',#16830,#16855,'');
#112=NEXT_ASSEMBLY_USAGE_OCCURRENCE('NAUO27',
'pilares pionsat__PartBody_14','pilares pionsat__PartBody_14',#16830,#16856,
'');
#113=NEXT_ASSEMBLY_USAGE_OCCURRENCE('NAUO28',
'pilares pionsat__PartBody_3','pilares pionsat__PartBody_3',#16830,#16857,
'');
#114=NEXT_ASSEMBLY_USAGE_OCCURRENCE('NAUO29','1730_2','1730_2',#16830,#16838,
'');
#115=NEXT_ASSEMBLY_USAGE_OCCURRENCE('NAUO30',
'pilares pionsat__PartBody_1','pilares pionsat__PartBody_1',#16830,#16858,
'');
#116=NEXT_ASSEMBLY_USAGE_OCCURRENCE('NAUO31',
'pilares pionsat__PartBody_2','pilares pionsat__PartBody_2',#16830,#16859,
'');
#117=NEXT_ASSEMBLY_USAGE_OCCURRENCE('NAUO32','1730_3','1730_3',#16830,#16860,
'');
#118=NEXT_ASSEMBLY_USAGE_OCCURRENCE('NAUO33','Part 1','Part 1',#16830,#16861,
'');
#119=NEXT_ASSEMBLY_USAGE_OCCURRENCE('NAUO34','1730_2','1730_2',#16830,#16838,
'');
#120=NEXT_ASSEMBLY_USAGE_OCCURRENCE('NAUO35','Part1__PartBody',
'Part1__PartBody',#16830,#16862,'');
#121=NEXT_ASSEMBLY_USAGE_OCCURRENCE('NAUO36','1730_2','1730_2',#16830,#16838,
'');
#122=NEXT_ASSEMBLY_USAGE_OCCURRENCE('NAUO37',
'pilares pionsat__PartBody_13','pilares pionsat__PartBody_13',#16830,#16863,
'');
#123=NEXT_ASSEMBLY_USAGE_OCCURRENCE('NAUO38',
'pilares pionsat__PartBody','pilares pionsat__PartBody',#16830,#16864,
'');
#124=NEXT_ASSEMBLY_USAGE_OCCURRENCE('NAUO39','barramento__PartBody.2_2',
'barramento__PartBody.2_2',#16830,#16865,'');
#125=NEXT_ASSEMBLY_USAGE_OCCURRENCE('NAUO40','barramento__PartBody.1_2',
'barramento__PartBody.1_2',#16830,#16866,'');
#126=NEXT_ASSEMBLY_USAGE_OCCURRENCE('NAUO41',
'pilares pionsat__PartBody_4','pilares pionsat__PartBody_4',#16830,#16867,
'');
#127=NEXT_ASSEMBLY_USAGE_OCCURRENCE('NAUO42','bateria','bateria',#16830,
#16868,'');
#128=NEXT_ASSEMBLY_USAGE_OCCURRENCE('NAUO43','1730_2','1730_2',#16830,#16838,
'');
#129=NEXT_ASSEMBLY_USAGE_OCCURRENCE('NAUO44','barramento__PartBody.1_3',
'barramento__PartBody.1_3',#16830,#16869,'');
#130=NEXT_ASSEMBLY_USAGE_OCCURRENCE('NAUO45','Sat sem chassi <1>',
'Sat sem chassi <1>',#16828,#16830,'');
#131=(
REPRESENTATION_RELATIONSHIP(' ',' ',#10132,#10131)
REPRESENTATION_RELATIONSHIP_WITH_TRANSFORMATION(#176)
SHAPE_REPRESENTATION_RELATIONSHIP()
);
#132=(
REPRESENTATION_RELATIONSHIP(' ',' ',#10134,#10133)
REPRESENTATION_RELATIONSHIP_WITH_TRANSFORMATION(#177)
SHAPE_REPRESENTATION_RELATIONSHIP()
);
#133=(
REPRESENTATION_RELATIONSHIP(' ',' ',#10135,#10133)
REPRESENTATION_RELATIONSHIP_WITH_TRANSFORMATION(#178)
SHAPE_REPRESENTATION_RELATIONSHIP()
);
#134=(
REPRESENTATION_RELATIONSHIP(' ',' ',#10136,#10133)
REPRESENTATION_RELATIONSHIP_WITH_TRANSFORMATION(#179)
SHAPE_REPRESENTATION_RELATIONSHIP()
);
#135=(
REPRESENTATION_RELATIONSHIP(' ',' ',#10137,#10133)
REPRESENTATION_RELATIONSHIP_WITH_TRANSFORMATION(#180)
SHAPE_REPRESENTATION_RELATIONSHIP()
);
#136=(
REPRESENTATION_RELATIONSHIP(' ',' ',#10138,#10133)
REPRESENTATION_RELATIONSHIP_WITH_TRANSFORMATION(#181)
SHAPE_REPRESENTATION_RELATIONSHIP()
);
#137=(
REPRESENTATION_RELATIONSHIP(' ',' ',#10139,#10133)
REPRESENTATION_RELATIONSHIP_WITH_TRANSFORMATION(#182)
SHAPE_REPRESENTATION_RELATIONSHIP()
);
#138=(
REPRESENTATION_RELATIONSHIP(' ',' ',#10140,#10133)
REPRESENTATION_RELATIONSHIP_WITH_TRANSFORMATION(#183)
SHAPE_REPRESENTATION_RELATIONSHIP()
);
#139=(
REPRESENTATION_RELATIONSHIP(' ',' ',#10141,#10133)
REPRESENTATION_RELATIONSHIP_WITH_TRANSFORMATION(#184)
SHAPE_REPRESENTATION_RELATIONSHIP()
);
#140=(
REPRESENTATION_RELATIONSHIP(' ',' ',#10142,#10133)
REPRESENTATION_RELATIONSHIP_WITH_TRANSFORMATION(#185)
SHAPE_REPRESENTATION_RELATIONSHIP()
);
#141=(
REPRESENTATION_RELATIONSHIP(' ',' ',#10143,#10133)
REPRESENTATION_RELATIONSHIP_WITH_TRANSFORMATION(#186)
SHAPE_REPRESENTATION_RELATIONSHIP()
);
#142=(
REPRESENTATION_RELATIONSHIP(' ',' ',#10144,#10133)
REPRESENTATION_RELATIONSHIP_WITH_TRANSFORMATION(#187)
SHAPE_REPRESENTATION_RELATIONSHIP()
);
#143=(
REPRESENTATION_RELATIONSHIP(' ',' ',#10145,#10133)
REPRESENTATION_RELATIONSHIP_WITH_TRANSFORMATION(#188)
SHAPE_REPRESENTATION_RELATIONSHIP()
);
#144=(
REPRESENTATION_RELATIONSHIP(' ',' ',#10146,#10133)
REPRESENTATION_RELATIONSHIP_WITH_TRANSFORMATION(#189)
SHAPE_REPRESENTATION_RELATIONSHIP()
);
#145=(
REPRESENTATION_RELATIONSHIP(' ',' ',#10147,#10133)
REPRESENTATION_RELATIONSHIP_WITH_TRANSFORMATION(#190)
SHAPE_REPRESENTATION_RELATIONSHIP()
);
#146=(
REPRESENTATION_RELATIONSHIP(' ',' ',#10148,#10133)
REPRESENTATION_RELATIONSHIP_WITH_TRANSFORMATION(#191)
SHAPE_REPRESENTATION_RELATIONSHIP()
);
#147=(
REPRESENTATION_RELATIONSHIP(' ',' ',#10149,#10133)
REPRESENTATION_RELATIONSHIP_WITH_TRANSFORMATION(#192)
SHAPE_REPRESENTATION_RELATIONSHIP()
);
#148=(
REPRESENTATION_RELATIONSHIP(' ',' ',#10150,#10133)
REPRESENTATION_RELATIONSHIP_WITH_TRANSFORMATION(#193)
SHAPE_REPRESENTATION_RELATIONSHIP()
);
#149=(
REPRESENTATION_RELATIONSHIP(' ',' ',#10151,#10133)
REPRESENTATION_RELATIONSHIP_WITH_TRANSFORMATION(#194)
SHAPE_REPRESENTATION_RELATIONSHIP()
);
#150=(
REPRESENTATION_RELATIONSHIP(' ',' ',#10152,#10133)
REPRESENTATION_RELATIONSHIP_WITH_TRANSFORMATION(#195)
SHAPE_REPRESENTATION_RELATIONSHIP()
);
#151=(
REPRESENTATION_RELATIONSHIP(' ',' ',#10153,#10133)
REPRESENTATION_RELATIONSHIP_WITH_TRANSFORMATION(#196)
SHAPE_REPRESENTATION_RELATIONSHIP()
);
#152=(
REPRESENTATION_RELATIONSHIP(' ',' ',#10154,#10133)
REPRESENTATION_RELATIONSHIP_WITH_TRANSFORMATION(#197)
SHAPE_REPRESENTATION_RELATIONSHIP()
);
#153=(
REPRESENTATION_RELATIONSHIP(' ',' ',#10155,#10133)
REPRESENTATION_RELATIONSHIP_WITH_TRANSFORMATION(#198)
SHAPE_REPRESENTATION_RELATIONSHIP()
);
#154=(
REPRESENTATION_RELATIONSHIP(' ',' ',#10156,#10133)
REPRESENTATION_RELATIONSHIP_WITH_TRANSFORMATION(#199)
SHAPE_REPRESENTATION_RELATIONSHIP()
);
#155=(
REPRESENTATION_RELATIONSHIP(' ',' ',#10157,#10133)
REPRESENTATION_RELATIONSHIP_WITH_TRANSFORMATION(#200)
SHAPE_REPRESENTATION_RELATIONSHIP()
);
#156=(
REPRESENTATION_RELATIONSHIP(' ',' ',#10158,#10133)
REPRESENTATION_RELATIONSHIP_WITH_TRANSFORMATION(#201)
SHAPE_REPRESENTATION_RELATIONSHIP()
);
#157=(
REPRESENTATION_RELATIONSHIP(' ',' ',#10159,#10133)
REPRESENTATION_RELATIONSHIP_WITH_TRANSFORMATION(#202)
SHAPE_REPRESENTATION_RELATIONSHIP()
);
#158=(
REPRESENTATION_RELATIONSHIP(' ',' ',#10160,#10133)
REPRESENTATION_RELATIONSHIP_WITH_TRANSFORMATION(#203)
SHAPE_REPRESENTATION_RELATIONSHIP()
);
#159=(
REPRESENTATION_RELATIONSHIP(' ',' ',#10141,#10133)
REPRESENTATION_RELATIONSHIP_WITH_TRANSFORMATION(#204)
SHAPE_REPRESENTATION_RELATIONSHIP()
);
#160=(
REPRESENTATION_RELATIONSHIP(' ',' ',#10161,#10133)
REPRESENTATION_RELATIONSHIP_WITH_TRANSFORMATION(#205)
SHAPE_REPRESENTATION_RELATIONSHIP()
);
#161=(
REPRESENTATION_RELATIONSHIP(' ',' ',#10162,#10133)
REPRESENTATION_RELATIONSHIP_WITH_TRANSFORMATION(#206)
SHAPE_REPRESENTATION_RELATIONSHIP()
);
#162=(
REPRESENTATION_RELATIONSHIP(' ',' ',#10163,#10133)
REPRESENTATION_RELATIONSHIP_WITH_TRANSFORMATION(#207)
SHAPE_REPRESENTATION_RELATIONSHIP()
);
#163=(
REPRESENTATION_RELATIONSHIP(' ',' ',#10164,#10133)
REPRESENTATION_RELATIONSHIP_WITH_TRANSFORMATION(#208)
SHAPE_REPRESENTATION_RELATIONSHIP()
);
#164=(
REPRESENTATION_RELATIONSHIP(' ',' ',#10141,#10133)
REPRESENTATION_RELATIONSHIP_WITH_TRANSFORMATION(#209)
SHAPE_REPRESENTATION_RELATIONSHIP()
);
#165=(
REPRESENTATION_RELATIONSHIP(' ',' ',#10165,#10133)
REPRESENTATION_RELATIONSHIP_WITH_TRANSFORMATION(#210)
SHAPE_REPRESENTATION_RELATIONSHIP()
);
#166=(
REPRESENTATION_RELATIONSHIP(' ',' ',#10141,#10133)
REPRESENTATION_RELATIONSHIP_WITH_TRANSFORMATION(#211)
SHAPE_REPRESENTATION_RELATIONSHIP()
);
#167=(
REPRESENTATION_RELATIONSHIP(' ',' ',#10166,#10133)
REPRESENTATION_RELATIONSHIP_WITH_TRANSFORMATION(#212)
SHAPE_REPRESENTATION_RELATIONSHIP()
);
#168=(
REPRESENTATION_RELATIONSHIP(' ',' ',#10167,#10133)
REPRESENTATION_RELATIONSHIP_WITH_TRANSFORMATION(#213)
SHAPE_REPRESENTATION_RELATIONSHIP()
);
#169=(
REPRESENTATION_RELATIONSHIP(' ',' ',#10168,#10133)
REPRESENTATION_RELATIONSHIP_WITH_TRANSFORMATION(#214)
SHAPE_REPRESENTATION_RELATIONSHIP()
);
#170=(
REPRESENTATION_RELATIONSHIP(' ',' ',#10169,#10133)
REPRESENTATION_RELATIONSHIP_WITH_TRANSFORMATION(#215)
SHAPE_REPRESENTATION_RELATIONSHIP()
);
#171=(
REPRESENTATION_RELATIONSHIP(' ',' ',#10170,#10133)
REPRESENTATION_RELATIONSHIP_WITH_TRANSFORMATION(#216)
SHAPE_REPRESENTATION_RELATIONSHIP()
);
#172=(
REPRESENTATION_RELATIONSHIP(' ',' ',#10171,#10133)
REPRESENTATION_RELATIONSHIP_WITH_TRANSFORMATION(#217)
SHAPE_REPRESENTATION_RELATIONSHIP()
);
#173=(
REPRESENTATION_RELATIONSHIP(' ',' ',#10141,#10133)
REPRESENTATION_RELATIONSHIP_WITH_TRANSFORMATION(#218)
SHAPE_REPRESENTATION_RELATIONSHIP()
);
#174=(
REPRESENTATION_RELATIONSHIP(' ',' ',#10172,#10133)
REPRESENTATION_RELATIONSHIP_WITH_TRANSFORMATION(#219)
SHAPE_REPRESENTATION_RELATIONSHIP()
);
#175=(
REPRESENTATION_RELATIONSHIP(' ',' ',#10133,#10131)
REPRESENTATION_RELATIONSHIP_WITH_TRANSFORMATION(#220)
SHAPE_REPRESENTATION_RELATIONSHIP()
);
#176=ITEM_DEFINED_TRANSFORMATION(' ',' ',#10173,#10196);
#177=ITEM_DEFINED_TRANSFORMATION(' ',' ',#10173,#10283);
#178=ITEM_DEFINED_TRANSFORMATION(' ',' ',#10173,#10300);
#179=ITEM_DEFINED_TRANSFORMATION(' ',' ',#10173,#10307);
#180=ITEM_DEFINED_TRANSFORMATION(' ',' ',#10173,#10324);
#181=ITEM_DEFINED_TRANSFORMATION(' ',' ',#10173,#10331);
#182=ITEM_DEFINED_TRANSFORMATION(' ',' ',#10173,#10348);
#183=ITEM_DEFINED_TRANSFORMATION(' ',' ',#10173,#10435);
#184=ITEM_DEFINED_TRANSFORMATION(' ',' ',#10173,#10452);
#185=ITEM_DEFINED_TRANSFORMATION(' ',' ',#10173,#10469);
#186=ITEM_DEFINED_TRANSFORMATION(' ',' ',#10173,#10486);
#187=ITEM_DEFINED_TRANSFORMATION(' ',' ',#10173,#10493);
#188=ITEM_DEFINED_TRANSFORMATION(' ',' ',#10173,#10500);
#189=ITEM_DEFINED_TRANSFORMATION(' ',' ',#10173,#10517);
#190=ITEM_DEFINED_TRANSFORMATION(' ',' ',#10173,#10534);
#191=ITEM_DEFINED_TRANSFORMATION(' ',' ',#10173,#10551);
#192=ITEM_DEFINED_TRANSFORMATION(' ',' ',#10173,#10568);
#193=ITEM_DEFINED_TRANSFORMATION(' ',' ',#10173,#10585);
#194=ITEM_DEFINED_TRANSFORMATION(' ',' ',#10173,#10602);
#195=ITEM_DEFINED_TRANSFORMATION(' ',' ',#10173,#10609);
#196=ITEM_DEFINED_TRANSFORMATION(' ',' ',#10173,#10626);
#197=ITEM_DEFINED_TRANSFORMATION(' ',' ',#10173,#10643);
#198=ITEM_DEFINED_TRANSFORMATION(' ',' ',#10173,#10707);
#199=ITEM_DEFINED_TRANSFORMATION(' ',' ',#10173,#10724);
#200=ITEM_DEFINED_TRANSFORMATION(' ',' ',#10173,#10741);
#201=ITEM_DEFINED_TRANSFORMATION(' ',' ',#10173,#10828);
#202=ITEM_DEFINED_TRANSFORMATION(' ',' ',#10173,#10845);
#203=ITEM_DEFINED_TRANSFORMATION(' ',' ',#10173,#10862);
#204=ITEM_DEFINED_TRANSFORMATION(' ',' ',#10173,#10863);
#205=ITEM_DEFINED_TRANSFORMATION(' ',' ',#10173,#10880);
#206=ITEM_DEFINED_TRANSFORMATION(' ',' ',#10173,#10897);
#207=ITEM_DEFINED_TRANSFORMATION(' ',' ',#10173,#10914);
#208=ITEM_DEFINED_TRANSFORMATION(' ',' ',#10173,#10978);
#209=ITEM_DEFINED_TRANSFORMATION(' ',' ',#10173,#10979);
#210=ITEM_DEFINED_TRANSFORMATION(' ',' ',#10173,#11066);
#211=ITEM_DEFINED_TRANSFORMATION(' ',' ',#10173,#11067);
#212=ITEM_DEFINED_TRANSFORMATION(' ',' ',#10173,#11084);
#213=ITEM_DEFINED_TRANSFORMATION(' ',' ',#10173,#11101);
#214=ITEM_DEFINED_TRANSFORMATION(' ',' ',#10173,#11108);
#215=ITEM_DEFINED_TRANSFORMATION(' ',' ',#10173,#11115);
#216=ITEM_DEFINED_TRANSFORMATION(' ',' ',#10173,#11132);
#217=ITEM_DEFINED_TRANSFORMATION(' ',' ',#10173,#11139);
#218=ITEM_DEFINED_TRANSFORMATION(' ',' ',#10173,#11140);
#219=ITEM_DEFINED_TRANSFORMATION(' ',' ',#10173,#11147);
#220=ITEM_DEFINED_TRANSFORMATION(' ',' ',#10173,#11148);
#221=SHAPE_REPRESENTATION_RELATIONSHIP('','',#10132,#261);
#222=SHAPE_REPRESENTATION_RELATIONSHIP('','',#10134,#262);
#223=SHAPE_REPRESENTATION_RELATIONSHIP('','',#10135,#263);
#224=SHAPE_REPRESENTATION_RELATIONSHIP('','',#10136,#264);
#225=SHAPE_REPRESENTATION_RELATIONSHIP('','',#10137,#265);
#226=SHAPE_REPRESENTATION_RELATIONSHIP('','',#10138,#266);
#227=SHAPE_REPRESENTATION_RELATIONSHIP('','',#10139,#267);
#228=SHAPE_REPRESENTATION_RELATIONSHIP('','',#10140,#268);
#229=SHAPE_REPRESENTATION_RELATIONSHIP('','',#10141,#269);
#230=SHAPE_REPRESENTATION_RELATIONSHIP('','',#10142,#270);
#231=SHAPE_REPRESENTATION_RELATIONSHIP('','',#10143,#271);
#232=SHAPE_REPRESENTATION_RELATIONSHIP('','',#10144,#272);
#233=SHAPE_REPRESENTATION_RELATIONSHIP('','',#10145,#273);
#234=SHAPE_REPRESENTATION_RELATIONSHIP('','',#10146,#274);
#235=SHAPE_REPRESENTATION_RELATIONSHIP('','',#10147,#275);
#236=SHAPE_REPRESENTATION_RELATIONSHIP('','',#10148,#276);
#237=SHAPE_REPRESENTATION_RELATIONSHIP('','',#10149,#277);
#238=SHAPE_REPRESENTATION_RELATIONSHIP('','',#10150,#278);
#239=SHAPE_REPRESENTATION_RELATIONSHIP('','',#10151,#279);
#240=SHAPE_REPRESENTATION_RELATIONSHIP('','',#10152,#280);
#241=SHAPE_REPRESENTATION_RELATIONSHIP('','',#10153,#281);
#242=SHAPE_REPRESENTATION_RELATIONSHIP('','',#10154,#282);
#243=SHAPE_REPRESENTATION_RELATIONSHIP('','',#10155,#283);
#244=SHAPE_REPRESENTATION_RELATIONSHIP('','',#10156,#284);
#245=SHAPE_REPRESENTATION_RELATIONSHIP('','',#10157,#285);
#246=SHAPE_REPRESENTATION_RELATIONSHIP('','',#10158,#286);
#247=SHAPE_REPRESENTATION_RELATIONSHIP('','',#10159,#287);
#248=SHAPE_REPRESENTATION_RELATIONSHIP('','',#10160,#288);
#249=SHAPE_REPRESENTATION_RELATIONSHIP('','',#10161,#289);
#250=SHAPE_REPRESENTATION_RELATIONSHIP('','',#10162,#290);
#251=SHAPE_REPRESENTATION_RELATIONSHIP('','',#10163,#291);
#252=SHAPE_REPRESENTATION_RELATIONSHIP('','',#10164,#292);
#253=SHAPE_REPRESENTATION_RELATIONSHIP('','',#10165,#293);
#254=SHAPE_REPRESENTATION_RELATIONSHIP('','',#10166,#294);
#255=SHAPE_REPRESENTATION_RELATIONSHIP('','',#10167,#295);
#256=SHAPE_REPRESENTATION_RELATIONSHIP('','',#10168,#296);
#257=SHAPE_REPRESENTATION_RELATIONSHIP('','',#10169,#297);
#258=SHAPE_REPRESENTATION_RELATIONSHIP('','',#10170,#298);
#259=SHAPE_REPRESENTATION_RELATIONSHIP('','',#10171,#299);
#260=SHAPE_REPRESENTATION_RELATIONSHIP('','',#10172,#300);
#261=ADVANCED_BREP_SHAPE_REPRESENTATION('',(#10049),#16655);
#262=ADVANCED_BREP_SHAPE_REPRESENTATION('',(#10050),#16657);
#263=ADVANCED_BREP_SHAPE_REPRESENTATION('',(#10051),#16658);
#264=ADVANCED_BREP_SHAPE_REPRESENTATION('',(#10052),#16659);
#265=ADVANCED_BREP_SHAPE_REPRESENTATION('',(#10053),#16660);
#266=ADVANCED_BREP_SHAPE_REPRESENTATION('',(#10054),#16661);
#267=ADVANCED_BREP_SHAPE_REPRESENTATION('',(#10055),#16662);
#268=ADVANCED_BREP_SHAPE_REPRESENTATION('',(#10056),#16663);
#269=ADVANCED_BREP_SHAPE_REPRESENTATION('',(#10057),#16664);
#270=ADVANCED_BREP_SHAPE_REPRESENTATION('',(#10058),#16665);
#271=ADVANCED_BREP_SHAPE_REPRESENTATION('',(#10059),#16666);
#272=ADVANCED_BREP_SHAPE_REPRESENTATION('',(#10060),#16667);
#273=ADVANCED_BREP_SHAPE_REPRESENTATION('',(#10061),#16668);
#274=ADVANCED_BREP_SHAPE_REPRESENTATION('',(#10062),#16669);
#275=ADVANCED_BREP_SHAPE_REPRESENTATION('',(#10063),#16670);
#276=ADVANCED_BREP_SHAPE_REPRESENTATION('',(#10064),#16671);
#277=ADVANCED_BREP_SHAPE_REPRESENTATION('',(#10065),#16672);
#278=ADVANCED_BREP_SHAPE_REPRESENTATION('',(#10066),#16673);
#279=ADVANCED_BREP_SHAPE_REPRESENTATION('',(#10067),#16674);
#280=ADVANCED_BREP_SHAPE_REPRESENTATION('',(#10068),#16675);
#281=ADVANCED_BREP_SHAPE_REPRESENTATION('',(#10069),#16676);
#282=ADVANCED_BREP_SHAPE_REPRESENTATION('',(#10070),#16677);
#283=ADVANCED_BREP_SHAPE_REPRESENTATION('',(#10071),#16678);
#284=ADVANCED_BREP_SHAPE_REPRESENTATION('',(#10072),#16679);
#285=ADVANCED_BREP_SHAPE_REPRESENTATION('',(#10073),#16680);
#286=ADVANCED_BREP_SHAPE_REPRESENTATION('',(#10074),#16681);
#287=ADVANCED_BREP_SHAPE_REPRESENTATION('',(#10075),#16682);
#288=ADVANCED_BREP_SHAPE_REPRESENTATION('',(#10076),#16683);
#289=ADVANCED_BREP_SHAPE_REPRESENTATION('',(#10077),#16684);
#290=ADVANCED_BREP_SHAPE_REPRESENTATION('',(#10078),#16685);
#291=ADVANCED_BREP_SHAPE_REPRESENTATION('',(#10079),#16686);
#292=ADVANCED_BREP_SHAPE_REPRESENTATION('',(#10080),#16687);
#293=ADVANCED_BREP_SHAPE_REPRESENTATION('',(#10081),#16688);
#294=ADVANCED_BREP_SHAPE_REPRESENTATION('',(#10082),#16689);
#295=ADVANCED_BREP_SHAPE_REPRESENTATION('',(#10083),#16690);
#296=ADVANCED_BREP_SHAPE_REPRESENTATION('',(#10084),#16691);
#297=ADVANCED_BREP_SHAPE_REPRESENTATION('',(#10085),#16692);
#298=ADVANCED_BREP_SHAPE_REPRESENTATION('',(#10086),#16693);
#299=ADVANCED_BREP_SHAPE_REPRESENTATION('',(#10087),#16694);
#300=ADVANCED_BREP_SHAPE_REPRESENTATION('',(#10088),#16695);
#301=CYLINDRICAL_SURFACE('',#10192,0.002);
#302=CYLINDRICAL_SURFACE('',#10193,0.002);
#303=CYLINDRICAL_SURFACE('',#10194,0.002);
#304=CYLINDRICAL_SURFACE('',#10195,0.002);
#305=CYLINDRICAL_SURFACE('',#10197,0.0016);
#306=CYLINDRICAL_SURFACE('',#10200,0.0016);
#307=CYLINDRICAL_SURFACE('',#10203,0.0016);
#308=CYLINDRICAL_SURFACE('',#10206,0.0016);
#309=CYLINDRICAL_SURFACE('',#10209,0.0012);
#310=CYLINDRICAL_SURFACE('',#10212,0.0012);
#311=CYLINDRICAL_SURFACE('',#10215,0.0012);
#312=CYLINDRICAL_SURFACE('',#10220,0.0012);
#313=CYLINDRICAL_SURFACE('',#10223,0.0012);
#314=CYLINDRICAL_SURFACE('',#10227,0.0012);
#315=CYLINDRICAL_SURFACE('',#10230,0.0012);
#316=CYLINDRICAL_SURFACE('',#10233,0.0012);
#317=CYLINDRICAL_SURFACE('',#10238,0.0012);
#318=CYLINDRICAL_SURFACE('',#10241,0.0012);
#319=CYLINDRICAL_SURFACE('',#10245,0.0012);
#320=CYLINDRICAL_SURFACE('',#10248,0.0012);
#321=CYLINDRICAL_SURFACE('',#10251,0.0012);
#322=CYLINDRICAL_SURFACE('',#10256,0.0012);
#323=CYLINDRICAL_SURFACE('',#10259,0.0012);
#324=CYLINDRICAL_SURFACE('',#10263,0.0012);
#325=CYLINDRICAL_SURFACE('',#10268,0.0012);
#326=CYLINDRICAL_SURFACE('',#10271,0.0012);
#327=CYLINDRICAL_SURFACE('',#10280,0.0012);
#328=CYLINDRICAL_SURFACE('',#10282,0.0012);
#329=CYLINDRICAL_SURFACE('',#10298,0.0016);
#330=CYLINDRICAL_SURFACE('',#10299,0.0016);
#331=CYLINDRICAL_SURFACE('',#10322,0.0016);
#332=CYLINDRICAL_SURFACE('',#10323,0.0016);
#333=CYLINDRICAL_SURFACE('',#10346,0.0016);
#334=CYLINDRICAL_SURFACE('',#10347,0.0016);
#335=CYLINDRICAL_SURFACE('',#10349,0.0016);
#336=CYLINDRICAL_SURFACE('',#10352,0.0016);
#337=CYLINDRICAL_SURFACE('',#10355,0.0016);
#338=CYLINDRICAL_SURFACE('',#10358,0.0016);
#339=CYLINDRICAL_SURFACE('',#10361,0.0012);
#340=CYLINDRICAL_SURFACE('',#10364,0.0012);
#341=CYLINDRICAL_SURFACE('',#10367,0.0012);
#342=CYLINDRICAL_SURFACE('',#10372,0.0012);
#343=CYLINDRICAL_SURFACE('',#10375,0.0012);
#344=CYLINDRICAL_SURFACE('',#10379,0.0012);
#345=CYLINDRICAL_SURFACE('',#10382,0.0012);
#346=CYLINDRICAL_SURFACE('',#10385,0.0012);
#347=CYLINDRICAL_SURFACE('',#10390,0.0012);
#348=CYLINDRICAL_SURFACE('',#10393,0.0012);
#349=CYLINDRICAL_SURFACE('',#10397,0.0012);
#350=CYLINDRICAL_SURFACE('',#10400,0.0012);
#351=CYLINDRICAL_SURFACE('',#10403,0.0012);
#352=CYLINDRICAL_SURFACE('',#10408,0.0012);
#353=CYLINDRICAL_SURFACE('',#10411,0.0012);
#354=CYLINDRICAL_SURFACE('',#10415,0.0012);
#355=CYLINDRICAL_SURFACE('',#10420,0.0012);
#356=CYLINDRICAL_SURFACE('',#10423,0.0012);
#357=CYLINDRICAL_SURFACE('',#10432,0.0012);
#358=CYLINDRICAL_SURFACE('',#10434,0.0012);
#359=CYLINDRICAL_SURFACE('',#10436,0.0016);
#360=CYLINDRICAL_SURFACE('',#10439,0.0016);
#361=CYLINDRICAL_SURFACE('',#10467,0.0016);
#362=CYLINDRICAL_SURFACE('',#10468,0.0016);
#363=CYLINDRICAL_SURFACE('',#10470,0.0016);
#364=CYLINDRICAL_SURFACE('',#10473,0.0016);
#365=CYLINDRICAL_SURFACE('',#10501,0.0016);
#366=CYLINDRICAL_SURFACE('',#10504,0.0016);
#367=CYLINDRICAL_SURFACE('',#10532,0.0016);
#368=CYLINDRICAL_SURFACE('',#10533,0.0016);
#369=CYLINDRICAL_SURFACE('',#10535,0.0016);
#370=CYLINDRICAL_SURFACE('',#10538,0.0016);
#371=CYLINDRICAL_SURFACE('',#10552,0.0016);
#372=CYLINDRICAL_SURFACE('',#10555,0.0016);
#373=CYLINDRICAL_SURFACE('',#10583,0.0016);
#374=CYLINDRICAL_SURFACE('',#10584,0.0016);
#375=CYLINDRICAL_SURFACE('',#10600,0.0016);
#376=CYLINDRICAL_SURFACE('',#10601,0.0016);
#377=CYLINDRICAL_SURFACE('',#10624,0.0016);
#378=CYLINDRICAL_SURFACE('',#10625,0.0016);
#379=CYLINDRICAL_SURFACE('',#10627,0.0016);
#380=CYLINDRICAL_SURFACE('',#10630,0.0016);
#381=CYLINDRICAL_SURFACE('',#10644,0.0025);
#382=CYLINDRICAL_SURFACE('',#10647,0.0025);
#383=CYLINDRICAL_SURFACE('',#10650,0.0025);
#384=CYLINDRICAL_SURFACE('',#10653,0.002);
#385=CYLINDRICAL_SURFACE('',#10657,0.002);
#386=CYLINDRICAL_SURFACE('',#10661,0.002);
#387=CYLINDRICAL_SURFACE('',#10665,0.002);
#388=CYLINDRICAL_SURFACE('',#10682,0.0016);
#389=CYLINDRICAL_SURFACE('',#10684,0.0016);
#390=CYLINDRICAL_SURFACE('',#10686,0.0016);
#391=CYLINDRICAL_SURFACE('',#10688,0.002);
#392=CYLINDRICAL_SURFACE('',#10691,0.002);
#393=CYLINDRICAL_SURFACE('',#10694,0.002);
#394=CYLINDRICAL_SURFACE('',#10697,0.002);
#395=CYLINDRICAL_SURFACE('',#10700,0.0025);
#396=CYLINDRICAL_SURFACE('',#10706,0.0016);
#397=CYLINDRICAL_SURFACE('',#10722,0.0016);
#398=CYLINDRICAL_SURFACE('',#10723,0.0016);
#399=CYLINDRICAL_SURFACE('',#10725,0.0016);
#400=CYLINDRICAL_SURFACE('',#10728,0.0016);
#401=CYLINDRICAL_SURFACE('',#10742,0.0016);
#402=CYLINDRICAL_SURFACE('',#10745,0.0016);
#403=CYLINDRICAL_SURFACE('',#10748,0.0016);
#404=CYLINDRICAL_SURFACE('',#10751,0.0016);
#405=CYLINDRICAL_SURFACE('',#10754,0.0012);
#406=CYLINDRICAL_SURFACE('',#10757,0.0012);
#407=CYLINDRICAL_SURFACE('',#10760,0.0012);
#408=CYLINDRICAL_SURFACE('',#10765,0.0012);
#409=CYLINDRICAL_SURFACE('',#10768,0.0012);
#410=CYLINDRICAL_SURFACE('',#10772,0.0012);
#411=CYLINDRICAL_SURFACE('',#10775,0.0012);
#412=CYLINDRICAL_SURFACE('',#10778,0.0012);
#413=CYLINDRICAL_SURFACE('',#10783,0.0012);
#414=CYLINDRICAL_SURFACE('',#10786,0.0012);
#415=CYLINDRICAL_SURFACE('',#10790,0.0012);
#416=CYLINDRICAL_SURFACE('',#10793,0.0012);
#417=CYLINDRICAL_SURFACE('',#10796,0.0012);
#418=CYLINDRICAL_SURFACE('',#10801,0.0012);
#419=CYLINDRICAL_SURFACE('',#10804,0.0012);
#420=CYLINDRICAL_SURFACE('',#10808,0.0012);
#421=CYLINDRICAL_SURFACE('',#10813,0.0012);
#422=CYLINDRICAL_SURFACE('',#10816,0.0012);
#423=CYLINDRICAL_SURFACE('',#10825,0.0012);
#424=CYLINDRICAL_SURFACE('',#10827,0.0012);
#425=CYLINDRICAL_SURFACE('',#10843,0.0016);
#426=CYLINDRICAL_SURFACE('',#10844,0.0016);
#427=CYLINDRICAL_SURFACE('',#10860,0.0016);
#428=CYLINDRICAL_SURFACE('',#10861,0.0016);
#429=CYLINDRICAL_SURFACE('',#10878,0.0016);
#430=CYLINDRICAL_SURFACE('',#10879,0.0016);
#431=CYLINDRICAL_SURFACE('',#10895,0.0016);
#432=CYLINDRICAL_SURFACE('',#10896,0.0016);
#433=CYLINDRICAL_SURFACE('',#10898,0.0016);
#434=CYLINDRICAL_SURFACE('',#10901,0.0016);
#435=CYLINDRICAL_SURFACE('',#10915,0.0016);
#436=CYLINDRICAL_SURFACE('',#10920,0.0025);
#437=CYLINDRICAL_SURFACE('',#10922,0.0016);
#438=CYLINDRICAL_SURFACE('',#10927,0.0025);
#439=CYLINDRICAL_SURFACE('',#10929,0.0016);
#440=CYLINDRICAL_SURFACE('',#10934,0.0025);
#441=CYLINDRICAL_SURFACE('',#10965,0.002);
#442=CYLINDRICAL_SURFACE('',#10966,0.002);
#443=CYLINDRICAL_SURFACE('',#10967,0.002);
#444=CYLINDRICAL_SURFACE('',#10968,0.002);
#445=CYLINDRICAL_SURFACE('',#10969,0.002);
#446=CYLINDRICAL_SURFACE('',#10970,0.002);
#447=CYLINDRICAL_SURFACE('',#10971,0.002);
#448=CYLINDRICAL_SURFACE('',#10972,0.002);
#449=CYLINDRICAL_SURFACE('',#10973,0.0016);
#450=CYLINDRICAL_SURFACE('',#10977,0.0025);
#451=CYLINDRICAL_SURFACE('',#10980,0.0016);
#452=CYLINDRICAL_SURFACE('',#10983,0.0016);
#453=CYLINDRICAL_SURFACE('',#10986,0.0016);
#454=CYLINDRICAL_SURFACE('',#10989,0.0016);
#455=CYLINDRICAL_SURFACE('',#10992,0.0012);
#456=CYLINDRICAL_SURFACE('',#10995,0.0012);
#457=CYLINDRICAL_SURFACE('',#10998,0.0012);
#458=CYLINDRICAL_SURFACE('',#11003,0.0012);
#459=CYLINDRICAL_SURFACE('',#11006,0.0012);
#460=CYLINDRICAL_SURFACE('',#11010,0.0012);
#461=CYLINDRICAL_SURFACE('',#11013,0.0012);
#462=CYLINDRICAL_SURFACE('',#11016,0.0012);
#463=CYLINDRICAL_SURFACE('',#11021,0.0012);
#464=CYLINDRICAL_SURFACE('',#11024,0.0012);
#465=CYLINDRICAL_SURFACE('',#11028,0.0012);
#466=CYLINDRICAL_SURFACE('',#11031,0.0012);
#467=CYLINDRICAL_SURFACE('',#11034,0.0012);
#468=CYLINDRICAL_SURFACE('',#11039,0.0012);
#469=CYLINDRICAL_SURFACE('',#11042,0.0012);
#470=CYLINDRICAL_SURFACE('',#11046,0.0012);
#471=CYLINDRICAL_SURFACE('',#11051,0.0012);
#472=CYLINDRICAL_SURFACE('',#11054,0.0012);
#473=CYLINDRICAL_SURFACE('',#11063,0.0012);
#474=CYLINDRICAL_SURFACE('',#11065,0.0012);
#475=CYLINDRICAL_SURFACE('',#11082,0.0016);
#476=CYLINDRICAL_SURFACE('',#11083,0.0016);
#477=CYLINDRICAL_SURFACE('',#11099,0.0016);
#478=CYLINDRICAL_SURFACE('',#11100,0.0016);
#479=CYLINDRICAL_SURFACE('',#11130,0.0016);
#480=CYLINDRICAL_SURFACE('',#11131,0.0016);
#481=CIRCLE('',#10183,0.002);
#482=CIRCLE('',#10184,0.002);
#483=CIRCLE('',#10185,0.002);
#484=CIRCLE('',#10186,0.002);
#485=CIRCLE('',#10188,0.002);
#486=CIRCLE('',#10189,0.002);
#487=CIRCLE('',#10190,0.002);
#488=CIRCLE('',#10191,0.002);
#489=CIRCLE('',#10198,0.0016);
#490=CIRCLE('',#10199,0.0016);
#491=CIRCLE('',#10201,0.0016);
#492=CIRCLE('',#10202,0.0016);
#493=CIRCLE('',#10204,0.0016);
#494=CIRCLE('',#10205,0.0016);
#495=CIRCLE('',#10207,0.0016);
#496=CIRCLE('',#10208,0.0016);
#497=CIRCLE('',#10210,0.0012);
#498=CIRCLE('',#10211,0.0012);
#499=CIRCLE('',#10213,0.0012);
#500=CIRCLE('',#10214,0.0012);
#501=CIRCLE('',#10216,0.0012);
#502=CIRCLE('',#10217,0.0012);
#503=CIRCLE('',#10221,0.0012);
#504=CIRCLE('',#10222,0.0012);
#505=CIRCLE('',#10224,0.0012);
#506=CIRCLE('',#10225,0.0012);
#507=CIRCLE('',#10228,0.0012);
#508=CIRCLE('',#10229,0.0012);
#509=CIRCLE('',#10231,0.0012);
#510=CIRCLE('',#10232,0.0012);
#511=CIRCLE('',#10234,0.0012);
#512=CIRCLE('',#10235,0.0012);
#513=CIRCLE('',#10239,0.0012);
#514=CIRCLE('',#10240,0.0012);
#515=CIRCLE('',#10242,0.0012);
#516=CIRCLE('',#10243,0.0012);
#517=CIRCLE('',#10246,0.0012);
#518=CIRCLE('',#10247,0.0012);
#519=CIRCLE('',#10249,0.0012);
#520=CIRCLE('',#10250,0.0012);
#521=CIRCLE('',#10252,0.0012);
#522=CIRCLE('',#10253,0.0012);
#523=CIRCLE('',#10257,0.0012);
#524=CIRCLE('',#10258,0.0012);
#525=CIRCLE('',#10260,0.0012);
#526=CIRCLE('',#10261,0.0012);
#527=CIRCLE('',#10264,0.0012);
#528=CIRCLE('',#10265,0.0012);
#529=CIRCLE('',#10269,0.0012);
#530=CIRCLE('',#10270,0.0012);
#531=CIRCLE('',#10272,0.0012);
#532=CIRCLE('',#10273,0.0012);
#533=CIRCLE('',#10275,0.0012);
#534=CIRCLE('',#10276,0.0012);
#535=CIRCLE('',#10278,0.0012);
#536=CIRCLE('',#10279,0.0012);
#537=CIRCLE('',#10285,0.0016);
#538=CIRCLE('',#10287,0.0016);
#539=CIRCLE('',#10295,0.0016);
#540=CIRCLE('',#10297,0.0016);
#541=CIRCLE('',#10309,0.0016);
#542=CIRCLE('',#10311,0.0016);
#543=CIRCLE('',#10319,0.0016);
#544=CIRCLE('',#10321,0.0016);
#545=CIRCLE('',#10333,0.0016);
#546=CIRCLE('',#10335,0.0016);
#547=CIRCLE('',#10343,0.0016);
#548=CIRCLE('',#10345,0.0016);
#549=CIRCLE('',#10350,0.0016);
#550=CIRCLE('',#10351,0.0016);
#551=CIRCLE('',#10353,0.0016);
#552=CIRCLE('',#10354,0.0016);
#553=CIRCLE('',#10356,0.0016);
#554=CIRCLE('',#10357,0.0016);
#555=CIRCLE('',#10359,0.0016);
#556=CIRCLE('',#10360,0.0016);
#557=CIRCLE('',#10362,0.0012);
#558=CIRCLE('',#10363,0.0012);
#559=CIRCLE('',#10365,0.0012);
#560=CIRCLE('',#10366,0.0012);
#561=CIRCLE('',#10368,0.0012);
#562=CIRCLE('',#10369,0.0012);
#563=CIRCLE('',#10373,0.0012);
#564=CIRCLE('',#10374,0.0012);
#565=CIRCLE('',#10376,0.0012);
#566=CIRCLE('',#10377,0.0012);
#567=CIRCLE('',#10380,0.0012);
#568=CIRCLE('',#10381,0.0012);
#569=CIRCLE('',#10383,0.0012);
#570=CIRCLE('',#10384,0.0012);
#571=CIRCLE('',#10386,0.0012);
#572=CIRCLE('',#10387,0.0012);
#573=CIRCLE('',#10391,0.0012);
#574=CIRCLE('',#10392,0.0012);
#575=CIRCLE('',#10394,0.0012);
#576=CIRCLE('',#10395,0.0012);
#577=CIRCLE('',#10398,0.0012);
#578=CIRCLE('',#10399,0.0012);
#579=CIRCLE('',#10401,0.0012);
#580=CIRCLE('',#10402,0.0012);
#581=CIRCLE('',#10404,0.0012);
#582=CIRCLE('',#10405,0.0012);
#583=CIRCLE('',#10409,0.0012);
#584=CIRCLE('',#10410,0.0012);
#585=CIRCLE('',#10412,0.0012);
#586=CIRCLE('',#10413,0.0012);
#587=CIRCLE('',#10416,0.0012);
#588=CIRCLE('',#10417,0.0012);
#589=CIRCLE('',#10421,0.0012);
#590=CIRCLE('',#10422,0.0012);
#591=CIRCLE('',#10424,0.0012);
#592=CIRCLE('',#10425,0.0012);
#593=CIRCLE('',#10427,0.0012);
#594=CIRCLE('',#10428,0.0012);
#595=CIRCLE('',#10430,0.0012);
#596=CIRCLE('',#10431,0.0012);
#597=CIRCLE('',#10437,0.0016);
#598=CIRCLE('',#10438,0.0016);
#599=CIRCLE('',#10440,0.0016);
#600=CIRCLE('',#10441,0.0016);
#601=CIRCLE('',#10454,0.0016);
#602=CIRCLE('',#10456,0.0016);
#603=CIRCLE('',#10464,0.0016);
#604=CIRCLE('',#10466,0.0016);
#605=CIRCLE('',#10471,0.0016);
#606=CIRCLE('',#10472,0.0016);
#607=CIRCLE('',#10474,0.0016);
#608=CIRCLE('',#10475,0.0016);
#609=CIRCLE('',#10502,0.0016);
#610=CIRCLE('',#10503,0.0016);
#611=CIRCLE('',#10505,0.0016);
#612=CIRCLE('',#10506,0.0016);
#613=CIRCLE('',#10519,0.0016);
#614=CIRCLE('',#10521,0.0016);
#615=CIRCLE('',#10529,0.0016);
#616=CIRCLE('',#10531,0.0016);
#617=CIRCLE('',#10536,0.0016);
#618=CIRCLE('',#10537,0.0016);
#619=CIRCLE('',#10539,0.0016);
#620=CIRCLE('',#10540,0.0016);
#621=CIRCLE('',#10553,0.0016);
#622=CIRCLE('',#10554,0.0016);
#623=CIRCLE('',#10556,0.0016);
#624=CIRCLE('',#10557,0.0016);
#625=CIRCLE('',#10570,0.0016);
#626=CIRCLE('',#10572,0.0016);
#627=CIRCLE('',#10580,0.0016);
#628=CIRCLE('',#10582,0.0016);
#629=CIRCLE('',#10587,0.0016);
#630=CIRCLE('',#10589,0.0016);
#631=CIRCLE('',#10597,0.0016);
#632=CIRCLE('',#10599,0.0016);
#633=CIRCLE('',#10611,0.0016);
#634=CIRCLE('',#10613,0.0016);
#635=CIRCLE('',#10621,0.0016);
#636=CIRCLE('',#10623,0.0016);
#637=CIRCLE('',#10628,0.0016);
#638=CIRCLE('',#10629,0.0016);
#639=CIRCLE('',#10631,0.0016);
#640=CIRCLE('',#10632,0.0016);
#641=CIRCLE('',#10645,0.0025);
#642=CIRCLE('',#10646,0.0025);
#643=CIRCLE('',#10648,0.0025);
#644=CIRCLE('',#10649,0.0025);
#645=CIRCLE('',#10651,0.0025);
#646=CIRCLE('',#10652,0.0025);
#647=CIRCLE('',#10654,0.00199999999996);
#648=CIRCLE('',#10655,0.00199999999996);
#649=CIRCLE('',#10658,0.00199999999996);
#650=CIRCLE('',#10659,0.00199999999996);
#651=CIRCLE('',#10662,0.00199999999996);
#652=CIRCLE('',#10663,0.00199999999996);
#653=CIRCLE('',#10666,0.00199999999996);
#654=CIRCLE('',#10667,0.00199999999996);
#655=CIRCLE('',#10670,0.0016);
#656=CIRCLE('',#10672,0.0016);
#657=CIRCLE('',#10674,0.0016);
#658=CIRCLE('',#10676,0.002);
#659=CIRCLE('',#10677,0.002);
#660=CIRCLE('',#10678,0.002);
#661=CIRCLE('',#10679,0.002);
#662=CIRCLE('',#10681,0.0025);
#663=CIRCLE('',#10683,0.0016);
#664=CIRCLE('',#10685,0.0016);
#665=CIRCLE('',#10687,0.00159999999963);
#666=CIRCLE('',#10689,0.00199999999996);
#667=CIRCLE('',#10692,0.00199999999996);
#668=CIRCLE('',#10695,0.00199999999996);
#669=CIRCLE('',#10698,0.00199999999996);
#670=CIRCLE('',#10701,0.0025);
#671=CIRCLE('',#10703,0.0016);
#672=CIRCLE('',#10705,0.0016);
#673=CIRCLE('',#10709,0.0016);
#674=CIRCLE('',#10711,0.0016);
#675=CIRCLE('',#10719,0.0016);
#676=CIRCLE('',#10721,0.0016);
#677=CIRCLE('',#10726,0.0016);
#678=CIRCLE('',#10727,0.0016);
#679=CIRCLE('',#10729,0.0016);
#680=CIRCLE('',#10730,0.0016);
#681=CIRCLE('',#10743,0.0016);
#682=CIRCLE('',#10744,0.0016);
#683=CIRCLE('',#10746,0.0016);
#684=CIRCLE('',#10747,0.0016);
#685=CIRCLE('',#10749,0.0016);
#686=CIRCLE('',#10750,0.0016);
#687=CIRCLE('',#10752,0.0016);
#688=CIRCLE('',#10753,0.0016);
#689=CIRCLE('',#10755,0.0012);
#690=CIRCLE('',#10756,0.0012);
#691=CIRCLE('',#10758,0.0012);
#692=CIRCLE('',#10759,0.0012);
#693=CIRCLE('',#10761,0.0012);
#694=CIRCLE('',#10762,0.0012);
#695=CIRCLE('',#10766,0.0012);
#696=CIRCLE('',#10767,0.0012);
#697=CIRCLE('',#10769,0.0012);
#698=CIRCLE('',#10770,0.0012);
#699=CIRCLE('',#10773,0.0012);
#700=CIRCLE('',#10774,0.0012);
#701=CIRCLE('',#10776,0.0012);
#702=CIRCLE('',#10777,0.0012);
#703=CIRCLE('',#10779,0.0012);
#704=CIRCLE('',#10780,0.0012);
#705=CIRCLE('',#10784,0.0012);
#706=CIRCLE('',#10785,0.0012);
#707=CIRCLE('',#10787,0.0012);
#708=CIRCLE('',#10788,0.0012);
#709=CIRCLE('',#10791,0.0012);
#710=CIRCLE('',#10792,0.0012);
#711=CIRCLE('',#10794,0.0012);
#712=CIRCLE('',#10795,0.0012);
#713=CIRCLE('',#10797,0.0012);
#714=CIRCLE('',#10798,0.0012);
#715=CIRCLE('',#10802,0.0012);
#716=CIRCLE('',#10803,0.0012);
#717=CIRCLE('',#10805,0.0012);
#718=CIRCLE('',#10806,0.0012);
#719=CIRCLE('',#10809,0.0012);
#720=CIRCLE('',#10810,0.0012);
#721=CIRCLE('',#10814,0.0012);
#722=CIRCLE('',#10815,0.0012);
#723=CIRCLE('',#10817,0.0012);
#724=CIRCLE('',#10818,0.0012);
#725=CIRCLE('',#10820,0.0012);
#726=CIRCLE('',#10821,0.0012);
#727=CIRCLE('',#10823,0.0012);
#728=CIRCLE('',#10824,0.0012);
#729=CIRCLE('',#10830,0.0016);
#730=CIRCLE('',#10832,0.0016);
#731=CIRCLE('',#10840,0.0016);
#732=CIRCLE('',#10842,0.0016);
#733=CIRCLE('',#10847,0.0016);
#734=CIRCLE('',#10849,0.0016);
#735=CIRCLE('',#10857,0.0016);
#736=CIRCLE('',#10859,0.0016);
#737=CIRCLE('',#10865,0.0016);
#738=CIRCLE('',#10867,0.0016);
#739=CIRCLE('',#10875,0.0016);
#740=CIRCLE('',#10877,0.0016);
#741=CIRCLE('',#10882,0.0016);
#742=CIRCLE('',#10884,0.0016);
#743=CIRCLE('',#10892,0.0016);
#744=CIRCLE('',#10894,0.0016);
#745=CIRCLE('',#10899,0.0016);
#746=CIRCLE('',#10900,0.0016);
#747=CIRCLE('',#10902,0.0016);
#748=CIRCLE('',#10903,0.0016);
#749=CIRCLE('',#10916,0.0016);
#750=CIRCLE('',#10917,0.0016);
#751=CIRCLE('',#10919,0.0025);
#752=CIRCLE('',#10921,0.0025);
#753=CIRCLE('',#10923,0.0016);
#754=CIRCLE('',#10924,0.0016);
#755=CIRCLE('',#10926,0.0025);
#756=CIRCLE('',#10928,0.0025);
#757=CIRCLE('',#10930,0.0016);
#758=CIRCLE('',#10931,0.0016);
#759=CIRCLE('',#10933,0.0025);
#760=CIRCLE('',#10935,0.0025);
#761=CIRCLE('',#10937,0.002);
#762=CIRCLE('',#10938,0.002);
#763=CIRCLE('',#10939,0.002);
#764=CIRCLE('',#10940,0.002);
#765=CIRCLE('',#10941,0.002);
#766=CIRCLE('',#10942,0.002);
#767=CIRCLE('',#10943,0.002);
#768=CIRCLE('',#10944,0.002);
#769=CIRCLE('',#10950,0.0025);
#770=CIRCLE('',#10951,0.002);
#771=CIRCLE('',#10952,0.002);
#772=CIRCLE('',#10953,0.002);
#773=CIRCLE('',#10954,0.002);
#774=CIRCLE('',#10960,0.0016);
#775=CIRCLE('',#10961,0.002);
#776=CIRCLE('',#10962,0.002);
#777=CIRCLE('',#10963,0.002);
#778=CIRCLE('',#10964,0.002);
#779=CIRCLE('',#10974,0.0016);
#780=CIRCLE('',#10976,0.0025);
#781=CIRCLE('',#10981,0.0016);
#782=CIRCLE('',#10982,0.0016);
#783=CIRCLE('',#10984,0.0016);
#784=CIRCLE('',#10985,0.0016);
#785=CIRCLE('',#10987,0.0016);
#786=CIRCLE('',#10988,0.0016);
#787=CIRCLE('',#10990,0.0016);
#788=CIRCLE('',#10991,0.0016);
#789=CIRCLE('',#10993,0.0012);
#790=CIRCLE('',#10994,0.0012);
#791=CIRCLE('',#10996,0.0012);
#792=CIRCLE('',#10997,0.0012);
#793=CIRCLE('',#10999,0.0012);
#794=CIRCLE('',#11000,0.0012);
#795=CIRCLE('',#11004,0.0012);
#796=CIRCLE('',#11005,0.0012);
#797=CIRCLE('',#11007,0.0012);
#798=CIRCLE('',#11008,0.0012);
#799=CIRCLE('',#11011,0.0012);
#800=CIRCLE('',#11012,0.0012);
#801=CIRCLE('',#11014,0.0012);
#802=CIRCLE('',#11015,0.0012);
#803=CIRCLE('',#11017,0.0012);
#804=CIRCLE('',#11018,0.0012);
#805=CIRCLE('',#11022,0.0012);
#806=CIRCLE('',#11023,0.0012);
#807=CIRCLE('',#11025,0.0012);
#808=CIRCLE('',#11026,0.0012);
#809=CIRCLE('',#11029,0.0012);
#810=CIRCLE('',#11030,0.0012);
#811=CIRCLE('',#11032,0.0012);
#812=CIRCLE('',#11033,0.0012);
#813=CIRCLE('',#11035,0.0012);
#814=CIRCLE('',#11036,0.0012);
#815=CIRCLE('',#11040,0.0012);
#816=CIRCLE('',#11041,0.0012);
#817=CIRCLE('',#11043,0.0012);
#818=CIRCLE('',#11044,0.0012);
#819=CIRCLE('',#11047,0.0012);
#820=CIRCLE('',#11048,0.0012);
#821=CIRCLE('',#11052,0.0012);
#822=CIRCLE('',#11053,0.0012);
#823=CIRCLE('',#11055,0.0012);
#824=CIRCLE('',#11056,0.0012);
#825=CIRCLE('',#11058,0.0012);
#826=CIRCLE('',#11059,0.0012);
#827=CIRCLE('',#11061,0.0012);
#828=CIRCLE('',#11062,0.0012);
#829=CIRCLE('',#11069,0.0016);
#830=CIRCLE('',#11071,0.0016);
#831=CIRCLE('',#11079,0.0016);
#832=CIRCLE('',#11081,0.0016);
#833=CIRCLE('',#11086,0.0016);
#834=CIRCLE('',#11088,0.0016);
#835=CIRCLE('',#11096,0.0016);
#836=CIRCLE('',#11098,0.0016);
#837=CIRCLE('',#11117,0.0016);
#838=CIRCLE('',#11119,0.0016);
#839=CIRCLE('',#11127,0.0016);
#840=CIRCLE('',#11129,0.0016);
#841=ORIENTED_EDGE('',*,*,#3273,.F.);
#842=ORIENTED_EDGE('',*,*,#3274,.F.);
#843=ORIENTED_EDGE('',*,*,#3275,.T.);
#844=ORIENTED_EDGE('',*,*,#3276,.T.);
#845=ORIENTED_EDGE('',*,*,#3277,.T.);
#846=ORIENTED_EDGE('',*,*,#3278,.F.);
#847=ORIENTED_EDGE('',*,*,#3279,.F.);
#848=ORIENTED_EDGE('',*,*,#3274,.T.);
#849=ORIENTED_EDGE('',*,*,#3280,.T.);
#850=ORIENTED_EDGE('',*,*,#3281,.F.);
#851=ORIENTED_EDGE('',*,*,#3282,.F.);
#852=ORIENTED_EDGE('',*,*,#3278,.T.);
#853=ORIENTED_EDGE('',*,*,#3283,.F.);
#854=ORIENTED_EDGE('',*,*,#3284,.T.);
#855=ORIENTED_EDGE('',*,*,#3285,.T.);
#856=ORIENTED_EDGE('',*,*,#3286,.T.);
#857=ORIENTED_EDGE('',*,*,#3287,.T.);
#858=ORIENTED_EDGE('',*,*,#3288,.T.);
#859=ORIENTED_EDGE('',*,*,#3289,.F.);
#860=ORIENTED_EDGE('',*,*,#3290,.T.);
#861=ORIENTED_EDGE('',*,*,#3291,.F.);
#862=ORIENTED_EDGE('',*,*,#3292,.T.);
#863=ORIENTED_EDGE('',*,*,#3293,.T.);
#864=ORIENTED_EDGE('',*,*,#3294,.T.);
#865=ORIENTED_EDGE('',*,*,#3295,.T.);
#866=ORIENTED_EDGE('',*,*,#3296,.T.);
#867=ORIENTED_EDGE('',*,*,#3297,.F.);
#868=ORIENTED_EDGE('',*,*,#3298,.T.);
#869=ORIENTED_EDGE('',*,*,#3299,.F.);
#870=ORIENTED_EDGE('',*,*,#3276,.F.);
#871=ORIENTED_EDGE('',*,*,#3300,.T.);
#872=ORIENTED_EDGE('',*,*,#3281,.T.);
#873=ORIENTED_EDGE('',*,*,#3289,.T.);
#874=ORIENTED_EDGE('',*,*,#3301,.T.);
#875=ORIENTED_EDGE('',*,*,#3291,.T.);
#876=ORIENTED_EDGE('',*,*,#3302,.T.);
#877=ORIENTED_EDGE('',*,*,#3295,.F.);
#878=ORIENTED_EDGE('',*,*,#3303,.T.);
#879=ORIENTED_EDGE('',*,*,#3285,.F.);
#880=ORIENTED_EDGE('',*,*,#3304,.T.);
#881=ORIENTED_EDGE('',*,*,#3275,.F.);
#882=ORIENTED_EDGE('',*,*,#3279,.T.);
#883=ORIENTED_EDGE('',*,*,#3282,.T.);
#884=ORIENTED_EDGE('',*,*,#3300,.F.);
#885=ORIENTED_EDGE('',*,*,#3293,.F.);
#886=ORIENTED_EDGE('',*,*,#3305,.T.);
#887=ORIENTED_EDGE('',*,*,#3287,.F.);
#888=ORIENTED_EDGE('',*,*,#3306,.T.);
#889=ORIENTED_EDGE('',*,*,#3283,.T.);
#890=ORIENTED_EDGE('',*,*,#3307,.T.);
#891=ORIENTED_EDGE('',*,*,#3297,.T.);
#892=ORIENTED_EDGE('',*,*,#3308,.T.);
#893=ORIENTED_EDGE('',*,*,#3273,.T.);
#894=ORIENTED_EDGE('',*,*,#3299,.T.);
#895=ORIENTED_EDGE('',*,*,#3280,.F.);
#896=ORIENTED_EDGE('',*,*,#3277,.F.);
#897=ORIENTED_EDGE('',*,*,#3301,.F.);
#898=ORIENTED_EDGE('',*,*,#3288,.F.);
#899=ORIENTED_EDGE('',*,*,#3305,.F.);
#900=ORIENTED_EDGE('',*,*,#3292,.F.);
#901=ORIENTED_EDGE('',*,*,#3302,.F.);
#902=ORIENTED_EDGE('',*,*,#3294,.F.);
#903=ORIENTED_EDGE('',*,*,#3308,.F.);
#904=ORIENTED_EDGE('',*,*,#3296,.F.);
#905=ORIENTED_EDGE('',*,*,#3304,.F.);
#906=ORIENTED_EDGE('',*,*,#3284,.F.);
#907=ORIENTED_EDGE('',*,*,#3306,.F.);
#908=ORIENTED_EDGE('',*,*,#3290,.F.);
#909=ORIENTED_EDGE('',*,*,#3303,.F.);
#910=ORIENTED_EDGE('',*,*,#3298,.F.);
#911=ORIENTED_EDGE('',*,*,#3307,.F.);
#912=ORIENTED_EDGE('',*,*,#3286,.F.);
#913=ORIENTED_EDGE('',*,*,#3309,.T.);
#914=ORIENTED_EDGE('',*,*,#3310,.F.);
#915=ORIENTED_EDGE('',*,*,#3311,.T.);
#916=ORIENTED_EDGE('',*,*,#3312,.F.);
#917=ORIENTED_EDGE('',*,*,#3313,.T.);
#918=ORIENTED_EDGE('',*,*,#3314,.F.);
#919=ORIENTED_EDGE('',*,*,#3315,.T.);
#920=ORIENTED_EDGE('',*,*,#3316,.F.);
#921=ORIENTED_EDGE('',*,*,#3317,.T.);
#922=ORIENTED_EDGE('',*,*,#3318,.F.);
#923=ORIENTED_EDGE('',*,*,#3319,.T.);
#924=ORIENTED_EDGE('',*,*,#3320,.T.);
#925=ORIENTED_EDGE('',*,*,#3321,.T.);
#926=ORIENTED_EDGE('',*,*,#3322,.F.);
#927=ORIENTED_EDGE('',*,*,#3323,.T.);
#928=ORIENTED_EDGE('',*,*,#3324,.F.);
#929=ORIENTED_EDGE('',*,*,#3325,.F.);
#930=ORIENTED_EDGE('',*,*,#3326,.F.);
#931=ORIENTED_EDGE('',*,*,#3324,.T.);
#932=ORIENTED_EDGE('',*,*,#3327,.F.);
#933=ORIENTED_EDGE('',*,*,#3328,.F.);
#934=ORIENTED_EDGE('',*,*,#3329,.F.);
#935=ORIENTED_EDGE('',*,*,#3325,.T.);
#936=ORIENTED_EDGE('',*,*,#3330,.T.);
#937=ORIENTED_EDGE('',*,*,#3331,.F.);
#938=ORIENTED_EDGE('',*,*,#3332,.T.);
#939=ORIENTED_EDGE('',*,*,#3318,.T.);
#940=ORIENTED_EDGE('',*,*,#3333,.F.);
#941=ORIENTED_EDGE('',*,*,#3334,.T.);
#942=ORIENTED_EDGE('',*,*,#3335,.F.);
#943=ORIENTED_EDGE('',*,*,#3328,.T.);
#944=ORIENTED_EDGE('',*,*,#3336,.F.);
#945=ORIENTED_EDGE('',*,*,#3337,.T.);
#946=ORIENTED_EDGE('',*,*,#3334,.F.);
#947=ORIENTED_EDGE('',*,*,#3338,.T.);
#948=ORIENTED_EDGE('',*,*,#3331,.T.);
#949=ORIENTED_EDGE('',*,*,#3339,.F.);
#950=ORIENTED_EDGE('',*,*,#3340,.T.);
#951=ORIENTED_EDGE('',*,*,#3322,.T.);
#952=ORIENTED_EDGE('',*,*,#3341,.F.);
#953=ORIENTED_EDGE('',*,*,#3342,.T.);
#954=ORIENTED_EDGE('',*,*,#3343,.F.);
#955=ORIENTED_EDGE('',*,*,#3344,.T.);
#956=ORIENTED_EDGE('',*,*,#3339,.T.);
#957=ORIENTED_EDGE('',*,*,#3345,.T.);
#958=ORIENTED_EDGE('',*,*,#3346,.F.);
#959=ORIENTED_EDGE('',*,*,#3347,.T.);
#960=ORIENTED_EDGE('',*,*,#3348,.F.);
#961=ORIENTED_EDGE('',*,*,#3349,.F.);
#962=ORIENTED_EDGE('',*,*,#3350,.F.);
#963=ORIENTED_EDGE('',*,*,#3348,.T.);
#964=ORIENTED_EDGE('',*,*,#3351,.F.);
#965=ORIENTED_EDGE('',*,*,#3352,.F.);
#966=ORIENTED_EDGE('',*,*,#3349,.T.);
#967=ORIENTED_EDGE('',*,*,#3353,.T.);
#968=ORIENTED_EDGE('',*,*,#3354,.F.);
#969=ORIENTED_EDGE('',*,*,#3355,.T.);
#970=ORIENTED_EDGE('',*,*,#3343,.T.);
#971=ORIENTED_EDGE('',*,*,#3356,.F.);
#972=ORIENTED_EDGE('',*,*,#3357,.F.);
#973=ORIENTED_EDGE('',*,*,#3358,.T.);
#974=ORIENTED_EDGE('',*,*,#3359,.F.);
#975=ORIENTED_EDGE('',*,*,#3354,.T.);
#976=ORIENTED_EDGE('',*,*,#3360,.F.);
#977=ORIENTED_EDGE('',*,*,#3361,.T.);
#978=ORIENTED_EDGE('',*,*,#3358,.F.);
#979=ORIENTED_EDGE('',*,*,#3362,.T.);
#980=ORIENTED_EDGE('',*,*,#3357,.T.);
#981=ORIENTED_EDGE('',*,*,#3363,.T.);
#982=ORIENTED_EDGE('',*,*,#3346,.T.);
#983=ORIENTED_EDGE('',*,*,#3364,.F.);
#984=ORIENTED_EDGE('',*,*,#3365,.F.);
#985=ORIENTED_EDGE('',*,*,#3366,.T.);
#986=ORIENTED_EDGE('',*,*,#3367,.F.);
#987=ORIENTED_EDGE('',*,*,#3368,.T.);
#988=ORIENTED_EDGE('',*,*,#3365,.T.);
#989=ORIENTED_EDGE('',*,*,#3369,.T.);
#990=ORIENTED_EDGE('',*,*,#3370,.F.);
#991=ORIENTED_EDGE('',*,*,#3371,.T.);
#992=ORIENTED_EDGE('',*,*,#3372,.F.);
#993=ORIENTED_EDGE('',*,*,#3373,.F.);
#994=ORIENTED_EDGE('',*,*,#3374,.F.);
#995=ORIENTED_EDGE('',*,*,#3372,.T.);
#996=ORIENTED_EDGE('',*,*,#3375,.F.);
#997=ORIENTED_EDGE('',*,*,#3376,.F.);
#998=ORIENTED_EDGE('',*,*,#3377,.T.);
#999=ORIENTED_EDGE('',*,*,#3367,.T.);
#1000=ORIENTED_EDGE('',*,*,#3378,.F.);
#1001=ORIENTED_EDGE('',*,*,#3379,.F.);
#1002=ORIENTED_EDGE('',*,*,#3373,.T.);
#1003=ORIENTED_EDGE('',*,*,#3380,.T.);
#1004=ORIENTED_EDGE('',*,*,#3381,.F.);
#1005=ORIENTED_EDGE('',*,*,#3382,.T.);
#1006=ORIENTED_EDGE('',*,*,#3376,.T.);
#1007=ORIENTED_EDGE('',*,*,#3383,.T.);
#1008=ORIENTED_EDGE('',*,*,#3384,.T.);
#1009=ORIENTED_EDGE('',*,*,#3384,.F.);
#1010=ORIENTED_EDGE('',*,*,#3385,.F.);
#1011=ORIENTED_EDGE('',*,*,#3381,.T.);
#1012=ORIENTED_EDGE('',*,*,#3386,.F.);
#1013=ORIENTED_EDGE('',*,*,#3387,.F.);
#1014=ORIENTED_EDGE('',*,*,#3388,.T.);
#1015=ORIENTED_EDGE('',*,*,#3370,.T.);
#1016=ORIENTED_EDGE('',*,*,#3389,.F.);
#1017=ORIENTED_EDGE('',*,*,#3390,.T.);
#1018=ORIENTED_EDGE('',*,*,#3391,.F.);
#1019=ORIENTED_EDGE('',*,*,#3392,.T.);
#1020=ORIENTED_EDGE('',*,*,#3387,.T.);
#1021=ORIENTED_EDGE('',*,*,#3393,.T.);
#1022=ORIENTED_EDGE('',*,*,#3394,.F.);
#1023=ORIENTED_EDGE('',*,*,#3320,.F.);
#1024=ORIENTED_EDGE('',*,*,#3395,.T.);
#1025=ORIENTED_EDGE('',*,*,#3396,.F.);
#1026=ORIENTED_EDGE('',*,*,#3397,.T.);
#1027=ORIENTED_EDGE('',*,*,#3391,.T.);
#1028=ORIENTED_EDGE('',*,*,#3398,.F.);
#1029=ORIENTED_EDGE('',*,*,#3399,.T.);
#1030=ORIENTED_EDGE('',*,*,#3396,.T.);
#1031=ORIENTED_EDGE('',*,*,#3400,.T.);
#1032=ORIENTED_EDGE('',*,*,#3401,.T.);
#1033=ORIENTED_EDGE('',*,*,#3401,.F.);
#1034=ORIENTED_EDGE('',*,*,#3402,.F.);
#1035=ORIENTED_EDGE('',*,*,#3403,.T.);
#1036=ORIENTED_EDGE('',*,*,#3404,.F.);
#1037=ORIENTED_EDGE('',*,*,#3405,.T.);
#1038=ORIENTED_EDGE('',*,*,#3406,.T.);
#1039=ORIENTED_EDGE('',*,*,#3402,.T.);
#1040=ORIENTED_EDGE('',*,*,#3400,.F.);
#1041=ORIENTED_EDGE('',*,*,#3398,.T.);
#1042=ORIENTED_EDGE('',*,*,#3390,.F.);
#1043=ORIENTED_EDGE('',*,*,#3389,.T.);
#1044=ORIENTED_EDGE('',*,*,#3369,.F.);
#1045=ORIENTED_EDGE('',*,*,#3374,.T.);
#1046=ORIENTED_EDGE('',*,*,#3379,.T.);
#1047=ORIENTED_EDGE('',*,*,#3385,.T.);
#1048=ORIENTED_EDGE('',*,*,#3383,.F.);
#1049=ORIENTED_EDGE('',*,*,#3378,.T.);
#1050=ORIENTED_EDGE('',*,*,#3366,.F.);
#1051=ORIENTED_EDGE('',*,*,#3364,.T.);
#1052=ORIENTED_EDGE('',*,*,#3345,.F.);
#1053=ORIENTED_EDGE('',*,*,#3350,.T.);
#1054=ORIENTED_EDGE('',*,*,#3352,.T.);
#1055=ORIENTED_EDGE('',*,*,#3359,.T.);
#1056=ORIENTED_EDGE('',*,*,#3361,.F.);
#1057=ORIENTED_EDGE('',*,*,#3356,.T.);
#1058=ORIENTED_EDGE('',*,*,#3342,.F.);
#1059=ORIENTED_EDGE('',*,*,#3341,.T.);
#1060=ORIENTED_EDGE('',*,*,#3321,.F.);
#1061=ORIENTED_EDGE('',*,*,#3326,.T.);
#1062=ORIENTED_EDGE('',*,*,#3329,.T.);
#1063=ORIENTED_EDGE('',*,*,#3335,.T.);
#1064=ORIENTED_EDGE('',*,*,#3337,.F.);
#1065=ORIENTED_EDGE('',*,*,#3333,.T.);
#1066=ORIENTED_EDGE('',*,*,#3317,.F.);
#1067=ORIENTED_EDGE('',*,*,#3394,.T.);
#1068=ORIENTED_EDGE('',*,*,#3407,.F.);
#1069=ORIENTED_EDGE('',*,*,#3309,.F.);
#1070=ORIENTED_EDGE('',*,*,#3311,.F.);
#1071=ORIENTED_EDGE('',*,*,#3313,.F.);
#1072=ORIENTED_EDGE('',*,*,#3315,.F.);
#1073=ORIENTED_EDGE('',*,*,#3408,.F.);
#1074=ORIENTED_EDGE('',*,*,#3395,.F.);
#1075=ORIENTED_EDGE('',*,*,#3319,.F.);
#1076=ORIENTED_EDGE('',*,*,#3332,.F.);
#1077=ORIENTED_EDGE('',*,*,#3338,.F.);
#1078=ORIENTED_EDGE('',*,*,#3336,.T.);
#1079=ORIENTED_EDGE('',*,*,#3330,.F.);
#1080=ORIENTED_EDGE('',*,*,#3327,.T.);
#1081=ORIENTED_EDGE('',*,*,#3323,.F.);
#1082=ORIENTED_EDGE('',*,*,#3340,.F.);
#1083=ORIENTED_EDGE('',*,*,#3344,.F.);
#1084=ORIENTED_EDGE('',*,*,#3355,.F.);
#1085=ORIENTED_EDGE('',*,*,#3362,.F.);
#1086=ORIENTED_EDGE('',*,*,#3360,.T.);
#1087=ORIENTED_EDGE('',*,*,#3353,.F.);
#1088=ORIENTED_EDGE('',*,*,#3351,.T.);
#1089=ORIENTED_EDGE('',*,*,#3347,.F.);
#1090=ORIENTED_EDGE('',*,*,#3363,.F.);
#1091=ORIENTED_EDGE('',*,*,#3368,.F.);
#1092=ORIENTED_EDGE('',*,*,#3377,.F.);
#1093=ORIENTED_EDGE('',*,*,#3382,.F.);
#1094=ORIENTED_EDGE('',*,*,#3386,.T.);
#1095=ORIENTED_EDGE('',*,*,#3380,.F.);
#1096=ORIENTED_EDGE('',*,*,#3375,.T.);
#1097=ORIENTED_EDGE('',*,*,#3371,.F.);
#1098=ORIENTED_EDGE('',*,*,#3388,.F.);
#1099=ORIENTED_EDGE('',*,*,#3392,.F.);
#1100=ORIENTED_EDGE('',*,*,#3397,.F.);
#1101=ORIENTED_EDGE('',*,*,#3399,.F.);
#1102=ORIENTED_EDGE('',*,*,#3404,.T.);
#1103=ORIENTED_EDGE('',*,*,#3409,.F.);
#1104=ORIENTED_EDGE('',*,*,#3410,.T.);
#1105=ORIENTED_EDGE('',*,*,#3310,.T.);
#1106=ORIENTED_EDGE('',*,*,#3312,.T.);
#1107=ORIENTED_EDGE('',*,*,#3314,.T.);
#1108=ORIENTED_EDGE('',*,*,#3316,.T.);
#1109=ORIENTED_EDGE('',*,*,#3407,.T.);
#1110=ORIENTED_EDGE('',*,*,#3393,.F.);
#1111=ORIENTED_EDGE('',*,*,#3408,.T.);
#1112=ORIENTED_EDGE('',*,*,#3411,.F.);
#1113=ORIENTED_EDGE('',*,*,#3412,.T.);
#1114=ORIENTED_EDGE('',*,*,#3409,.T.);
#1115=ORIENTED_EDGE('',*,*,#3403,.F.);
#1116=ORIENTED_EDGE('',*,*,#3406,.F.);
#1117=ORIENTED_EDGE('',*,*,#3412,.F.);
#1118=ORIENTED_EDGE('',*,*,#3405,.F.);
#1119=ORIENTED_EDGE('',*,*,#3411,.T.);
#1120=ORIENTED_EDGE('',*,*,#3410,.F.);
#1121=ORIENTED_EDGE('',*,*,#3413,.F.);
#1122=ORIENTED_EDGE('',*,*,#3414,.T.);
#1123=ORIENTED_EDGE('',*,*,#3415,.T.);
#1124=ORIENTED_EDGE('',*,*,#3416,.T.);
#1125=ORIENTED_EDGE('',*,*,#3417,.T.);
#1126=ORIENTED_EDGE('',*,*,#3418,.T.);
#1127=ORIENTED_EDGE('',*,*,#3419,.T.);
#1128=ORIENTED_EDGE('',*,*,#3420,.F.);
#1129=ORIENTED_EDGE('',*,*,#3421,.F.);
#1130=ORIENTED_EDGE('',*,*,#3422,.T.);
#1131=ORIENTED_EDGE('',*,*,#3423,.T.);
#1132=ORIENTED_EDGE('',*,*,#3414,.F.);
#1133=ORIENTED_EDGE('',*,*,#3423,.F.);
#1134=ORIENTED_EDGE('',*,*,#3424,.T.);
#1135=ORIENTED_EDGE('',*,*,#3425,.T.);
#1136=ORIENTED_EDGE('',*,*,#3415,.F.);
#1137=ORIENTED_EDGE('',*,*,#3425,.F.);
#1138=ORIENTED_EDGE('',*,*,#3426,.T.);
#1139=ORIENTED_EDGE('',*,*,#3427,.T.);
#1140=ORIENTED_EDGE('',*,*,#3416,.F.);
#1141=ORIENTED_EDGE('',*,*,#3427,.F.);
#1142=ORIENTED_EDGE('',*,*,#3428,.T.);
#1143=ORIENTED_EDGE('',*,*,#3429,.T.);
#1144=ORIENTED_EDGE('',*,*,#3417,.F.);
#1145=ORIENTED_EDGE('',*,*,#3429,.F.);
#1146=ORIENTED_EDGE('',*,*,#3430,.T.);
#1147=ORIENTED_EDGE('',*,*,#3431,.T.);
#1148=ORIENTED_EDGE('',*,*,#3418,.F.);
#1149=ORIENTED_EDGE('',*,*,#3431,.F.);
#1150=ORIENTED_EDGE('',*,*,#3432,.T.);
#1151=ORIENTED_EDGE('',*,*,#3421,.T.);
#1152=ORIENTED_EDGE('',*,*,#3419,.F.);
#1153=ORIENTED_EDGE('',*,*,#3432,.F.);
#1154=ORIENTED_EDGE('',*,*,#3430,.F.);
#1155=ORIENTED_EDGE('',*,*,#3428,.F.);
#1156=ORIENTED_EDGE('',*,*,#3426,.F.);
#1157=ORIENTED_EDGE('',*,*,#3424,.F.);
#1158=ORIENTED_EDGE('',*,*,#3422,.F.);
#1159=ORIENTED_EDGE('',*,*,#3433,.F.);
#1160=ORIENTED_EDGE('',*,*,#3434,.T.);
#1161=ORIENTED_EDGE('',*,*,#3434,.F.);
#1162=ORIENTED_EDGE('',*,*,#3433,.T.);
#1163=ORIENTED_EDGE('',*,*,#3420,.T.);
#1164=ORIENTED_EDGE('',*,*,#3413,.T.);
#1165=ORIENTED_EDGE('',*,*,#3435,.F.);
#1166=ORIENTED_EDGE('',*,*,#3436,.T.);
#1167=ORIENTED_EDGE('',*,*,#3437,.T.);
#1168=ORIENTED_EDGE('',*,*,#3438,.F.);
#1169=ORIENTED_EDGE('',*,*,#3437,.F.);
#1170=ORIENTED_EDGE('',*,*,#3439,.T.);
#1171=ORIENTED_EDGE('',*,*,#3440,.T.);
#1172=ORIENTED_EDGE('',*,*,#3441,.F.);
#1173=ORIENTED_EDGE('',*,*,#3440,.F.);
#1174=ORIENTED_EDGE('',*,*,#3442,.T.);
#1175=ORIENTED_EDGE('',*,*,#3443,.T.);
#1176=ORIENTED_EDGE('',*,*,#3444,.F.);
#1177=ORIENTED_EDGE('',*,*,#3443,.F.);
#1178=ORIENTED_EDGE('',*,*,#3445,.T.);
#1179=ORIENTED_EDGE('',*,*,#3435,.T.);
#1180=ORIENTED_EDGE('',*,*,#3446,.F.);
#1181=ORIENTED_EDGE('',*,*,#3445,.F.);
#1182=ORIENTED_EDGE('',*,*,#3442,.F.);
#1183=ORIENTED_EDGE('',*,*,#3439,.F.);
#1184=ORIENTED_EDGE('',*,*,#3436,.F.);
#1185=ORIENTED_EDGE('',*,*,#3438,.T.);
#1186=ORIENTED_EDGE('',*,*,#3441,.T.);
#1187=ORIENTED_EDGE('',*,*,#3444,.T.);
#1188=ORIENTED_EDGE('',*,*,#3446,.T.);
#1189=ORIENTED_EDGE('',*,*,#3447,.F.);
#1190=ORIENTED_EDGE('',*,*,#3448,.T.);
#1191=ORIENTED_EDGE('',*,*,#3449,.T.);
#1192=ORIENTED_EDGE('',*,*,#3450,.T.);
#1193=ORIENTED_EDGE('',*,*,#3451,.T.);
#1194=ORIENTED_EDGE('',*,*,#3452,.T.);
#1195=ORIENTED_EDGE('',*,*,#3453,.T.);
#1196=ORIENTED_EDGE('',*,*,#3454,.F.);
#1197=ORIENTED_EDGE('',*,*,#3455,.F.);
#1198=ORIENTED_EDGE('',*,*,#3456,.T.);
#1199=ORIENTED_EDGE('',*,*,#3457,.T.);
#1200=ORIENTED_EDGE('',*,*,#3448,.F.);
#1201=ORIENTED_EDGE('',*,*,#3457,.F.);
#1202=ORIENTED_EDGE('',*,*,#3458,.T.);
#1203=ORIENTED_EDGE('',*,*,#3459,.T.);
#1204=ORIENTED_EDGE('',*,*,#3449,.F.);
#1205=ORIENTED_EDGE('',*,*,#3459,.F.);
#1206=ORIENTED_EDGE('',*,*,#3460,.T.);
#1207=ORIENTED_EDGE('',*,*,#3461,.T.);
#1208=ORIENTED_EDGE('',*,*,#3450,.F.);
#1209=ORIENTED_EDGE('',*,*,#3461,.F.);
#1210=ORIENTED_EDGE('',*,*,#3462,.T.);
#1211=ORIENTED_EDGE('',*,*,#3463,.T.);
#1212=ORIENTED_EDGE('',*,*,#3451,.F.);
#1213=ORIENTED_EDGE('',*,*,#3463,.F.);
#1214=ORIENTED_EDGE('',*,*,#3464,.T.);
#1215=ORIENTED_EDGE('',*,*,#3465,.T.);
#1216=ORIENTED_EDGE('',*,*,#3452,.F.);
#1217=ORIENTED_EDGE('',*,*,#3465,.F.);
#1218=ORIENTED_EDGE('',*,*,#3466,.T.);
#1219=ORIENTED_EDGE('',*,*,#3455,.T.);
#1220=ORIENTED_EDGE('',*,*,#3453,.F.);
#1221=ORIENTED_EDGE('',*,*,#3466,.F.);
#1222=ORIENTED_EDGE('',*,*,#3464,.F.);
#1223=ORIENTED_EDGE('',*,*,#3462,.F.);
#1224=ORIENTED_EDGE('',*,*,#3460,.F.);
#1225=ORIENTED_EDGE('',*,*,#3458,.F.);
#1226=ORIENTED_EDGE('',*,*,#3456,.F.);
#1227=ORIENTED_EDGE('',*,*,#3467,.F.);
#1228=ORIENTED_EDGE('',*,*,#3468,.T.);
#1229=ORIENTED_EDGE('',*,*,#3468,.F.);
#1230=ORIENTED_EDGE('',*,*,#3467,.T.);
#1231=ORIENTED_EDGE('',*,*,#3454,.T.);
#1232=ORIENTED_EDGE('',*,*,#3447,.T.);
#1233=ORIENTED_EDGE('',*,*,#3469,.F.);
#1234=ORIENTED_EDGE('',*,*,#3470,.T.);
#1235=ORIENTED_EDGE('',*,*,#3471,.T.);
#1236=ORIENTED_EDGE('',*,*,#3472,.F.);
#1237=ORIENTED_EDGE('',*,*,#3471,.F.);
#1238=ORIENTED_EDGE('',*,*,#3473,.T.);
#1239=ORIENTED_EDGE('',*,*,#3474,.T.);
#1240=ORIENTED_EDGE('',*,*,#3475,.F.);
#1241=ORIENTED_EDGE('',*,*,#3474,.F.);
#1242=ORIENTED_EDGE('',*,*,#3476,.T.);
#1243=ORIENTED_EDGE('',*,*,#3477,.T.);
#1244=ORIENTED_EDGE('',*,*,#3478,.F.);
#1245=ORIENTED_EDGE('',*,*,#3477,.F.);
#1246=ORIENTED_EDGE('',*,*,#3479,.T.);
#1247=ORIENTED_EDGE('',*,*,#3469,.T.);
#1248=ORIENTED_EDGE('',*,*,#3480,.F.);
#1249=ORIENTED_EDGE('',*,*,#3479,.F.);
#1250=ORIENTED_EDGE('',*,*,#3476,.F.);
#1251=ORIENTED_EDGE('',*,*,#3473,.F.);
#1252=ORIENTED_EDGE('',*,*,#3470,.F.);
#1253=ORIENTED_EDGE('',*,*,#3472,.T.);
#1254=ORIENTED_EDGE('',*,*,#3475,.T.);
#1255=ORIENTED_EDGE('',*,*,#3478,.T.);
#1256=ORIENTED_EDGE('',*,*,#3480,.T.);
#1257=ORIENTED_EDGE('',*,*,#3481,.F.);
#1258=ORIENTED_EDGE('',*,*,#3482,.T.);
#1259=ORIENTED_EDGE('',*,*,#3483,.T.);
#1260=ORIENTED_EDGE('',*,*,#3484,.T.);
#1261=ORIENTED_EDGE('',*,*,#3485,.T.);
#1262=ORIENTED_EDGE('',*,*,#3486,.T.);
#1263=ORIENTED_EDGE('',*,*,#3487,.T.);
#1264=ORIENTED_EDGE('',*,*,#3488,.F.);
#1265=ORIENTED_EDGE('',*,*,#3489,.F.);
#1266=ORIENTED_EDGE('',*,*,#3490,.T.);
#1267=ORIENTED_EDGE('',*,*,#3491,.T.);
#1268=ORIENTED_EDGE('',*,*,#3482,.F.);
#1269=ORIENTED_EDGE('',*,*,#3491,.F.);
#1270=ORIENTED_EDGE('',*,*,#3492,.T.);
#1271=ORIENTED_EDGE('',*,*,#3493,.T.);
#1272=ORIENTED_EDGE('',*,*,#3483,.F.);
#1273=ORIENTED_EDGE('',*,*,#3493,.F.);
#1274=ORIENTED_EDGE('',*,*,#3494,.T.);
#1275=ORIENTED_EDGE('',*,*,#3495,.T.);
#1276=ORIENTED_EDGE('',*,*,#3484,.F.);
#1277=ORIENTED_EDGE('',*,*,#3495,.F.);
#1278=ORIENTED_EDGE('',*,*,#3496,.T.);
#1279=ORIENTED_EDGE('',*,*,#3497,.T.);
#1280=ORIENTED_EDGE('',*,*,#3485,.F.);
#1281=ORIENTED_EDGE('',*,*,#3497,.F.);
#1282=ORIENTED_EDGE('',*,*,#3498,.T.);
#1283=ORIENTED_EDGE('',*,*,#3499,.T.);
#1284=ORIENTED_EDGE('',*,*,#3486,.F.);
#1285=ORIENTED_EDGE('',*,*,#3499,.F.);
#1286=ORIENTED_EDGE('',*,*,#3500,.T.);
#1287=ORIENTED_EDGE('',*,*,#3489,.T.);
#1288=ORIENTED_EDGE('',*,*,#3487,.F.);
#1289=ORIENTED_EDGE('',*,*,#3500,.F.);
#1290=ORIENTED_EDGE('',*,*,#3498,.F.);
#1291=ORIENTED_EDGE('',*,*,#3496,.F.);
#1292=ORIENTED_EDGE('',*,*,#3494,.F.);
#1293=ORIENTED_EDGE('',*,*,#3492,.F.);
#1294=ORIENTED_EDGE('',*,*,#3490,.F.);
#1295=ORIENTED_EDGE('',*,*,#3501,.F.);
#1296=ORIENTED_EDGE('',*,*,#3502,.T.);
#1297=ORIENTED_EDGE('',*,*,#3502,.F.);
#1298=ORIENTED_EDGE('',*,*,#3501,.T.);
#1299=ORIENTED_EDGE('',*,*,#3488,.T.);
#1300=ORIENTED_EDGE('',*,*,#3481,.T.);
#1301=ORIENTED_EDGE('',*,*,#3503,.T.);
#1302=ORIENTED_EDGE('',*,*,#3504,.F.);
#1303=ORIENTED_EDGE('',*,*,#3505,.T.);
#1304=ORIENTED_EDGE('',*,*,#3506,.F.);
#1305=ORIENTED_EDGE('',*,*,#3507,.T.);
#1306=ORIENTED_EDGE('',*,*,#3508,.F.);
#1307=ORIENTED_EDGE('',*,*,#3509,.T.);
#1308=ORIENTED_EDGE('',*,*,#3510,.F.);
#1309=ORIENTED_EDGE('',*,*,#3511,.T.);
#1310=ORIENTED_EDGE('',*,*,#3512,.F.);
#1311=ORIENTED_EDGE('',*,*,#3513,.T.);
#1312=ORIENTED_EDGE('',*,*,#3514,.T.);
#1313=ORIENTED_EDGE('',*,*,#3515,.T.);
#1314=ORIENTED_EDGE('',*,*,#3516,.F.);
#1315=ORIENTED_EDGE('',*,*,#3517,.T.);
#1316=ORIENTED_EDGE('',*,*,#3518,.F.);
#1317=ORIENTED_EDGE('',*,*,#3519,.F.);
#1318=ORIENTED_EDGE('',*,*,#3520,.F.);
#1319=ORIENTED_EDGE('',*,*,#3518,.T.);
#1320=ORIENTED_EDGE('',*,*,#3521,.F.);
#1321=ORIENTED_EDGE('',*,*,#3522,.F.);
#1322=ORIENTED_EDGE('',*,*,#3523,.F.);
#1323=ORIENTED_EDGE('',*,*,#3519,.T.);
#1324=ORIENTED_EDGE('',*,*,#3524,.T.);
#1325=ORIENTED_EDGE('',*,*,#3525,.F.);
#1326=ORIENTED_EDGE('',*,*,#3526,.T.);
#1327=ORIENTED_EDGE('',*,*,#3512,.T.);
#1328=ORIENTED_EDGE('',*,*,#3527,.F.);
#1329=ORIENTED_EDGE('',*,*,#3528,.T.);
#1330=ORIENTED_EDGE('',*,*,#3529,.F.);
#1331=ORIENTED_EDGE('',*,*,#3522,.T.);
#1332=ORIENTED_EDGE('',*,*,#3530,.F.);
#1333=ORIENTED_EDGE('',*,*,#3531,.T.);
#1334=ORIENTED_EDGE('',*,*,#3528,.F.);
#1335=ORIENTED_EDGE('',*,*,#3532,.T.);
#1336=ORIENTED_EDGE('',*,*,#3525,.T.);
#1337=ORIENTED_EDGE('',*,*,#3533,.F.);
#1338=ORIENTED_EDGE('',*,*,#3534,.T.);
#1339=ORIENTED_EDGE('',*,*,#3516,.T.);
#1340=ORIENTED_EDGE('',*,*,#3535,.F.);
#1341=ORIENTED_EDGE('',*,*,#3536,.T.);
#1342=ORIENTED_EDGE('',*,*,#3537,.F.);
#1343=ORIENTED_EDGE('',*,*,#3538,.T.);
#1344=ORIENTED_EDGE('',*,*,#3533,.T.);
#1345=ORIENTED_EDGE('',*,*,#3539,.T.);
#1346=ORIENTED_EDGE('',*,*,#3540,.F.);
#1347=ORIENTED_EDGE('',*,*,#3541,.T.);
#1348=ORIENTED_EDGE('',*,*,#3542,.F.);
#1349=ORIENTED_EDGE('',*,*,#3543,.F.);
#1350=ORIENTED_EDGE('',*,*,#3544,.F.);
#1351=ORIENTED_EDGE('',*,*,#3542,.T.);
#1352=ORIENTED_EDGE('',*,*,#3545,.F.);
#1353=ORIENTED_EDGE('',*,*,#3546,.F.);
#1354=ORIENTED_EDGE('',*,*,#3543,.T.);
#1355=ORIENTED_EDGE('',*,*,#3547,.T.);
#1356=ORIENTED_EDGE('',*,*,#3548,.F.);
#1357=ORIENTED_EDGE('',*,*,#3549,.T.);
#1358=ORIENTED_EDGE('',*,*,#3537,.T.);
#1359=ORIENTED_EDGE('',*,*,#3550,.F.);
#1360=ORIENTED_EDGE('',*,*,#3551,.F.);
#1361=ORIENTED_EDGE('',*,*,#3552,.T.);
#1362=ORIENTED_EDGE('',*,*,#3553,.F.);
#1363=ORIENTED_EDGE('',*,*,#3548,.T.);
#1364=ORIENTED_EDGE('',*,*,#3554,.F.);
#1365=ORIENTED_EDGE('',*,*,#3555,.T.);
#1366=ORIENTED_EDGE('',*,*,#3552,.F.);
#1367=ORIENTED_EDGE('',*,*,#3556,.T.);
#1368=ORIENTED_EDGE('',*,*,#3551,.T.);
#1369=ORIENTED_EDGE('',*,*,#3557,.T.);
#1370=ORIENTED_EDGE('',*,*,#3540,.T.);
#1371=ORIENTED_EDGE('',*,*,#3558,.F.);
#1372=ORIENTED_EDGE('',*,*,#3559,.F.);
#1373=ORIENTED_EDGE('',*,*,#3560,.T.);
#1374=ORIENTED_EDGE('',*,*,#3561,.F.);
#1375=ORIENTED_EDGE('',*,*,#3562,.T.);
#1376=ORIENTED_EDGE('',*,*,#3559,.T.);
#1377=ORIENTED_EDGE('',*,*,#3563,.T.);
#1378=ORIENTED_EDGE('',*,*,#3564,.F.);
#1379=ORIENTED_EDGE('',*,*,#3565,.T.);
#1380=ORIENTED_EDGE('',*,*,#3566,.F.);
#1381=ORIENTED_EDGE('',*,*,#3567,.F.);
#1382=ORIENTED_EDGE('',*,*,#3568,.F.);
#1383=ORIENTED_EDGE('',*,*,#3566,.T.);
#1384=ORIENTED_EDGE('',*,*,#3569,.F.);
#1385=ORIENTED_EDGE('',*,*,#3570,.F.);
#1386=ORIENTED_EDGE('',*,*,#3571,.T.);
#1387=ORIENTED_EDGE('',*,*,#3561,.T.);
#1388=ORIENTED_EDGE('',*,*,#3572,.F.);
#1389=ORIENTED_EDGE('',*,*,#3573,.F.);
#1390=ORIENTED_EDGE('',*,*,#3567,.T.);
#1391=ORIENTED_EDGE('',*,*,#3574,.T.);
#1392=ORIENTED_EDGE('',*,*,#3575,.F.);
#1393=ORIENTED_EDGE('',*,*,#3576,.T.);
#1394=ORIENTED_EDGE('',*,*,#3570,.T.);
#1395=ORIENTED_EDGE('',*,*,#3577,.T.);
#1396=ORIENTED_EDGE('',*,*,#3578,.T.);
#1397=ORIENTED_EDGE('',*,*,#3578,.F.);
#1398=ORIENTED_EDGE('',*,*,#3579,.F.);
#1399=ORIENTED_EDGE('',*,*,#3575,.T.);
#1400=ORIENTED_EDGE('',*,*,#3580,.F.);
#1401=ORIENTED_EDGE('',*,*,#3581,.F.);
#1402=ORIENTED_EDGE('',*,*,#3582,.T.);
#1403=ORIENTED_EDGE('',*,*,#3564,.T.);
#1404=ORIENTED_EDGE('',*,*,#3583,.F.);
#1405=ORIENTED_EDGE('',*,*,#3584,.T.);
#1406=ORIENTED_EDGE('',*,*,#3585,.F.);
#1407=ORIENTED_EDGE('',*,*,#3586,.T.);
#1408=ORIENTED_EDGE('',*,*,#3581,.T.);
#1409=ORIENTED_EDGE('',*,*,#3587,.T.);
#1410=ORIENTED_EDGE('',*,*,#3588,.F.);
#1411=ORIENTED_EDGE('',*,*,#3514,.F.);
#1412=ORIENTED_EDGE('',*,*,#3589,.T.);
#1413=ORIENTED_EDGE('',*,*,#3590,.F.);
#1414=ORIENTED_EDGE('',*,*,#3591,.T.);
#1415=ORIENTED_EDGE('',*,*,#3585,.T.);
#1416=ORIENTED_EDGE('',*,*,#3592,.F.);
#1417=ORIENTED_EDGE('',*,*,#3593,.T.);
#1418=ORIENTED_EDGE('',*,*,#3590,.T.);
#1419=ORIENTED_EDGE('',*,*,#3594,.T.);
#1420=ORIENTED_EDGE('',*,*,#3595,.T.);
#1421=ORIENTED_EDGE('',*,*,#3595,.F.);
#1422=ORIENTED_EDGE('',*,*,#3596,.F.);
#1423=ORIENTED_EDGE('',*,*,#3597,.T.);
#1424=ORIENTED_EDGE('',*,*,#3598,.F.);
#1425=ORIENTED_EDGE('',*,*,#3599,.T.);
#1426=ORIENTED_EDGE('',*,*,#3600,.T.);
#1427=ORIENTED_EDGE('',*,*,#3596,.T.);
#1428=ORIENTED_EDGE('',*,*,#3594,.F.);
#1429=ORIENTED_EDGE('',*,*,#3592,.T.);
#1430=ORIENTED_EDGE('',*,*,#3584,.F.);
#1431=ORIENTED_EDGE('',*,*,#3583,.T.);
#1432=ORIENTED_EDGE('',*,*,#3563,.F.);
#1433=ORIENTED_EDGE('',*,*,#3568,.T.);
#1434=ORIENTED_EDGE('',*,*,#3573,.T.);
#1435=ORIENTED_EDGE('',*,*,#3579,.T.);
#1436=ORIENTED_EDGE('',*,*,#3577,.F.);
#1437=ORIENTED_EDGE('',*,*,#3572,.T.);
#1438=ORIENTED_EDGE('',*,*,#3560,.F.);
#1439=ORIENTED_EDGE('',*,*,#3558,.T.);
#1440=ORIENTED_EDGE('',*,*,#3539,.F.);
#1441=ORIENTED_EDGE('',*,*,#3544,.T.);
#1442=ORIENTED_EDGE('',*,*,#3546,.T.);
#1443=ORIENTED_EDGE('',*,*,#3553,.T.);
#1444=ORIENTED_EDGE('',*,*,#3555,.F.);
#1445=ORIENTED_EDGE('',*,*,#3550,.T.);
#1446=ORIENTED_EDGE('',*,*,#3536,.F.);
#1447=ORIENTED_EDGE('',*,*,#3535,.T.);
#1448=ORIENTED_EDGE('',*,*,#3515,.F.);
#1449=ORIENTED_EDGE('',*,*,#3520,.T.);
#1450=ORIENTED_EDGE('',*,*,#3523,.T.);
#1451=ORIENTED_EDGE('',*,*,#3529,.T.);
#1452=ORIENTED_EDGE('',*,*,#3531,.F.);
#1453=ORIENTED_EDGE('',*,*,#3527,.T.);
#1454=ORIENTED_EDGE('',*,*,#3511,.F.);
#1455=ORIENTED_EDGE('',*,*,#3588,.T.);
#1456=ORIENTED_EDGE('',*,*,#3601,.F.);
#1457=ORIENTED_EDGE('',*,*,#3503,.F.);
#1458=ORIENTED_EDGE('',*,*,#3505,.F.);
#1459=ORIENTED_EDGE('',*,*,#3507,.F.);
#1460=ORIENTED_EDGE('',*,*,#3509,.F.);
#1461=ORIENTED_EDGE('',*,*,#3602,.F.);
#1462=ORIENTED_EDGE('',*,*,#3589,.F.);
#1463=ORIENTED_EDGE('',*,*,#3513,.F.);
#1464=ORIENTED_EDGE('',*,*,#3526,.F.);
#1465=ORIENTED_EDGE('',*,*,#3532,.F.);
#1466=ORIENTED_EDGE('',*,*,#3530,.T.);
#1467=ORIENTED_EDGE('',*,*,#3524,.F.);
#1468=ORIENTED_EDGE('',*,*,#3521,.T.);
#1469=ORIENTED_EDGE('',*,*,#3517,.F.);
#1470=ORIENTED_EDGE('',*,*,#3534,.F.);
#1471=ORIENTED_EDGE('',*,*,#3538,.F.);
#1472=ORIENTED_EDGE('',*,*,#3549,.F.);
#1473=ORIENTED_EDGE('',*,*,#3556,.F.);
#1474=ORIENTED_EDGE('',*,*,#3554,.T.);
#1475=ORIENTED_EDGE('',*,*,#3547,.F.);
#1476=ORIENTED_EDGE('',*,*,#3545,.T.);
#1477=ORIENTED_EDGE('',*,*,#3541,.F.);
#1478=ORIENTED_EDGE('',*,*,#3557,.F.);
#1479=ORIENTED_EDGE('',*,*,#3562,.F.);
#1480=ORIENTED_EDGE('',*,*,#3571,.F.);
#1481=ORIENTED_EDGE('',*,*,#3576,.F.);
#1482=ORIENTED_EDGE('',*,*,#3580,.T.);
#1483=ORIENTED_EDGE('',*,*,#3574,.F.);
#1484=ORIENTED_EDGE('',*,*,#3569,.T.);
#1485=ORIENTED_EDGE('',*,*,#3565,.F.);
#1486=ORIENTED_EDGE('',*,*,#3582,.F.);
#1487=ORIENTED_EDGE('',*,*,#3586,.F.);
#1488=ORIENTED_EDGE('',*,*,#3591,.F.);
#1489=ORIENTED_EDGE('',*,*,#3593,.F.);
#1490=ORIENTED_EDGE('',*,*,#3598,.T.);
#1491=ORIENTED_EDGE('',*,*,#3603,.F.);
#1492=ORIENTED_EDGE('',*,*,#3604,.T.);
#1493=ORIENTED_EDGE('',*,*,#3504,.T.);
#1494=ORIENTED_EDGE('',*,*,#3506,.T.);
#1495=ORIENTED_EDGE('',*,*,#3508,.T.);
#1496=ORIENTED_EDGE('',*,*,#3510,.T.);
#1497=ORIENTED_EDGE('',*,*,#3601,.T.);
#1498=ORIENTED_EDGE('',*,*,#3587,.F.);
#1499=ORIENTED_EDGE('',*,*,#3602,.T.);
#1500=ORIENTED_EDGE('',*,*,#3605,.F.);
#1501=ORIENTED_EDGE('',*,*,#3606,.T.);
#1502=ORIENTED_EDGE('',*,*,#3603,.T.);
#1503=ORIENTED_EDGE('',*,*,#3597,.F.);
#1504=ORIENTED_EDGE('',*,*,#3600,.F.);
#1505=ORIENTED_EDGE('',*,*,#3606,.F.);
#1506=ORIENTED_EDGE('',*,*,#3599,.F.);
#1507=ORIENTED_EDGE('',*,*,#3605,.T.);
#1508=ORIENTED_EDGE('',*,*,#3604,.F.);
#1509=ORIENTED_EDGE('',*,*,#3607,.T.);
#1510=ORIENTED_EDGE('',*,*,#3608,.T.);
#1511=ORIENTED_EDGE('',*,*,#3609,.F.);
#1512=ORIENTED_EDGE('',*,*,#3610,.F.);
#1513=ORIENTED_EDGE('',*,*,#3609,.T.);
#1514=ORIENTED_EDGE('',*,*,#3610,.T.);
#1515=ORIENTED_EDGE('',*,*,#3611,.F.);
#1516=ORIENTED_EDGE('',*,*,#3612,.F.);
#1517=ORIENTED_EDGE('',*,*,#3613,.F.);
#1518=ORIENTED_EDGE('',*,*,#3614,.F.);
#1519=ORIENTED_EDGE('',*,*,#3615,.F.);
#1520=ORIENTED_EDGE('',*,*,#3616,.F.);
#1521=ORIENTED_EDGE('',*,*,#3617,.F.);
#1522=ORIENTED_EDGE('',*,*,#3611,.T.);
#1523=ORIENTED_EDGE('',*,*,#3618,.T.);
#1524=ORIENTED_EDGE('',*,*,#3619,.F.);
#1525=ORIENTED_EDGE('',*,*,#3620,.F.);
#1526=ORIENTED_EDGE('',*,*,#3612,.T.);
#1527=ORIENTED_EDGE('',*,*,#3617,.T.);
#1528=ORIENTED_EDGE('',*,*,#3621,.F.);
#1529=ORIENTED_EDGE('',*,*,#3622,.F.);
#1530=ORIENTED_EDGE('',*,*,#3613,.T.);
#1531=ORIENTED_EDGE('',*,*,#3620,.T.);
#1532=ORIENTED_EDGE('',*,*,#3623,.F.);
#1533=ORIENTED_EDGE('',*,*,#3624,.F.);
#1534=ORIENTED_EDGE('',*,*,#3614,.T.);
#1535=ORIENTED_EDGE('',*,*,#3622,.T.);
#1536=ORIENTED_EDGE('',*,*,#3625,.F.);
#1537=ORIENTED_EDGE('',*,*,#3626,.F.);
#1538=ORIENTED_EDGE('',*,*,#3615,.T.);
#1539=ORIENTED_EDGE('',*,*,#3624,.T.);
#1540=ORIENTED_EDGE('',*,*,#3627,.F.);
#1541=ORIENTED_EDGE('',*,*,#3618,.F.);
#1542=ORIENTED_EDGE('',*,*,#3616,.T.);
#1543=ORIENTED_EDGE('',*,*,#3626,.T.);
#1544=ORIENTED_EDGE('',*,*,#3628,.F.);
#1545=ORIENTED_EDGE('',*,*,#3608,.F.);
#1546=ORIENTED_EDGE('',*,*,#3628,.T.);
#1547=ORIENTED_EDGE('',*,*,#3627,.T.);
#1548=ORIENTED_EDGE('',*,*,#3625,.T.);
#1549=ORIENTED_EDGE('',*,*,#3623,.T.);
#1550=ORIENTED_EDGE('',*,*,#3621,.T.);
#1551=ORIENTED_EDGE('',*,*,#3619,.T.);
#1552=ORIENTED_EDGE('',*,*,#3607,.F.);
#1553=ORIENTED_EDGE('',*,*,#3629,.F.);
#1554=ORIENTED_EDGE('',*,*,#3630,.T.);
#1555=ORIENTED_EDGE('',*,*,#3631,.T.);
#1556=ORIENTED_EDGE('',*,*,#3632,.T.);
#1557=ORIENTED_EDGE('',*,*,#3633,.T.);
#1558=ORIENTED_EDGE('',*,*,#3634,.T.);
#1559=ORIENTED_EDGE('',*,*,#3635,.T.);
#1560=ORIENTED_EDGE('',*,*,#3636,.F.);
#1561=ORIENTED_EDGE('',*,*,#3637,.F.);
#1562=ORIENTED_EDGE('',*,*,#3638,.T.);
#1563=ORIENTED_EDGE('',*,*,#3639,.T.);
#1564=ORIENTED_EDGE('',*,*,#3630,.F.);
#1565=ORIENTED_EDGE('',*,*,#3639,.F.);
#1566=ORIENTED_EDGE('',*,*,#3640,.T.);
#1567=ORIENTED_EDGE('',*,*,#3641,.T.);
#1568=ORIENTED_EDGE('',*,*,#3631,.F.);
#1569=ORIENTED_EDGE('',*,*,#3641,.F.);
#1570=ORIENTED_EDGE('',*,*,#3642,.T.);
#1571=ORIENTED_EDGE('',*,*,#3643,.T.);
#1572=ORIENTED_EDGE('',*,*,#3632,.F.);
#1573=ORIENTED_EDGE('',*,*,#3643,.F.);
#1574=ORIENTED_EDGE('',*,*,#3644,.T.);
#1575=ORIENTED_EDGE('',*,*,#3645,.T.);
#1576=ORIENTED_EDGE('',*,*,#3633,.F.);
#1577=ORIENTED_EDGE('',*,*,#3645,.F.);
#1578=ORIENTED_EDGE('',*,*,#3646,.T.);
#1579=ORIENTED_EDGE('',*,*,#3647,.T.);
#1580=ORIENTED_EDGE('',*,*,#3634,.F.);
#1581=ORIENTED_EDGE('',*,*,#3647,.F.);
#1582=ORIENTED_EDGE('',*,*,#3648,.T.);
#1583=ORIENTED_EDGE('',*,*,#3637,.T.);
#1584=ORIENTED_EDGE('',*,*,#3635,.F.);
#1585=ORIENTED_EDGE('',*,*,#3648,.F.);
#1586=ORIENTED_EDGE('',*,*,#3646,.F.);
#1587=ORIENTED_EDGE('',*,*,#3644,.F.);
#1588=ORIENTED_EDGE('',*,*,#3642,.F.);
#1589=ORIENTED_EDGE('',*,*,#3640,.F.);
#1590=ORIENTED_EDGE('',*,*,#3638,.F.);
#1591=ORIENTED_EDGE('',*,*,#3649,.F.);
#1592=ORIENTED_EDGE('',*,*,#3650,.T.);
#1593=ORIENTED_EDGE('',*,*,#3650,.F.);
#1594=ORIENTED_EDGE('',*,*,#3649,.T.);
#1595=ORIENTED_EDGE('',*,*,#3636,.T.);
#1596=ORIENTED_EDGE('',*,*,#3629,.T.);
#1597=ORIENTED_EDGE('',*,*,#3651,.T.);
#1598=ORIENTED_EDGE('',*,*,#3652,.T.);
#1599=ORIENTED_EDGE('',*,*,#3653,.F.);
#1600=ORIENTED_EDGE('',*,*,#3654,.F.);
#1601=ORIENTED_EDGE('',*,*,#3653,.T.);
#1602=ORIENTED_EDGE('',*,*,#3654,.T.);
#1603=ORIENTED_EDGE('',*,*,#3655,.F.);
#1604=ORIENTED_EDGE('',*,*,#3656,.F.);
#1605=ORIENTED_EDGE('',*,*,#3657,.F.);
#1606=ORIENTED_EDGE('',*,*,#3658,.F.);
#1607=ORIENTED_EDGE('',*,*,#3659,.F.);
#1608=ORIENTED_EDGE('',*,*,#3660,.F.);
#1609=ORIENTED_EDGE('',*,*,#3661,.F.);
#1610=ORIENTED_EDGE('',*,*,#3655,.T.);
#1611=ORIENTED_EDGE('',*,*,#3662,.T.);
#1612=ORIENTED_EDGE('',*,*,#3663,.F.);
#1613=ORIENTED_EDGE('',*,*,#3664,.F.);
#1614=ORIENTED_EDGE('',*,*,#3656,.T.);
#1615=ORIENTED_EDGE('',*,*,#3661,.T.);
#1616=ORIENTED_EDGE('',*,*,#3665,.F.);
#1617=ORIENTED_EDGE('',*,*,#3666,.F.);
#1618=ORIENTED_EDGE('',*,*,#3657,.T.);
#1619=ORIENTED_EDGE('',*,*,#3664,.T.);
#1620=ORIENTED_EDGE('',*,*,#3667,.F.);
#1621=ORIENTED_EDGE('',*,*,#3668,.F.);
#1622=ORIENTED_EDGE('',*,*,#3658,.T.);
#1623=ORIENTED_EDGE('',*,*,#3666,.T.);
#1624=ORIENTED_EDGE('',*,*,#3669,.F.);
#1625=ORIENTED_EDGE('',*,*,#3670,.F.);
#1626=ORIENTED_EDGE('',*,*,#3659,.T.);
#1627=ORIENTED_EDGE('',*,*,#3668,.T.);
#1628=ORIENTED_EDGE('',*,*,#3671,.F.);
#1629=ORIENTED_EDGE('',*,*,#3662,.F.);
#1630=ORIENTED_EDGE('',*,*,#3660,.T.);
#1631=ORIENTED_EDGE('',*,*,#3670,.T.);
#1632=ORIENTED_EDGE('',*,*,#3672,.F.);
#1633=ORIENTED_EDGE('',*,*,#3652,.F.);
#1634=ORIENTED_EDGE('',*,*,#3672,.T.);
#1635=ORIENTED_EDGE('',*,*,#3671,.T.);
#1636=ORIENTED_EDGE('',*,*,#3669,.T.);
#1637=ORIENTED_EDGE('',*,*,#3667,.T.);
#1638=ORIENTED_EDGE('',*,*,#3665,.T.);
#1639=ORIENTED_EDGE('',*,*,#3663,.T.);
#1640=ORIENTED_EDGE('',*,*,#3651,.F.);
#1641=ORIENTED_EDGE('',*,*,#3673,.F.);
#1642=ORIENTED_EDGE('',*,*,#3674,.T.);
#1643=ORIENTED_EDGE('',*,*,#3675,.T.);
#1644=ORIENTED_EDGE('',*,*,#3676,.F.);
#1645=ORIENTED_EDGE('',*,*,#3675,.F.);
#1646=ORIENTED_EDGE('',*,*,#3677,.T.);
#1647=ORIENTED_EDGE('',*,*,#3678,.T.);
#1648=ORIENTED_EDGE('',*,*,#3679,.F.);
#1649=ORIENTED_EDGE('',*,*,#3678,.F.);
#1650=ORIENTED_EDGE('',*,*,#3680,.T.);
#1651=ORIENTED_EDGE('',*,*,#3681,.T.);
#1652=ORIENTED_EDGE('',*,*,#3682,.F.);
#1653=ORIENTED_EDGE('',*,*,#3681,.F.);
#1654=ORIENTED_EDGE('',*,*,#3683,.T.);
#1655=ORIENTED_EDGE('',*,*,#3673,.T.);
#1656=ORIENTED_EDGE('',*,*,#3684,.F.);
#1657=ORIENTED_EDGE('',*,*,#3683,.F.);
#1658=ORIENTED_EDGE('',*,*,#3680,.F.);
#1659=ORIENTED_EDGE('',*,*,#3677,.F.);
#1660=ORIENTED_EDGE('',*,*,#3674,.F.);
#1661=ORIENTED_EDGE('',*,*,#3676,.T.);
#1662=ORIENTED_EDGE('',*,*,#3679,.T.);
#1663=ORIENTED_EDGE('',*,*,#3682,.T.);
#1664=ORIENTED_EDGE('',*,*,#3684,.T.);
#1665=ORIENTED_EDGE('',*,*,#3685,.F.);
#1666=ORIENTED_EDGE('',*,*,#3686,.T.);
#1667=ORIENTED_EDGE('',*,*,#3687,.T.);
#1668=ORIENTED_EDGE('',*,*,#3688,.F.);
#1669=ORIENTED_EDGE('',*,*,#3687,.F.);
#1670=ORIENTED_EDGE('',*,*,#3689,.T.);
#1671=ORIENTED_EDGE('',*,*,#3690,.T.);
#1672=ORIENTED_EDGE('',*,*,#3691,.F.);
#1673=ORIENTED_EDGE('',*,*,#3690,.F.);
#1674=ORIENTED_EDGE('',*,*,#3692,.T.);
#1675=ORIENTED_EDGE('',*,*,#3693,.T.);
#1676=ORIENTED_EDGE('',*,*,#3694,.F.);
#1677=ORIENTED_EDGE('',*,*,#3693,.F.);
#1678=ORIENTED_EDGE('',*,*,#3695,.T.);
#1679=ORIENTED_EDGE('',*,*,#3685,.T.);
#1680=ORIENTED_EDGE('',*,*,#3696,.F.);
#1681=ORIENTED_EDGE('',*,*,#3695,.F.);
#1682=ORIENTED_EDGE('',*,*,#3692,.F.);
#1683=ORIENTED_EDGE('',*,*,#3689,.F.);
#1684=ORIENTED_EDGE('',*,*,#3686,.F.);
#1685=ORIENTED_EDGE('',*,*,#3688,.T.);
#1686=ORIENTED_EDGE('',*,*,#3691,.T.);
#1687=ORIENTED_EDGE('',*,*,#3694,.T.);
#1688=ORIENTED_EDGE('',*,*,#3696,.T.);
#1689=ORIENTED_EDGE('',*,*,#3697,.T.);
#1690=ORIENTED_EDGE('',*,*,#3698,.T.);
#1691=ORIENTED_EDGE('',*,*,#3699,.F.);
#1692=ORIENTED_EDGE('',*,*,#3700,.F.);
#1693=ORIENTED_EDGE('',*,*,#3699,.T.);
#1694=ORIENTED_EDGE('',*,*,#3700,.T.);
#1695=ORIENTED_EDGE('',*,*,#3701,.F.);
#1696=ORIENTED_EDGE('',*,*,#3702,.F.);
#1697=ORIENTED_EDGE('',*,*,#3703,.F.);
#1698=ORIENTED_EDGE('',*,*,#3704,.F.);
#1699=ORIENTED_EDGE('',*,*,#3705,.F.);
#1700=ORIENTED_EDGE('',*,*,#3706,.F.);
#1701=ORIENTED_EDGE('',*,*,#3707,.F.);
#1702=ORIENTED_EDGE('',*,*,#3701,.T.);
#1703=ORIENTED_EDGE('',*,*,#3708,.T.);
#1704=ORIENTED_EDGE('',*,*,#3709,.F.);
#1705=ORIENTED_EDGE('',*,*,#3710,.F.);
#1706=ORIENTED_EDGE('',*,*,#3702,.T.);
#1707=ORIENTED_EDGE('',*,*,#3707,.T.);
#1708=ORIENTED_EDGE('',*,*,#3711,.F.);
#1709=ORIENTED_EDGE('',*,*,#3712,.F.);
#1710=ORIENTED_EDGE('',*,*,#3703,.T.);
#1711=ORIENTED_EDGE('',*,*,#3710,.T.);
#1712=ORIENTED_EDGE('',*,*,#3713,.F.);
#1713=ORIENTED_EDGE('',*,*,#3714,.F.);
#1714=ORIENTED_EDGE('',*,*,#3704,.T.);
#1715=ORIENTED_EDGE('',*,*,#3712,.T.);
#1716=ORIENTED_EDGE('',*,*,#3715,.F.);
#1717=ORIENTED_EDGE('',*,*,#3716,.F.);
#1718=ORIENTED_EDGE('',*,*,#3705,.T.);
#1719=ORIENTED_EDGE('',*,*,#3714,.T.);
#1720=ORIENTED_EDGE('',*,*,#3717,.F.);
#1721=ORIENTED_EDGE('',*,*,#3708,.F.);
#1722=ORIENTED_EDGE('',*,*,#3706,.T.);
#1723=ORIENTED_EDGE('',*,*,#3716,.T.);
#1724=ORIENTED_EDGE('',*,*,#3718,.F.);
#1725=ORIENTED_EDGE('',*,*,#3698,.F.);
#1726=ORIENTED_EDGE('',*,*,#3718,.T.);
#1727=ORIENTED_EDGE('',*,*,#3717,.T.);
#1728=ORIENTED_EDGE('',*,*,#3715,.T.);
#1729=ORIENTED_EDGE('',*,*,#3713,.T.);
#1730=ORIENTED_EDGE('',*,*,#3711,.T.);
#1731=ORIENTED_EDGE('',*,*,#3709,.T.);
#1732=ORIENTED_EDGE('',*,*,#3697,.F.);
#1733=ORIENTED_EDGE('',*,*,#3719,.F.);
#1734=ORIENTED_EDGE('',*,*,#3720,.T.);
#1735=ORIENTED_EDGE('',*,*,#3721,.T.);
#1736=ORIENTED_EDGE('',*,*,#3722,.T.);
#1737=ORIENTED_EDGE('',*,*,#3723,.T.);
#1738=ORIENTED_EDGE('',*,*,#3724,.T.);
#1739=ORIENTED_EDGE('',*,*,#3725,.T.);
#1740=ORIENTED_EDGE('',*,*,#3726,.F.);
#1741=ORIENTED_EDGE('',*,*,#3727,.F.);
#1742=ORIENTED_EDGE('',*,*,#3728,.T.);
#1743=ORIENTED_EDGE('',*,*,#3729,.T.);
#1744=ORIENTED_EDGE('',*,*,#3720,.F.);
#1745=ORIENTED_EDGE('',*,*,#3729,.F.);
#1746=ORIENTED_EDGE('',*,*,#3730,.T.);
#1747=ORIENTED_EDGE('',*,*,#3731,.T.);
#1748=ORIENTED_EDGE('',*,*,#3721,.F.);
#1749=ORIENTED_EDGE('',*,*,#3731,.F.);
#1750=ORIENTED_EDGE('',*,*,#3732,.T.);
#1751=ORIENTED_EDGE('',*,*,#3733,.T.);
#1752=ORIENTED_EDGE('',*,*,#3722,.F.);
#1753=ORIENTED_EDGE('',*,*,#3733,.F.);
#1754=ORIENTED_EDGE('',*,*,#3734,.T.);
#1755=ORIENTED_EDGE('',*,*,#3735,.T.);
#1756=ORIENTED_EDGE('',*,*,#3723,.F.);
#1757=ORIENTED_EDGE('',*,*,#3735,.F.);
#1758=ORIENTED_EDGE('',*,*,#3736,.T.);
#1759=ORIENTED_EDGE('',*,*,#3737,.T.);
#1760=ORIENTED_EDGE('',*,*,#3724,.F.);
#1761=ORIENTED_EDGE('',*,*,#3737,.F.);
#1762=ORIENTED_EDGE('',*,*,#3738,.T.);
#1763=ORIENTED_EDGE('',*,*,#3727,.T.);
#1764=ORIENTED_EDGE('',*,*,#3725,.F.);
#1765=ORIENTED_EDGE('',*,*,#3738,.F.);
#1766=ORIENTED_EDGE('',*,*,#3736,.F.);
#1767=ORIENTED_EDGE('',*,*,#3734,.F.);
#1768=ORIENTED_EDGE('',*,*,#3732,.F.);
#1769=ORIENTED_EDGE('',*,*,#3730,.F.);
#1770=ORIENTED_EDGE('',*,*,#3728,.F.);
#1771=ORIENTED_EDGE('',*,*,#3739,.F.);
#1772=ORIENTED_EDGE('',*,*,#3740,.T.);
#1773=ORIENTED_EDGE('',*,*,#3740,.F.);
#1774=ORIENTED_EDGE('',*,*,#3739,.T.);
#1775=ORIENTED_EDGE('',*,*,#3726,.T.);
#1776=ORIENTED_EDGE('',*,*,#3719,.T.);
#1777=ORIENTED_EDGE('',*,*,#3741,.T.);
#1778=ORIENTED_EDGE('',*,*,#3742,.T.);
#1779=ORIENTED_EDGE('',*,*,#3743,.F.);
#1780=ORIENTED_EDGE('',*,*,#3744,.F.);
#1781=ORIENTED_EDGE('',*,*,#3743,.T.);
#1782=ORIENTED_EDGE('',*,*,#3744,.T.);
#1783=ORIENTED_EDGE('',*,*,#3745,.F.);
#1784=ORIENTED_EDGE('',*,*,#3746,.F.);
#1785=ORIENTED_EDGE('',*,*,#3747,.F.);
#1786=ORIENTED_EDGE('',*,*,#3748,.F.);
#1787=ORIENTED_EDGE('',*,*,#3749,.F.);
#1788=ORIENTED_EDGE('',*,*,#3750,.F.);
#1789=ORIENTED_EDGE('',*,*,#3751,.F.);
#1790=ORIENTED_EDGE('',*,*,#3745,.T.);
#1791=ORIENTED_EDGE('',*,*,#3752,.T.);
#1792=ORIENTED_EDGE('',*,*,#3753,.F.);
#1793=ORIENTED_EDGE('',*,*,#3754,.F.);
#1794=ORIENTED_EDGE('',*,*,#3746,.T.);
#1795=ORIENTED_EDGE('',*,*,#3751,.T.);
#1796=ORIENTED_EDGE('',*,*,#3755,.F.);
#1797=ORIENTED_EDGE('',*,*,#3756,.F.);
#1798=ORIENTED_EDGE('',*,*,#3747,.T.);
#1799=ORIENTED_EDGE('',*,*,#3754,.T.);
#1800=ORIENTED_EDGE('',*,*,#3757,.F.);
#1801=ORIENTED_EDGE('',*,*,#3758,.F.);
#1802=ORIENTED_EDGE('',*,*,#3748,.T.);
#1803=ORIENTED_EDGE('',*,*,#3756,.T.);
#1804=ORIENTED_EDGE('',*,*,#3759,.F.);
#1805=ORIENTED_EDGE('',*,*,#3760,.F.);
#1806=ORIENTED_EDGE('',*,*,#3749,.T.);
#1807=ORIENTED_EDGE('',*,*,#3758,.T.);
#1808=ORIENTED_EDGE('',*,*,#3761,.F.);
#1809=ORIENTED_EDGE('',*,*,#3752,.F.);
#1810=ORIENTED_EDGE('',*,*,#3750,.T.);
#1811=ORIENTED_EDGE('',*,*,#3760,.T.);
#1812=ORIENTED_EDGE('',*,*,#3762,.F.);
#1813=ORIENTED_EDGE('',*,*,#3742,.F.);
#1814=ORIENTED_EDGE('',*,*,#3762,.T.);
#1815=ORIENTED_EDGE('',*,*,#3761,.T.);
#1816=ORIENTED_EDGE('',*,*,#3759,.T.);
#1817=ORIENTED_EDGE('',*,*,#3757,.T.);
#1818=ORIENTED_EDGE('',*,*,#3755,.T.);
#1819=ORIENTED_EDGE('',*,*,#3753,.T.);
#1820=ORIENTED_EDGE('',*,*,#3741,.F.);
#1821=ORIENTED_EDGE('',*,*,#3763,.T.);
#1822=ORIENTED_EDGE('',*,*,#3764,.T.);
#1823=ORIENTED_EDGE('',*,*,#3765,.F.);
#1824=ORIENTED_EDGE('',*,*,#3766,.F.);
#1825=ORIENTED_EDGE('',*,*,#3765,.T.);
#1826=ORIENTED_EDGE('',*,*,#3766,.T.);
#1827=ORIENTED_EDGE('',*,*,#3767,.F.);
#1828=ORIENTED_EDGE('',*,*,#3768,.F.);
#1829=ORIENTED_EDGE('',*,*,#3769,.F.);
#1830=ORIENTED_EDGE('',*,*,#3770,.F.);
#1831=ORIENTED_EDGE('',*,*,#3771,.F.);
#1832=ORIENTED_EDGE('',*,*,#3772,.F.);
#1833=ORIENTED_EDGE('',*,*,#3773,.F.);
#1834=ORIENTED_EDGE('',*,*,#3767,.T.);
#1835=ORIENTED_EDGE('',*,*,#3774,.T.);
#1836=ORIENTED_EDGE('',*,*,#3775,.F.);
#1837=ORIENTED_EDGE('',*,*,#3776,.F.);
#1838=ORIENTED_EDGE('',*,*,#3768,.T.);
#1839=ORIENTED_EDGE('',*,*,#3773,.T.);
#1840=ORIENTED_EDGE('',*,*,#3777,.F.);
#1841=ORIENTED_EDGE('',*,*,#3778,.F.);
#1842=ORIENTED_EDGE('',*,*,#3769,.T.);
#1843=ORIENTED_EDGE('',*,*,#3776,.T.);
#1844=ORIENTED_EDGE('',*,*,#3779,.F.);
#1845=ORIENTED_EDGE('',*,*,#3780,.F.);
#1846=ORIENTED_EDGE('',*,*,#3770,.T.);
#1847=ORIENTED_EDGE('',*,*,#3778,.T.);
#1848=ORIENTED_EDGE('',*,*,#3781,.F.);
#1849=ORIENTED_EDGE('',*,*,#3782,.F.);
#1850=ORIENTED_EDGE('',*,*,#3771,.T.);
#1851=ORIENTED_EDGE('',*,*,#3780,.T.);
#1852=ORIENTED_EDGE('',*,*,#3783,.F.);
#1853=ORIENTED_EDGE('',*,*,#3774,.F.);
#1854=ORIENTED_EDGE('',*,*,#3772,.T.);
#1855=ORIENTED_EDGE('',*,*,#3782,.T.);
#1856=ORIENTED_EDGE('',*,*,#3784,.F.);
#1857=ORIENTED_EDGE('',*,*,#3764,.F.);
#1858=ORIENTED_EDGE('',*,*,#3784,.T.);
#1859=ORIENTED_EDGE('',*,*,#3783,.T.);
#1860=ORIENTED_EDGE('',*,*,#3781,.T.);
#1861=ORIENTED_EDGE('',*,*,#3779,.T.);
#1862=ORIENTED_EDGE('',*,*,#3777,.T.);
#1863=ORIENTED_EDGE('',*,*,#3775,.T.);
#1864=ORIENTED_EDGE('',*,*,#3763,.F.);
#1865=ORIENTED_EDGE('',*,*,#3785,.F.);
#1866=ORIENTED_EDGE('',*,*,#3786,.T.);
#1867=ORIENTED_EDGE('',*,*,#3787,.T.);
#1868=ORIENTED_EDGE('',*,*,#3788,.T.);
#1869=ORIENTED_EDGE('',*,*,#3789,.T.);
#1870=ORIENTED_EDGE('',*,*,#3790,.T.);
#1871=ORIENTED_EDGE('',*,*,#3791,.T.);
#1872=ORIENTED_EDGE('',*,*,#3792,.F.);
#1873=ORIENTED_EDGE('',*,*,#3793,.F.);
#1874=ORIENTED_EDGE('',*,*,#3794,.T.);
#1875=ORIENTED_EDGE('',*,*,#3795,.T.);
#1876=ORIENTED_EDGE('',*,*,#3786,.F.);
#1877=ORIENTED_EDGE('',*,*,#3795,.F.);
#1878=ORIENTED_EDGE('',*,*,#3796,.T.);
#1879=ORIENTED_EDGE('',*,*,#3797,.T.);
#1880=ORIENTED_EDGE('',*,*,#3787,.F.);
#1881=ORIENTED_EDGE('',*,*,#3797,.F.);
#1882=ORIENTED_EDGE('',*,*,#3798,.T.);
#1883=ORIENTED_EDGE('',*,*,#3799,.T.);
#1884=ORIENTED_EDGE('',*,*,#3788,.F.);
#1885=ORIENTED_EDGE('',*,*,#3799,.F.);
#1886=ORIENTED_EDGE('',*,*,#3800,.T.);
#1887=ORIENTED_EDGE('',*,*,#3801,.T.);
#1888=ORIENTED_EDGE('',*,*,#3789,.F.);
#1889=ORIENTED_EDGE('',*,*,#3801,.F.);
#1890=ORIENTED_EDGE('',*,*,#3802,.T.);
#1891=ORIENTED_EDGE('',*,*,#3803,.T.);
#1892=ORIENTED_EDGE('',*,*,#3790,.F.);
#1893=ORIENTED_EDGE('',*,*,#3803,.F.);
#1894=ORIENTED_EDGE('',*,*,#3804,.T.);
#1895=ORIENTED_EDGE('',*,*,#3793,.T.);
#1896=ORIENTED_EDGE('',*,*,#3791,.F.);
#1897=ORIENTED_EDGE('',*,*,#3804,.F.);
#1898=ORIENTED_EDGE('',*,*,#3802,.F.);
#1899=ORIENTED_EDGE('',*,*,#3800,.F.);
#1900=ORIENTED_EDGE('',*,*,#3798,.F.);
#1901=ORIENTED_EDGE('',*,*,#3796,.F.);
#1902=ORIENTED_EDGE('',*,*,#3794,.F.);
#1903=ORIENTED_EDGE('',*,*,#3805,.F.);
#1904=ORIENTED_EDGE('',*,*,#3806,.T.);
#1905=ORIENTED_EDGE('',*,*,#3806,.F.);
#1906=ORIENTED_EDGE('',*,*,#3805,.T.);
#1907=ORIENTED_EDGE('',*,*,#3792,.T.);
#1908=ORIENTED_EDGE('',*,*,#3785,.T.);
#1909=ORIENTED_EDGE('',*,*,#3807,.F.);
#1910=ORIENTED_EDGE('',*,*,#3808,.T.);
#1911=ORIENTED_EDGE('',*,*,#3809,.T.);
#1912=ORIENTED_EDGE('',*,*,#3810,.T.);
#1913=ORIENTED_EDGE('',*,*,#3811,.T.);
#1914=ORIENTED_EDGE('',*,*,#3812,.T.);
#1915=ORIENTED_EDGE('',*,*,#3813,.T.);
#1916=ORIENTED_EDGE('',*,*,#3814,.F.);
#1917=ORIENTED_EDGE('',*,*,#3815,.F.);
#1918=ORIENTED_EDGE('',*,*,#3816,.T.);
#1919=ORIENTED_EDGE('',*,*,#3817,.T.);
#1920=ORIENTED_EDGE('',*,*,#3808,.F.);
#1921=ORIENTED_EDGE('',*,*,#3817,.F.);
#1922=ORIENTED_EDGE('',*,*,#3818,.T.);
#1923=ORIENTED_EDGE('',*,*,#3819,.T.);
#1924=ORIENTED_EDGE('',*,*,#3809,.F.);
#1925=ORIENTED_EDGE('',*,*,#3819,.F.);
#1926=ORIENTED_EDGE('',*,*,#3820,.T.);
#1927=ORIENTED_EDGE('',*,*,#3821,.T.);
#1928=ORIENTED_EDGE('',*,*,#3810,.F.);
#1929=ORIENTED_EDGE('',*,*,#3821,.F.);
#1930=ORIENTED_EDGE('',*,*,#3822,.T.);
#1931=ORIENTED_EDGE('',*,*,#3823,.T.);
#1932=ORIENTED_EDGE('',*,*,#3811,.F.);
#1933=ORIENTED_EDGE('',*,*,#3823,.F.);
#1934=ORIENTED_EDGE('',*,*,#3824,.T.);
#1935=ORIENTED_EDGE('',*,*,#3825,.T.);
#1936=ORIENTED_EDGE('',*,*,#3812,.F.);
#1937=ORIENTED_EDGE('',*,*,#3825,.F.);
#1938=ORIENTED_EDGE('',*,*,#3826,.T.);
#1939=ORIENTED_EDGE('',*,*,#3815,.T.);
#1940=ORIENTED_EDGE('',*,*,#3813,.F.);
#1941=ORIENTED_EDGE('',*,*,#3826,.F.);
#1942=ORIENTED_EDGE('',*,*,#3824,.F.);
#1943=ORIENTED_EDGE('',*,*,#3822,.F.);
#1944=ORIENTED_EDGE('',*,*,#3820,.F.);
#1945=ORIENTED_EDGE('',*,*,#3818,.F.);
#1946=ORIENTED_EDGE('',*,*,#3816,.F.);
#1947=ORIENTED_EDGE('',*,*,#3827,.F.);
#1948=ORIENTED_EDGE('',*,*,#3828,.T.);
#1949=ORIENTED_EDGE('',*,*,#3828,.F.);
#1950=ORIENTED_EDGE('',*,*,#3827,.T.);
#1951=ORIENTED_EDGE('',*,*,#3814,.T.);
#1952=ORIENTED_EDGE('',*,*,#3807,.T.);
#1953=ORIENTED_EDGE('',*,*,#3829,.F.);
#1954=ORIENTED_EDGE('',*,*,#3830,.T.);
#1955=ORIENTED_EDGE('',*,*,#3831,.T.);
#1956=ORIENTED_EDGE('',*,*,#3832,.F.);
#1957=ORIENTED_EDGE('',*,*,#3831,.F.);
#1958=ORIENTED_EDGE('',*,*,#3833,.T.);
#1959=ORIENTED_EDGE('',*,*,#3834,.T.);
#1960=ORIENTED_EDGE('',*,*,#3835,.F.);
#1961=ORIENTED_EDGE('',*,*,#3834,.F.);
#1962=ORIENTED_EDGE('',*,*,#3836,.T.);
#1963=ORIENTED_EDGE('',*,*,#3837,.T.);
#1964=ORIENTED_EDGE('',*,*,#3838,.F.);
#1965=ORIENTED_EDGE('',*,*,#3837,.F.);
#1966=ORIENTED_EDGE('',*,*,#3839,.T.);
#1967=ORIENTED_EDGE('',*,*,#3829,.T.);
#1968=ORIENTED_EDGE('',*,*,#3840,.F.);
#1969=ORIENTED_EDGE('',*,*,#3839,.F.);
#1970=ORIENTED_EDGE('',*,*,#3836,.F.);
#1971=ORIENTED_EDGE('',*,*,#3833,.F.);
#1972=ORIENTED_EDGE('',*,*,#3830,.F.);
#1973=ORIENTED_EDGE('',*,*,#3832,.T.);
#1974=ORIENTED_EDGE('',*,*,#3835,.T.);
#1975=ORIENTED_EDGE('',*,*,#3838,.T.);
#1976=ORIENTED_EDGE('',*,*,#3840,.T.);
#1977=ORIENTED_EDGE('',*,*,#3841,.F.);
#1978=ORIENTED_EDGE('',*,*,#3842,.T.);
#1979=ORIENTED_EDGE('',*,*,#3843,.T.);
#1980=ORIENTED_EDGE('',*,*,#3844,.T.);
#1981=ORIENTED_EDGE('',*,*,#3845,.T.);
#1982=ORIENTED_EDGE('',*,*,#3846,.T.);
#1983=ORIENTED_EDGE('',*,*,#3847,.T.);
#1984=ORIENTED_EDGE('',*,*,#3848,.F.);
#1985=ORIENTED_EDGE('',*,*,#3849,.F.);
#1986=ORIENTED_EDGE('',*,*,#3850,.T.);
#1987=ORIENTED_EDGE('',*,*,#3851,.T.);
#1988=ORIENTED_EDGE('',*,*,#3842,.F.);
#1989=ORIENTED_EDGE('',*,*,#3851,.F.);
#1990=ORIENTED_EDGE('',*,*,#3852,.T.);
#1991=ORIENTED_EDGE('',*,*,#3853,.T.);
#1992=ORIENTED_EDGE('',*,*,#3843,.F.);
#1993=ORIENTED_EDGE('',*,*,#3853,.F.);
#1994=ORIENTED_EDGE('',*,*,#3854,.T.);
#1995=ORIENTED_EDGE('',*,*,#3855,.T.);
#1996=ORIENTED_EDGE('',*,*,#3844,.F.);
#1997=ORIENTED_EDGE('',*,*,#3855,.F.);
#1998=ORIENTED_EDGE('',*,*,#3856,.T.);
#1999=ORIENTED_EDGE('',*,*,#3857,.T.);
#2000=ORIENTED_EDGE('',*,*,#3845,.F.);
#2001=ORIENTED_EDGE('',*,*,#3857,.F.);
#2002=ORIENTED_EDGE('',*,*,#3858,.T.);
#2003=ORIENTED_EDGE('',*,*,#3859,.T.);
#2004=ORIENTED_EDGE('',*,*,#3846,.F.);
#2005=ORIENTED_EDGE('',*,*,#3859,.F.);
#2006=ORIENTED_EDGE('',*,*,#3860,.T.);
#2007=ORIENTED_EDGE('',*,*,#3849,.T.);
#2008=ORIENTED_EDGE('',*,*,#3847,.F.);
#2009=ORIENTED_EDGE('',*,*,#3860,.F.);
#2010=ORIENTED_EDGE('',*,*,#3858,.F.);
#2011=ORIENTED_EDGE('',*,*,#3856,.F.);
#2012=ORIENTED_EDGE('',*,*,#3854,.F.);
#2013=ORIENTED_EDGE('',*,*,#3852,.F.);
#2014=ORIENTED_EDGE('',*,*,#3850,.F.);
#2015=ORIENTED_EDGE('',*,*,#3861,.F.);
#2016=ORIENTED_EDGE('',*,*,#3862,.T.);
#2017=ORIENTED_EDGE('',*,*,#3862,.F.);
#2018=ORIENTED_EDGE('',*,*,#3861,.T.);
#2019=ORIENTED_EDGE('',*,*,#3848,.T.);
#2020=ORIENTED_EDGE('',*,*,#3841,.T.);
#2021=ORIENTED_EDGE('',*,*,#3863,.T.);
#2022=ORIENTED_EDGE('',*,*,#3864,.T.);
#2023=ORIENTED_EDGE('',*,*,#3865,.F.);
#2024=ORIENTED_EDGE('',*,*,#3866,.F.);
#2025=ORIENTED_EDGE('',*,*,#3865,.T.);
#2026=ORIENTED_EDGE('',*,*,#3866,.T.);
#2027=ORIENTED_EDGE('',*,*,#3867,.F.);
#2028=ORIENTED_EDGE('',*,*,#3868,.F.);
#2029=ORIENTED_EDGE('',*,*,#3869,.F.);
#2030=ORIENTED_EDGE('',*,*,#3870,.F.);
#2031=ORIENTED_EDGE('',*,*,#3871,.F.);
#2032=ORIENTED_EDGE('',*,*,#3872,.F.);
#2033=ORIENTED_EDGE('',*,*,#3873,.F.);
#2034=ORIENTED_EDGE('',*,*,#3867,.T.);
#2035=ORIENTED_EDGE('',*,*,#3874,.T.);
#2036=ORIENTED_EDGE('',*,*,#3875,.F.);
#2037=ORIENTED_EDGE('',*,*,#3876,.F.);
#2038=ORIENTED_EDGE('',*,*,#3868,.T.);
#2039=ORIENTED_EDGE('',*,*,#3873,.T.);
#2040=ORIENTED_EDGE('',*,*,#3877,.F.);
#2041=ORIENTED_EDGE('',*,*,#3878,.F.);
#2042=ORIENTED_EDGE('',*,*,#3869,.T.);
#2043=ORIENTED_EDGE('',*,*,#3876,.T.);
#2044=ORIENTED_EDGE('',*,*,#3879,.F.);
#2045=ORIENTED_EDGE('',*,*,#3880,.F.);
#2046=ORIENTED_EDGE('',*,*,#3870,.T.);
#2047=ORIENTED_EDGE('',*,*,#3878,.T.);
#2048=ORIENTED_EDGE('',*,*,#3881,.F.);
#2049=ORIENTED_EDGE('',*,*,#3882,.F.);
#2050=ORIENTED_EDGE('',*,*,#3871,.T.);
#2051=ORIENTED_EDGE('',*,*,#3880,.T.);
#2052=ORIENTED_EDGE('',*,*,#3883,.F.);
#2053=ORIENTED_EDGE('',*,*,#3874,.F.);
#2054=ORIENTED_EDGE('',*,*,#3872,.T.);
#2055=ORIENTED_EDGE('',*,*,#3882,.T.);
#2056=ORIENTED_EDGE('',*,*,#3884,.F.);
#2057=ORIENTED_EDGE('',*,*,#3864,.F.);
#2058=ORIENTED_EDGE('',*,*,#3884,.T.);
#2059=ORIENTED_EDGE('',*,*,#3883,.T.);
#2060=ORIENTED_EDGE('',*,*,#3881,.T.);
#2061=ORIENTED_EDGE('',*,*,#3879,.T.);
#2062=ORIENTED_EDGE('',*,*,#3877,.T.);
#2063=ORIENTED_EDGE('',*,*,#3875,.T.);
#2064=ORIENTED_EDGE('',*,*,#3863,.F.);
#2065=ORIENTED_EDGE('',*,*,#3885,.F.);
#2066=ORIENTED_EDGE('',*,*,#3886,.T.);
#2067=ORIENTED_EDGE('',*,*,#3887,.F.);
#2068=ORIENTED_EDGE('',*,*,#3888,.T.);
#2069=ORIENTED_EDGE('',*,*,#3889,.T.);
#2070=ORIENTED_EDGE('',*,*,#3890,.F.);
#2071=ORIENTED_EDGE('',*,*,#3891,.F.);
#2072=ORIENTED_EDGE('',*,*,#3892,.T.);
#2073=ORIENTED_EDGE('',*,*,#3893,.T.);
#2074=ORIENTED_EDGE('',*,*,#3894,.F.);
#2075=ORIENTED_EDGE('',*,*,#3895,.F.);
#2076=ORIENTED_EDGE('',*,*,#3896,.T.);
#2077=ORIENTED_EDGE('',*,*,#3897,.T.);
#2078=ORIENTED_EDGE('',*,*,#3894,.T.);
#2079=ORIENTED_EDGE('',*,*,#3898,.F.);
#2080=ORIENTED_EDGE('',*,*,#3896,.F.);
#2081=ORIENTED_EDGE('',*,*,#3899,.T.);
#2082=ORIENTED_EDGE('',*,*,#3900,.F.);
#2083=ORIENTED_EDGE('',*,*,#3901,.T.);
#2084=ORIENTED_EDGE('',*,*,#3902,.F.);
#2085=ORIENTED_EDGE('',*,*,#3903,.F.);
#2086=ORIENTED_EDGE('',*,*,#3900,.T.);
#2087=ORIENTED_EDGE('',*,*,#3904,.F.);
#2088=ORIENTED_EDGE('',*,*,#3902,.T.);
#2089=ORIENTED_EDGE('',*,*,#3905,.T.);
#2090=ORIENTED_EDGE('',*,*,#3906,.F.);
#2091=ORIENTED_EDGE('',*,*,#3907,.T.);
#2092=ORIENTED_EDGE('',*,*,#3908,.T.);
#2093=ORIENTED_EDGE('',*,*,#3909,.F.);
#2094=ORIENTED_EDGE('',*,*,#3906,.T.);
#2095=ORIENTED_EDGE('',*,*,#3910,.F.);
#2096=ORIENTED_EDGE('',*,*,#3908,.F.);
#2097=ORIENTED_EDGE('',*,*,#3911,.T.);
#2098=ORIENTED_EDGE('',*,*,#3912,.F.);
#2099=ORIENTED_EDGE('',*,*,#3913,.T.);
#2100=ORIENTED_EDGE('',*,*,#3912,.T.);
#2101=ORIENTED_EDGE('',*,*,#3914,.F.);
#2102=ORIENTED_EDGE('',*,*,#3892,.F.);
#2103=ORIENTED_EDGE('',*,*,#3915,.T.);
#2104=ORIENTED_EDGE('',*,*,#3885,.T.);
#2105=ORIENTED_EDGE('',*,*,#3916,.T.);
#2106=ORIENTED_EDGE('',*,*,#3887,.T.);
#2107=ORIENTED_EDGE('',*,*,#3917,.T.);
#2108=ORIENTED_EDGE('',*,*,#3889,.F.);
#2109=ORIENTED_EDGE('',*,*,#3918,.F.);
#2110=ORIENTED_EDGE('',*,*,#3919,.F.);
#2111=ORIENTED_EDGE('',*,*,#3920,.T.);
#2112=ORIENTED_EDGE('',*,*,#3921,.T.);
#2113=ORIENTED_EDGE('',*,*,#3922,.T.);
#2114=ORIENTED_EDGE('',*,*,#3923,.F.);
#2115=ORIENTED_EDGE('',*,*,#3924,.F.);
#2116=ORIENTED_EDGE('',*,*,#3925,.T.);
#2117=ORIENTED_EDGE('',*,*,#3909,.T.);
#2118=ORIENTED_EDGE('',*,*,#3910,.T.);
#2119=ORIENTED_EDGE('',*,*,#3913,.F.);
#2120=ORIENTED_EDGE('',*,*,#3891,.T.);
#2121=ORIENTED_EDGE('',*,*,#3897,.F.);
#2122=ORIENTED_EDGE('',*,*,#3898,.T.);
#2123=ORIENTED_EDGE('',*,*,#3903,.T.);
#2124=ORIENTED_EDGE('',*,*,#3904,.T.);
#2125=ORIENTED_EDGE('',*,*,#3886,.F.);
#2126=ORIENTED_EDGE('',*,*,#3926,.T.);
#2127=ORIENTED_EDGE('',*,*,#3888,.F.);
#2128=ORIENTED_EDGE('',*,*,#3890,.T.);
#2129=ORIENTED_EDGE('',*,*,#3914,.T.);
#2130=ORIENTED_EDGE('',*,*,#3911,.F.);
#2131=ORIENTED_EDGE('',*,*,#3907,.F.);
#2132=ORIENTED_EDGE('',*,*,#3905,.F.);
#2133=ORIENTED_EDGE('',*,*,#3901,.F.);
#2134=ORIENTED_EDGE('',*,*,#3899,.F.);
#2135=ORIENTED_EDGE('',*,*,#3895,.T.);
#2136=ORIENTED_EDGE('',*,*,#3893,.F.);
#2137=ORIENTED_EDGE('',*,*,#3927,.F.);
#2138=ORIENTED_EDGE('',*,*,#3915,.F.);
#2139=ORIENTED_EDGE('',*,*,#3928,.F.);
#2140=ORIENTED_EDGE('',*,*,#3916,.F.);
#2141=ORIENTED_EDGE('',*,*,#3929,.T.);
#2142=ORIENTED_EDGE('',*,*,#3917,.F.);
#2143=ORIENTED_EDGE('',*,*,#3930,.F.);
#2144=ORIENTED_EDGE('',*,*,#3931,.T.);
#2145=ORIENTED_EDGE('',*,*,#3925,.F.);
#2146=ORIENTED_EDGE('',*,*,#3932,.F.);
#2147=ORIENTED_EDGE('',*,*,#3918,.T.);
#2148=ORIENTED_EDGE('',*,*,#3931,.F.);
#2149=ORIENTED_EDGE('',*,*,#3933,.F.);
#2150=ORIENTED_EDGE('',*,*,#3934,.F.);
#2151=ORIENTED_EDGE('',*,*,#3935,.F.);
#2152=ORIENTED_EDGE('',*,*,#3936,.T.);
#2153=ORIENTED_EDGE('',*,*,#3919,.T.);
#2154=ORIENTED_EDGE('',*,*,#3934,.T.);
#2155=ORIENTED_EDGE('',*,*,#3920,.F.);
#2156=ORIENTED_EDGE('',*,*,#3936,.F.);
#2157=ORIENTED_EDGE('',*,*,#3937,.T.);
#2158=ORIENTED_EDGE('',*,*,#3938,.T.);
#2159=ORIENTED_EDGE('',*,*,#3939,.F.);
#2160=ORIENTED_EDGE('',*,*,#3940,.T.);
#2161=ORIENTED_EDGE('',*,*,#3921,.F.);
#2162=ORIENTED_EDGE('',*,*,#3938,.F.);
#2163=ORIENTED_EDGE('',*,*,#3941,.T.);
#2164=ORIENTED_EDGE('',*,*,#3942,.F.);
#2165=ORIENTED_EDGE('',*,*,#3922,.F.);
#2166=ORIENTED_EDGE('',*,*,#3940,.F.);
#2167=ORIENTED_EDGE('',*,*,#3943,.F.);
#2168=ORIENTED_EDGE('',*,*,#3944,.T.);
#2169=ORIENTED_EDGE('',*,*,#3923,.T.);
#2170=ORIENTED_EDGE('',*,*,#3942,.T.);
#2171=ORIENTED_EDGE('',*,*,#3924,.T.);
#2172=ORIENTED_EDGE('',*,*,#3944,.F.);
#2173=ORIENTED_EDGE('',*,*,#3945,.F.);
#2174=ORIENTED_EDGE('',*,*,#3932,.T.);
#2175=ORIENTED_EDGE('',*,*,#3946,.T.);
#2176=ORIENTED_EDGE('',*,*,#3926,.F.);
#2177=ORIENTED_EDGE('',*,*,#3927,.T.);
#2178=ORIENTED_EDGE('',*,*,#3947,.F.);
#2179=ORIENTED_EDGE('',*,*,#3928,.T.);
#2180=ORIENTED_EDGE('',*,*,#3929,.F.);
#2181=ORIENTED_EDGE('',*,*,#3945,.T.);
#2182=ORIENTED_EDGE('',*,*,#3943,.T.);
#2183=ORIENTED_EDGE('',*,*,#3941,.F.);
#2184=ORIENTED_EDGE('',*,*,#3939,.T.);
#2185=ORIENTED_EDGE('',*,*,#3937,.F.);
#2186=ORIENTED_EDGE('',*,*,#3935,.T.);
#2187=ORIENTED_EDGE('',*,*,#3933,.T.);
#2188=ORIENTED_EDGE('',*,*,#3930,.T.);
#2189=ORIENTED_EDGE('',*,*,#3948,.T.);
#2190=ORIENTED_EDGE('',*,*,#3946,.F.);
#2191=ORIENTED_EDGE('',*,*,#3947,.T.);
#2192=ORIENTED_EDGE('',*,*,#3948,.F.);
#2193=ORIENTED_EDGE('',*,*,#3949,.F.);
#2194=ORIENTED_EDGE('',*,*,#3950,.T.);
#2195=ORIENTED_EDGE('',*,*,#3951,.T.);
#2196=ORIENTED_EDGE('',*,*,#3952,.T.);
#2197=ORIENTED_EDGE('',*,*,#3953,.T.);
#2198=ORIENTED_EDGE('',*,*,#3954,.T.);
#2199=ORIENTED_EDGE('',*,*,#3955,.T.);
#2200=ORIENTED_EDGE('',*,*,#3956,.F.);
#2201=ORIENTED_EDGE('',*,*,#3957,.F.);
#2202=ORIENTED_EDGE('',*,*,#3958,.T.);
#2203=ORIENTED_EDGE('',*,*,#3959,.T.);
#2204=ORIENTED_EDGE('',*,*,#3950,.F.);
#2205=ORIENTED_EDGE('',*,*,#3959,.F.);
#2206=ORIENTED_EDGE('',*,*,#3960,.T.);
#2207=ORIENTED_EDGE('',*,*,#3961,.T.);
#2208=ORIENTED_EDGE('',*,*,#3951,.F.);
#2209=ORIENTED_EDGE('',*,*,#3961,.F.);
#2210=ORIENTED_EDGE('',*,*,#3962,.T.);
#2211=ORIENTED_EDGE('',*,*,#3963,.T.);
#2212=ORIENTED_EDGE('',*,*,#3952,.F.);
#2213=ORIENTED_EDGE('',*,*,#3963,.F.);
#2214=ORIENTED_EDGE('',*,*,#3964,.T.);
#2215=ORIENTED_EDGE('',*,*,#3965,.T.);
#2216=ORIENTED_EDGE('',*,*,#3953,.F.);
#2217=ORIENTED_EDGE('',*,*,#3965,.F.);
#2218=ORIENTED_EDGE('',*,*,#3966,.T.);
#2219=ORIENTED_EDGE('',*,*,#3967,.T.);
#2220=ORIENTED_EDGE('',*,*,#3954,.F.);
#2221=ORIENTED_EDGE('',*,*,#3967,.F.);
#2222=ORIENTED_EDGE('',*,*,#3968,.T.);
#2223=ORIENTED_EDGE('',*,*,#3957,.T.);
#2224=ORIENTED_EDGE('',*,*,#3955,.F.);
#2225=ORIENTED_EDGE('',*,*,#3968,.F.);
#2226=ORIENTED_EDGE('',*,*,#3966,.F.);
#2227=ORIENTED_EDGE('',*,*,#3964,.F.);
#2228=ORIENTED_EDGE('',*,*,#3962,.F.);
#2229=ORIENTED_EDGE('',*,*,#3960,.F.);
#2230=ORIENTED_EDGE('',*,*,#3958,.F.);
#2231=ORIENTED_EDGE('',*,*,#3969,.F.);
#2232=ORIENTED_EDGE('',*,*,#3970,.T.);
#2233=ORIENTED_EDGE('',*,*,#3970,.F.);
#2234=ORIENTED_EDGE('',*,*,#3969,.T.);
#2235=ORIENTED_EDGE('',*,*,#3956,.T.);
#2236=ORIENTED_EDGE('',*,*,#3949,.T.);
#2237=ORIENTED_EDGE('',*,*,#3971,.T.);
#2238=ORIENTED_EDGE('',*,*,#3972,.T.);
#2239=ORIENTED_EDGE('',*,*,#3973,.F.);
#2240=ORIENTED_EDGE('',*,*,#3974,.F.);
#2241=ORIENTED_EDGE('',*,*,#3973,.T.);
#2242=ORIENTED_EDGE('',*,*,#3974,.T.);
#2243=ORIENTED_EDGE('',*,*,#3975,.F.);
#2244=ORIENTED_EDGE('',*,*,#3976,.F.);
#2245=ORIENTED_EDGE('',*,*,#3977,.F.);
#2246=ORIENTED_EDGE('',*,*,#3978,.F.);
#2247=ORIENTED_EDGE('',*,*,#3979,.F.);
#2248=ORIENTED_EDGE('',*,*,#3980,.F.);
#2249=ORIENTED_EDGE('',*,*,#3981,.F.);
#2250=ORIENTED_EDGE('',*,*,#3975,.T.);
#2251=ORIENTED_EDGE('',*,*,#3982,.T.);
#2252=ORIENTED_EDGE('',*,*,#3983,.F.);
#2253=ORIENTED_EDGE('',*,*,#3984,.F.);
#2254=ORIENTED_EDGE('',*,*,#3976,.T.);
#2255=ORIENTED_EDGE('',*,*,#3981,.T.);
#2256=ORIENTED_EDGE('',*,*,#3985,.F.);
#2257=ORIENTED_EDGE('',*,*,#3986,.F.);
#2258=ORIENTED_EDGE('',*,*,#3977,.T.);
#2259=ORIENTED_EDGE('',*,*,#3984,.T.);
#2260=ORIENTED_EDGE('',*,*,#3987,.F.);
#2261=ORIENTED_EDGE('',*,*,#3988,.F.);
#2262=ORIENTED_EDGE('',*,*,#3978,.T.);
#2263=ORIENTED_EDGE('',*,*,#3986,.T.);
#2264=ORIENTED_EDGE('',*,*,#3989,.F.);
#2265=ORIENTED_EDGE('',*,*,#3990,.F.);
#2266=ORIENTED_EDGE('',*,*,#3979,.T.);
#2267=ORIENTED_EDGE('',*,*,#3988,.T.);
#2268=ORIENTED_EDGE('',*,*,#3991,.F.);
#2269=ORIENTED_EDGE('',*,*,#3982,.F.);
#2270=ORIENTED_EDGE('',*,*,#3980,.T.);
#2271=ORIENTED_EDGE('',*,*,#3990,.T.);
#2272=ORIENTED_EDGE('',*,*,#3992,.F.);
#2273=ORIENTED_EDGE('',*,*,#3972,.F.);
#2274=ORIENTED_EDGE('',*,*,#3992,.T.);
#2275=ORIENTED_EDGE('',*,*,#3991,.T.);
#2276=ORIENTED_EDGE('',*,*,#3989,.T.);
#2277=ORIENTED_EDGE('',*,*,#3987,.T.);
#2278=ORIENTED_EDGE('',*,*,#3985,.T.);
#2279=ORIENTED_EDGE('',*,*,#3983,.T.);
#2280=ORIENTED_EDGE('',*,*,#3971,.F.);
#2281=ORIENTED_EDGE('',*,*,#3993,.T.);
#2282=ORIENTED_EDGE('',*,*,#3994,.F.);
#2283=ORIENTED_EDGE('',*,*,#3995,.T.);
#2284=ORIENTED_EDGE('',*,*,#3996,.F.);
#2285=ORIENTED_EDGE('',*,*,#3997,.T.);
#2286=ORIENTED_EDGE('',*,*,#3998,.F.);
#2287=ORIENTED_EDGE('',*,*,#3999,.T.);
#2288=ORIENTED_EDGE('',*,*,#4000,.F.);
#2289=ORIENTED_EDGE('',*,*,#4001,.T.);
#2290=ORIENTED_EDGE('',*,*,#4002,.F.);
#2291=ORIENTED_EDGE('',*,*,#4003,.T.);
#2292=ORIENTED_EDGE('',*,*,#4004,.T.);
#2293=ORIENTED_EDGE('',*,*,#4005,.T.);
#2294=ORIENTED_EDGE('',*,*,#4006,.F.);
#2295=ORIENTED_EDGE('',*,*,#4007,.T.);
#2296=ORIENTED_EDGE('',*,*,#4008,.F.);
#2297=ORIENTED_EDGE('',*,*,#4009,.F.);
#2298=ORIENTED_EDGE('',*,*,#4010,.F.);
#2299=ORIENTED_EDGE('',*,*,#4008,.T.);
#2300=ORIENTED_EDGE('',*,*,#4011,.F.);
#2301=ORIENTED_EDGE('',*,*,#4012,.F.);
#2302=ORIENTED_EDGE('',*,*,#4013,.F.);
#2303=ORIENTED_EDGE('',*,*,#4009,.T.);
#2304=ORIENTED_EDGE('',*,*,#4014,.T.);
#2305=ORIENTED_EDGE('',*,*,#4015,.F.);
#2306=ORIENTED_EDGE('',*,*,#4016,.T.);
#2307=ORIENTED_EDGE('',*,*,#4002,.T.);
#2308=ORIENTED_EDGE('',*,*,#4017,.F.);
#2309=ORIENTED_EDGE('',*,*,#4018,.T.);
#2310=ORIENTED_EDGE('',*,*,#4019,.F.);
#2311=ORIENTED_EDGE('',*,*,#4012,.T.);
#2312=ORIENTED_EDGE('',*,*,#4020,.F.);
#2313=ORIENTED_EDGE('',*,*,#4021,.T.);
#2314=ORIENTED_EDGE('',*,*,#4018,.F.);
#2315=ORIENTED_EDGE('',*,*,#4022,.T.);
#2316=ORIENTED_EDGE('',*,*,#4015,.T.);
#2317=ORIENTED_EDGE('',*,*,#4023,.F.);
#2318=ORIENTED_EDGE('',*,*,#4024,.T.);
#2319=ORIENTED_EDGE('',*,*,#4006,.T.);
#2320=ORIENTED_EDGE('',*,*,#4025,.F.);
#2321=ORIENTED_EDGE('',*,*,#4026,.T.);
#2322=ORIENTED_EDGE('',*,*,#4027,.F.);
#2323=ORIENTED_EDGE('',*,*,#4028,.T.);
#2324=ORIENTED_EDGE('',*,*,#4023,.T.);
#2325=ORIENTED_EDGE('',*,*,#4029,.T.);
#2326=ORIENTED_EDGE('',*,*,#4030,.F.);
#2327=ORIENTED_EDGE('',*,*,#4031,.T.);
#2328=ORIENTED_EDGE('',*,*,#4032,.F.);
#2329=ORIENTED_EDGE('',*,*,#4033,.F.);
#2330=ORIENTED_EDGE('',*,*,#4034,.F.);
#2331=ORIENTED_EDGE('',*,*,#4032,.T.);
#2332=ORIENTED_EDGE('',*,*,#4035,.F.);
#2333=ORIENTED_EDGE('',*,*,#4036,.F.);
#2334=ORIENTED_EDGE('',*,*,#4033,.T.);
#2335=ORIENTED_EDGE('',*,*,#4037,.T.);
#2336=ORIENTED_EDGE('',*,*,#4038,.F.);
#2337=ORIENTED_EDGE('',*,*,#4039,.T.);
#2338=ORIENTED_EDGE('',*,*,#4027,.T.);
#2339=ORIENTED_EDGE('',*,*,#4040,.F.);
#2340=ORIENTED_EDGE('',*,*,#4041,.F.);
#2341=ORIENTED_EDGE('',*,*,#4042,.T.);
#2342=ORIENTED_EDGE('',*,*,#4043,.F.);
#2343=ORIENTED_EDGE('',*,*,#4038,.T.);
#2344=ORIENTED_EDGE('',*,*,#4044,.F.);
#2345=ORIENTED_EDGE('',*,*,#4045,.T.);
#2346=ORIENTED_EDGE('',*,*,#4042,.F.);
#2347=ORIENTED_EDGE('',*,*,#4046,.T.);
#2348=ORIENTED_EDGE('',*,*,#4041,.T.);
#2349=ORIENTED_EDGE('',*,*,#4047,.T.);
#2350=ORIENTED_EDGE('',*,*,#4030,.T.);
#2351=ORIENTED_EDGE('',*,*,#4048,.F.);
#2352=ORIENTED_EDGE('',*,*,#4049,.F.);
#2353=ORIENTED_EDGE('',*,*,#4050,.T.);
#2354=ORIENTED_EDGE('',*,*,#4051,.F.);
#2355=ORIENTED_EDGE('',*,*,#4052,.T.);
#2356=ORIENTED_EDGE('',*,*,#4049,.T.);
#2357=ORIENTED_EDGE('',*,*,#4053,.T.);
#2358=ORIENTED_EDGE('',*,*,#4054,.F.);
#2359=ORIENTED_EDGE('',*,*,#4055,.T.);
#2360=ORIENTED_EDGE('',*,*,#4056,.F.);
#2361=ORIENTED_EDGE('',*,*,#4057,.F.);
#2362=ORIENTED_EDGE('',*,*,#4058,.F.);
#2363=ORIENTED_EDGE('',*,*,#4056,.T.);
#2364=ORIENTED_EDGE('',*,*,#4059,.F.);
#2365=ORIENTED_EDGE('',*,*,#4060,.F.);
#2366=ORIENTED_EDGE('',*,*,#4061,.T.);
#2367=ORIENTED_EDGE('',*,*,#4051,.T.);
#2368=ORIENTED_EDGE('',*,*,#4062,.F.);
#2369=ORIENTED_EDGE('',*,*,#4063,.F.);
#2370=ORIENTED_EDGE('',*,*,#4057,.T.);
#2371=ORIENTED_EDGE('',*,*,#4064,.T.);
#2372=ORIENTED_EDGE('',*,*,#4065,.F.);
#2373=ORIENTED_EDGE('',*,*,#4066,.T.);
#2374=ORIENTED_EDGE('',*,*,#4060,.T.);
#2375=ORIENTED_EDGE('',*,*,#4067,.T.);
#2376=ORIENTED_EDGE('',*,*,#4068,.T.);
#2377=ORIENTED_EDGE('',*,*,#4068,.F.);
#2378=ORIENTED_EDGE('',*,*,#4069,.F.);
#2379=ORIENTED_EDGE('',*,*,#4065,.T.);
#2380=ORIENTED_EDGE('',*,*,#4070,.F.);
#2381=ORIENTED_EDGE('',*,*,#4071,.F.);
#2382=ORIENTED_EDGE('',*,*,#4072,.T.);
#2383=ORIENTED_EDGE('',*,*,#4054,.T.);
#2384=ORIENTED_EDGE('',*,*,#4073,.F.);
#2385=ORIENTED_EDGE('',*,*,#4074,.T.);
#2386=ORIENTED_EDGE('',*,*,#4075,.F.);
#2387=ORIENTED_EDGE('',*,*,#4076,.T.);
#2388=ORIENTED_EDGE('',*,*,#4071,.T.);
#2389=ORIENTED_EDGE('',*,*,#4077,.T.);
#2390=ORIENTED_EDGE('',*,*,#4078,.F.);
#2391=ORIENTED_EDGE('',*,*,#4004,.F.);
#2392=ORIENTED_EDGE('',*,*,#4079,.T.);
#2393=ORIENTED_EDGE('',*,*,#4080,.F.);
#2394=ORIENTED_EDGE('',*,*,#4081,.T.);
#2395=ORIENTED_EDGE('',*,*,#4075,.T.);
#2396=ORIENTED_EDGE('',*,*,#4082,.F.);
#2397=ORIENTED_EDGE('',*,*,#4083,.T.);
#2398=ORIENTED_EDGE('',*,*,#4080,.T.);
#2399=ORIENTED_EDGE('',*,*,#4084,.T.);
#2400=ORIENTED_EDGE('',*,*,#4085,.T.);
#2401=ORIENTED_EDGE('',*,*,#4085,.F.);
#2402=ORIENTED_EDGE('',*,*,#4086,.F.);
#2403=ORIENTED_EDGE('',*,*,#4087,.T.);
#2404=ORIENTED_EDGE('',*,*,#4088,.F.);
#2405=ORIENTED_EDGE('',*,*,#4089,.T.);
#2406=ORIENTED_EDGE('',*,*,#4090,.T.);
#2407=ORIENTED_EDGE('',*,*,#4086,.T.);
#2408=ORIENTED_EDGE('',*,*,#4084,.F.);
#2409=ORIENTED_EDGE('',*,*,#4082,.T.);
#2410=ORIENTED_EDGE('',*,*,#4074,.F.);
#2411=ORIENTED_EDGE('',*,*,#4073,.T.);
#2412=ORIENTED_EDGE('',*,*,#4053,.F.);
#2413=ORIENTED_EDGE('',*,*,#4058,.T.);
#2414=ORIENTED_EDGE('',*,*,#4063,.T.);
#2415=ORIENTED_EDGE('',*,*,#4069,.T.);
#2416=ORIENTED_EDGE('',*,*,#4067,.F.);
#2417=ORIENTED_EDGE('',*,*,#4062,.T.);
#2418=ORIENTED_EDGE('',*,*,#4050,.F.);
#2419=ORIENTED_EDGE('',*,*,#4048,.T.);
#2420=ORIENTED_EDGE('',*,*,#4029,.F.);
#2421=ORIENTED_EDGE('',*,*,#4034,.T.);
#2422=ORIENTED_EDGE('',*,*,#4036,.T.);
#2423=ORIENTED_EDGE('',*,*,#4043,.T.);
#2424=ORIENTED_EDGE('',*,*,#4045,.F.);
#2425=ORIENTED_EDGE('',*,*,#4040,.T.);
#2426=ORIENTED_EDGE('',*,*,#4026,.F.);
#2427=ORIENTED_EDGE('',*,*,#4025,.T.);
#2428=ORIENTED_EDGE('',*,*,#4005,.F.);
#2429=ORIENTED_EDGE('',*,*,#4010,.T.);
#2430=ORIENTED_EDGE('',*,*,#4013,.T.);
#2431=ORIENTED_EDGE('',*,*,#4019,.T.);
#2432=ORIENTED_EDGE('',*,*,#4021,.F.);
#2433=ORIENTED_EDGE('',*,*,#4017,.T.);
#2434=ORIENTED_EDGE('',*,*,#4001,.F.);
#2435=ORIENTED_EDGE('',*,*,#4078,.T.);
#2436=ORIENTED_EDGE('',*,*,#4091,.F.);
#2437=ORIENTED_EDGE('',*,*,#3993,.F.);
#2438=ORIENTED_EDGE('',*,*,#3995,.F.);
#2439=ORIENTED_EDGE('',*,*,#3997,.F.);
#2440=ORIENTED_EDGE('',*,*,#3999,.F.);
#2441=ORIENTED_EDGE('',*,*,#4092,.F.);
#2442=ORIENTED_EDGE('',*,*,#4079,.F.);
#2443=ORIENTED_EDGE('',*,*,#4003,.F.);
#2444=ORIENTED_EDGE('',*,*,#4016,.F.);
#2445=ORIENTED_EDGE('',*,*,#4022,.F.);
#2446=ORIENTED_EDGE('',*,*,#4020,.T.);
#2447=ORIENTED_EDGE('',*,*,#4014,.F.);
#2448=ORIENTED_EDGE('',*,*,#4011,.T.);
#2449=ORIENTED_EDGE('',*,*,#4007,.F.);
#2450=ORIENTED_EDGE('',*,*,#4024,.F.);
#2451=ORIENTED_EDGE('',*,*,#4028,.F.);
#2452=ORIENTED_EDGE('',*,*,#4039,.F.);
#2453=ORIENTED_EDGE('',*,*,#4046,.F.);
#2454=ORIENTED_EDGE('',*,*,#4044,.T.);
#2455=ORIENTED_EDGE('',*,*,#4037,.F.);
#2456=ORIENTED_EDGE('',*,*,#4035,.T.);
#2457=ORIENTED_EDGE('',*,*,#4031,.F.);
#2458=ORIENTED_EDGE('',*,*,#4047,.F.);
#2459=ORIENTED_EDGE('',*,*,#4052,.F.);
#2460=ORIENTED_EDGE('',*,*,#4061,.F.);
#2461=ORIENTED_EDGE('',*,*,#4066,.F.);
#2462=ORIENTED_EDGE('',*,*,#4070,.T.);
#2463=ORIENTED_EDGE('',*,*,#4064,.F.);
#2464=ORIENTED_EDGE('',*,*,#4059,.T.);
#2465=ORIENTED_EDGE('',*,*,#4055,.F.);
#2466=ORIENTED_EDGE('',*,*,#4072,.F.);
#2467=ORIENTED_EDGE('',*,*,#4076,.F.);
#2468=ORIENTED_EDGE('',*,*,#4081,.F.);
#2469=ORIENTED_EDGE('',*,*,#4083,.F.);
#2470=ORIENTED_EDGE('',*,*,#4088,.T.);
#2471=ORIENTED_EDGE('',*,*,#4093,.F.);
#2472=ORIENTED_EDGE('',*,*,#4094,.T.);
#2473=ORIENTED_EDGE('',*,*,#3994,.T.);
#2474=ORIENTED_EDGE('',*,*,#3996,.T.);
#2475=ORIENTED_EDGE('',*,*,#3998,.T.);
#2476=ORIENTED_EDGE('',*,*,#4000,.T.);
#2477=ORIENTED_EDGE('',*,*,#4091,.T.);
#2478=ORIENTED_EDGE('',*,*,#4077,.F.);
#2479=ORIENTED_EDGE('',*,*,#4092,.T.);
#2480=ORIENTED_EDGE('',*,*,#4095,.F.);
#2481=ORIENTED_EDGE('',*,*,#4096,.T.);
#2482=ORIENTED_EDGE('',*,*,#4093,.T.);
#2483=ORIENTED_EDGE('',*,*,#4087,.F.);
#2484=ORIENTED_EDGE('',*,*,#4090,.F.);
#2485=ORIENTED_EDGE('',*,*,#4096,.F.);
#2486=ORIENTED_EDGE('',*,*,#4089,.F.);
#2487=ORIENTED_EDGE('',*,*,#4095,.T.);
#2488=ORIENTED_EDGE('',*,*,#4094,.F.);
#2489=ORIENTED_EDGE('',*,*,#4097,.F.);
#2490=ORIENTED_EDGE('',*,*,#4098,.T.);
#2491=ORIENTED_EDGE('',*,*,#4099,.T.);
#2492=ORIENTED_EDGE('',*,*,#4100,.T.);
#2493=ORIENTED_EDGE('',*,*,#4101,.T.);
#2494=ORIENTED_EDGE('',*,*,#4102,.T.);
#2495=ORIENTED_EDGE('',*,*,#4103,.T.);
#2496=ORIENTED_EDGE('',*,*,#4104,.F.);
#2497=ORIENTED_EDGE('',*,*,#4105,.F.);
#2498=ORIENTED_EDGE('',*,*,#4106,.T.);
#2499=ORIENTED_EDGE('',*,*,#4107,.T.);
#2500=ORIENTED_EDGE('',*,*,#4098,.F.);
#2501=ORIENTED_EDGE('',*,*,#4107,.F.);
#2502=ORIENTED_EDGE('',*,*,#4108,.T.);
#2503=ORIENTED_EDGE('',*,*,#4109,.T.);
#2504=ORIENTED_EDGE('',*,*,#4099,.F.);
#2505=ORIENTED_EDGE('',*,*,#4109,.F.);
#2506=ORIENTED_EDGE('',*,*,#4110,.T.);
#2507=ORIENTED_EDGE('',*,*,#4111,.T.);
#2508=ORIENTED_EDGE('',*,*,#4100,.F.);
#2509=ORIENTED_EDGE('',*,*,#4111,.F.);
#2510=ORIENTED_EDGE('',*,*,#4112,.T.);
#2511=ORIENTED_EDGE('',*,*,#4113,.T.);
#2512=ORIENTED_EDGE('',*,*,#4101,.F.);
#2513=ORIENTED_EDGE('',*,*,#4113,.F.);
#2514=ORIENTED_EDGE('',*,*,#4114,.T.);
#2515=ORIENTED_EDGE('',*,*,#4115,.T.);
#2516=ORIENTED_EDGE('',*,*,#4102,.F.);
#2517=ORIENTED_EDGE('',*,*,#4115,.F.);
#2518=ORIENTED_EDGE('',*,*,#4116,.T.);
#2519=ORIENTED_EDGE('',*,*,#4105,.T.);
#2520=ORIENTED_EDGE('',*,*,#4103,.F.);
#2521=ORIENTED_EDGE('',*,*,#4116,.F.);
#2522=ORIENTED_EDGE('',*,*,#4114,.F.);
#2523=ORIENTED_EDGE('',*,*,#4112,.F.);
#2524=ORIENTED_EDGE('',*,*,#4110,.F.);
#2525=ORIENTED_EDGE('',*,*,#4108,.F.);
#2526=ORIENTED_EDGE('',*,*,#4106,.F.);
#2527=ORIENTED_EDGE('',*,*,#4117,.F.);
#2528=ORIENTED_EDGE('',*,*,#4118,.T.);
#2529=ORIENTED_EDGE('',*,*,#4118,.F.);
#2530=ORIENTED_EDGE('',*,*,#4117,.T.);
#2531=ORIENTED_EDGE('',*,*,#4104,.T.);
#2532=ORIENTED_EDGE('',*,*,#4097,.T.);
#2533=ORIENTED_EDGE('',*,*,#4119,.F.);
#2534=ORIENTED_EDGE('',*,*,#4120,.T.);
#2535=ORIENTED_EDGE('',*,*,#4121,.T.);
#2536=ORIENTED_EDGE('',*,*,#4122,.T.);
#2537=ORIENTED_EDGE('',*,*,#4123,.T.);
#2538=ORIENTED_EDGE('',*,*,#4124,.T.);
#2539=ORIENTED_EDGE('',*,*,#4125,.T.);
#2540=ORIENTED_EDGE('',*,*,#4126,.F.);
#2541=ORIENTED_EDGE('',*,*,#4127,.F.);
#2542=ORIENTED_EDGE('',*,*,#4128,.T.);
#2543=ORIENTED_EDGE('',*,*,#4129,.T.);
#2544=ORIENTED_EDGE('',*,*,#4120,.F.);
#2545=ORIENTED_EDGE('',*,*,#4129,.F.);
#2546=ORIENTED_EDGE('',*,*,#4130,.T.);
#2547=ORIENTED_EDGE('',*,*,#4131,.T.);
#2548=ORIENTED_EDGE('',*,*,#4121,.F.);
#2549=ORIENTED_EDGE('',*,*,#4131,.F.);
#2550=ORIENTED_EDGE('',*,*,#4132,.T.);
#2551=ORIENTED_EDGE('',*,*,#4133,.T.);
#2552=ORIENTED_EDGE('',*,*,#4122,.F.);
#2553=ORIENTED_EDGE('',*,*,#4133,.F.);
#2554=ORIENTED_EDGE('',*,*,#4134,.T.);
#2555=ORIENTED_EDGE('',*,*,#4135,.T.);
#2556=ORIENTED_EDGE('',*,*,#4123,.F.);
#2557=ORIENTED_EDGE('',*,*,#4135,.F.);
#2558=ORIENTED_EDGE('',*,*,#4136,.T.);
#2559=ORIENTED_EDGE('',*,*,#4137,.T.);
#2560=ORIENTED_EDGE('',*,*,#4124,.F.);
#2561=ORIENTED_EDGE('',*,*,#4137,.F.);
#2562=ORIENTED_EDGE('',*,*,#4138,.T.);
#2563=ORIENTED_EDGE('',*,*,#4127,.T.);
#2564=ORIENTED_EDGE('',*,*,#4125,.F.);
#2565=ORIENTED_EDGE('',*,*,#4138,.F.);
#2566=ORIENTED_EDGE('',*,*,#4136,.F.);
#2567=ORIENTED_EDGE('',*,*,#4134,.F.);
#2568=ORIENTED_EDGE('',*,*,#4132,.F.);
#2569=ORIENTED_EDGE('',*,*,#4130,.F.);
#2570=ORIENTED_EDGE('',*,*,#4128,.F.);
#2571=ORIENTED_EDGE('',*,*,#4139,.F.);
#2572=ORIENTED_EDGE('',*,*,#4140,.T.);
#2573=ORIENTED_EDGE('',*,*,#4140,.F.);
#2574=ORIENTED_EDGE('',*,*,#4139,.T.);
#2575=ORIENTED_EDGE('',*,*,#4126,.T.);
#2576=ORIENTED_EDGE('',*,*,#4119,.T.);
#2577=ORIENTED_EDGE('',*,*,#4141,.F.);
#2578=ORIENTED_EDGE('',*,*,#4142,.T.);
#2579=ORIENTED_EDGE('',*,*,#4143,.T.);
#2580=ORIENTED_EDGE('',*,*,#4144,.T.);
#2581=ORIENTED_EDGE('',*,*,#4145,.T.);
#2582=ORIENTED_EDGE('',*,*,#4146,.T.);
#2583=ORIENTED_EDGE('',*,*,#4147,.T.);
#2584=ORIENTED_EDGE('',*,*,#4148,.F.);
#2585=ORIENTED_EDGE('',*,*,#4149,.F.);
#2586=ORIENTED_EDGE('',*,*,#4150,.T.);
#2587=ORIENTED_EDGE('',*,*,#4151,.T.);
#2588=ORIENTED_EDGE('',*,*,#4142,.F.);
#2589=ORIENTED_EDGE('',*,*,#4151,.F.);
#2590=ORIENTED_EDGE('',*,*,#4152,.T.);
#2591=ORIENTED_EDGE('',*,*,#4153,.T.);
#2592=ORIENTED_EDGE('',*,*,#4143,.F.);
#2593=ORIENTED_EDGE('',*,*,#4153,.F.);
#2594=ORIENTED_EDGE('',*,*,#4154,.T.);
#2595=ORIENTED_EDGE('',*,*,#4155,.T.);
#2596=ORIENTED_EDGE('',*,*,#4144,.F.);
#2597=ORIENTED_EDGE('',*,*,#4155,.F.);
#2598=ORIENTED_EDGE('',*,*,#4156,.T.);
#2599=ORIENTED_EDGE('',*,*,#4157,.T.);
#2600=ORIENTED_EDGE('',*,*,#4145,.F.);
#2601=ORIENTED_EDGE('',*,*,#4157,.F.);
#2602=ORIENTED_EDGE('',*,*,#4158,.T.);
#2603=ORIENTED_EDGE('',*,*,#4159,.T.);
#2604=ORIENTED_EDGE('',*,*,#4146,.F.);
#2605=ORIENTED_EDGE('',*,*,#4159,.F.);
#2606=ORIENTED_EDGE('',*,*,#4160,.T.);
#2607=ORIENTED_EDGE('',*,*,#4149,.T.);
#2608=ORIENTED_EDGE('',*,*,#4147,.F.);
#2609=ORIENTED_EDGE('',*,*,#4160,.F.);
#2610=ORIENTED_EDGE('',*,*,#4158,.F.);
#2611=ORIENTED_EDGE('',*,*,#4156,.F.);
#2612=ORIENTED_EDGE('',*,*,#4154,.F.);
#2613=ORIENTED_EDGE('',*,*,#4152,.F.);
#2614=ORIENTED_EDGE('',*,*,#4150,.F.);
#2615=ORIENTED_EDGE('',*,*,#4161,.F.);
#2616=ORIENTED_EDGE('',*,*,#4162,.T.);
#2617=ORIENTED_EDGE('',*,*,#4162,.F.);
#2618=ORIENTED_EDGE('',*,*,#4161,.T.);
#2619=ORIENTED_EDGE('',*,*,#4148,.T.);
#2620=ORIENTED_EDGE('',*,*,#4141,.T.);
#2621=ORIENTED_EDGE('',*,*,#4163,.F.);
#2622=ORIENTED_EDGE('',*,*,#4164,.T.);
#2623=ORIENTED_EDGE('',*,*,#4165,.T.);
#2624=ORIENTED_EDGE('',*,*,#4166,.T.);
#2625=ORIENTED_EDGE('',*,*,#4167,.T.);
#2626=ORIENTED_EDGE('',*,*,#4168,.T.);
#2627=ORIENTED_EDGE('',*,*,#4169,.T.);
#2628=ORIENTED_EDGE('',*,*,#4170,.F.);
#2629=ORIENTED_EDGE('',*,*,#4171,.F.);
#2630=ORIENTED_EDGE('',*,*,#4172,.T.);
#2631=ORIENTED_EDGE('',*,*,#4173,.T.);
#2632=ORIENTED_EDGE('',*,*,#4164,.F.);
#2633=ORIENTED_EDGE('',*,*,#4173,.F.);
#2634=ORIENTED_EDGE('',*,*,#4174,.T.);
#2635=ORIENTED_EDGE('',*,*,#4175,.T.);
#2636=ORIENTED_EDGE('',*,*,#4165,.F.);
#2637=ORIENTED_EDGE('',*,*,#4175,.F.);
#2638=ORIENTED_EDGE('',*,*,#4176,.T.);
#2639=ORIENTED_EDGE('',*,*,#4177,.T.);
#2640=ORIENTED_EDGE('',*,*,#4166,.F.);
#2641=ORIENTED_EDGE('',*,*,#4177,.F.);
#2642=ORIENTED_EDGE('',*,*,#4178,.T.);
#2643=ORIENTED_EDGE('',*,*,#4179,.T.);
#2644=ORIENTED_EDGE('',*,*,#4167,.F.);
#2645=ORIENTED_EDGE('',*,*,#4179,.F.);
#2646=ORIENTED_EDGE('',*,*,#4180,.T.);
#2647=ORIENTED_EDGE('',*,*,#4181,.T.);
#2648=ORIENTED_EDGE('',*,*,#4168,.F.);
#2649=ORIENTED_EDGE('',*,*,#4181,.F.);
#2650=ORIENTED_EDGE('',*,*,#4182,.T.);
#2651=ORIENTED_EDGE('',*,*,#4171,.T.);
#2652=ORIENTED_EDGE('',*,*,#4169,.F.);
#2653=ORIENTED_EDGE('',*,*,#4182,.F.);
#2654=ORIENTED_EDGE('',*,*,#4180,.F.);
#2655=ORIENTED_EDGE('',*,*,#4178,.F.);
#2656=ORIENTED_EDGE('',*,*,#4176,.F.);
#2657=ORIENTED_EDGE('',*,*,#4174,.F.);
#2658=ORIENTED_EDGE('',*,*,#4172,.F.);
#2659=ORIENTED_EDGE('',*,*,#4183,.F.);
#2660=ORIENTED_EDGE('',*,*,#4184,.T.);
#2661=ORIENTED_EDGE('',*,*,#4184,.F.);
#2662=ORIENTED_EDGE('',*,*,#4183,.T.);
#2663=ORIENTED_EDGE('',*,*,#4170,.T.);
#2664=ORIENTED_EDGE('',*,*,#4163,.T.);
#2665=ORIENTED_EDGE('',*,*,#4185,.T.);
#2666=ORIENTED_EDGE('',*,*,#4186,.T.);
#2667=ORIENTED_EDGE('',*,*,#4187,.F.);
#2668=ORIENTED_EDGE('',*,*,#4188,.F.);
#2669=ORIENTED_EDGE('',*,*,#4187,.T.);
#2670=ORIENTED_EDGE('',*,*,#4188,.T.);
#2671=ORIENTED_EDGE('',*,*,#4189,.F.);
#2672=ORIENTED_EDGE('',*,*,#4190,.F.);
#2673=ORIENTED_EDGE('',*,*,#4191,.F.);
#2674=ORIENTED_EDGE('',*,*,#4192,.F.);
#2675=ORIENTED_EDGE('',*,*,#4193,.F.);
#2676=ORIENTED_EDGE('',*,*,#4194,.F.);
#2677=ORIENTED_EDGE('',*,*,#4195,.F.);
#2678=ORIENTED_EDGE('',*,*,#4189,.T.);
#2679=ORIENTED_EDGE('',*,*,#4196,.T.);
#2680=ORIENTED_EDGE('',*,*,#4197,.F.);
#2681=ORIENTED_EDGE('',*,*,#4198,.F.);
#2682=ORIENTED_EDGE('',*,*,#4190,.T.);
#2683=ORIENTED_EDGE('',*,*,#4195,.T.);
#2684=ORIENTED_EDGE('',*,*,#4199,.F.);
#2685=ORIENTED_EDGE('',*,*,#4200,.F.);
#2686=ORIENTED_EDGE('',*,*,#4191,.T.);
#2687=ORIENTED_EDGE('',*,*,#4198,.T.);
#2688=ORIENTED_EDGE('',*,*,#4201,.F.);
#2689=ORIENTED_EDGE('',*,*,#4202,.F.);
#2690=ORIENTED_EDGE('',*,*,#4192,.T.);
#2691=ORIENTED_EDGE('',*,*,#4200,.T.);
#2692=ORIENTED_EDGE('',*,*,#4203,.F.);
#2693=ORIENTED_EDGE('',*,*,#4204,.F.);
#2694=ORIENTED_EDGE('',*,*,#4193,.T.);
#2695=ORIENTED_EDGE('',*,*,#4202,.T.);
#2696=ORIENTED_EDGE('',*,*,#4205,.F.);
#2697=ORIENTED_EDGE('',*,*,#4196,.F.);
#2698=ORIENTED_EDGE('',*,*,#4194,.T.);
#2699=ORIENTED_EDGE('',*,*,#4204,.T.);
#2700=ORIENTED_EDGE('',*,*,#4206,.F.);
#2701=ORIENTED_EDGE('',*,*,#4186,.F.);
#2702=ORIENTED_EDGE('',*,*,#4206,.T.);
#2703=ORIENTED_EDGE('',*,*,#4205,.T.);
#2704=ORIENTED_EDGE('',*,*,#4203,.T.);
#2705=ORIENTED_EDGE('',*,*,#4201,.T.);
#2706=ORIENTED_EDGE('',*,*,#4199,.T.);
#2707=ORIENTED_EDGE('',*,*,#4197,.T.);
#2708=ORIENTED_EDGE('',*,*,#4185,.F.);
#2709=ORIENTED_EDGE('',*,*,#4207,.F.);
#2710=ORIENTED_EDGE('',*,*,#4208,.F.);
#2711=ORIENTED_EDGE('',*,*,#4208,.T.);
#2712=ORIENTED_EDGE('',*,*,#4209,.F.);
#2713=ORIENTED_EDGE('',*,*,#4209,.T.);
#2714=ORIENTED_EDGE('',*,*,#4210,.F.);
#2715=ORIENTED_EDGE('',*,*,#4211,.T.);
#2716=ORIENTED_EDGE('',*,*,#4212,.T.);
#2717=ORIENTED_EDGE('',*,*,#4212,.F.);
#2718=ORIENTED_EDGE('',*,*,#4213,.T.);
#2719=ORIENTED_EDGE('',*,*,#4213,.F.);
#2720=ORIENTED_EDGE('',*,*,#4214,.T.);
#2721=ORIENTED_EDGE('',*,*,#4215,.T.);
#2722=ORIENTED_EDGE('',*,*,#4216,.T.);
#2723=ORIENTED_EDGE('',*,*,#4216,.F.);
#2724=ORIENTED_EDGE('',*,*,#4217,.T.);
#2725=ORIENTED_EDGE('',*,*,#4217,.F.);
#2726=ORIENTED_EDGE('',*,*,#4218,.T.);
#2727=ORIENTED_EDGE('',*,*,#4219,.T.);
#2728=ORIENTED_EDGE('',*,*,#4220,.T.);
#2729=ORIENTED_EDGE('',*,*,#4221,.F.);
#2730=ORIENTED_EDGE('',*,*,#4222,.T.);
#2731=ORIENTED_EDGE('',*,*,#4223,.F.);
#2732=ORIENTED_EDGE('',*,*,#4224,.T.);
#2733=ORIENTED_EDGE('',*,*,#4225,.T.);
#2734=ORIENTED_EDGE('',*,*,#4226,.T.);
#2735=ORIENTED_EDGE('',*,*,#4227,.F.);
#2736=ORIENTED_EDGE('',*,*,#4228,.T.);
#2737=ORIENTED_EDGE('',*,*,#4229,.T.);
#2738=ORIENTED_EDGE('',*,*,#4230,.T.);
#2739=ORIENTED_EDGE('',*,*,#4231,.T.);
#2740=ORIENTED_EDGE('',*,*,#4232,.T.);
#2741=ORIENTED_EDGE('',*,*,#4233,.F.);
#2742=ORIENTED_EDGE('',*,*,#4234,.T.);
#2743=ORIENTED_EDGE('',*,*,#4235,.F.);
#2744=ORIENTED_EDGE('',*,*,#4236,.T.);
#2745=ORIENTED_EDGE('',*,*,#4223,.T.);
#2746=ORIENTED_EDGE('',*,*,#4237,.T.);
#2747=ORIENTED_EDGE('',*,*,#4238,.T.);
#2748=ORIENTED_EDGE('',*,*,#4239,.T.);
#2749=ORIENTED_EDGE('',*,*,#4225,.F.);
#2750=ORIENTED_EDGE('',*,*,#4240,.T.);
#2751=ORIENTED_EDGE('',*,*,#4241,.T.);
#2752=ORIENTED_EDGE('',*,*,#4242,.T.);
#2753=ORIENTED_EDGE('',*,*,#4219,.F.);
#2754=ORIENTED_EDGE('',*,*,#4243,.T.);
#2755=ORIENTED_EDGE('',*,*,#4221,.T.);
#2756=ORIENTED_EDGE('',*,*,#4244,.T.);
#2757=ORIENTED_EDGE('',*,*,#4245,.F.);
#2758=ORIENTED_EDGE('',*,*,#4246,.T.);
#2759=ORIENTED_EDGE('',*,*,#4214,.F.);
#2760=ORIENTED_EDGE('',*,*,#4210,.T.);
#2761=ORIENTED_EDGE('',*,*,#4218,.F.);
#2762=ORIENTED_EDGE('',*,*,#4247,.T.);
#2763=ORIENTED_EDGE('',*,*,#4245,.T.);
#2764=ORIENTED_EDGE('',*,*,#4248,.T.);
#2765=ORIENTED_EDGE('',*,*,#4241,.F.);
#2766=ORIENTED_EDGE('',*,*,#4249,.T.);
#2767=ORIENTED_EDGE('',*,*,#4238,.F.);
#2768=ORIENTED_EDGE('',*,*,#4250,.T.);
#2769=ORIENTED_EDGE('',*,*,#4235,.T.);
#2770=ORIENTED_EDGE('',*,*,#4251,.T.);
#2771=ORIENTED_EDGE('',*,*,#4229,.F.);
#2772=ORIENTED_EDGE('',*,*,#4252,.T.);
#2773=ORIENTED_EDGE('',*,*,#4253,.T.);
#2774=ORIENTED_EDGE('',*,*,#4254,.T.);
#2775=ORIENTED_EDGE('',*,*,#4227,.T.);
#2776=ORIENTED_EDGE('',*,*,#4255,.T.);
#2777=ORIENTED_EDGE('',*,*,#4256,.F.);
#2778=ORIENTED_EDGE('',*,*,#4257,.T.);
#2779=ORIENTED_EDGE('',*,*,#4233,.T.);
#2780=ORIENTED_EDGE('',*,*,#4258,.T.);
#2781=ORIENTED_EDGE('',*,*,#4259,.F.);
#2782=ORIENTED_EDGE('',*,*,#4260,.T.);
#2783=ORIENTED_EDGE('',*,*,#4261,.T.);
#2784=ORIENTED_EDGE('',*,*,#4262,.T.);
#2785=ORIENTED_EDGE('',*,*,#4231,.F.);
#2786=ORIENTED_EDGE('',*,*,#4263,.T.);
#2787=ORIENTED_EDGE('',*,*,#4211,.F.);
#2788=ORIENTED_EDGE('',*,*,#4207,.T.);
#2789=ORIENTED_EDGE('',*,*,#4215,.F.);
#2790=ORIENTED_EDGE('',*,*,#4264,.T.);
#2791=ORIENTED_EDGE('',*,*,#4259,.T.);
#2792=ORIENTED_EDGE('',*,*,#4265,.T.);
#2793=ORIENTED_EDGE('',*,*,#4261,.F.);
#2794=ORIENTED_EDGE('',*,*,#4266,.T.);
#2795=ORIENTED_EDGE('',*,*,#4253,.F.);
#2796=ORIENTED_EDGE('',*,*,#4267,.T.);
#2797=ORIENTED_EDGE('',*,*,#4256,.T.);
#2798=ORIENTED_EDGE('',*,*,#4268,.T.);
#2799=ORIENTED_EDGE('',*,*,#4220,.F.);
#2800=ORIENTED_EDGE('',*,*,#4242,.F.);
#2801=ORIENTED_EDGE('',*,*,#4248,.F.);
#2802=ORIENTED_EDGE('',*,*,#4244,.F.);
#2803=ORIENTED_EDGE('',*,*,#4265,.F.);
#2804=ORIENTED_EDGE('',*,*,#4258,.F.);
#2805=ORIENTED_EDGE('',*,*,#4232,.F.);
#2806=ORIENTED_EDGE('',*,*,#4262,.F.);
#2807=ORIENTED_EDGE('',*,*,#4226,.F.);
#2808=ORIENTED_EDGE('',*,*,#4239,.F.);
#2809=ORIENTED_EDGE('',*,*,#4249,.F.);
#2810=ORIENTED_EDGE('',*,*,#4243,.F.);
#2811=ORIENTED_EDGE('',*,*,#4268,.F.);
#2812=ORIENTED_EDGE('',*,*,#4255,.F.);
#2813=ORIENTED_EDGE('',*,*,#4234,.F.);
#2814=ORIENTED_EDGE('',*,*,#4260,.F.);
#2815=ORIENTED_EDGE('',*,*,#4224,.F.);
#2816=ORIENTED_EDGE('',*,*,#4236,.F.);
#2817=ORIENTED_EDGE('',*,*,#4250,.F.);
#2818=ORIENTED_EDGE('',*,*,#4240,.F.);
#2819=ORIENTED_EDGE('',*,*,#4267,.F.);
#2820=ORIENTED_EDGE('',*,*,#4252,.F.);
#2821=ORIENTED_EDGE('',*,*,#4228,.F.);
#2822=ORIENTED_EDGE('',*,*,#4257,.F.);
#2823=ORIENTED_EDGE('',*,*,#4222,.F.);
#2824=ORIENTED_EDGE('',*,*,#4246,.F.);
#2825=ORIENTED_EDGE('',*,*,#4251,.F.);
#2826=ORIENTED_EDGE('',*,*,#4237,.F.);
#2827=ORIENTED_EDGE('',*,*,#4266,.F.);
#2828=ORIENTED_EDGE('',*,*,#4263,.F.);
#2829=ORIENTED_EDGE('',*,*,#4230,.F.);
#2830=ORIENTED_EDGE('',*,*,#4254,.F.);
#2831=ORIENTED_EDGE('',*,*,#4264,.F.);
#2832=ORIENTED_EDGE('',*,*,#4269,.F.);
#2833=ORIENTED_EDGE('',*,*,#4269,.T.);
#2834=ORIENTED_EDGE('',*,*,#4270,.F.);
#2835=ORIENTED_EDGE('',*,*,#4270,.T.);
#2836=ORIENTED_EDGE('',*,*,#4247,.F.);
#2837=ORIENTED_EDGE('',*,*,#4271,.T.);
#2838=ORIENTED_EDGE('',*,*,#4272,.F.);
#2839=ORIENTED_EDGE('',*,*,#4273,.T.);
#2840=ORIENTED_EDGE('',*,*,#4274,.F.);
#2841=ORIENTED_EDGE('',*,*,#4275,.T.);
#2842=ORIENTED_EDGE('',*,*,#4276,.F.);
#2843=ORIENTED_EDGE('',*,*,#4277,.T.);
#2844=ORIENTED_EDGE('',*,*,#4278,.F.);
#2845=ORIENTED_EDGE('',*,*,#4279,.T.);
#2846=ORIENTED_EDGE('',*,*,#4280,.F.);
#2847=ORIENTED_EDGE('',*,*,#4281,.T.);
#2848=ORIENTED_EDGE('',*,*,#4282,.T.);
#2849=ORIENTED_EDGE('',*,*,#4283,.T.);
#2850=ORIENTED_EDGE('',*,*,#4284,.F.);
#2851=ORIENTED_EDGE('',*,*,#4285,.T.);
#2852=ORIENTED_EDGE('',*,*,#4286,.F.);
#2853=ORIENTED_EDGE('',*,*,#4287,.F.);
#2854=ORIENTED_EDGE('',*,*,#4288,.F.);
#2855=ORIENTED_EDGE('',*,*,#4286,.T.);
#2856=ORIENTED_EDGE('',*,*,#4289,.F.);
#2857=ORIENTED_EDGE('',*,*,#4290,.F.);
#2858=ORIENTED_EDGE('',*,*,#4291,.F.);
#2859=ORIENTED_EDGE('',*,*,#4287,.T.);
#2860=ORIENTED_EDGE('',*,*,#4292,.T.);
#2861=ORIENTED_EDGE('',*,*,#4293,.F.);
#2862=ORIENTED_EDGE('',*,*,#4294,.T.);
#2863=ORIENTED_EDGE('',*,*,#4280,.T.);
#2864=ORIENTED_EDGE('',*,*,#4295,.F.);
#2865=ORIENTED_EDGE('',*,*,#4296,.T.);
#2866=ORIENTED_EDGE('',*,*,#4297,.F.);
#2867=ORIENTED_EDGE('',*,*,#4290,.T.);
#2868=ORIENTED_EDGE('',*,*,#4298,.F.);
#2869=ORIENTED_EDGE('',*,*,#4299,.T.);
#2870=ORIENTED_EDGE('',*,*,#4296,.F.);
#2871=ORIENTED_EDGE('',*,*,#4300,.T.);
#2872=ORIENTED_EDGE('',*,*,#4293,.T.);
#2873=ORIENTED_EDGE('',*,*,#4301,.F.);
#2874=ORIENTED_EDGE('',*,*,#4302,.T.);
#2875=ORIENTED_EDGE('',*,*,#4284,.T.);
#2876=ORIENTED_EDGE('',*,*,#4303,.F.);
#2877=ORIENTED_EDGE('',*,*,#4304,.T.);
#2878=ORIENTED_EDGE('',*,*,#4305,.F.);
#2879=ORIENTED_EDGE('',*,*,#4306,.T.);
#2880=ORIENTED_EDGE('',*,*,#4301,.T.);
#2881=ORIENTED_EDGE('',*,*,#4307,.T.);
#2882=ORIENTED_EDGE('',*,*,#4308,.F.);
#2883=ORIENTED_EDGE('',*,*,#4309,.T.);
#2884=ORIENTED_EDGE('',*,*,#4310,.F.);
#2885=ORIENTED_EDGE('',*,*,#4311,.F.);
#2886=ORIENTED_EDGE('',*,*,#4312,.F.);
#2887=ORIENTED_EDGE('',*,*,#4310,.T.);
#2888=ORIENTED_EDGE('',*,*,#4313,.F.);
#2889=ORIENTED_EDGE('',*,*,#4314,.F.);
#2890=ORIENTED_EDGE('',*,*,#4311,.T.);
#2891=ORIENTED_EDGE('',*,*,#4315,.T.);
#2892=ORIENTED_EDGE('',*,*,#4316,.F.);
#2893=ORIENTED_EDGE('',*,*,#4317,.T.);
#2894=ORIENTED_EDGE('',*,*,#4305,.T.);
#2895=ORIENTED_EDGE('',*,*,#4318,.F.);
#2896=ORIENTED_EDGE('',*,*,#4319,.F.);
#2897=ORIENTED_EDGE('',*,*,#4320,.T.);
#2898=ORIENTED_EDGE('',*,*,#4321,.F.);
#2899=ORIENTED_EDGE('',*,*,#4316,.T.);
#2900=ORIENTED_EDGE('',*,*,#4322,.F.);
#2901=ORIENTED_EDGE('',*,*,#4323,.T.);
#2902=ORIENTED_EDGE('',*,*,#4320,.F.);
#2903=ORIENTED_EDGE('',*,*,#4324,.T.);
#2904=ORIENTED_EDGE('',*,*,#4319,.T.);
#2905=ORIENTED_EDGE('',*,*,#4325,.T.);
#2906=ORIENTED_EDGE('',*,*,#4308,.T.);
#2907=ORIENTED_EDGE('',*,*,#4326,.F.);
#2908=ORIENTED_EDGE('',*,*,#4327,.F.);
#2909=ORIENTED_EDGE('',*,*,#4328,.T.);
#2910=ORIENTED_EDGE('',*,*,#4329,.F.);
#2911=ORIENTED_EDGE('',*,*,#4330,.T.);
#2912=ORIENTED_EDGE('',*,*,#4327,.T.);
#2913=ORIENTED_EDGE('',*,*,#4331,.T.);
#2914=ORIENTED_EDGE('',*,*,#4332,.F.);
#2915=ORIENTED_EDGE('',*,*,#4333,.T.);
#2916=ORIENTED_EDGE('',*,*,#4334,.F.);
#2917=ORIENTED_EDGE('',*,*,#4335,.F.);
#2918=ORIENTED_EDGE('',*,*,#4336,.F.);
#2919=ORIENTED_EDGE('',*,*,#4334,.T.);
#2920=ORIENTED_EDGE('',*,*,#4337,.F.);
#2921=ORIENTED_EDGE('',*,*,#4338,.F.);
#2922=ORIENTED_EDGE('',*,*,#4339,.T.);
#2923=ORIENTED_EDGE('',*,*,#4329,.T.);
#2924=ORIENTED_EDGE('',*,*,#4340,.F.);
#2925=ORIENTED_EDGE('',*,*,#4341,.F.);
#2926=ORIENTED_EDGE('',*,*,#4335,.T.);
#2927=ORIENTED_EDGE('',*,*,#4342,.T.);
#2928=ORIENTED_EDGE('',*,*,#4343,.F.);
#2929=ORIENTED_EDGE('',*,*,#4344,.T.);
#2930=ORIENTED_EDGE('',*,*,#4338,.T.);
#2931=ORIENTED_EDGE('',*,*,#4345,.T.);
#2932=ORIENTED_EDGE('',*,*,#4346,.T.);
#2933=ORIENTED_EDGE('',*,*,#4346,.F.);
#2934=ORIENTED_EDGE('',*,*,#4347,.F.);
#2935=ORIENTED_EDGE('',*,*,#4343,.T.);
#2936=ORIENTED_EDGE('',*,*,#4348,.F.);
#2937=ORIENTED_EDGE('',*,*,#4349,.F.);
#2938=ORIENTED_EDGE('',*,*,#4350,.T.);
#2939=ORIENTED_EDGE('',*,*,#4332,.T.);
#2940=ORIENTED_EDGE('',*,*,#4351,.F.);
#2941=ORIENTED_EDGE('',*,*,#4352,.T.);
#2942=ORIENTED_EDGE('',*,*,#4353,.F.);
#2943=ORIENTED_EDGE('',*,*,#4354,.T.);
#2944=ORIENTED_EDGE('',*,*,#4349,.T.);
#2945=ORIENTED_EDGE('',*,*,#4355,.T.);
#2946=ORIENTED_EDGE('',*,*,#4356,.F.);
#2947=ORIENTED_EDGE('',*,*,#4282,.F.);
#2948=ORIENTED_EDGE('',*,*,#4357,.T.);
#2949=ORIENTED_EDGE('',*,*,#4358,.F.);
#2950=ORIENTED_EDGE('',*,*,#4359,.T.);
#2951=ORIENTED_EDGE('',*,*,#4353,.T.);
#2952=ORIENTED_EDGE('',*,*,#4360,.F.);
#2953=ORIENTED_EDGE('',*,*,#4361,.T.);
#2954=ORIENTED_EDGE('',*,*,#4358,.T.);
#2955=ORIENTED_EDGE('',*,*,#4362,.T.);
#2956=ORIENTED_EDGE('',*,*,#4363,.T.);
#2957=ORIENTED_EDGE('',*,*,#4363,.F.);
#2958=ORIENTED_EDGE('',*,*,#4364,.F.);
#2959=ORIENTED_EDGE('',*,*,#4365,.T.);
#2960=ORIENTED_EDGE('',*,*,#4366,.F.);
#2961=ORIENTED_EDGE('',*,*,#4367,.T.);
#2962=ORIENTED_EDGE('',*,*,#4368,.T.);
#2963=ORIENTED_EDGE('',*,*,#4364,.T.);
#2964=ORIENTED_EDGE('',*,*,#4362,.F.);
#2965=ORIENTED_EDGE('',*,*,#4360,.T.);
#2966=ORIENTED_EDGE('',*,*,#4352,.F.);
#2967=ORIENTED_EDGE('',*,*,#4351,.T.);
#2968=ORIENTED_EDGE('',*,*,#4331,.F.);
#2969=ORIENTED_EDGE('',*,*,#4336,.T.);
#2970=ORIENTED_EDGE('',*,*,#4341,.T.);
#2971=ORIENTED_EDGE('',*,*,#4347,.T.);
#2972=ORIENTED_EDGE('',*,*,#4345,.F.);
#2973=ORIENTED_EDGE('',*,*,#4340,.T.);
#2974=ORIENTED_EDGE('',*,*,#4328,.F.);
#2975=ORIENTED_EDGE('',*,*,#4326,.T.);
#2976=ORIENTED_EDGE('',*,*,#4307,.F.);
#2977=ORIENTED_EDGE('',*,*,#4312,.T.);
#2978=ORIENTED_EDGE('',*,*,#4314,.T.);
#2979=ORIENTED_EDGE('',*,*,#4321,.T.);
#2980=ORIENTED_EDGE('',*,*,#4323,.F.);
#2981=ORIENTED_EDGE('',*,*,#4318,.T.);
#2982=ORIENTED_EDGE('',*,*,#4304,.F.);
#2983=ORIENTED_EDGE('',*,*,#4303,.T.);
#2984=ORIENTED_EDGE('',*,*,#4283,.F.);
#2985=ORIENTED_EDGE('',*,*,#4288,.T.);
#2986=ORIENTED_EDGE('',*,*,#4291,.T.);
#2987=ORIENTED_EDGE('',*,*,#4297,.T.);
#2988=ORIENTED_EDGE('',*,*,#4299,.F.);
#2989=ORIENTED_EDGE('',*,*,#4295,.T.);
#2990=ORIENTED_EDGE('',*,*,#4279,.F.);
#2991=ORIENTED_EDGE('',*,*,#4356,.T.);
#2992=ORIENTED_EDGE('',*,*,#4369,.F.);
#2993=ORIENTED_EDGE('',*,*,#4271,.F.);
#2994=ORIENTED_EDGE('',*,*,#4273,.F.);
#2995=ORIENTED_EDGE('',*,*,#4275,.F.);
#2996=ORIENTED_EDGE('',*,*,#4277,.F.);
#2997=ORIENTED_EDGE('',*,*,#4370,.F.);
#2998=ORIENTED_EDGE('',*,*,#4357,.F.);
#2999=ORIENTED_EDGE('',*,*,#4281,.F.);
#3000=ORIENTED_EDGE('',*,*,#4294,.F.);
#3001=ORIENTED_EDGE('',*,*,#4300,.F.);
#3002=ORIENTED_EDGE('',*,*,#4298,.T.);
#3003=ORIENTED_EDGE('',*,*,#4292,.F.);
#3004=ORIENTED_EDGE('',*,*,#4289,.T.);
#3005=ORIENTED_EDGE('',*,*,#4285,.F.);
#3006=ORIENTED_EDGE('',*,*,#4302,.F.);
#3007=ORIENTED_EDGE('',*,*,#4306,.F.);
#3008=ORIENTED_EDGE('',*,*,#4317,.F.);
#3009=ORIENTED_EDGE('',*,*,#4324,.F.);
#3010=ORIENTED_EDGE('',*,*,#4322,.T.);
#3011=ORIENTED_EDGE('',*,*,#4315,.F.);
#3012=ORIENTED_EDGE('',*,*,#4313,.T.);
#3013=ORIENTED_EDGE('',*,*,#4309,.F.);
#3014=ORIENTED_EDGE('',*,*,#4325,.F.);
#3015=ORIENTED_EDGE('',*,*,#4330,.F.);
#3016=ORIENTED_EDGE('',*,*,#4339,.F.);
#3017=ORIENTED_EDGE('',*,*,#4344,.F.);
#3018=ORIENTED_EDGE('',*,*,#4348,.T.);
#3019=ORIENTED_EDGE('',*,*,#4342,.F.);
#3020=ORIENTED_EDGE('',*,*,#4337,.T.);
#3021=ORIENTED_EDGE('',*,*,#4333,.F.);
#3022=ORIENTED_EDGE('',*,*,#4350,.F.);
#3023=ORIENTED_EDGE('',*,*,#4354,.F.);
#3024=ORIENTED_EDGE('',*,*,#4359,.F.);
#3025=ORIENTED_EDGE('',*,*,#4361,.F.);
#3026=ORIENTED_EDGE('',*,*,#4366,.T.);
#3027=ORIENTED_EDGE('',*,*,#4371,.F.);
#3028=ORIENTED_EDGE('',*,*,#4372,.T.);
#3029=ORIENTED_EDGE('',*,*,#4272,.T.);
#3030=ORIENTED_EDGE('',*,*,#4274,.T.);
#3031=ORIENTED_EDGE('',*,*,#4276,.T.);
#3032=ORIENTED_EDGE('',*,*,#4278,.T.);
#3033=ORIENTED_EDGE('',*,*,#4369,.T.);
#3034=ORIENTED_EDGE('',*,*,#4355,.F.);
#3035=ORIENTED_EDGE('',*,*,#4370,.T.);
#3036=ORIENTED_EDGE('',*,*,#4373,.F.);
#3037=ORIENTED_EDGE('',*,*,#4374,.T.);
#3038=ORIENTED_EDGE('',*,*,#4371,.T.);
#3039=ORIENTED_EDGE('',*,*,#4365,.F.);
#3040=ORIENTED_EDGE('',*,*,#4368,.F.);
#3041=ORIENTED_EDGE('',*,*,#4374,.F.);
#3042=ORIENTED_EDGE('',*,*,#4367,.F.);
#3043=ORIENTED_EDGE('',*,*,#4373,.T.);
#3044=ORIENTED_EDGE('',*,*,#4372,.F.);
#3045=ORIENTED_EDGE('',*,*,#4375,.F.);
#3046=ORIENTED_EDGE('',*,*,#4376,.T.);
#3047=ORIENTED_EDGE('',*,*,#4377,.T.);
#3048=ORIENTED_EDGE('',*,*,#4378,.T.);
#3049=ORIENTED_EDGE('',*,*,#4379,.T.);
#3050=ORIENTED_EDGE('',*,*,#4380,.T.);
#3051=ORIENTED_EDGE('',*,*,#4381,.T.);
#3052=ORIENTED_EDGE('',*,*,#4382,.F.);
#3053=ORIENTED_EDGE('',*,*,#4383,.F.);
#3054=ORIENTED_EDGE('',*,*,#4384,.T.);
#3055=ORIENTED_EDGE('',*,*,#4385,.T.);
#3056=ORIENTED_EDGE('',*,*,#4376,.F.);
#3057=ORIENTED_EDGE('',*,*,#4385,.F.);
#3058=ORIENTED_EDGE('',*,*,#4386,.T.);
#3059=ORIENTED_EDGE('',*,*,#4387,.T.);
#3060=ORIENTED_EDGE('',*,*,#4377,.F.);
#3061=ORIENTED_EDGE('',*,*,#4387,.F.);
#3062=ORIENTED_EDGE('',*,*,#4388,.T.);
#3063=ORIENTED_EDGE('',*,*,#4389,.T.);
#3064=ORIENTED_EDGE('',*,*,#4378,.F.);
#3065=ORIENTED_EDGE('',*,*,#4389,.F.);
#3066=ORIENTED_EDGE('',*,*,#4390,.T.);
#3067=ORIENTED_EDGE('',*,*,#4391,.T.);
#3068=ORIENTED_EDGE('',*,*,#4379,.F.);
#3069=ORIENTED_EDGE('',*,*,#4391,.F.);
#3070=ORIENTED_EDGE('',*,*,#4392,.T.);
#3071=ORIENTED_EDGE('',*,*,#4393,.T.);
#3072=ORIENTED_EDGE('',*,*,#4380,.F.);
#3073=ORIENTED_EDGE('',*,*,#4393,.F.);
#3074=ORIENTED_EDGE('',*,*,#4394,.T.);
#3075=ORIENTED_EDGE('',*,*,#4383,.T.);
#3076=ORIENTED_EDGE('',*,*,#4381,.F.);
#3077=ORIENTED_EDGE('',*,*,#4394,.F.);
#3078=ORIENTED_EDGE('',*,*,#4392,.F.);
#3079=ORIENTED_EDGE('',*,*,#4390,.F.);
#3080=ORIENTED_EDGE('',*,*,#4388,.F.);
#3081=ORIENTED_EDGE('',*,*,#4386,.F.);
#3082=ORIENTED_EDGE('',*,*,#4384,.F.);
#3083=ORIENTED_EDGE('',*,*,#4395,.F.);
#3084=ORIENTED_EDGE('',*,*,#4396,.T.);
#3085=ORIENTED_EDGE('',*,*,#4396,.F.);
#3086=ORIENTED_EDGE('',*,*,#4395,.T.);
#3087=ORIENTED_EDGE('',*,*,#4382,.T.);
#3088=ORIENTED_EDGE('',*,*,#4375,.T.);
#3089=ORIENTED_EDGE('',*,*,#4397,.F.);
#3090=ORIENTED_EDGE('',*,*,#4398,.T.);
#3091=ORIENTED_EDGE('',*,*,#4399,.T.);
#3092=ORIENTED_EDGE('',*,*,#4400,.T.);
#3093=ORIENTED_EDGE('',*,*,#4401,.T.);
#3094=ORIENTED_EDGE('',*,*,#4402,.T.);
#3095=ORIENTED_EDGE('',*,*,#4403,.T.);
#3096=ORIENTED_EDGE('',*,*,#4404,.F.);
#3097=ORIENTED_EDGE('',*,*,#4405,.F.);
#3098=ORIENTED_EDGE('',*,*,#4406,.T.);
#3099=ORIENTED_EDGE('',*,*,#4407,.T.);
#3100=ORIENTED_EDGE('',*,*,#4398,.F.);
#3101=ORIENTED_EDGE('',*,*,#4407,.F.);
#3102=ORIENTED_EDGE('',*,*,#4408,.T.);
#3103=ORIENTED_EDGE('',*,*,#4409,.T.);
#3104=ORIENTED_EDGE('',*,*,#4399,.F.);
#3105=ORIENTED_EDGE('',*,*,#4409,.F.);
#3106=ORIENTED_EDGE('',*,*,#4410,.T.);
#3107=ORIENTED_EDGE('',*,*,#4411,.T.);
#3108=ORIENTED_EDGE('',*,*,#4400,.F.);
#3109=ORIENTED_EDGE('',*,*,#4411,.F.);
#3110=ORIENTED_EDGE('',*,*,#4412,.T.);
#3111=ORIENTED_EDGE('',*,*,#4413,.T.);
#3112=ORIENTED_EDGE('',*,*,#4401,.F.);
#3113=ORIENTED_EDGE('',*,*,#4413,.F.);
#3114=ORIENTED_EDGE('',*,*,#4414,.T.);
#3115=ORIENTED_EDGE('',*,*,#4415,.T.);
#3116=ORIENTED_EDGE('',*,*,#4402,.F.);
#3117=ORIENTED_EDGE('',*,*,#4415,.F.);
#3118=ORIENTED_EDGE('',*,*,#4416,.T.);
#3119=ORIENTED_EDGE('',*,*,#4405,.T.);
#3120=ORIENTED_EDGE('',*,*,#4403,.F.);
#3121=ORIENTED_EDGE('',*,*,#4416,.F.);
#3122=ORIENTED_EDGE('',*,*,#4414,.F.);
#3123=ORIENTED_EDGE('',*,*,#4412,.F.);
#3124=ORIENTED_EDGE('',*,*,#4410,.F.);
#3125=ORIENTED_EDGE('',*,*,#4408,.F.);
#3126=ORIENTED_EDGE('',*,*,#4406,.F.);
#3127=ORIENTED_EDGE('',*,*,#4417,.F.);
#3128=ORIENTED_EDGE('',*,*,#4418,.T.);
#3129=ORIENTED_EDGE('',*,*,#4418,.F.);
#3130=ORIENTED_EDGE('',*,*,#4417,.T.);
#3131=ORIENTED_EDGE('',*,*,#4404,.T.);
#3132=ORIENTED_EDGE('',*,*,#4397,.T.);
#3133=ORIENTED_EDGE('',*,*,#4419,.F.);
#3134=ORIENTED_EDGE('',*,*,#4420,.T.);
#3135=ORIENTED_EDGE('',*,*,#4421,.T.);
#3136=ORIENTED_EDGE('',*,*,#4422,.F.);
#3137=ORIENTED_EDGE('',*,*,#4421,.F.);
#3138=ORIENTED_EDGE('',*,*,#4423,.T.);
#3139=ORIENTED_EDGE('',*,*,#4424,.T.);
#3140=ORIENTED_EDGE('',*,*,#4425,.F.);
#3141=ORIENTED_EDGE('',*,*,#4424,.F.);
#3142=ORIENTED_EDGE('',*,*,#4426,.T.);
#3143=ORIENTED_EDGE('',*,*,#4427,.T.);
#3144=ORIENTED_EDGE('',*,*,#4428,.F.);
#3145=ORIENTED_EDGE('',*,*,#4427,.F.);
#3146=ORIENTED_EDGE('',*,*,#4429,.T.);
#3147=ORIENTED_EDGE('',*,*,#4419,.T.);
#3148=ORIENTED_EDGE('',*,*,#4430,.F.);
#3149=ORIENTED_EDGE('',*,*,#4429,.F.);
#3150=ORIENTED_EDGE('',*,*,#4426,.F.);
#3151=ORIENTED_EDGE('',*,*,#4423,.F.);
#3152=ORIENTED_EDGE('',*,*,#4420,.F.);
#3153=ORIENTED_EDGE('',*,*,#4422,.T.);
#3154=ORIENTED_EDGE('',*,*,#4425,.T.);
#3155=ORIENTED_EDGE('',*,*,#4428,.T.);
#3156=ORIENTED_EDGE('',*,*,#4430,.T.);
#3157=ORIENTED_EDGE('',*,*,#4431,.F.);
#3158=ORIENTED_EDGE('',*,*,#4432,.T.);
#3159=ORIENTED_EDGE('',*,*,#4433,.T.);
#3160=ORIENTED_EDGE('',*,*,#4434,.F.);
#3161=ORIENTED_EDGE('',*,*,#4433,.F.);
#3162=ORIENTED_EDGE('',*,*,#4435,.T.);
#3163=ORIENTED_EDGE('',*,*,#4436,.T.);
#3164=ORIENTED_EDGE('',*,*,#4437,.F.);
#3165=ORIENTED_EDGE('',*,*,#4436,.F.);
#3166=ORIENTED_EDGE('',*,*,#4438,.T.);
#3167=ORIENTED_EDGE('',*,*,#4439,.T.);
#3168=ORIENTED_EDGE('',*,*,#4440,.F.);
#3169=ORIENTED_EDGE('',*,*,#4439,.F.);
#3170=ORIENTED_EDGE('',*,*,#4441,.T.);
#3171=ORIENTED_EDGE('',*,*,#4431,.T.);
#3172=ORIENTED_EDGE('',*,*,#4442,.F.);
#3173=ORIENTED_EDGE('',*,*,#4441,.F.);
#3174=ORIENTED_EDGE('',*,*,#4438,.F.);
#3175=ORIENTED_EDGE('',*,*,#4435,.F.);
#3176=ORIENTED_EDGE('',*,*,#4432,.F.);
#3177=ORIENTED_EDGE('',*,*,#4434,.T.);
#3178=ORIENTED_EDGE('',*,*,#4437,.T.);
#3179=ORIENTED_EDGE('',*,*,#4440,.T.);
#3180=ORIENTED_EDGE('',*,*,#4442,.T.);
#3181=ORIENTED_EDGE('',*,*,#4443,.F.);
#3182=ORIENTED_EDGE('',*,*,#4444,.T.);
#3183=ORIENTED_EDGE('',*,*,#4445,.T.);
#3184=ORIENTED_EDGE('',*,*,#4446,.T.);
#3185=ORIENTED_EDGE('',*,*,#4447,.T.);
#3186=ORIENTED_EDGE('',*,*,#4448,.T.);
#3187=ORIENTED_EDGE('',*,*,#4449,.T.);
#3188=ORIENTED_EDGE('',*,*,#4450,.F.);
#3189=ORIENTED_EDGE('',*,*,#4451,.F.);
#3190=ORIENTED_EDGE('',*,*,#4452,.T.);
#3191=ORIENTED_EDGE('',*,*,#4453,.T.);
#3192=ORIENTED_EDGE('',*,*,#4444,.F.);
#3193=ORIENTED_EDGE('',*,*,#4453,.F.);
#3194=ORIENTED_EDGE('',*,*,#4454,.T.);
#3195=ORIENTED_EDGE('',*,*,#4455,.T.);
#3196=ORIENTED_EDGE('',*,*,#4445,.F.);
#3197=ORIENTED_EDGE('',*,*,#4455,.F.);
#3198=ORIENTED_EDGE('',*,*,#4456,.T.);
#3199=ORIENTED_EDGE('',*,*,#4457,.T.);
#3200=ORIENTED_EDGE('',*,*,#4446,.F.);
#3201=ORIENTED_EDGE('',*,*,#4457,.F.);
#3202=ORIENTED_EDGE('',*,*,#4458,.T.);
#3203=ORIENTED_EDGE('',*,*,#4459,.T.);
#3204=ORIENTED_EDGE('',*,*,#4447,.F.);
#3205=ORIENTED_EDGE('',*,*,#4459,.F.);
#3206=ORIENTED_EDGE('',*,*,#4460,.T.);
#3207=ORIENTED_EDGE('',*,*,#4461,.T.);
#3208=ORIENTED_EDGE('',*,*,#4448,.F.);
#3209=ORIENTED_EDGE('',*,*,#4461,.F.);
#3210=ORIENTED_EDGE('',*,*,#4462,.T.);
#3211=ORIENTED_EDGE('',*,*,#4451,.T.);
#3212=ORIENTED_EDGE('',*,*,#4449,.F.);
#3213=ORIENTED_EDGE('',*,*,#4462,.F.);
#3214=ORIENTED_EDGE('',*,*,#4460,.F.);
#3215=ORIENTED_EDGE('',*,*,#4458,.F.);
#3216=ORIENTED_EDGE('',*,*,#4456,.F.);
#3217=ORIENTED_EDGE('',*,*,#4454,.F.);
#3218=ORIENTED_EDGE('',*,*,#4452,.F.);
#3219=ORIENTED_EDGE('',*,*,#4463,.F.);
#3220=ORIENTED_EDGE('',*,*,#4464,.T.);
#3221=ORIENTED_EDGE('',*,*,#4464,.F.);
#3222=ORIENTED_EDGE('',*,*,#4463,.T.);
#3223=ORIENTED_EDGE('',*,*,#4450,.T.);
#3224=ORIENTED_EDGE('',*,*,#4443,.T.);
#3225=ORIENTED_EDGE('',*,*,#4465,.F.);
#3226=ORIENTED_EDGE('',*,*,#4466,.T.);
#3227=ORIENTED_EDGE('',*,*,#4467,.T.);
#3228=ORIENTED_EDGE('',*,*,#4468,.F.);
#3229=ORIENTED_EDGE('',*,*,#4466,.F.);
#3230=ORIENTED_EDGE('',*,*,#4469,.T.);
#3231=ORIENTED_EDGE('',*,*,#4470,.T.);
#3232=ORIENTED_EDGE('',*,*,#4471,.F.);
#3233=ORIENTED_EDGE('',*,*,#4467,.F.);
#3234=ORIENTED_EDGE('',*,*,#4471,.T.);
#3235=ORIENTED_EDGE('',*,*,#4472,.T.);
#3236=ORIENTED_EDGE('',*,*,#4473,.T.);
#3237=ORIENTED_EDGE('',*,*,#4470,.F.);
#3238=ORIENTED_EDGE('',*,*,#4474,.T.);
#3239=ORIENTED_EDGE('',*,*,#4475,.T.);
#3240=ORIENTED_EDGE('',*,*,#4472,.F.);
#3241=ORIENTED_EDGE('',*,*,#4468,.T.);
#3242=ORIENTED_EDGE('',*,*,#4473,.F.);
#3243=ORIENTED_EDGE('',*,*,#4475,.F.);
#3244=ORIENTED_EDGE('',*,*,#4476,.T.);
#3245=ORIENTED_EDGE('',*,*,#4476,.F.);
#3246=ORIENTED_EDGE('',*,*,#4474,.F.);
#3247=ORIENTED_EDGE('',*,*,#4469,.F.);
#3248=ORIENTED_EDGE('',*,*,#4465,.T.);
#3249=ORIENTED_EDGE('',*,*,#4477,.F.);
#3250=ORIENTED_EDGE('',*,*,#4478,.T.);
#3251=ORIENTED_EDGE('',*,*,#4479,.T.);
#3252=ORIENTED_EDGE('',*,*,#4480,.F.);
#3253=ORIENTED_EDGE('',*,*,#4479,.F.);
#3254=ORIENTED_EDGE('',*,*,#4481,.T.);
#3255=ORIENTED_EDGE('',*,*,#4482,.T.);
#3256=ORIENTED_EDGE('',*,*,#4483,.F.);
#3257=ORIENTED_EDGE('',*,*,#4482,.F.);
#3258=ORIENTED_EDGE('',*,*,#4484,.T.);
#3259=ORIENTED_EDGE('',*,*,#4485,.T.);
#3260=ORIENTED_EDGE('',*,*,#4486,.F.);
#3261=ORIENTED_EDGE('',*,*,#4485,.F.);
#3262=ORIENTED_EDGE('',*,*,#4487,.T.);
#3263=ORIENTED_EDGE('',*,*,#4477,.T.);
#3264=ORIENTED_EDGE('',*,*,#4488,.F.);
#3265=ORIENTED_EDGE('',*,*,#4487,.F.);
#3266=ORIENTED_EDGE('',*,*,#4484,.F.);
#3267=ORIENTED_EDGE('',*,*,#4481,.F.);
#3268=ORIENTED_EDGE('',*,*,#4478,.F.);
#3269=ORIENTED_EDGE('',*,*,#4480,.T.);
#3270=ORIENTED_EDGE('',*,*,#4483,.T.);
#3271=ORIENTED_EDGE('',*,*,#4486,.T.);
#3272=ORIENTED_EDGE('',*,*,#4488,.T.);
#3273=EDGE_CURVE('',#4489,#4490,#5353,.T.);
#3274=EDGE_CURVE('',#4491,#4489,#5354,.T.);
#3275=EDGE_CURVE('',#4491,#4492,#5355,.T.);
#3276=EDGE_CURVE('',#4492,#4490,#5356,.T.);
#3277=EDGE_CURVE('',#4489,#4493,#5357,.T.);
#3278=EDGE_CURVE('',#4494,#4493,#5358,.T.);
#3279=EDGE_CURVE('',#4491,#4494,#5359,.T.);
#3280=EDGE_CURVE('',#4493,#4495,#5360,.T.);
#3281=EDGE_CURVE('',#4496,#4495,#5361,.T.);
#3282=EDGE_CURVE('',#4494,#4496,#5362,.T.);
#3283=EDGE_CURVE('',#4497,#4498,#5363,.T.);
#3284=EDGE_CURVE('',#4497,#4499,#5364,.F.);
#3285=EDGE_CURVE('',#4499,#4500,#5365,.T.);
#3286=EDGE_CURVE('',#4500,#4498,#5366,.T.);
#3287=EDGE_CURVE('',#4501,#4502,#5367,.T.);
#3288=EDGE_CURVE('',#4502,#4503,#5368,.F.);
#3289=EDGE_CURVE('',#4504,#4503,#5369,.T.);
#3290=EDGE_CURVE('',#4504,#4501,#5370,.T.);
#3291=EDGE_CURVE('',#4505,#4506,#5371,.T.);
#3292=EDGE_CURVE('',#4505,#4507,#5372,.T.);
#3293=EDGE_CURVE('',#4507,#4508,#5373,.T.);
#3294=EDGE_CURVE('',#4508,#4506,#5374,.F.);
#3295=EDGE_CURVE('',#4509,#4510,#5375,.T.);
#3296=EDGE_CURVE('',#4510,#4511,#5376,.T.);
#3297=EDGE_CURVE('',#4512,#4511,#5377,.T.);
#3298=EDGE_CURVE('',#4512,#4509,#5378,.F.);
#3299=EDGE_CURVE('',#4490,#4495,#5379,.T.);
#3300=EDGE_CURVE('',#4492,#4496,#5380,.T.);
#3301=EDGE_CURVE('',#4503,#4505,#481,.T.);
#3302=EDGE_CURVE('',#4506,#4510,#482,.T.);
#3303=EDGE_CURVE('',#4509,#4500,#483,.T.);
#3304=EDGE_CURVE('',#4499,#4504,#484,.T.);
#3305=EDGE_CURVE('',#4507,#4502,#485,.F.);
#3306=EDGE_CURVE('',#4501,#4497,#486,.F.);
#3307=EDGE_CURVE('',#4498,#4512,#487,.F.);
#3308=EDGE_CURVE('',#4511,#4508,#488,.F.);
#3309=EDGE_CURVE('',#4513,#4513,#489,.T.);
#3310=EDGE_CURVE('',#4514,#4514,#490,.T.);
#3311=EDGE_CURVE('',#4515,#4515,#491,.T.);
#3312=EDGE_CURVE('',#4516,#4516,#492,.T.);
#3313=EDGE_CURVE('',#4517,#4517,#493,.T.);
#3314=EDGE_CURVE('',#4518,#4518,#494,.T.);
#3315=EDGE_CURVE('',#4519,#4519,#495,.T.);
#3316=EDGE_CURVE('',#4520,#4520,#496,.T.);
#3317=EDGE_CURVE('',#4521,#4522,#497,.F.);
#3318=EDGE_CURVE('',#4523,#4522,#5381,.T.);
#3319=EDGE_CURVE('',#4523,#4524,#498,.T.);
#3320=EDGE_CURVE('',#4524,#4521,#5382,.T.);
#3321=EDGE_CURVE('',#4525,#4526,#499,.F.);
#3322=EDGE_CURVE('',#4527,#4526,#5383,.T.);
#3323=EDGE_CURVE('',#4527,#4528,#500,.T.);
#3324=EDGE_CURVE('',#4525,#4528,#5384,.T.);
#3325=EDGE_CURVE('',#4529,#4530,#5385,.F.);
#3326=EDGE_CURVE('',#4525,#4529,#501,.T.);
#3327=EDGE_CURVE('',#4530,#4528,#502,.F.);
#3328=EDGE_CURVE('',#4531,#4532,#5386,.F.);
#3329=EDGE_CURVE('',#4529,#4531,#5387,.T.);
#3330=EDGE_CURVE('',#4530,#4532,#5388,.F.);
#3331=EDGE_CURVE('',#4533,#4534,#5389,.F.);
#3332=EDGE_CURVE('',#4533,#4523,#5390,.F.);
#3333=EDGE_CURVE('',#4534,#4522,#5391,.T.);
#3334=EDGE_CURVE('',#4535,#4536,#5392,.T.);
#3335=EDGE_CURVE('',#4531,#4536,#503,.F.);
#3336=EDGE_CURVE('',#4535,#4532,#504,.T.);
#3337=EDGE_CURVE('',#4534,#4536,#505,.T.);
#3338=EDGE_CURVE('',#4535,#4533,#506,.F.);
#3339=EDGE_CURVE('',#4537,#4538,#5393,.T.);
#3340=EDGE_CURVE('',#4537,#4527,#5394,.F.);
#3341=EDGE_CURVE('',#4538,#4526,#5395,.T.);
#3342=EDGE_CURVE('',#4538,#4539,#507,.F.);
#3343=EDGE_CURVE('',#4540,#4539,#5396,.T.);
#3344=EDGE_CURVE('',#4540,#4537,#508,.T.);
#3345=EDGE_CURVE('',#4541,#4542,#509,.F.);
#3346=EDGE_CURVE('',#4543,#4542,#5397,.T.);
#3347=EDGE_CURVE('',#4543,#4544,#510,.T.);
#3348=EDGE_CURVE('',#4541,#4544,#5398,.F.);
#3349=EDGE_CURVE('',#4545,#4546,#5399,.F.);
#3350=EDGE_CURVE('',#4541,#4545,#511,.F.);
#3351=EDGE_CURVE('',#4546,#4544,#512,.T.);
#3352=EDGE_CURVE('',#4545,#4547,#5400,.T.);
#3353=EDGE_CURVE('',#4546,#4548,#5401,.T.);
#3354=EDGE_CURVE('',#4547,#4548,#5402,.F.);
#3355=EDGE_CURVE('',#4549,#4540,#5403,.T.);
#3356=EDGE_CURVE('',#4550,#4539,#5404,.T.);
#3357=EDGE_CURVE('',#4549,#4550,#5405,.T.);
#3358=EDGE_CURVE('',#4551,#4552,#5406,.T.);
#3359=EDGE_CURVE('',#4547,#4552,#513,.F.);
#3360=EDGE_CURVE('',#4551,#4548,#514,.T.);
#3361=EDGE_CURVE('',#4550,#4552,#515,.F.);
#3362=EDGE_CURVE('',#4551,#4549,#516,.T.);
#3363=EDGE_CURVE('',#4553,#4543,#5407,.T.);
#3364=EDGE_CURVE('',#4554,#4542,#5408,.T.);
#3365=EDGE_CURVE('',#4553,#4554,#5409,.T.);
#3366=EDGE_CURVE('',#4554,#4555,#517,.F.);
#3367=EDGE_CURVE('',#4556,#4555,#5410,.T.);
#3368=EDGE_CURVE('',#4556,#4553,#518,.T.);
#3369=EDGE_CURVE('',#4557,#4558,#519,.F.);
#3370=EDGE_CURVE('',#4559,#4558,#5411,.T.);
#3371=EDGE_CURVE('',#4559,#4560,#520,.T.);
#3372=EDGE_CURVE('',#4557,#4560,#5412,.F.);
#3373=EDGE_CURVE('',#4561,#4562,#5413,.F.);
#3374=EDGE_CURVE('',#4557,#4561,#521,.F.);
#3375=EDGE_CURVE('',#4562,#4560,#522,.T.);
#3376=EDGE_CURVE('',#4563,#4564,#5414,.T.);
#3377=EDGE_CURVE('',#4563,#4556,#5415,.F.);
#3378=EDGE_CURVE('',#4564,#4555,#5416,.F.);
#3379=EDGE_CURVE('',#4561,#4565,#5417,.F.);
#3380=EDGE_CURVE('',#4562,#4566,#5418,.T.);
#3381=EDGE_CURVE('',#4565,#4566,#5419,.F.);
#3382=EDGE_CURVE('',#4567,#4563,#523,.T.);
#3383=EDGE_CURVE('',#4564,#4568,#524,.F.);
#3384=EDGE_CURVE('',#4568,#4567,#5420,.F.);
#3385=EDGE_CURVE('',#4565,#4568,#525,.F.);
#3386=EDGE_CURVE('',#4567,#4566,#526,.T.);
#3387=EDGE_CURVE('',#4569,#4570,#5421,.T.);
#3388=EDGE_CURVE('',#4569,#4559,#5422,.F.);
#3389=EDGE_CURVE('',#4570,#4558,#5423,.F.);
#3390=EDGE_CURVE('',#4570,#4571,#527,.F.);
#3391=EDGE_CURVE('',#4572,#4571,#5424,.T.);
#3392=EDGE_CURVE('',#4572,#4569,#528,.T.);
#3393=EDGE_CURVE('',#4573,#4574,#5425,.T.);
#3394=EDGE_CURVE('',#4521,#4574,#5426,.F.);
#3395=EDGE_CURVE('',#4524,#4573,#5427,.F.);
#3396=EDGE_CURVE('',#4575,#4576,#5428,.T.);
#3397=EDGE_CURVE('',#4575,#4572,#5429,.F.);
#3398=EDGE_CURVE('',#4576,#4571,#5430,.F.);
#3399=EDGE_CURVE('',#4577,#4575,#529,.T.);
#3400=EDGE_CURVE('',#4576,#4578,#530,.F.);
#3401=EDGE_CURVE('',#4578,#4577,#5431,.F.);
#3402=EDGE_CURVE('',#4579,#4578,#531,.T.);
#3403=EDGE_CURVE('',#4579,#4580,#5432,.T.);
#3404=EDGE_CURVE('',#4577,#4580,#532,.F.);
#3405=EDGE_CURVE('',#4581,#4582,#533,.T.);
#3406=EDGE_CURVE('',#4582,#4579,#5433,.F.);
#3407=EDGE_CURVE('',#4581,#4574,#534,.F.);
#3408=EDGE_CURVE('',#4573,#4583,#535,.T.);
#3409=EDGE_CURVE('',#4584,#4580,#5434,.F.);
#3410=EDGE_CURVE('',#4584,#4583,#536,.F.);
#3411=EDGE_CURVE('',#4581,#4583,#5435,.T.);
#3412=EDGE_CURVE('',#4582,#4584,#5436,.F.);
#3413=EDGE_CURVE('',#4585,#4585,#537,.T.);
#3414=EDGE_CURVE('',#4586,#4587,#5437,.T.);
#3415=EDGE_CURVE('',#4587,#4588,#5438,.T.);
#3416=EDGE_CURVE('',#4588,#4589,#5439,.T.);
#3417=EDGE_CURVE('',#4589,#4590,#5440,.F.);
#3418=EDGE_CURVE('',#4590,#4591,#5441,.T.);
#3419=EDGE_CURVE('',#4591,#4586,#5442,.T.);
#3420=EDGE_CURVE('',#4592,#4592,#538,.F.);
#3421=EDGE_CURVE('',#4593,#4586,#5443,.T.);
#3422=EDGE_CURVE('',#4593,#4594,#5444,.T.);
#3423=EDGE_CURVE('',#4594,#4587,#5445,.T.);
#3424=EDGE_CURVE('',#4594,#4595,#5446,.T.);
#3425=EDGE_CURVE('',#4595,#4588,#5447,.T.);
#3426=EDGE_CURVE('',#4595,#4596,#5448,.T.);
#3427=EDGE_CURVE('',#4596,#4589,#5449,.T.);
#3428=EDGE_CURVE('',#4596,#4597,#5450,.T.);
#3429=EDGE_CURVE('',#4597,#4590,#5451,.T.);
#3430=EDGE_CURVE('',#4597,#4598,#5452,.T.);
#3431=EDGE_CURVE('',#4598,#4591,#5453,.T.);
#3432=EDGE_CURVE('',#4598,#4593,#5454,.T.);
#3433=EDGE_CURVE('',#4599,#4599,#539,.T.);
#3434=EDGE_CURVE('',#4600,#4600,#540,.T.);
#3435=EDGE_CURVE('',#4601,#4602,#5455,.T.);
#3436=EDGE_CURVE('',#4601,#4603,#5456,.F.);
#3437=EDGE_CURVE('',#4603,#4604,#5457,.T.);
#3438=EDGE_CURVE('',#4602,#4604,#5458,.T.);
#3439=EDGE_CURVE('',#4603,#4605,#5459,.T.);
#3440=EDGE_CURVE('',#4605,#4606,#5460,.T.);
#3441=EDGE_CURVE('',#4604,#4606,#5461,.F.);
#3442=EDGE_CURVE('',#4605,#4607,#5462,.F.);
#3443=EDGE_CURVE('',#4607,#4608,#5463,.T.);
#3444=EDGE_CURVE('',#4606,#4608,#5464,.F.);
#3445=EDGE_CURVE('',#4607,#4601,#5465,.T.);
#3446=EDGE_CURVE('',#4608,#4602,#5466,.T.);
#3447=EDGE_CURVE('',#4609,#4609,#541,.T.);
#3448=EDGE_CURVE('',#4610,#4611,#5467,.T.);
#3449=EDGE_CURVE('',#4611,#4612,#5468,.T.);
#3450=EDGE_CURVE('',#4612,#4613,#5469,.T.);
#3451=EDGE_CURVE('',#4613,#4614,#5470,.F.);
#3452=EDGE_CURVE('',#4614,#4615,#5471,.T.);
#3453=EDGE_CURVE('',#4615,#4610,#5472,.T.);
#3454=EDGE_CURVE('',#4616,#4616,#542,.F.);
#3455=EDGE_CURVE('',#4617,#4610,#5473,.T.);
#3456=EDGE_CURVE('',#4617,#4618,#5474,.T.);
#3457=EDGE_CURVE('',#4618,#4611,#5475,.T.);
#3458=EDGE_CURVE('',#4618,#4619,#5476,.T.);
#3459=EDGE_CURVE('',#4619,#4612,#5477,.T.);
#3460=EDGE_CURVE('',#4619,#4620,#5478,.T.);
#3461=EDGE_CURVE('',#4620,#4613,#5479,.T.);
#3462=EDGE_CURVE('',#4620,#4621,#5480,.T.);
#3463=EDGE_CURVE('',#4621,#4614,#5481,.T.);
#3464=EDGE_CURVE('',#4621,#4622,#5482,.T.);
#3465=EDGE_CURVE('',#4622,#4615,#5483,.T.);
#3466=EDGE_CURVE('',#4622,#4617,#5484,.T.);
#3467=EDGE_CURVE('',#4623,#4623,#543,.T.);
#3468=EDGE_CURVE('',#4624,#4624,#544,.T.);
#3469=EDGE_CURVE('',#4625,#4626,#5485,.T.);
#3470=EDGE_CURVE('',#4625,#4627,#5486,.T.);
#3471=EDGE_CURVE('',#4627,#4628,#5487,.T.);
#3472=EDGE_CURVE('',#4626,#4628,#5488,.T.);
#3473=EDGE_CURVE('',#4627,#4629,#5489,.T.);
#3474=EDGE_CURVE('',#4629,#4630,#5490,.T.);
#3475=EDGE_CURVE('',#4628,#4630,#5491,.T.);
#3476=EDGE_CURVE('',#4629,#4631,#5492,.T.);
#3477=EDGE_CURVE('',#4631,#4632,#5493,.T.);
#3478=EDGE_CURVE('',#4630,#4632,#5494,.F.);
#3479=EDGE_CURVE('',#4631,#4625,#5495,.T.);
#3480=EDGE_CURVE('',#4632,#4626,#5496,.F.);
#3481=EDGE_CURVE('',#4633,#4633,#545,.T.);
#3482=EDGE_CURVE('',#4634,#4635,#5497,.T.);
#3483=EDGE_CURVE('',#4635,#4636,#5498,.T.);
#3484=EDGE_CURVE('',#4636,#4637,#5499,.T.);
#3485=EDGE_CURVE('',#4637,#4638,#5500,.F.);
#3486=EDGE_CURVE('',#4638,#4639,#5501,.T.);
#3487=EDGE_CURVE('',#4639,#4634,#5502,.T.);
#3488=EDGE_CURVE('',#4640,#4640,#546,.F.);
#3489=EDGE_CURVE('',#4641,#4634,#5503,.T.);
#3490=EDGE_CURVE('',#4641,#4642,#5504,.T.);
#3491=EDGE_CURVE('',#4642,#4635,#5505,.T.);
#3492=EDGE_CURVE('',#4642,#4643,#5506,.T.);
#3493=EDGE_CURVE('',#4643,#4636,#5507,.T.);
#3494=EDGE_CURVE('',#4643,#4644,#5508,.T.);
#3495=EDGE_CURVE('',#4644,#4637,#5509,.T.);
#3496=EDGE_CURVE('',#4644,#4645,#5510,.T.);
#3497=EDGE_CURVE('',#4645,#4638,#5511,.T.);
#3498=EDGE_CURVE('',#4645,#4646,#5512,.T.);
#3499=EDGE_CURVE('',#4646,#4639,#5513,.T.);
#3500=EDGE_CURVE('',#4646,#4641,#5514,.T.);
#3501=EDGE_CURVE('',#4647,#4647,#547,.T.);
#3502=EDGE_CURVE('',#4648,#4648,#548,.T.);
#3503=EDGE_CURVE('',#4649,#4649,#549,.T.);
#3504=EDGE_CURVE('',#4650,#4650,#550,.T.);
#3505=EDGE_CURVE('',#4651,#4651,#551,.T.);
#3506=EDGE_CURVE('',#4652,#4652,#552,.T.);
#3507=EDGE_CURVE('',#4653,#4653,#553,.T.);
#3508=EDGE_CURVE('',#4654,#4654,#554,.T.);
#3509=EDGE_CURVE('',#4655,#4655,#555,.T.);
#3510=EDGE_CURVE('',#4656,#4656,#556,.T.);
#3511=EDGE_CURVE('',#4657,#4658,#557,.F.);
#3512=EDGE_CURVE('',#4659,#4658,#5515,.T.);
#3513=EDGE_CURVE('',#4659,#4660,#558,.T.);
#3514=EDGE_CURVE('',#4660,#4657,#5516,.T.);
#3515=EDGE_CURVE('',#4661,#4662,#559,.F.);
#3516=EDGE_CURVE('',#4663,#4662,#5517,.T.);
#3517=EDGE_CURVE('',#4663,#4664,#560,.T.);
#3518=EDGE_CURVE('',#4661,#4664,#5518,.T.);
#3519=EDGE_CURVE('',#4665,#4666,#5519,.F.);
#3520=EDGE_CURVE('',#4661,#4665,#561,.T.);
#3521=EDGE_CURVE('',#4666,#4664,#562,.F.);
#3522=EDGE_CURVE('',#4667,#4668,#5520,.F.);
#3523=EDGE_CURVE('',#4665,#4667,#5521,.T.);
#3524=EDGE_CURVE('',#4666,#4668,#5522,.F.);
#3525=EDGE_CURVE('',#4669,#4670,#5523,.F.);
#3526=EDGE_CURVE('',#4669,#4659,#5524,.F.);
#3527=EDGE_CURVE('',#4670,#4658,#5525,.T.);
#3528=EDGE_CURVE('',#4671,#4672,#5526,.T.);
#3529=EDGE_CURVE('',#4667,#4672,#563,.F.);
#3530=EDGE_CURVE('',#4671,#4668,#564,.T.);
#3531=EDGE_CURVE('',#4670,#4672,#565,.T.);
#3532=EDGE_CURVE('',#4671,#4669,#566,.F.);
#3533=EDGE_CURVE('',#4673,#4674,#5527,.T.);
#3534=EDGE_CURVE('',#4673,#4663,#5528,.F.);
#3535=EDGE_CURVE('',#4674,#4662,#5529,.T.);
#3536=EDGE_CURVE('',#4674,#4675,#567,.F.);
#3537=EDGE_CURVE('',#4676,#4675,#5530,.T.);
#3538=EDGE_CURVE('',#4676,#4673,#568,.T.);
#3539=EDGE_CURVE('',#4677,#4678,#569,.F.);
#3540=EDGE_CURVE('',#4679,#4678,#5531,.T.);
#3541=EDGE_CURVE('',#4679,#4680,#570,.T.);
#3542=EDGE_CURVE('',#4677,#4680,#5532,.F.);
#3543=EDGE_CURVE('',#4681,#4682,#5533,.F.);
#3544=EDGE_CURVE('',#4677,#4681,#571,.F.);
#3545=EDGE_CURVE('',#4682,#4680,#572,.T.);
#3546=EDGE_CURVE('',#4681,#4683,#5534,.T.);
#3547=EDGE_CURVE('',#4682,#4684,#5535,.T.);
#3548=EDGE_CURVE('',#4683,#4684,#5536,.F.);
#3549=EDGE_CURVE('',#4685,#4676,#5537,.T.);
#3550=EDGE_CURVE('',#4686,#4675,#5538,.T.);
#3551=EDGE_CURVE('',#4685,#4686,#5539,.T.);
#3552=EDGE_CURVE('',#4687,#4688,#5540,.T.);
#3553=EDGE_CURVE('',#4683,#4688,#573,.F.);
#3554=EDGE_CURVE('',#4687,#4684,#574,.T.);
#3555=EDGE_CURVE('',#4686,#4688,#575,.F.);
#3556=EDGE_CURVE('',#4687,#4685,#576,.T.);
#3557=EDGE_CURVE('',#4689,#4679,#5541,.T.);
#3558=EDGE_CURVE('',#4690,#4678,#5542,.T.);
#3559=EDGE_CURVE('',#4689,#4690,#5543,.T.);
#3560=EDGE_CURVE('',#4690,#4691,#577,.F.);
#3561=EDGE_CURVE('',#4692,#4691,#5544,.T.);
#3562=EDGE_CURVE('',#4692,#4689,#578,.T.);
#3563=EDGE_CURVE('',#4693,#4694,#579,.F.);
#3564=EDGE_CURVE('',#4695,#4694,#5545,.T.);
#3565=EDGE_CURVE('',#4695,#4696,#580,.T.);
#3566=EDGE_CURVE('',#4693,#4696,#5546,.F.);
#3567=EDGE_CURVE('',#4697,#4698,#5547,.F.);
#3568=EDGE_CURVE('',#4693,#4697,#581,.F.);
#3569=EDGE_CURVE('',#4698,#4696,#582,.T.);
#3570=EDGE_CURVE('',#4699,#4700,#5548,.T.);
#3571=EDGE_CURVE('',#4699,#4692,#5549,.F.);
#3572=EDGE_CURVE('',#4700,#4691,#5550,.F.);
#3573=EDGE_CURVE('',#4697,#4701,#5551,.F.);
#3574=EDGE_CURVE('',#4698,#4702,#5552,.T.);
#3575=EDGE_CURVE('',#4701,#4702,#5553,.F.);
#3576=EDGE_CURVE('',#4703,#4699,#583,.T.);
#3577=EDGE_CURVE('',#4700,#4704,#584,.F.);
#3578=EDGE_CURVE('',#4704,#4703,#5554,.F.);
#3579=EDGE_CURVE('',#4701,#4704,#585,.F.);
#3580=EDGE_CURVE('',#4703,#4702,#586,.T.);
#3581=EDGE_CURVE('',#4705,#4706,#5555,.T.);
#3582=EDGE_CURVE('',#4705,#4695,#5556,.F.);
#3583=EDGE_CURVE('',#4706,#4694,#5557,.F.);
#3584=EDGE_CURVE('',#4706,#4707,#587,.F.);
#3585=EDGE_CURVE('',#4708,#4707,#5558,.T.);
#3586=EDGE_CURVE('',#4708,#4705,#588,.T.);
#3587=EDGE_CURVE('',#4709,#4710,#5559,.T.);
#3588=EDGE_CURVE('',#4657,#4710,#5560,.F.);
#3589=EDGE_CURVE('',#4660,#4709,#5561,.F.);
#3590=EDGE_CURVE('',#4711,#4712,#5562,.T.);
#3591=EDGE_CURVE('',#4711,#4708,#5563,.F.);
#3592=EDGE_CURVE('',#4712,#4707,#5564,.F.);
#3593=EDGE_CURVE('',#4713,#4711,#589,.T.);
#3594=EDGE_CURVE('',#4712,#4714,#590,.F.);
#3595=EDGE_CURVE('',#4714,#4713,#5565,.F.);
#3596=EDGE_CURVE('',#4715,#4714,#591,.T.);
#3597=EDGE_CURVE('',#4715,#4716,#5566,.T.);
#3598=EDGE_CURVE('',#4713,#4716,#592,.F.);
#3599=EDGE_CURVE('',#4717,#4718,#593,.T.);
#3600=EDGE_CURVE('',#4718,#4715,#5567,.F.);
#3601=EDGE_CURVE('',#4717,#4710,#594,.F.);
#3602=EDGE_CURVE('',#4709,#4719,#595,.T.);
#3603=EDGE_CURVE('',#4720,#4716,#5568,.F.);
#3604=EDGE_CURVE('',#4720,#4719,#596,.F.);
#3605=EDGE_CURVE('',#4717,#4719,#5569,.T.);
#3606=EDGE_CURVE('',#4718,#4720,#5570,.F.);
#3607=EDGE_CURVE('',#4721,#4721,#597,.T.);
#3608=EDGE_CURVE('',#4722,#4722,#598,.T.);
#3609=EDGE_CURVE('',#4723,#4723,#599,.T.);
#3610=EDGE_CURVE('',#4724,#4724,#600,.T.);
#3611=EDGE_CURVE('',#4725,#4726,#5571,.T.);
#3612=EDGE_CURVE('',#4727,#4725,#5572,.T.);
#3613=EDGE_CURVE('',#4728,#4727,#5573,.T.);
#3614=EDGE_CURVE('',#4729,#4728,#5574,.T.);
#3615=EDGE_CURVE('',#4730,#4729,#5575,.T.);
#3616=EDGE_CURVE('',#4726,#4730,#5576,.T.);
#3617=EDGE_CURVE('',#4725,#4731,#5577,.T.);
#3618=EDGE_CURVE('',#4726,#4732,#5578,.T.);
#3619=EDGE_CURVE('',#4731,#4732,#5579,.T.);
#3620=EDGE_CURVE('',#4727,#4733,#5580,.T.);
#3621=EDGE_CURVE('',#4733,#4731,#5581,.T.);
#3622=EDGE_CURVE('',#4728,#4734,#5582,.T.);
#3623=EDGE_CURVE('',#4734,#4733,#5583,.T.);
#3624=EDGE_CURVE('',#4729,#4735,#5584,.T.);
#3625=EDGE_CURVE('',#4735,#4734,#5585,.T.);
#3626=EDGE_CURVE('',#4730,#4736,#5586,.T.);
#3627=EDGE_CURVE('',#4736,#4735,#5587,.T.);
#3628=EDGE_CURVE('',#4732,#4736,#5588,.T.);
#3629=EDGE_CURVE('',#4737,#4737,#601,.T.);
#3630=EDGE_CURVE('',#4738,#4739,#5589,.T.);
#3631=EDGE_CURVE('',#4739,#4740,#5590,.T.);
#3632=EDGE_CURVE('',#4740,#4741,#5591,.T.);
#3633=EDGE_CURVE('',#4741,#4742,#5592,.F.);
#3634=EDGE_CURVE('',#4742,#4743,#5593,.T.);
#3635=EDGE_CURVE('',#4743,#4738,#5594,.T.);
#3636=EDGE_CURVE('',#4744,#4744,#602,.F.);
#3637=EDGE_CURVE('',#4745,#4738,#5595,.T.);
#3638=EDGE_CURVE('',#4745,#4746,#5596,.T.);
#3639=EDGE_CURVE('',#4746,#4739,#5597,.T.);
#3640=EDGE_CURVE('',#4746,#4747,#5598,.T.);
#3641=EDGE_CURVE('',#4747,#4740,#5599,.T.);
#3642=EDGE_CURVE('',#4747,#4748,#5600,.T.);
#3643=EDGE_CURVE('',#4748,#4741,#5601,.T.);
#3644=EDGE_CURVE('',#4748,#4749,#5602,.T.);
#3645=EDGE_CURVE('',#4749,#4742,#5603,.T.);
#3646=EDGE_CURVE('',#4749,#4750,#5604,.T.);
#3647=EDGE_CURVE('',#4750,#4743,#5605,.T.);
#3648=EDGE_CURVE('',#4750,#4745,#5606,.T.);
#3649=EDGE_CURVE('',#4751,#4751,#603,.T.);
#3650=EDGE_CURVE('',#4752,#4752,#604,.T.);
#3651=EDGE_CURVE('',#4753,#4753,#605,.T.);
#3652=EDGE_CURVE('',#4754,#4754,#606,.T.);
#3653=EDGE_CURVE('',#4755,#4755,#607,.T.);
#3654=EDGE_CURVE('',#4756,#4756,#608,.T.);
#3655=EDGE_CURVE('',#4757,#4758,#5607,.T.);
#3656=EDGE_CURVE('',#4759,#4757,#5608,.T.);
#3657=EDGE_CURVE('',#4760,#4759,#5609,.T.);
#3658=EDGE_CURVE('',#4761,#4760,#5610,.T.);
#3659=EDGE_CURVE('',#4762,#4761,#5611,.T.);
#3660=EDGE_CURVE('',#4758,#4762,#5612,.T.);
#3661=EDGE_CURVE('',#4757,#4763,#5613,.T.);
#3662=EDGE_CURVE('',#4758,#4764,#5614,.T.);
#3663=EDGE_CURVE('',#4763,#4764,#5615,.T.);
#3664=EDGE_CURVE('',#4759,#4765,#5616,.T.);
#3665=EDGE_CURVE('',#4765,#4763,#5617,.T.);
#3666=EDGE_CURVE('',#4760,#4766,#5618,.T.);
#3667=EDGE_CURVE('',#4766,#4765,#5619,.T.);
#3668=EDGE_CURVE('',#4761,#4767,#5620,.T.);
#3669=EDGE_CURVE('',#4767,#4766,#5621,.T.);
#3670=EDGE_CURVE('',#4762,#4768,#5622,.T.);
#3671=EDGE_CURVE('',#4768,#4767,#5623,.T.);
#3672=EDGE_CURVE('',#4764,#4768,#5624,.T.);
#3673=EDGE_CURVE('',#4769,#4770,#5625,.T.);
#3674=EDGE_CURVE('',#4769,#4771,#5626,.F.);
#3675=EDGE_CURVE('',#4771,#4772,#5627,.T.);
#3676=EDGE_CURVE('',#4770,#4772,#5628,.T.);
#3677=EDGE_CURVE('',#4771,#4773,#5629,.T.);
#3678=EDGE_CURVE('',#4773,#4774,#5630,.T.);
#3679=EDGE_CURVE('',#4772,#4774,#5631,.F.);
#3680=EDGE_CURVE('',#4773,#4775,#5632,.F.);
#3681=EDGE_CURVE('',#4775,#4776,#5633,.T.);
#3682=EDGE_CURVE('',#4774,#4776,#5634,.F.);
#3683=EDGE_CURVE('',#4775,#4769,#5635,.T.);
#3684=EDGE_CURVE('',#4776,#4770,#5636,.T.);
#3685=EDGE_CURVE('',#4777,#4778,#5637,.T.);
#3686=EDGE_CURVE('',#4777,#4779,#5638,.T.);
#3687=EDGE_CURVE('',#4779,#4780,#5639,.T.);
#3688=EDGE_CURVE('',#4778,#4780,#5640,.T.);
#3689=EDGE_CURVE('',#4779,#4781,#5641,.T.);
#3690=EDGE_CURVE('',#4781,#4782,#5642,.T.);
#3691=EDGE_CURVE('',#4780,#4782,#5643,.T.);
#3692=EDGE_CURVE('',#4781,#4783,#5644,.T.);
#3693=EDGE_CURVE('',#4783,#4784,#5645,.T.);
#3694=EDGE_CURVE('',#4782,#4784,#5646,.F.);
#3695=EDGE_CURVE('',#4783,#4777,#5647,.T.);
#3696=EDGE_CURVE('',#4784,#4778,#5648,.F.);
#3697=EDGE_CURVE('',#4785,#4785,#609,.T.);
#3698=EDGE_CURVE('',#4786,#4786,#610,.T.);
#3699=EDGE_CURVE('',#4787,#4787,#611,.T.);
#3700=EDGE_CURVE('',#4788,#4788,#612,.T.);
#3701=EDGE_CURVE('',#4789,#4790,#5649,.T.);
#3702=EDGE_CURVE('',#4791,#4789,#5650,.T.);
#3703=EDGE_CURVE('',#4792,#4791,#5651,.T.);
#3704=EDGE_CURVE('',#4793,#4792,#5652,.T.);
#3705=EDGE_CURVE('',#4794,#4793,#5653,.T.);
#3706=EDGE_CURVE('',#4790,#4794,#5654,.T.);
#3707=EDGE_CURVE('',#4789,#4795,#5655,.T.);
#3708=EDGE_CURVE('',#4790,#4796,#5656,.T.);
#3709=EDGE_CURVE('',#4795,#4796,#5657,.T.);
#3710=EDGE_CURVE('',#4791,#4797,#5658,.T.);
#3711=EDGE_CURVE('',#4797,#4795,#5659,.T.);
#3712=EDGE_CURVE('',#4792,#4798,#5660,.T.);
#3713=EDGE_CURVE('',#4798,#4797,#5661,.T.);
#3714=EDGE_CURVE('',#4793,#4799,#5662,.T.);
#3715=EDGE_CURVE('',#4799,#4798,#5663,.T.);
#3716=EDGE_CURVE('',#4794,#4800,#5664,.T.);
#3717=EDGE_CURVE('',#4800,#4799,#5665,.T.);
#3718=EDGE_CURVE('',#4796,#4800,#5666,.T.);
#3719=EDGE_CURVE('',#4801,#4801,#613,.T.);
#3720=EDGE_CURVE('',#4802,#4803,#5667,.T.);
#3721=EDGE_CURVE('',#4803,#4804,#5668,.T.);
#3722=EDGE_CURVE('',#4804,#4805,#5669,.T.);
#3723=EDGE_CURVE('',#4805,#4806,#5670,.F.);
#3724=EDGE_CURVE('',#4806,#4807,#5671,.T.);
#3725=EDGE_CURVE('',#4807,#4802,#5672,.T.);
#3726=EDGE_CURVE('',#4808,#4808,#614,.F.);
#3727=EDGE_CURVE('',#4809,#4802,#5673,.T.);
#3728=EDGE_CURVE('',#4809,#4810,#5674,.T.);
#3729=EDGE_CURVE('',#4810,#4803,#5675,.T.);
#3730=EDGE_CURVE('',#4810,#4811,#5676,.T.);
#3731=EDGE_CURVE('',#4811,#4804,#5677,.T.);
#3732=EDGE_CURVE('',#4811,#4812,#5678,.T.);
#3733=EDGE_CURVE('',#4812,#4805,#5679,.T.);
#3734=EDGE_CURVE('',#4812,#4813,#5680,.T.);
#3735=EDGE_CURVE('',#4813,#4806,#5681,.T.);
#3736=EDGE_CURVE('',#4813,#4814,#5682,.T.);
#3737=EDGE_CURVE('',#4814,#4807,#5683,.T.);
#3738=EDGE_CURVE('',#4814,#4809,#5684,.T.);
#3739=EDGE_CURVE('',#4815,#4815,#615,.T.);
#3740=EDGE_CURVE('',#4816,#4816,#616,.T.);
#3741=EDGE_CURVE('',#4817,#4817,#617,.T.);
#3742=EDGE_CURVE('',#4818,#4818,#618,.T.);
#3743=EDGE_CURVE('',#4819,#4819,#619,.T.);
#3744=EDGE_CURVE('',#4820,#4820,#620,.T.);
#3745=EDGE_CURVE('',#4821,#4822,#5685,.T.);
#3746=EDGE_CURVE('',#4823,#4821,#5686,.T.);
#3747=EDGE_CURVE('',#4824,#4823,#5687,.T.);
#3748=EDGE_CURVE('',#4825,#4824,#5688,.T.);
#3749=EDGE_CURVE('',#4826,#4825,#5689,.T.);
#3750=EDGE_CURVE('',#4822,#4826,#5690,.T.);
#3751=EDGE_CURVE('',#4821,#4827,#5691,.T.);
#3752=EDGE_CURVE('',#4822,#4828,#5692,.T.);
#3753=EDGE_CURVE('',#4827,#4828,#5693,.T.);
#3754=EDGE_CURVE('',#4823,#4829,#5694,.T.);
#3755=EDGE_CURVE('',#4829,#4827,#5695,.T.);
#3756=EDGE_CURVE('',#4824,#4830,#5696,.T.);
#3757=EDGE_CURVE('',#4830,#4829,#5697,.T.);
#3758=EDGE_CURVE('',#4825,#4831,#5698,.T.);
#3759=EDGE_CURVE('',#4831,#4830,#5699,.T.);
#3760=EDGE_CURVE('',#4826,#4832,#5700,.T.);
#3761=EDGE_CURVE('',#4832,#4831,#5701,.T.);
#3762=EDGE_CURVE('',#4828,#4832,#5702,.T.);
#3763=EDGE_CURVE('',#4833,#4833,#621,.T.);
#3764=EDGE_CURVE('',#4834,#4834,#622,.T.);
#3765=EDGE_CURVE('',#4835,#4835,#623,.T.);
#3766=EDGE_CURVE('',#4836,#4836,#624,.T.);
#3767=EDGE_CURVE('',#4837,#4838,#5703,.T.);
#3768=EDGE_CURVE('',#4839,#4837,#5704,.T.);
#3769=EDGE_CURVE('',#4840,#4839,#5705,.T.);
#3770=EDGE_CURVE('',#4841,#4840,#5706,.T.);
#3771=EDGE_CURVE('',#4842,#4841,#5707,.T.);
#3772=EDGE_CURVE('',#4838,#4842,#5708,.T.);
#3773=EDGE_CURVE('',#4837,#4843,#5709,.T.);
#3774=EDGE_CURVE('',#4838,#4844,#5710,.T.);
#3775=EDGE_CURVE('',#4843,#4844,#5711,.T.);
#3776=EDGE_CURVE('',#4839,#4845,#5712,.T.);
#3777=EDGE_CURVE('',#4845,#4843,#5713,.T.);
#3778=EDGE_CURVE('',#4840,#4846,#5714,.T.);
#3779=EDGE_CURVE('',#4846,#4845,#5715,.T.);
#3780=EDGE_CURVE('',#4841,#4847,#5716,.T.);
#3781=EDGE_CURVE('',#4847,#4846,#5717,.T.);
#3782=EDGE_CURVE('',#4842,#4848,#5718,.T.);
#3783=EDGE_CURVE('',#4848,#4847,#5719,.T.);
#3784=EDGE_CURVE('',#4844,#4848,#5720,.T.);
#3785=EDGE_CURVE('',#4849,#4849,#625,.T.);
#3786=EDGE_CURVE('',#4850,#4851,#5721,.T.);
#3787=EDGE_CURVE('',#4851,#4852,#5722,.T.);
#3788=EDGE_CURVE('',#4852,#4853,#5723,.T.);
#3789=EDGE_CURVE('',#4853,#4854,#5724,.F.);
#3790=EDGE_CURVE('',#4854,#4855,#5725,.T.);
#3791=EDGE_CURVE('',#4855,#4850,#5726,.T.);
#3792=EDGE_CURVE('',#4856,#4856,#626,.F.);
#3793=EDGE_CURVE('',#4857,#4850,#5727,.T.);
#3794=EDGE_CURVE('',#4857,#4858,#5728,.T.);
#3795=EDGE_CURVE('',#4858,#4851,#5729,.T.);
#3796=EDGE_CURVE('',#4858,#4859,#5730,.T.);
#3797=EDGE_CURVE('',#4859,#4852,#5731,.T.);
#3798=EDGE_CURVE('',#4859,#4860,#5732,.T.);
#3799=EDGE_CURVE('',#4860,#4853,#5733,.T.);
#3800=EDGE_CURVE('',#4860,#4861,#5734,.T.);
#3801=EDGE_CURVE('',#4861,#4854,#5735,.T.);
#3802=EDGE_CURVE('',#4861,#4862,#5736,.T.);
#3803=EDGE_CURVE('',#4862,#4855,#5737,.T.);
#3804=EDGE_CURVE('',#4862,#4857,#5738,.T.);
#3805=EDGE_CURVE('',#4863,#4863,#627,.T.);
#3806=EDGE_CURVE('',#4864,#4864,#628,.T.);
#3807=EDGE_CURVE('',#4865,#4865,#629,.T.);
#3808=EDGE_CURVE('',#4866,#4867,#5739,.T.);
#3809=EDGE_CURVE('',#4867,#4868,#5740,.T.);
#3810=EDGE_CURVE('',#4868,#4869,#5741,.T.);
#3811=EDGE_CURVE('',#4869,#4870,#5742,.F.);
#3812=EDGE_CURVE('',#4870,#4871,#5743,.T.);
#3813=EDGE_CURVE('',#4871,#4866,#5744,.T.);
#3814=EDGE_CURVE('',#4872,#4872,#630,.F.);
#3815=EDGE_CURVE('',#4873,#4866,#5745,.T.);
#3816=EDGE_CURVE('',#4873,#4874,#5746,.T.);
#3817=EDGE_CURVE('',#4874,#4867,#5747,.T.);
#3818=EDGE_CURVE('',#4874,#4875,#5748,.T.);
#3819=EDGE_CURVE('',#4875,#4868,#5749,.T.);
#3820=EDGE_CURVE('',#4875,#4876,#5750,.T.);
#3821=EDGE_CURVE('',#4876,#4869,#5751,.T.);
#3822=EDGE_CURVE('',#4876,#4877,#5752,.T.);
#3823=EDGE_CURVE('',#4877,#4870,#5753,.T.);
#3824=EDGE_CURVE('',#4877,#4878,#5754,.T.);
#3825=EDGE_CURVE('',#4878,#4871,#5755,.T.);
#3826=EDGE_CURVE('',#4878,#4873,#5756,.T.);
#3827=EDGE_CURVE('',#4879,#4879,#631,.T.);
#3828=EDGE_CURVE('',#4880,#4880,#632,.T.);
#3829=EDGE_CURVE('',#4881,#4882,#5757,.T.);
#3830=EDGE_CURVE('',#4881,#4883,#5758,.F.);
#3831=EDGE_CURVE('',#4883,#4884,#5759,.T.);
#3832=EDGE_CURVE('',#4882,#4884,#5760,.T.);
#3833=EDGE_CURVE('',#4883,#4885,#5761,.T.);
#3834=EDGE_CURVE('',#4885,#4886,#5762,.T.);
#3835=EDGE_CURVE('',#4884,#4886,#5763,.F.);
#3836=EDGE_CURVE('',#4885,#4887,#5764,.F.);
#3837=EDGE_CURVE('',#4887,#4888,#5765,.T.);
#3838=EDGE_CURVE('',#4886,#4888,#5766,.F.);
#3839=EDGE_CURVE('',#4887,#4881,#5767,.T.);
#3840=EDGE_CURVE('',#4888,#4882,#5768,.T.);
#3841=EDGE_CURVE('',#4889,#4889,#633,.T.);
#3842=EDGE_CURVE('',#4890,#4891,#5769,.T.);
#3843=EDGE_CURVE('',#4891,#4892,#5770,.T.);
#3844=EDGE_CURVE('',#4892,#4893,#5771,.T.);
#3845=EDGE_CURVE('',#4893,#4894,#5772,.F.);
#3846=EDGE_CURVE('',#4894,#4895,#5773,.T.);
#3847=EDGE_CURVE('',#4895,#4890,#5774,.T.);
#3848=EDGE_CURVE('',#4896,#4896,#634,.F.);
#3849=EDGE_CURVE('',#4897,#4890,#5775,.T.);
#3850=EDGE_CURVE('',#4897,#4898,#5776,.T.);
#3851=EDGE_CURVE('',#4898,#4891,#5777,.T.);
#3852=EDGE_CURVE('',#4898,#4899,#5778,.T.);
#3853=EDGE_CURVE('',#4899,#4892,#5779,.T.);
#3854=EDGE_CURVE('',#4899,#4900,#5780,.T.);
#3855=EDGE_CURVE('',#4900,#4893,#5781,.T.);
#3856=EDGE_CURVE('',#4900,#4901,#5782,.T.);
#3857=EDGE_CURVE('',#4901,#4894,#5783,.T.);
#3858=EDGE_CURVE('',#4901,#4902,#5784,.T.);
#3859=EDGE_CURVE('',#4902,#4895,#5785,.T.);
#3860=EDGE_CURVE('',#4902,#4897,#5786,.T.);
#3861=EDGE_CURVE('',#4903,#4903,#635,.T.);
#3862=EDGE_CURVE('',#4904,#4904,#636,.T.);
#3863=EDGE_CURVE('',#4905,#4905,#637,.T.);
#3864=EDGE_CURVE('',#4906,#4906,#638,.T.);
#3865=EDGE_CURVE('',#4907,#4907,#639,.T.);
#3866=EDGE_CURVE('',#4908,#4908,#640,.T.);
#3867=EDGE_CURVE('',#4909,#4910,#5787,.T.);
#3868=EDGE_CURVE('',#4911,#4909,#5788,.T.);
#3869=EDGE_CURVE('',#4912,#4911,#5789,.T.);
#3870=EDGE_CURVE('',#4913,#4912,#5790,.T.);
#3871=EDGE_CURVE('',#4914,#4913,#5791,.T.);
#3872=EDGE_CURVE('',#4910,#4914,#5792,.T.);
#3873=EDGE_CURVE('',#4909,#4915,#5793,.T.);
#3874=EDGE_CURVE('',#4910,#4916,#5794,.T.);
#3875=EDGE_CURVE('',#4915,#4916,#5795,.T.);
#3876=EDGE_CURVE('',#4911,#4917,#5796,.T.);
#3877=EDGE_CURVE('',#4917,#4915,#5797,.T.);
#3878=EDGE_CURVE('',#4912,#4918,#5798,.T.);
#3879=EDGE_CURVE('',#4918,#4917,#5799,.T.);
#3880=EDGE_CURVE('',#4913,#4919,#5800,.T.);
#3881=EDGE_CURVE('',#4919,#4918,#5801,.T.);
#3882=EDGE_CURVE('',#4914,#4920,#5802,.T.);
#3883=EDGE_CURVE('',#4920,#4919,#5803,.T.);
#3884=EDGE_CURVE('',#4916,#4920,#5804,.T.);
#3885=EDGE_CURVE('',#4921,#4921,#641,.T.);
#3886=EDGE_CURVE('',#4922,#4922,#642,.T.);
#3887=EDGE_CURVE('',#4923,#4923,#643,.T.);
#3888=EDGE_CURVE('',#4924,#4924,#644,.T.);
#3889=EDGE_CURVE('',#4925,#4925,#645,.T.);
#3890=EDGE_CURVE('',#4926,#4926,#646,.T.);
#3891=EDGE_CURVE('',#4927,#4928,#647,.T.);
#3892=EDGE_CURVE('',#4927,#4929,#5805,.T.);
#3893=EDGE_CURVE('',#4929,#4930,#648,.T.);
#3894=EDGE_CURVE('',#4928,#4930,#5806,.T.);
#3895=EDGE_CURVE('',#4931,#4930,#5807,.T.);
#3896=EDGE_CURVE('',#4931,#4932,#5808,.T.);
#3897=EDGE_CURVE('',#4932,#4928,#5809,.T.);
#3898=EDGE_CURVE('',#4932,#4933,#649,.T.);
#3899=EDGE_CURVE('',#4931,#4934,#650,.T.);
#3900=EDGE_CURVE('',#4933,#4934,#5810,.T.);
#3901=EDGE_CURVE('',#4934,#4935,#5811,.T.);
#3902=EDGE_CURVE('',#4936,#4935,#5812,.T.);
#3903=EDGE_CURVE('',#4933,#4936,#5813,.T.);
#3904=EDGE_CURVE('',#4936,#4937,#651,.T.);
#3905=EDGE_CURVE('',#4935,#4938,#652,.T.);
#3906=EDGE_CURVE('',#4937,#4938,#5814,.T.);
#3907=EDGE_CURVE('',#4938,#4939,#5815,.T.);
#3908=EDGE_CURVE('',#4939,#4940,#5816,.T.);
#3909=EDGE_CURVE('',#4937,#4940,#5817,.T.);
#3910=EDGE_CURVE('',#4940,#4941,#653,.T.);
#3911=EDGE_CURVE('',#4939,#4942,#654,.T.);
#3912=EDGE_CURVE('',#4941,#4942,#5818,.T.);
#3913=EDGE_CURVE('',#4927,#4941,#5819,.T.);
#3914=EDGE_CURVE('',#4929,#4942,#5820,.T.);
#3915=EDGE_CURVE('',#4943,#4943,#655,.T.);
#3916=EDGE_CURVE('',#4944,#4944,#656,.T.);
#3917=EDGE_CURVE('',#4945,#4945,#657,.T.);
#3918=EDGE_CURVE('',#4946,#4947,#5821,.T.);
#3919=EDGE_CURVE('',#4948,#4946,#658,.T.);
#3920=EDGE_CURVE('',#4948,#4949,#5822,.T.);
#3921=EDGE_CURVE('',#4949,#4950,#659,.T.);
#3922=EDGE_CURVE('',#4950,#4951,#5823,.T.);
#3923=EDGE_CURVE('',#4952,#4951,#660,.T.);
#3924=EDGE_CURVE('',#4953,#4952,#5824,.T.);
#3925=EDGE_CURVE('',#4953,#4947,#661,.T.);
#3926=EDGE_CURVE('',#4954,#4954,#662,.T.);
#3927=EDGE_CURVE('',#4955,#4955,#663,.T.);
#3928=EDGE_CURVE('',#4956,#4956,#664,.T.);
#3929=EDGE_CURVE('',#4957,#4957,#665,.T.);
#3930=EDGE_CURVE('',#4958,#4959,#666,.T.);
#3931=EDGE_CURVE('',#4958,#4947,#5825,.T.);
#3932=EDGE_CURVE('',#4959,#4953,#5826,.T.);
#3933=EDGE_CURVE('',#4960,#4958,#5827,.T.);
#3934=EDGE_CURVE('',#4946,#4960,#5828,.T.);
#3935=EDGE_CURVE('',#4961,#4960,#667,.T.);
#3936=EDGE_CURVE('',#4961,#4948,#5829,.T.);
#3937=EDGE_CURVE('',#4961,#4962,#5830,.T.);
#3938=EDGE_CURVE('',#4962,#4949,#5831,.T.);
#3939=EDGE_CURVE('',#4963,#4962,#668,.T.);
#3940=EDGE_CURVE('',#4963,#4950,#5832,.T.);
#3941=EDGE_CURVE('',#4963,#4964,#5833,.T.);
#3942=EDGE_CURVE('',#4951,#4964,#5834,.T.);
#3943=EDGE_CURVE('',#4965,#4964,#669,.T.);
#3944=EDGE_CURVE('',#4965,#4952,#5835,.T.);
#3945=EDGE_CURVE('',#4959,#4965,#5836,.T.);
#3946=EDGE_CURVE('',#4966,#4966,#670,.T.);
#3947=EDGE_CURVE('',#4967,#4967,#671,.T.);
#3948=EDGE_CURVE('',#4968,#4968,#672,.T.);
#3949=EDGE_CURVE('',#4969,#4969,#673,.T.);
#3950=EDGE_CURVE('',#4970,#4971,#5837,.T.);
#3951=EDGE_CURVE('',#4971,#4972,#5838,.T.);
#3952=EDGE_CURVE('',#4972,#4973,#5839,.T.);
#3953=EDGE_CURVE('',#4973,#4974,#5840,.F.);
#3954=EDGE_CURVE('',#4974,#4975,#5841,.T.);
#3955=EDGE_CURVE('',#4975,#4970,#5842,.T.);
#3956=EDGE_CURVE('',#4976,#4976,#674,.F.);
#3957=EDGE_CURVE('',#4977,#4970,#5843,.T.);
#3958=EDGE_CURVE('',#4977,#4978,#5844,.T.);
#3959=EDGE_CURVE('',#4978,#4971,#5845,.T.);
#3960=EDGE_CURVE('',#4978,#4979,#5846,.T.);
#3961=EDGE_CURVE('',#4979,#4972,#5847,.T.);
#3962=EDGE_CURVE('',#4979,#4980,#5848,.T.);
#3963=EDGE_CURVE('',#4980,#4973,#5849,.T.);
#3964=EDGE_CURVE('',#4980,#4981,#5850,.T.);
#3965=EDGE_CURVE('',#4981,#4974,#5851,.T.);
#3966=EDGE_CURVE('',#4981,#4982,#5852,.T.);
#3967=EDGE_CURVE('',#4982,#4975,#5853,.T.);
#3968=EDGE_CURVE('',#4982,#4977,#5854,.T.);
#3969=EDGE_CURVE('',#4983,#4983,#675,.T.);
#3970=EDGE_CURVE('',#4984,#4984,#676,.T.);
#3971=EDGE_CURVE('',#4985,#4985,#677,.T.);
#3972=EDGE_CURVE('',#4986,#4986,#678,.T.);
#3973=EDGE_CURVE('',#4987,#4987,#679,.T.);
#3974=EDGE_CURVE('',#4988,#4988,#680,.T.);
#3975=EDGE_CURVE('',#4989,#4990,#5855,.T.);
#3976=EDGE_CURVE('',#4991,#4989,#5856,.T.);
#3977=EDGE_CURVE('',#4992,#4991,#5857,.T.);
#3978=EDGE_CURVE('',#4993,#4992,#5858,.T.);
#3979=EDGE_CURVE('',#4994,#4993,#5859,.T.);
#3980=EDGE_CURVE('',#4990,#4994,#5860,.T.);
#3981=EDGE_CURVE('',#4989,#4995,#5861,.T.);
#3982=EDGE_CURVE('',#4990,#4996,#5862,.T.);
#3983=EDGE_CURVE('',#4995,#4996,#5863,.T.);
#3984=EDGE_CURVE('',#4991,#4997,#5864,.T.);
#3985=EDGE_CURVE('',#4997,#4995,#5865,.T.);
#3986=EDGE_CURVE('',#4992,#4998,#5866,.T.);
#3987=EDGE_CURVE('',#4998,#4997,#5867,.T.);
#3988=EDGE_CURVE('',#4993,#4999,#5868,.T.);
#3989=EDGE_CURVE('',#4999,#4998,#5869,.T.);
#3990=EDGE_CURVE('',#4994,#5000,#5870,.T.);
#3991=EDGE_CURVE('',#5000,#4999,#5871,.T.);
#3992=EDGE_CURVE('',#4996,#5000,#5872,.T.);
#3993=EDGE_CURVE('',#5001,#5001,#681,.T.);
#3994=EDGE_CURVE('',#5002,#5002,#682,.T.);
#3995=EDGE_CURVE('',#5003,#5003,#683,.T.);
#3996=EDGE_CURVE('',#5004,#5004,#684,.T.);
#3997=EDGE_CURVE('',#5005,#5005,#685,.T.);
#3998=EDGE_CURVE('',#5006,#5006,#686,.T.);
#3999=EDGE_CURVE('',#5007,#5007,#687,.T.);
#4000=EDGE_CURVE('',#5008,#5008,#688,.T.);
#4001=EDGE_CURVE('',#5009,#5010,#689,.F.);
#4002=EDGE_CURVE('',#5011,#5010,#5873,.T.);
#4003=EDGE_CURVE('',#5011,#5012,#690,.T.);
#4004=EDGE_CURVE('',#5012,#5009,#5874,.T.);
#4005=EDGE_CURVE('',#5013,#5014,#691,.F.);
#4006=EDGE_CURVE('',#5015,#5014,#5875,.T.);
#4007=EDGE_CURVE('',#5015,#5016,#692,.T.);
#4008=EDGE_CURVE('',#5013,#5016,#5876,.T.);
#4009=EDGE_CURVE('',#5017,#5018,#5877,.F.);
#4010=EDGE_CURVE('',#5013,#5017,#693,.T.);
#4011=EDGE_CURVE('',#5018,#5016,#694,.F.);
#4012=EDGE_CURVE('',#5019,#5020,#5878,.F.);
#4013=EDGE_CURVE('',#5017,#5019,#5879,.T.);
#4014=EDGE_CURVE('',#5018,#5020,#5880,.F.);
#4015=EDGE_CURVE('',#5021,#5022,#5881,.F.);
#4016=EDGE_CURVE('',#5021,#5011,#5882,.F.);
#4017=EDGE_CURVE('',#5022,#5010,#5883,.T.);
#4018=EDGE_CURVE('',#5023,#5024,#5884,.T.);
#4019=EDGE_CURVE('',#5019,#5024,#695,.F.);
#4020=EDGE_CURVE('',#5023,#5020,#696,.T.);
#4021=EDGE_CURVE('',#5022,#5024,#697,.T.);
#4022=EDGE_CURVE('',#5023,#5021,#698,.F.);
#4023=EDGE_CURVE('',#5025,#5026,#5885,.T.);
#4024=EDGE_CURVE('',#5025,#5015,#5886,.F.);
#4025=EDGE_CURVE('',#5026,#5014,#5887,.T.);
#4026=EDGE_CURVE('',#5026,#5027,#699,.F.);
#4027=EDGE_CURVE('',#5028,#5027,#5888,.T.);
#4028=EDGE_CURVE('',#5028,#5025,#700,.T.);
#4029=EDGE_CURVE('',#5029,#5030,#701,.F.);
#4030=EDGE_CURVE('',#5031,#5030,#5889,.T.);
#4031=EDGE_CURVE('',#5031,#5032,#702,.T.);
#4032=EDGE_CURVE('',#5029,#5032,#5890,.F.);
#4033=EDGE_CURVE('',#5033,#5034,#5891,.F.);
#4034=EDGE_CURVE('',#5029,#5033,#703,.F.);
#4035=EDGE_CURVE('',#5034,#5032,#704,.T.);
#4036=EDGE_CURVE('',#5033,#5035,#5892,.T.);
#4037=EDGE_CURVE('',#5034,#5036,#5893,.T.);
#4038=EDGE_CURVE('',#5035,#5036,#5894,.F.);
#4039=EDGE_CURVE('',#5037,#5028,#5895,.T.);
#4040=EDGE_CURVE('',#5038,#5027,#5896,.T.);
#4041=EDGE_CURVE('',#5037,#5038,#5897,.T.);
#4042=EDGE_CURVE('',#5039,#5040,#5898,.T.);
#4043=EDGE_CURVE('',#5035,#5040,#705,.F.);
#4044=EDGE_CURVE('',#5039,#5036,#706,.T.);
#4045=EDGE_CURVE('',#5038,#5040,#707,.F.);
#4046=EDGE_CURVE('',#5039,#5037,#708,.T.);
#4047=EDGE_CURVE('',#5041,#5031,#5899,.T.);
#4048=EDGE_CURVE('',#5042,#5030,#5900,.T.);
#4049=EDGE_CURVE('',#5041,#5042,#5901,.T.);
#4050=EDGE_CURVE('',#5042,#5043,#709,.F.);
#4051=EDGE_CURVE('',#5044,#5043,#5902,.T.);
#4052=EDGE_CURVE('',#5044,#5041,#710,.T.);
#4053=EDGE_CURVE('',#5045,#5046,#711,.F.);
#4054=EDGE_CURVE('',#5047,#5046,#5903,.T.);
#4055=EDGE_CURVE('',#5047,#5048,#712,.T.);
#4056=EDGE_CURVE('',#5045,#5048,#5904,.F.);
#4057=EDGE_CURVE('',#5049,#5050,#5905,.F.);
#4058=EDGE_CURVE('',#5045,#5049,#713,.F.);
#4059=EDGE_CURVE('',#5050,#5048,#714,.T.);
#4060=EDGE_CURVE('',#5051,#5052,#5906,.T.);
#4061=EDGE_CURVE('',#5051,#5044,#5907,.F.);
#4062=EDGE_CURVE('',#5052,#5043,#5908,.F.);
#4063=EDGE_CURVE('',#5049,#5053,#5909,.F.);
#4064=EDGE_CURVE('',#5050,#5054,#5910,.T.);
#4065=EDGE_CURVE('',#5053,#5054,#5911,.F.);
#4066=EDGE_CURVE('',#5055,#5051,#715,.T.);
#4067=EDGE_CURVE('',#5052,#5056,#716,.F.);
#4068=EDGE_CURVE('',#5056,#5055,#5912,.F.);
#4069=EDGE_CURVE('',#5053,#5056,#717,.F.);
#4070=EDGE_CURVE('',#5055,#5054,#718,.T.);
#4071=EDGE_CURVE('',#5057,#5058,#5913,.T.);
#4072=EDGE_CURVE('',#5057,#5047,#5914,.F.);
#4073=EDGE_CURVE('',#5058,#5046,#5915,.F.);
#4074=EDGE_CURVE('',#5058,#5059,#719,.F.);
#4075=EDGE_CURVE('',#5060,#5059,#5916,.T.);
#4076=EDGE_CURVE('',#5060,#5057,#720,.T.);
#4077=EDGE_CURVE('',#5061,#5062,#5917,.T.);
#4078=EDGE_CURVE('',#5009,#5062,#5918,.F.);
#4079=EDGE_CURVE('',#5012,#5061,#5919,.F.);
#4080=EDGE_CURVE('',#5063,#5064,#5920,.T.);
#4081=EDGE_CURVE('',#5063,#5060,#5921,.F.);
#4082=EDGE_CURVE('',#5064,#5059,#5922,.F.);
#4083=EDGE_CURVE('',#5065,#5063,#721,.T.);
#4084=EDGE_CURVE('',#5064,#5066,#722,.F.);
#4085=EDGE_CURVE('',#5066,#5065,#5923,.F.);
#4086=EDGE_CURVE('',#5067,#5066,#723,.T.);
#4087=EDGE_CURVE('',#5067,#5068,#5924,.T.);
#4088=EDGE_CURVE('',#5065,#5068,#724,.F.);
#4089=EDGE_CURVE('',#5069,#5070,#725,.T.);
#4090=EDGE_CURVE('',#5070,#5067,#5925,.F.);
#4091=EDGE_CURVE('',#5069,#5062,#726,.F.);
#4092=EDGE_CURVE('',#5061,#5071,#727,.T.);
#4093=EDGE_CURVE('',#5072,#5068,#5926,.F.);
#4094=EDGE_CURVE('',#5072,#5071,#728,.F.);
#4095=EDGE_CURVE('',#5069,#5071,#5927,.T.);
#4096=EDGE_CURVE('',#5070,#5072,#5928,.F.);
#4097=EDGE_CURVE('',#5073,#5073,#729,.T.);
#4098=EDGE_CURVE('',#5074,#5075,#5929,.T.);
#4099=EDGE_CURVE('',#5075,#5076,#5930,.T.);
#4100=EDGE_CURVE('',#5076,#5077,#5931,.T.);
#4101=EDGE_CURVE('',#5077,#5078,#5932,.F.);
#4102=EDGE_CURVE('',#5078,#5079,#5933,.T.);
#4103=EDGE_CURVE('',#5079,#5074,#5934,.T.);
#4104=EDGE_CURVE('',#5080,#5080,#730,.F.);
#4105=EDGE_CURVE('',#5081,#5074,#5935,.T.);
#4106=EDGE_CURVE('',#5081,#5082,#5936,.T.);
#4107=EDGE_CURVE('',#5082,#5075,#5937,.T.);
#4108=EDGE_CURVE('',#5082,#5083,#5938,.T.);
#4109=EDGE_CURVE('',#5083,#5076,#5939,.T.);
#4110=EDGE_CURVE('',#5083,#5084,#5940,.T.);
#4111=EDGE_CURVE('',#5084,#5077,#5941,.T.);
#4112=EDGE_CURVE('',#5084,#5085,#5942,.T.);
#4113=EDGE_CURVE('',#5085,#5078,#5943,.T.);
#4114=EDGE_CURVE('',#5085,#5086,#5944,.T.);
#4115=EDGE_CURVE('',#5086,#5079,#5945,.T.);
#4116=EDGE_CURVE('',#5086,#5081,#5946,.T.);
#4117=EDGE_CURVE('',#5087,#5087,#731,.T.);
#4118=EDGE_CURVE('',#5088,#5088,#732,.T.);
#4119=EDGE_CURVE('',#5089,#5089,#733,.T.);
#4120=EDGE_CURVE('',#5090,#5091,#5947,.T.);
#4121=EDGE_CURVE('',#5091,#5092,#5948,.T.);
#4122=EDGE_CURVE('',#5092,#5093,#5949,.T.);
#4123=EDGE_CURVE('',#5093,#5094,#5950,.F.);
#4124=EDGE_CURVE('',#5094,#5095,#5951,.T.);
#4125=EDGE_CURVE('',#5095,#5090,#5952,.T.);
#4126=EDGE_CURVE('',#5096,#5096,#734,.F.);
#4127=EDGE_CURVE('',#5097,#5090,#5953,.T.);
#4128=EDGE_CURVE('',#5097,#5098,#5954,.T.);
#4129=EDGE_CURVE('',#5098,#5091,#5955,.T.);
#4130=EDGE_CURVE('',#5098,#5099,#5956,.T.);
#4131=EDGE_CURVE('',#5099,#5092,#5957,.T.);
#4132=EDGE_CURVE('',#5099,#5100,#5958,.T.);
#4133=EDGE_CURVE('',#5100,#5093,#5959,.T.);
#4134=EDGE_CURVE('',#5100,#5101,#5960,.T.);
#4135=EDGE_CURVE('',#5101,#5094,#5961,.T.);
#4136=EDGE_CURVE('',#5101,#5102,#5962,.T.);
#4137=EDGE_CURVE('',#5102,#5095,#5963,.T.);
#4138=EDGE_CURVE('',#5102,#5097,#5964,.T.);
#4139=EDGE_CURVE('',#5103,#5103,#735,.T.);
#4140=EDGE_CURVE('',#5104,#5104,#736,.T.);
#4141=EDGE_CURVE('',#5105,#5105,#737,.T.);
#4142=EDGE_CURVE('',#5106,#5107,#5965,.T.);
#4143=EDGE_CURVE('',#5107,#5108,#5966,.T.);
#4144=EDGE_CURVE('',#5108,#5109,#5967,.T.);
#4145=EDGE_CURVE('',#5109,#5110,#5968,.F.);
#4146=EDGE_CURVE('',#5110,#5111,#5969,.T.);
#4147=EDGE_CURVE('',#5111,#5106,#5970,.T.);
#4148=EDGE_CURVE('',#5112,#5112,#738,.F.);
#4149=EDGE_CURVE('',#5113,#5106,#5971,.T.);
#4150=EDGE_CURVE('',#5113,#5114,#5972,.T.);
#4151=EDGE_CURVE('',#5114,#5107,#5973,.T.);
#4152=EDGE_CURVE('',#5114,#5115,#5974,.T.);
#4153=EDGE_CURVE('',#5115,#5108,#5975,.T.);
#4154=EDGE_CURVE('',#5115,#5116,#5976,.T.);
#4155=EDGE_CURVE('',#5116,#5109,#5977,.T.);
#4156=EDGE_CURVE('',#5116,#5117,#5978,.T.);
#4157=EDGE_CURVE('',#5117,#5110,#5979,.T.);
#4158=EDGE_CURVE('',#5117,#5118,#5980,.T.);
#4159=EDGE_CURVE('',#5118,#5111,#5981,.T.);
#4160=EDGE_CURVE('',#5118,#5113,#5982,.T.);
#4161=EDGE_CURVE('',#5119,#5119,#739,.T.);
#4162=EDGE_CURVE('',#5120,#5120,#740,.T.);
#4163=EDGE_CURVE('',#5121,#5121,#741,.T.);
#4164=EDGE_CURVE('',#5122,#5123,#5983,.T.);
#4165=EDGE_CURVE('',#5123,#5124,#5984,.T.);
#4166=EDGE_CURVE('',#5124,#5125,#5985,.T.);
#4167=EDGE_CURVE('',#5125,#5126,#5986,.F.);
#4168=EDGE_CURVE('',#5126,#5127,#5987,.T.);
#4169=EDGE_CURVE('',#5127,#5122,#5988,.T.);
#4170=EDGE_CURVE('',#5128,#5128,#742,.F.);
#4171=EDGE_CURVE('',#5129,#5122,#5989,.T.);
#4172=EDGE_CURVE('',#5129,#5130,#5990,.T.);
#4173=EDGE_CURVE('',#5130,#5123,#5991,.T.);
#4174=EDGE_CURVE('',#5130,#5131,#5992,.T.);
#4175=EDGE_CURVE('',#5131,#5124,#5993,.T.);
#4176=EDGE_CURVE('',#5131,#5132,#5994,.T.);
#4177=EDGE_CURVE('',#5132,#5125,#5995,.T.);
#4178=EDGE_CURVE('',#5132,#5133,#5996,.T.);
#4179=EDGE_CURVE('',#5133,#5126,#5997,.T.);
#4180=EDGE_CURVE('',#5133,#5134,#5998,.T.);
#4181=EDGE_CURVE('',#5134,#5127,#5999,.T.);
#4182=EDGE_CURVE('',#5134,#5129,#6000,.T.);
#4183=EDGE_CURVE('',#5135,#5135,#743,.T.);
#4184=EDGE_CURVE('',#5136,#5136,#744,.T.);
#4185=EDGE_CURVE('',#5137,#5137,#745,.T.);
#4186=EDGE_CURVE('',#5138,#5138,#746,.T.);
#4187=EDGE_CURVE('',#5139,#5139,#747,.T.);
#4188=EDGE_CURVE('',#5140,#5140,#748,.T.);
#4189=EDGE_CURVE('',#5141,#5142,#6001,.T.);
#4190=EDGE_CURVE('',#5143,#5141,#6002,.T.);
#4191=EDGE_CURVE('',#5144,#5143,#6003,.T.);
#4192=EDGE_CURVE('',#5145,#5144,#6004,.T.);
#4193=EDGE_CURVE('',#5146,#5145,#6005,.T.);
#4194=EDGE_CURVE('',#5142,#5146,#6006,.T.);
#4195=EDGE_CURVE('',#5141,#5147,#6007,.T.);
#4196=EDGE_CURVE('',#5142,#5148,#6008,.T.);
#4197=EDGE_CURVE('',#5147,#5148,#6009,.T.);
#4198=EDGE_CURVE('',#5143,#5149,#6010,.T.);
#4199=EDGE_CURVE('',#5149,#5147,#6011,.T.);
#4200=EDGE_CURVE('',#5144,#5150,#6012,.T.);
#4201=EDGE_CURVE('',#5150,#5149,#6013,.T.);
#4202=EDGE_CURVE('',#5145,#5151,#6014,.T.);
#4203=EDGE_CURVE('',#5151,#5150,#6015,.T.);
#4204=EDGE_CURVE('',#5146,#5152,#6016,.T.);
#4205=EDGE_CURVE('',#5152,#5151,#6017,.T.);
#4206=EDGE_CURVE('',#5148,#5152,#6018,.T.);
#4207=EDGE_CURVE('',#5153,#5153,#749,.F.);
#4208=EDGE_CURVE('',#5154,#5154,#750,.T.);
#4209=EDGE_CURVE('',#5155,#5155,#751,.T.);
#4210=EDGE_CURVE('',#5156,#5156,#752,.T.);
#4211=EDGE_CURVE('',#5157,#5157,#753,.F.);
#4212=EDGE_CURVE('',#5158,#5158,#754,.T.);
#4213=EDGE_CURVE('',#5159,#5159,#755,.T.);
#4214=EDGE_CURVE('',#5160,#5160,#756,.T.);
#4215=EDGE_CURVE('',#5161,#5161,#757,.F.);
#4216=EDGE_CURVE('',#5162,#5162,#758,.T.);
#4217=EDGE_CURVE('',#5163,#5163,#759,.T.);
#4218=EDGE_CURVE('',#5164,#5164,#760,.T.);
#4219=EDGE_CURVE('',#5165,#5166,#6019,.T.);
#4220=EDGE_CURVE('',#5166,#5167,#761,.T.);
#4221=EDGE_CURVE('',#5168,#5167,#6020,.T.);
#4222=EDGE_CURVE('',#5168,#5169,#762,.T.);
#4223=EDGE_CURVE('',#5170,#5169,#6021,.T.);
#4224=EDGE_CURVE('',#5170,#5171,#763,.T.);
#4225=EDGE_CURVE('',#5171,#5172,#6022,.T.);
#4226=EDGE_CURVE('',#5172,#5165,#764,.T.);
#4227=EDGE_CURVE('',#5173,#5174,#6023,.T.);
#4228=EDGE_CURVE('',#5173,#5175,#765,.F.);
#4229=EDGE_CURVE('',#5175,#5176,#6024,.T.);
#4230=EDGE_CURVE('',#5176,#5177,#766,.F.);
#4231=EDGE_CURVE('',#5177,#5178,#6025,.T.);
#4232=EDGE_CURVE('',#5178,#5179,#767,.F.);
#4233=EDGE_CURVE('',#5180,#5179,#6026,.T.);
#4234=EDGE_CURVE('',#5180,#5174,#768,.F.);
#4235=EDGE_CURVE('',#5181,#5182,#6027,.T.);
#4236=EDGE_CURVE('',#5181,#5170,#6028,.F.);
#4237=EDGE_CURVE('',#5169,#5182,#6029,.T.);
#4238=EDGE_CURVE('',#5183,#5184,#6030,.T.);
#4239=EDGE_CURVE('',#5184,#5172,#6031,.F.);
#4240=EDGE_CURVE('',#5171,#5183,#6032,.T.);
#4241=EDGE_CURVE('',#5185,#5186,#6033,.T.);
#4242=EDGE_CURVE('',#5186,#5166,#6034,.F.);
#4243=EDGE_CURVE('',#5165,#5185,#6035,.T.);
#4244=EDGE_CURVE('',#5167,#5187,#6036,.T.);
#4245=EDGE_CURVE('',#5188,#5187,#6037,.T.);
#4246=EDGE_CURVE('',#5188,#5168,#6038,.F.);
#4247=EDGE_CURVE('',#5189,#5189,#769,.T.);
#4248=EDGE_CURVE('',#5187,#5186,#770,.F.);
#4249=EDGE_CURVE('',#5185,#5184,#771,.F.);
#4250=EDGE_CURVE('',#5183,#5181,#772,.F.);
#4251=EDGE_CURVE('',#5182,#5188,#773,.F.);
#4252=EDGE_CURVE('',#5175,#5190,#6039,.F.);
#4253=EDGE_CURVE('',#5190,#5191,#6040,.T.);
#4254=EDGE_CURVE('',#5191,#5176,#6041,.T.);
#4255=EDGE_CURVE('',#5174,#5192,#6042,.F.);
#4256=EDGE_CURVE('',#5193,#5192,#6043,.T.);
#4257=EDGE_CURVE('',#5193,#5173,#6044,.T.);
#4258=EDGE_CURVE('',#5179,#5194,#6045,.F.);
#4259=EDGE_CURVE('',#5195,#5194,#6046,.T.);
#4260=EDGE_CURVE('',#5195,#5180,#6047,.T.);
#4261=EDGE_CURVE('',#5196,#5197,#6048,.T.);
#4262=EDGE_CURVE('',#5197,#5178,#6049,.T.);
#4263=EDGE_CURVE('',#5177,#5196,#6050,.F.);
#4264=EDGE_CURVE('',#5198,#5198,#774,.F.);
#4265=EDGE_CURVE('',#5194,#5197,#775,.T.);
#4266=EDGE_CURVE('',#5196,#5191,#776,.T.);
#4267=EDGE_CURVE('',#5190,#5193,#777,.T.);
#4268=EDGE_CURVE('',#5192,#5195,#778,.T.);
#4269=EDGE_CURVE('',#5199,#5199,#779,.T.);
#4270=EDGE_CURVE('',#5200,#5200,#780,.T.);
#4271=EDGE_CURVE('',#5201,#5201,#781,.T.);
#4272=EDGE_CURVE('',#5202,#5202,#782,.T.);
#4273=EDGE_CURVE('',#5203,#5203,#783,.T.);
#4274=EDGE_CURVE('',#5204,#5204,#784,.T.);
#4275=EDGE_CURVE('',#5205,#5205,#785,.T.);
#4276=EDGE_CURVE('',#5206,#5206,#786,.T.);
#4277=EDGE_CURVE('',#5207,#5207,#787,.T.);
#4278=EDGE_CURVE('',#5208,#5208,#788,.T.);
#4279=EDGE_CURVE('',#5209,#5210,#789,.F.);
#4280=EDGE_CURVE('',#5211,#5210,#6051,.T.);
#4281=EDGE_CURVE('',#5211,#5212,#790,.T.);
#4282=EDGE_CURVE('',#5212,#5209,#6052,.T.);
#4283=EDGE_CURVE('',#5213,#5214,#791,.F.);
#4284=EDGE_CURVE('',#5215,#5214,#6053,.T.);
#4285=EDGE_CURVE('',#5215,#5216,#792,.T.);
#4286=EDGE_CURVE('',#5213,#5216,#6054,.T.);
#4287=EDGE_CURVE('',#5217,#5218,#6055,.F.);
#4288=EDGE_CURVE('',#5213,#5217,#793,.T.);
#4289=EDGE_CURVE('',#5218,#5216,#794,.F.);
#4290=EDGE_CURVE('',#5219,#5220,#6056,.F.);
#4291=EDGE_CURVE('',#5217,#5219,#6057,.T.);
#4292=EDGE_CURVE('',#5218,#5220,#6058,.F.);
#4293=EDGE_CURVE('',#5221,#5222,#6059,.F.);
#4294=EDGE_CURVE('',#5221,#5211,#6060,.F.);
#4295=EDGE_CURVE('',#5222,#5210,#6061,.T.);
#4296=EDGE_CURVE('',#5223,#5224,#6062,.T.);
#4297=EDGE_CURVE('',#5219,#5224,#795,.F.);
#4298=EDGE_CURVE('',#5223,#5220,#796,.T.);
#4299=EDGE_CURVE('',#5222,#5224,#797,.T.);
#4300=EDGE_CURVE('',#5223,#5221,#798,.F.);
#4301=EDGE_CURVE('',#5225,#5226,#6063,.T.);
#4302=EDGE_CURVE('',#5225,#5215,#6064,.F.);
#4303=EDGE_CURVE('',#5226,#5214,#6065,.T.);
#4304=EDGE_CURVE('',#5226,#5227,#799,.F.);
#4305=EDGE_CURVE('',#5228,#5227,#6066,.T.);
#4306=EDGE_CURVE('',#5228,#5225,#800,.T.);
#4307=EDGE_CURVE('',#5229,#5230,#801,.F.);
#4308=EDGE_CURVE('',#5231,#5230,#6067,.T.);
#4309=EDGE_CURVE('',#5231,#5232,#802,.T.);
#4310=EDGE_CURVE('',#5229,#5232,#6068,.F.);
#4311=EDGE_CURVE('',#5233,#5234,#6069,.F.);
#4312=EDGE_CURVE('',#5229,#5233,#803,.F.);
#4313=EDGE_CURVE('',#5234,#5232,#804,.T.);
#4314=EDGE_CURVE('',#5233,#5235,#6070,.T.);
#4315=EDGE_CURVE('',#5234,#5236,#6071,.T.);
#4316=EDGE_CURVE('',#5235,#5236,#6072,.F.);
#4317=EDGE_CURVE('',#5237,#5228,#6073,.T.);
#4318=EDGE_CURVE('',#5238,#5227,#6074,.T.);
#4319=EDGE_CURVE('',#5237,#5238,#6075,.T.);
#4320=EDGE_CURVE('',#5239,#5240,#6076,.T.);
#4321=EDGE_CURVE('',#5235,#5240,#805,.F.);
#4322=EDGE_CURVE('',#5239,#5236,#806,.T.);
#4323=EDGE_CURVE('',#5238,#5240,#807,.F.);
#4324=EDGE_CURVE('',#5239,#5237,#808,.T.);
#4325=EDGE_CURVE('',#5241,#5231,#6077,.T.);
#4326=EDGE_CURVE('',#5242,#5230,#6078,.T.);
#4327=EDGE_CURVE('',#5241,#5242,#6079,.T.);
#4328=EDGE_CURVE('',#5242,#5243,#809,.F.);
#4329=EDGE_CURVE('',#5244,#5243,#6080,.T.);
#4330=EDGE_CURVE('',#5244,#5241,#810,.T.);
#4331=EDGE_CURVE('',#5245,#5246,#811,.F.);
#4332=EDGE_CURVE('',#5247,#5246,#6081,.T.);
#4333=EDGE_CURVE('',#5247,#5248,#812,.T.);
#4334=EDGE_CURVE('',#5245,#5248,#6082,.F.);
#4335=EDGE_CURVE('',#5249,#5250,#6083,.F.);
#4336=EDGE_CURVE('',#5245,#5249,#813,.F.);
#4337=EDGE_CURVE('',#5250,#5248,#814,.T.);
#4338=EDGE_CURVE('',#5251,#5252,#6084,.T.);
#4339=EDGE_CURVE('',#5251,#5244,#6085,.F.);
#4340=EDGE_CURVE('',#5252,#5243,#6086,.F.);
#4341=EDGE_CURVE('',#5249,#5253,#6087,.F.);
#4342=EDGE_CURVE('',#5250,#5254,#6088,.T.);
#4343=EDGE_CURVE('',#5253,#5254,#6089,.F.);
#4344=EDGE_CURVE('',#5255,#5251,#815,.T.);
#4345=EDGE_CURVE('',#5252,#5256,#816,.F.);
#4346=EDGE_CURVE('',#5256,#5255,#6090,.F.);
#4347=EDGE_CURVE('',#5253,#5256,#817,.F.);
#4348=EDGE_CURVE('',#5255,#5254,#818,.T.);
#4349=EDGE_CURVE('',#5257,#5258,#6091,.T.);
#4350=EDGE_CURVE('',#5257,#5247,#6092,.F.);
#4351=EDGE_CURVE('',#5258,#5246,#6093,.F.);
#4352=EDGE_CURVE('',#5258,#5259,#819,.F.);
#4353=EDGE_CURVE('',#5260,#5259,#6094,.T.);
#4354=EDGE_CURVE('',#5260,#5257,#820,.T.);
#4355=EDGE_CURVE('',#5261,#5262,#6095,.T.);
#4356=EDGE_CURVE('',#5209,#5262,#6096,.F.);
#4357=EDGE_CURVE('',#5212,#5261,#6097,.F.);
#4358=EDGE_CURVE('',#5263,#5264,#6098,.T.);
#4359=EDGE_CURVE('',#5263,#5260,#6099,.F.);
#4360=EDGE_CURVE('',#5264,#5259,#6100,.F.);
#4361=EDGE_CURVE('',#5265,#5263,#821,.T.);
#4362=EDGE_CURVE('',#5264,#5266,#822,.F.);
#4363=EDGE_CURVE('',#5266,#5265,#6101,.F.);
#4364=EDGE_CURVE('',#5267,#5266,#823,.T.);
#4365=EDGE_CURVE('',#5267,#5268,#6102,.T.);
#4366=EDGE_CURVE('',#5265,#5268,#824,.F.);
#4367=EDGE_CURVE('',#5269,#5270,#825,.T.);
#4368=EDGE_CURVE('',#5270,#5267,#6103,.F.);
#4369=EDGE_CURVE('',#5269,#5262,#826,.F.);
#4370=EDGE_CURVE('',#5261,#5271,#827,.T.);
#4371=EDGE_CURVE('',#5272,#5268,#6104,.F.);
#4372=EDGE_CURVE('',#5272,#5271,#828,.F.);
#4373=EDGE_CURVE('',#5269,#5271,#6105,.T.);
#4374=EDGE_CURVE('',#5270,#5272,#6106,.F.);
#4375=EDGE_CURVE('',#5273,#5273,#829,.T.);
#4376=EDGE_CURVE('',#5274,#5275,#6107,.T.);
#4377=EDGE_CURVE('',#5275,#5276,#6108,.T.);
#4378=EDGE_CURVE('',#5276,#5277,#6109,.T.);
#4379=EDGE_CURVE('',#5277,#5278,#6110,.F.);
#4380=EDGE_CURVE('',#5278,#5279,#6111,.T.);
#4381=EDGE_CURVE('',#5279,#5274,#6112,.T.);
#4382=EDGE_CURVE('',#5280,#5280,#830,.F.);
#4383=EDGE_CURVE('',#5281,#5274,#6113,.T.);
#4384=EDGE_CURVE('',#5281,#5282,#6114,.T.);
#4385=EDGE_CURVE('',#5282,#5275,#6115,.T.);
#4386=EDGE_CURVE('',#5282,#5283,#6116,.T.);
#4387=EDGE_CURVE('',#5283,#5276,#6117,.T.);
#4388=EDGE_CURVE('',#5283,#5284,#6118,.T.);
#4389=EDGE_CURVE('',#5284,#5277,#6119,.T.);
#4390=EDGE_CURVE('',#5284,#5285,#6120,.T.);
#4391=EDGE_CURVE('',#5285,#5278,#6121,.T.);
#4392=EDGE_CURVE('',#5285,#5286,#6122,.T.);
#4393=EDGE_CURVE('',#5286,#5279,#6123,.T.);
#4394=EDGE_CURVE('',#5286,#5281,#6124,.T.);
#4395=EDGE_CURVE('',#5287,#5287,#831,.T.);
#4396=EDGE_CURVE('',#5288,#5288,#832,.T.);
#4397=EDGE_CURVE('',#5289,#5289,#833,.T.);
#4398=EDGE_CURVE('',#5290,#5291,#6125,.T.);
#4399=EDGE_CURVE('',#5291,#5292,#6126,.T.);
#4400=EDGE_CURVE('',#5292,#5293,#6127,.T.);
#4401=EDGE_CURVE('',#5293,#5294,#6128,.F.);
#4402=EDGE_CURVE('',#5294,#5295,#6129,.T.);
#4403=EDGE_CURVE('',#5295,#5290,#6130,.T.);
#4404=EDGE_CURVE('',#5296,#5296,#834,.F.);
#4405=EDGE_CURVE('',#5297,#5290,#6131,.T.);
#4406=EDGE_CURVE('',#5297,#5298,#6132,.T.);
#4407=EDGE_CURVE('',#5298,#5291,#6133,.T.);
#4408=EDGE_CURVE('',#5298,#5299,#6134,.T.);
#4409=EDGE_CURVE('',#5299,#5292,#6135,.T.);
#4410=EDGE_CURVE('',#5299,#5300,#6136,.T.);
#4411=EDGE_CURVE('',#5300,#5293,#6137,.T.);
#4412=EDGE_CURVE('',#5300,#5301,#6138,.T.);
#4413=EDGE_CURVE('',#5301,#5294,#6139,.T.);
#4414=EDGE_CURVE('',#5301,#5302,#6140,.T.);
#4415=EDGE_CURVE('',#5302,#5295,#6141,.T.);
#4416=EDGE_CURVE('',#5302,#5297,#6142,.T.);
#4417=EDGE_CURVE('',#5303,#5303,#835,.T.);
#4418=EDGE_CURVE('',#5304,#5304,#836,.T.);
#4419=EDGE_CURVE('',#5305,#5306,#6143,.T.);
#4420=EDGE_CURVE('',#5305,#5307,#6144,.F.);
#4421=EDGE_CURVE('',#5307,#5308,#6145,.T.);
#4422=EDGE_CURVE('',#5306,#5308,#6146,.T.);
#4423=EDGE_CURVE('',#5307,#5309,#6147,.T.);
#4424=EDGE_CURVE('',#5309,#5310,#6148,.T.);
#4425=EDGE_CURVE('',#5308,#5310,#6149,.F.);
#4426=EDGE_CURVE('',#5309,#5311,#6150,.F.);
#4427=EDGE_CURVE('',#5311,#5312,#6151,.T.);
#4428=EDGE_CURVE('',#5310,#5312,#6152,.F.);
#4429=EDGE_CURVE('',#5311,#5305,#6153,.T.);
#4430=EDGE_CURVE('',#5312,#5306,#6154,.T.);
#4431=EDGE_CURVE('',#5313,#5314,#6155,.T.);
#4432=EDGE_CURVE('',#5313,#5315,#6156,.T.);
#4433=EDGE_CURVE('',#5315,#5316,#6157,.T.);
#4434=EDGE_CURVE('',#5314,#5316,#6158,.T.);
#4435=EDGE_CURVE('',#5315,#5317,#6159,.T.);
#4436=EDGE_CURVE('',#5317,#5318,#6160,.T.);
#4437=EDGE_CURVE('',#5316,#5318,#6161,.T.);
#4438=EDGE_CURVE('',#5317,#5319,#6162,.T.);
#4439=EDGE_CURVE('',#5319,#5320,#6163,.T.);
#4440=EDGE_CURVE('',#5318,#5320,#6164,.F.);
#4441=EDGE_CURVE('',#5319,#5313,#6165,.T.);
#4442=EDGE_CURVE('',#5320,#5314,#6166,.F.);
#4443=EDGE_CURVE('',#5321,#5321,#837,.T.);
#4444=EDGE_CURVE('',#5322,#5323,#6167,.T.);
#4445=EDGE_CURVE('',#5323,#5324,#6168,.T.);
#4446=EDGE_CURVE('',#5324,#5325,#6169,.T.);
#4447=EDGE_CURVE('',#5325,#5326,#6170,.F.);
#4448=EDGE_CURVE('',#5326,#5327,#6171,.T.);
#4449=EDGE_CURVE('',#5327,#5322,#6172,.T.);
#4450=EDGE_CURVE('',#5328,#5328,#838,.F.);
#4451=EDGE_CURVE('',#5329,#5322,#6173,.T.);
#4452=EDGE_CURVE('',#5329,#5330,#6174,.T.);
#4453=EDGE_CURVE('',#5330,#5323,#6175,.T.);
#4454=EDGE_CURVE('',#5330,#5331,#6176,.T.);
#4455=EDGE_CURVE('',#5331,#5324,#6177,.T.);
#4456=EDGE_CURVE('',#5331,#5332,#6178,.T.);
#4457=EDGE_CURVE('',#5332,#5325,#6179,.T.);
#4458=EDGE_CURVE('',#5332,#5333,#6180,.T.);
#4459=EDGE_CURVE('',#5333,#5326,#6181,.T.);
#4460=EDGE_CURVE('',#5333,#5334,#6182,.T.);
#4461=EDGE_CURVE('',#5334,#5327,#6183,.T.);
#4462=EDGE_CURVE('',#5334,#5329,#6184,.T.);
#4463=EDGE_CURVE('',#5335,#5335,#839,.T.);
#4464=EDGE_CURVE('',#5336,#5336,#840,.T.);
#4465=EDGE_CURVE('',#5337,#5338,#6185,.T.);
#4466=EDGE_CURVE('',#5337,#5339,#6186,.T.);
#4467=EDGE_CURVE('',#5339,#5340,#6187,.T.);
#4468=EDGE_CURVE('',#5338,#5340,#6188,.T.);
#4469=EDGE_CURVE('',#5337,#5341,#6189,.F.);
#4470=EDGE_CURVE('',#5341,#5342,#6190,.T.);
#4471=EDGE_CURVE('',#5339,#5342,#6191,.F.);
#4472=EDGE_CURVE('',#5342,#5343,#6192,.T.);
#4473=EDGE_CURVE('',#5343,#5340,#6193,.T.);
#4474=EDGE_CURVE('',#5341,#5344,#6194,.F.);
#4475=EDGE_CURVE('',#5344,#5343,#6195,.T.);
#4476=EDGE_CURVE('',#5344,#5338,#6196,.F.);
#4477=EDGE_CURVE('',#5345,#5346,#6197,.T.);
#4478=EDGE_CURVE('',#5345,#5347,#6198,.T.);
#4479=EDGE_CURVE('',#5347,#5348,#6199,.T.);
#4480=EDGE_CURVE('',#5346,#5348,#6200,.T.);
#4481=EDGE_CURVE('',#5347,#5349,#6201,.T.);
#4482=EDGE_CURVE('',#5349,#5350,#6202,.T.);
#4483=EDGE_CURVE('',#5348,#5350,#6203,.T.);
#4484=EDGE_CURVE('',#5349,#5351,#6204,.T.);
#4485=EDGE_CURVE('',#5351,#5352,#6205,.T.);
#4486=EDGE_CURVE('',#5350,#5352,#6206,.F.);
#4487=EDGE_CURVE('',#5351,#5345,#6207,.T.);
#4488=EDGE_CURVE('',#5352,#5346,#6208,.F.);
#4489=VERTEX_POINT('',#13960);
#4490=VERTEX_POINT('',#13961);
#4491=VERTEX_POINT('',#13963);
#4492=VERTEX_POINT('',#13965);
#4493=VERTEX_POINT('',#13969);
#4494=VERTEX_POINT('',#13971);
#4495=VERTEX_POINT('',#13975);
#4496=VERTEX_POINT('',#13977);
#4497=VERTEX_POINT('',#13981);
#4498=VERTEX_POINT('',#13982);
#4499=VERTEX_POINT('',#13984);
#4500=VERTEX_POINT('',#13986);
#4501=VERTEX_POINT('',#13990);
#4502=VERTEX_POINT('',#13991);
#4503=VERTEX_POINT('',#13993);
#4504=VERTEX_POINT('',#13995);
#4505=VERTEX_POINT('',#13999);
#4506=VERTEX_POINT('',#14000);
#4507=VERTEX_POINT('',#14002);
#4508=VERTEX_POINT('',#14004);
#4509=VERTEX_POINT('',#14008);
#4510=VERTEX_POINT('',#14009);
#4511=VERTEX_POINT('',#14011);
#4512=VERTEX_POINT('',#14013);
#4513=VERTEX_POINT('',#14035);
#4514=VERTEX_POINT('',#14037);
#4515=VERTEX_POINT('',#14040);
#4516=VERTEX_POINT('',#14042);
#4517=VERTEX_POINT('',#14045);
#4518=VERTEX_POINT('',#14047);
#4519=VERTEX_POINT('',#14050);
#4520=VERTEX_POINT('',#14052);
#4521=VERTEX_POINT('',#14055);
#4522=VERTEX_POINT('',#14056);
#4523=VERTEX_POINT('',#14058);
#4524=VERTEX_POINT('',#14060);
#4525=VERTEX_POINT('',#14064);
#4526=VERTEX_POINT('',#14065);
#4527=VERTEX_POINT('',#14067);
#4528=VERTEX_POINT('',#14069);
#4529=VERTEX_POINT('',#14073);
#4530=VERTEX_POINT('',#14074);
#4531=VERTEX_POINT('',#14079);
#4532=VERTEX_POINT('',#14080);
#4533=VERTEX_POINT('',#14085);
#4534=VERTEX_POINT('',#14086);
#4535=VERTEX_POINT('',#14091);
#4536=VERTEX_POINT('',#14092);
#4537=VERTEX_POINT('',#14100);
#4538=VERTEX_POINT('',#14101);
#4539=VERTEX_POINT('',#14106);
#4540=VERTEX_POINT('',#14108);
#4541=VERTEX_POINT('',#14112);
#4542=VERTEX_POINT('',#14113);
#4543=VERTEX_POINT('',#14115);
#4544=VERTEX_POINT('',#14117);
#4545=VERTEX_POINT('',#14121);
#4546=VERTEX_POINT('',#14122);
#4547=VERTEX_POINT('',#14127);
#4548=VERTEX_POINT('',#14129);
#4549=VERTEX_POINT('',#14133);
#4550=VERTEX_POINT('',#14135);
#4551=VERTEX_POINT('',#14139);
#4552=VERTEX_POINT('',#14140);
#4553=VERTEX_POINT('',#14148);
#4554=VERTEX_POINT('',#14150);
#4555=VERTEX_POINT('',#14154);
#4556=VERTEX_POINT('',#14156);
#4557=VERTEX_POINT('',#14160);
#4558=VERTEX_POINT('',#14161);
#4559=VERTEX_POINT('',#14163);
#4560=VERTEX_POINT('',#14165);
#4561=VERTEX_POINT('',#14169);
#4562=VERTEX_POINT('',#14170);
#4563=VERTEX_POINT('',#14175);
#4564=VERTEX_POINT('',#14176);
#4565=VERTEX_POINT('',#14181);
#4566=VERTEX_POINT('',#14183);
#4567=VERTEX_POINT('',#14187);
#4568=VERTEX_POINT('',#14189);
#4569=VERTEX_POINT('',#14196);
#4570=VERTEX_POINT('',#14197);
#4571=VERTEX_POINT('',#14202);
#4572=VERTEX_POINT('',#14204);
#4573=VERTEX_POINT('',#14208);
#4574=VERTEX_POINT('',#14209);
#4575=VERTEX_POINT('',#14214);
#4576=VERTEX_POINT('',#14215);
#4577=VERTEX_POINT('',#14220);
#4578=VERTEX_POINT('',#14222);
#4579=VERTEX_POINT('',#14226);
#4580=VERTEX_POINT('',#14228);
#4581=VERTEX_POINT('',#14232);
#4582=VERTEX_POINT('',#14233);
#4583=VERTEX_POINT('',#14238);
#4584=VERTEX_POINT('',#14240);
#4585=VERTEX_POINT('',#14250);
#4586=VERTEX_POINT('',#14253);
#4587=VERTEX_POINT('',#14254);
#4588=VERTEX_POINT('',#14256);
#4589=VERTEX_POINT('',#14258);
#4590=VERTEX_POINT('',#14260);
#4591=VERTEX_POINT('',#14262);
#4592=VERTEX_POINT('',#14265);
#4593=VERTEX_POINT('',#14268);
#4594=VERTEX_POINT('',#14270);
#4595=VERTEX_POINT('',#14274);
#4596=VERTEX_POINT('',#14278);
#4597=VERTEX_POINT('',#14282);
#4598=VERTEX_POINT('',#14286);
#4599=VERTEX_POINT('',#14292);
#4600=VERTEX_POINT('',#14295);
#4601=VERTEX_POINT('',#14301);
#4602=VERTEX_POINT('',#14302);
#4603=VERTEX_POINT('',#14304);
#4604=VERTEX_POINT('',#14306);
#4605=VERTEX_POINT('',#14310);
#4606=VERTEX_POINT('',#14312);
#4607=VERTEX_POINT('',#14316);
#4608=VERTEX_POINT('',#14318);
#4609=VERTEX_POINT('',#14328);
#4610=VERTEX_POINT('',#14331);
#4611=VERTEX_POINT('',#14332);
#4612=VERTEX_POINT('',#14334);
#4613=VERTEX_POINT('',#14336);
#4614=VERTEX_POINT('',#14338);
#4615=VERTEX_POINT('',#14340);
#4616=VERTEX_POINT('',#14343);
#4617=VERTEX_POINT('',#14346);
#4618=VERTEX_POINT('',#14348);
#4619=VERTEX_POINT('',#14352);
#4620=VERTEX_POINT('',#14356);
#4621=VERTEX_POINT('',#14360);
#4622=VERTEX_POINT('',#14364);
#4623=VERTEX_POINT('',#14370);
#4624=VERTEX_POINT('',#14373);
#4625=VERTEX_POINT('',#14379);
#4626=VERTEX_POINT('',#14380);
#4627=VERTEX_POINT('',#14382);
#4628=VERTEX_POINT('',#14384);
#4629=VERTEX_POINT('',#14388);
#4630=VERTEX_POINT('',#14390);
#4631=VERTEX_POINT('',#14394);
#4632=VERTEX_POINT('',#14396);
#4633=VERTEX_POINT('',#14406);
#4634=VERTEX_POINT('',#14409);
#4635=VERTEX_POINT('',#14410);
#4636=VERTEX_POINT('',#14412);
#4637=VERTEX_POINT('',#14414);
#4638=VERTEX_POINT('',#14416);
#4639=VERTEX_POINT('',#14418);
#4640=VERTEX_POINT('',#14421);
#4641=VERTEX_POINT('',#14424);
#4642=VERTEX_POINT('',#14426);
#4643=VERTEX_POINT('',#14430);
#4644=VERTEX_POINT('',#14434);
#4645=VERTEX_POINT('',#14438);
#4646=VERTEX_POINT('',#14442);
#4647=VERTEX_POINT('',#14448);
#4648=VERTEX_POINT('',#14451);
#4649=VERTEX_POINT('',#14457);
#4650=VERTEX_POINT('',#14459);
#4651=VERTEX_POINT('',#14462);
#4652=VERTEX_POINT('',#14464);
#4653=VERTEX_POINT('',#14467);
#4654=VERTEX_POINT('',#14469);
#4655=VERTEX_POINT('',#14472);
#4656=VERTEX_POINT('',#14474);
#4657=VERTEX_POINT('',#14477);
#4658=VERTEX_POINT('',#14478);
#4659=VERTEX_POINT('',#14480);
#4660=VERTEX_POINT('',#14482);
#4661=VERTEX_POINT('',#14486);
#4662=VERTEX_POINT('',#14487);
#4663=VERTEX_POINT('',#14489);
#4664=VERTEX_POINT('',#14491);
#4665=VERTEX_POINT('',#14495);
#4666=VERTEX_POINT('',#14496);
#4667=VERTEX_POINT('',#14501);
#4668=VERTEX_POINT('',#14502);
#4669=VERTEX_POINT('',#14507);
#4670=VERTEX_POINT('',#14508);
#4671=VERTEX_POINT('',#14513);
#4672=VERTEX_POINT('',#14514);
#4673=VERTEX_POINT('',#14522);
#4674=VERTEX_POINT('',#14523);
#4675=VERTEX_POINT('',#14528);
#4676=VERTEX_POINT('',#14530);
#4677=VERTEX_POINT('',#14534);
#4678=VERTEX_POINT('',#14535);
#4679=VERTEX_POINT('',#14537);
#4680=VERTEX_POINT('',#14539);
#4681=VERTEX_POINT('',#14543);
#4682=VERTEX_POINT('',#14544);
#4683=VERTEX_POINT('',#14549);
#4684=VERTEX_POINT('',#14551);
#4685=VERTEX_POINT('',#14555);
#4686=VERTEX_POINT('',#14557);
#4687=VERTEX_POINT('',#14561);
#4688=VERTEX_POINT('',#14562);
#4689=VERTEX_POINT('',#14570);
#4690=VERTEX_POINT('',#14572);
#4691=VERTEX_POINT('',#14576);
#4692=VERTEX_POINT('',#14578);
#4693=VERTEX_POINT('',#14582);
#4694=VERTEX_POINT('',#14583);
#4695=VERTEX_POINT('',#14585);
#4696=VERTEX_POINT('',#14587);
#4697=VERTEX_POINT('',#14591);
#4698=VERTEX_POINT('',#14592);
#4699=VERTEX_POINT('',#14597);
#4700=VERTEX_POINT('',#14598);
#4701=VERTEX_POINT('',#14603);
#4702=VERTEX_POINT('',#14605);
#4703=VERTEX_POINT('',#14609);
#4704=VERTEX_POINT('',#14611);
#4705=VERTEX_POINT('',#14618);
#4706=VERTEX_POINT('',#14619);
#4707=VERTEX_POINT('',#14624);
#4708=VERTEX_POINT('',#14626);
#4709=VERTEX_POINT('',#14630);
#4710=VERTEX_POINT('',#14631);
#4711=VERTEX_POINT('',#14636);
#4712=VERTEX_POINT('',#14637);
#4713=VERTEX_POINT('',#14642);
#4714=VERTEX_POINT('',#14644);
#4715=VERTEX_POINT('',#14648);
#4716=VERTEX_POINT('',#14650);
#4717=VERTEX_POINT('',#14654);
#4718=VERTEX_POINT('',#14655);
#4719=VERTEX_POINT('',#14660);
#4720=VERTEX_POINT('',#14662);
#4721=VERTEX_POINT('',#14672);
#4722=VERTEX_POINT('',#14674);
#4723=VERTEX_POINT('',#14677);
#4724=VERTEX_POINT('',#14679);
#4725=VERTEX_POINT('',#14683);
#4726=VERTEX_POINT('',#14684);
#4727=VERTEX_POINT('',#14686);
#4728=VERTEX_POINT('',#14688);
#4729=VERTEX_POINT('',#14690);
#4730=VERTEX_POINT('',#14692);
#4731=VERTEX_POINT('',#14696);
#4732=VERTEX_POINT('',#14698);
#4733=VERTEX_POINT('',#14702);
#4734=VERTEX_POINT('',#14706);
#4735=VERTEX_POINT('',#14710);
#4736=VERTEX_POINT('',#14714);
#4737=VERTEX_POINT('',#14723);
#4738=VERTEX_POINT('',#14726);
#4739=VERTEX_POINT('',#14727);
#4740=VERTEX_POINT('',#14729);
#4741=VERTEX_POINT('',#14731);
#4742=VERTEX_POINT('',#14733);
#4743=VERTEX_POINT('',#14735);
#4744=VERTEX_POINT('',#14738);
#4745=VERTEX_POINT('',#14741);
#4746=VERTEX_POINT('',#14743);
#4747=VERTEX_POINT('',#14747);
#4748=VERTEX_POINT('',#14751);
#4749=VERTEX_POINT('',#14755);
#4750=VERTEX_POINT('',#14759);
#4751=VERTEX_POINT('',#14765);
#4752=VERTEX_POINT('',#14768);
#4753=VERTEX_POINT('',#14774);
#4754=VERTEX_POINT('',#14776);
#4755=VERTEX_POINT('',#14779);
#4756=VERTEX_POINT('',#14781);
#4757=VERTEX_POINT('',#14785);
#4758=VERTEX_POINT('',#14786);
#4759=VERTEX_POINT('',#14788);
#4760=VERTEX_POINT('',#14790);
#4761=VERTEX_POINT('',#14792);
#4762=VERTEX_POINT('',#14794);
#4763=VERTEX_POINT('',#14798);
#4764=VERTEX_POINT('',#14800);
#4765=VERTEX_POINT('',#14804);
#4766=VERTEX_POINT('',#14808);
#4767=VERTEX_POINT('',#14812);
#4768=VERTEX_POINT('',#14816);
#4769=VERTEX_POINT('',#14825);
#4770=VERTEX_POINT('',#14826);
#4771=VERTEX_POINT('',#14828);
#4772=VERTEX_POINT('',#14830);
#4773=VERTEX_POINT('',#14834);
#4774=VERTEX_POINT('',#14836);
#4775=VERTEX_POINT('',#14840);
#4776=VERTEX_POINT('',#14842);
#4777=VERTEX_POINT('',#14852);
#4778=VERTEX_POINT('',#14853);
#4779=VERTEX_POINT('',#14855);
#4780=VERTEX_POINT('',#14857);
#4781=VERTEX_POINT('',#14861);
#4782=VERTEX_POINT('',#14863);
#4783=VERTEX_POINT('',#14867);
#4784=VERTEX_POINT('',#14869);
#4785=VERTEX_POINT('',#14879);
#4786=VERTEX_POINT('',#14881);
#4787=VERTEX_POINT('',#14884);
#4788=VERTEX_POINT('',#14886);
#4789=VERTEX_POINT('',#14890);
#4790=VERTEX_POINT('',#14891);
#4791=VERTEX_POINT('',#14893);
#4792=VERTEX_POINT('',#14895);
#4793=VERTEX_POINT('',#14897);
#4794=VERTEX_POINT('',#14899);
#4795=VERTEX_POINT('',#14903);
#4796=VERTEX_POINT('',#14905);
#4797=VERTEX_POINT('',#14909);
#4798=VERTEX_POINT('',#14913);
#4799=VERTEX_POINT('',#14917);
#4800=VERTEX_POINT('',#14921);
#4801=VERTEX_POINT('',#14930);
#4802=VERTEX_POINT('',#14933);
#4803=VERTEX_POINT('',#14934);
#4804=VERTEX_POINT('',#14936);
#4805=VERTEX_POINT('',#14938);
#4806=VERTEX_POINT('',#14940);
#4807=VERTEX_POINT('',#14942);
#4808=VERTEX_POINT('',#14945);
#4809=VERTEX_POINT('',#14948);
#4810=VERTEX_POINT('',#14950);
#4811=VERTEX_POINT('',#14954);
#4812=VERTEX_POINT('',#14958);
#4813=VERTEX_POINT('',#14962);
#4814=VERTEX_POINT('',#14966);
#4815=VERTEX_POINT('',#14972);
#4816=VERTEX_POINT('',#14975);
#4817=VERTEX_POINT('',#14981);
#4818=VERTEX_POINT('',#14983);
#4819=VERTEX_POINT('',#14986);
#4820=VERTEX_POINT('',#14988);
#4821=VERTEX_POINT('',#14992);
#4822=VERTEX_POINT('',#14993);
#4823=VERTEX_POINT('',#14995);
#4824=VERTEX_POINT('',#14997);
#4825=VERTEX_POINT('',#14999);
#4826=VERTEX_POINT('',#15001);
#4827=VERTEX_POINT('',#15005);
#4828=VERTEX_POINT('',#15007);
#4829=VERTEX_POINT('',#15011);
#4830=VERTEX_POINT('',#15015);
#4831=VERTEX_POINT('',#15019);
#4832=VERTEX_POINT('',#15023);
#4833=VERTEX_POINT('',#15032);
#4834=VERTEX_POINT('',#15034);
#4835=VERTEX_POINT('',#15037);
#4836=VERTEX_POINT('',#15039);
#4837=VERTEX_POINT('',#15043);
#4838=VERTEX_POINT('',#15044);
#4839=VERTEX_POINT('',#15046);
#4840=VERTEX_POINT('',#15048);
#4841=VERTEX_POINT('',#15050);
#4842=VERTEX_POINT('',#15052);
#4843=VERTEX_POINT('',#15056);
#4844=VERTEX_POINT('',#15058);
#4845=VERTEX_POINT('',#15062);
#4846=VERTEX_POINT('',#15066);
#4847=VERTEX_POINT('',#15070);
#4848=VERTEX_POINT('',#15074);
#4849=VERTEX_POINT('',#15083);
#4850=VERTEX_POINT('',#15086);
#4851=VERTEX_POINT('',#15087);
#4852=VERTEX_POINT('',#15089);
#4853=VERTEX_POINT('',#15091);
#4854=VERTEX_POINT('',#15093);
#4855=VERTEX_POINT('',#15095);
#4856=VERTEX_POINT('',#15098);
#4857=VERTEX_POINT('',#15101);
#4858=VERTEX_POINT('',#15103);
#4859=VERTEX_POINT('',#15107);
#4860=VERTEX_POINT('',#15111);
#4861=VERTEX_POINT('',#15115);
#4862=VERTEX_POINT('',#15119);
#4863=VERTEX_POINT('',#15125);
#4864=VERTEX_POINT('',#15128);
#4865=VERTEX_POINT('',#15134);
#4866=VERTEX_POINT('',#15137);
#4867=VERTEX_POINT('',#15138);
#4868=VERTEX_POINT('',#15140);
#4869=VERTEX_POINT('',#15142);
#4870=VERTEX_POINT('',#15144);
#4871=VERTEX_POINT('',#15146);
#4872=VERTEX_POINT('',#15149);
#4873=VERTEX_POINT('',#15152);
#4874=VERTEX_POINT('',#15154);
#4875=VERTEX_POINT('',#15158);
#4876=VERTEX_POINT('',#15162);
#4877=VERTEX_POINT('',#15166);
#4878=VERTEX_POINT('',#15170);
#4879=VERTEX_POINT('',#15176);
#4880=VERTEX_POINT('',#15179);
#4881=VERTEX_POINT('',#15185);
#4882=VERTEX_POINT('',#15186);
#4883=VERTEX_POINT('',#15188);
#4884=VERTEX_POINT('',#15190);
#4885=VERTEX_POINT('',#15194);
#4886=VERTEX_POINT('',#15196);
#4887=VERTEX_POINT('',#15200);
#4888=VERTEX_POINT('',#15202);
#4889=VERTEX_POINT('',#15212);
#4890=VERTEX_POINT('',#15215);
#4891=VERTEX_POINT('',#15216);
#4892=VERTEX_POINT('',#15218);
#4893=VERTEX_POINT('',#15220);
#4894=VERTEX_POINT('',#15222);
#4895=VERTEX_POINT('',#15224);
#4896=VERTEX_POINT('',#15227);
#4897=VERTEX_POINT('',#15230);
#4898=VERTEX_POINT('',#15232);
#4899=VERTEX_POINT('',#15236);
#4900=VERTEX_POINT('',#15240);
#4901=VERTEX_POINT('',#15244);
#4902=VERTEX_POINT('',#15248);
#4903=VERTEX_POINT('',#15254);
#4904=VERTEX_POINT('',#15257);
#4905=VERTEX_POINT('',#15263);
#4906=VERTEX_POINT('',#15265);
#4907=VERTEX_POINT('',#15268);
#4908=VERTEX_POINT('',#15270);
#4909=VERTEX_POINT('',#15274);
#4910=VERTEX_POINT('',#15275);
#4911=VERTEX_POINT('',#15277);
#4912=VERTEX_POINT('',#15279);
#4913=VERTEX_POINT('',#15281);
#4914=VERTEX_POINT('',#15283);
#4915=VERTEX_POINT('',#15287);
#4916=VERTEX_POINT('',#15289);
#4917=VERTEX_POINT('',#15293);
#4918=VERTEX_POINT('',#15297);
#4919=VERTEX_POINT('',#15301);
#4920=VERTEX_POINT('',#15305);
#4921=VERTEX_POINT('',#15314);
#4922=VERTEX_POINT('',#15316);
#4923=VERTEX_POINT('',#15319);
#4924=VERTEX_POINT('',#15321);
#4925=VERTEX_POINT('',#15324);
#4926=VERTEX_POINT('',#15326);
#4927=VERTEX_POINT('',#15329);
#4928=VERTEX_POINT('',#15330);
#4929=VERTEX_POINT('',#15332);
#4930=VERTEX_POINT('',#15334);
#4931=VERTEX_POINT('',#15338);
#4932=VERTEX_POINT('',#15340);
#4933=VERTEX_POINT('',#15344);
#4934=VERTEX_POINT('',#15346);
#4935=VERTEX_POINT('',#15350);
#4936=VERTEX_POINT('',#15352);
#4937=VERTEX_POINT('',#15356);
#4938=VERTEX_POINT('',#15358);
#4939=VERTEX_POINT('',#15362);
#4940=VERTEX_POINT('',#15364);
#4941=VERTEX_POINT('',#15368);
#4942=VERTEX_POINT('',#15370);
#4943=VERTEX_POINT('',#15377);
#4944=VERTEX_POINT('',#15380);
#4945=VERTEX_POINT('',#15383);
#4946=VERTEX_POINT('',#15386);
#4947=VERTEX_POINT('',#15387);
#4948=VERTEX_POINT('',#15389);
#4949=VERTEX_POINT('',#15391);
#4950=VERTEX_POINT('',#15393);
#4951=VERTEX_POINT('',#15395);
#4952=VERTEX_POINT('',#15397);
#4953=VERTEX_POINT('',#15399);
#4954=VERTEX_POINT('',#15403);
#4955=VERTEX_POINT('',#15406);
#4956=VERTEX_POINT('',#15409);
#4957=VERTEX_POINT('',#15412);
#4958=VERTEX_POINT('',#15415);
#4959=VERTEX_POINT('',#15416);
#4960=VERTEX_POINT('',#15421);
#4961=VERTEX_POINT('',#15425);
#4962=VERTEX_POINT('',#15429);
#4963=VERTEX_POINT('',#15433);
#4964=VERTEX_POINT('',#15437);
#4965=VERTEX_POINT('',#15441);
#4966=VERTEX_POINT('',#15447);
#4967=VERTEX_POINT('',#15450);
#4968=VERTEX_POINT('',#15453);
#4969=VERTEX_POINT('',#15458);
#4970=VERTEX_POINT('',#15461);
#4971=VERTEX_POINT('',#15462);
#4972=VERTEX_POINT('',#15464);
#4973=VERTEX_POINT('',#15466);
#4974=VERTEX_POINT('',#15468);
#4975=VERTEX_POINT('',#15470);
#4976=VERTEX_POINT('',#15473);
#4977=VERTEX_POINT('',#15476);
#4978=VERTEX_POINT('',#15478);
#4979=VERTEX_POINT('',#15482);
#4980=VERTEX_POINT('',#15486);
#4981=VERTEX_POINT('',#15490);
#4982=VERTEX_POINT('',#15494);
#4983=VERTEX_POINT('',#15500);
#4984=VERTEX_POINT('',#15503);
#4985=VERTEX_POINT('',#15509);
#4986=VERTEX_POINT('',#15511);
#4987=VERTEX_POINT('',#15514);
#4988=VERTEX_POINT('',#15516);
#4989=VERTEX_POINT('',#15520);
#4990=VERTEX_POINT('',#15521);
#4991=VERTEX_POINT('',#15523);
#4992=VERTEX_POINT('',#15525);
#4993=VERTEX_POINT('',#15527);
#4994=VERTEX_POINT('',#15529);
#4995=VERTEX_POINT('',#15533);
#4996=VERTEX_POINT('',#15535);
#4997=VERTEX_POINT('',#15539);
#4998=VERTEX_POINT('',#15543);
#4999=VERTEX_POINT('',#15547);
#5000=VERTEX_POINT('',#15551);
#5001=VERTEX_POINT('',#15560);
#5002=VERTEX_POINT('',#15562);
#5003=VERTEX_POINT('',#15565);
#5004=VERTEX_POINT('',#15567);
#5005=VERTEX_POINT('',#15570);
#5006=VERTEX_POINT('',#15572);
#5007=VERTEX_POINT('',#15575);
#5008=VERTEX_POINT('',#15577);
#5009=VERTEX_POINT('',#15580);
#5010=VERTEX_POINT('',#15581);
#5011=VERTEX_POINT('',#15583);
#5012=VERTEX_POINT('',#15585);
#5013=VERTEX_POINT('',#15589);
#5014=VERTEX_POINT('',#15590);
#5015=VERTEX_POINT('',#15592);
#5016=VERTEX_POINT('',#15594);
#5017=VERTEX_POINT('',#15598);
#5018=VERTEX_POINT('',#15599);
#5019=VERTEX_POINT('',#15604);
#5020=VERTEX_POINT('',#15605);
#5021=VERTEX_POINT('',#15610);
#5022=VERTEX_POINT('',#15611);
#5023=VERTEX_POINT('',#15616);
#5024=VERTEX_POINT('',#15617);
#5025=VERTEX_POINT('',#15625);
#5026=VERTEX_POINT('',#15626);
#5027=VERTEX_POINT('',#15631);
#5028=VERTEX_POINT('',#15633);
#5029=VERTEX_POINT('',#15637);
#5030=VERTEX_POINT('',#15638);
#5031=VERTEX_POINT('',#15640);
#5032=VERTEX_POINT('',#15642);
#5033=VERTEX_POINT('',#15646);
#5034=VERTEX_POINT('',#15647);
#5035=VERTEX_POINT('',#15652);
#5036=VERTEX_POINT('',#15654);
#5037=VERTEX_POINT('',#15658);
#5038=VERTEX_POINT('',#15660);
#5039=VERTEX_POINT('',#15664);
#5040=VERTEX_POINT('',#15665);
#5041=VERTEX_POINT('',#15673);
#5042=VERTEX_POINT('',#15675);
#5043=VERTEX_POINT('',#15679);
#5044=VERTEX_POINT('',#15681);
#5045=VERTEX_POINT('',#15685);
#5046=VERTEX_POINT('',#15686);
#5047=VERTEX_POINT('',#15688);
#5048=VERTEX_POINT('',#15690);
#5049=VERTEX_POINT('',#15694);
#5050=VERTEX_POINT('',#15695);
#5051=VERTEX_POINT('',#15700);
#5052=VERTEX_POINT('',#15701);
#5053=VERTEX_POINT('',#15706);
#5054=VERTEX_POINT('',#15708);
#5055=VERTEX_POINT('',#15712);
#5056=VERTEX_POINT('',#15714);
#5057=VERTEX_POINT('',#15721);
#5058=VERTEX_POINT('',#15722);
#5059=VERTEX_POINT('',#15727);
#5060=VERTEX_POINT('',#15729);
#5061=VERTEX_POINT('',#15733);
#5062=VERTEX_POINT('',#15734);
#5063=VERTEX_POINT('',#15739);
#5064=VERTEX_POINT('',#15740);
#5065=VERTEX_POINT('',#15745);
#5066=VERTEX_POINT('',#15747);
#5067=VERTEX_POINT('',#15751);
#5068=VERTEX_POINT('',#15753);
#5069=VERTEX_POINT('',#15757);
#5070=VERTEX_POINT('',#15758);
#5071=VERTEX_POINT('',#15763);
#5072=VERTEX_POINT('',#15765);
#5073=VERTEX_POINT('',#15775);
#5074=VERTEX_POINT('',#15778);
#5075=VERTEX_POINT('',#15779);
#5076=VERTEX_POINT('',#15781);
#5077=VERTEX_POINT('',#15783);
#5078=VERTEX_POINT('',#15785);
#5079=VERTEX_POINT('',#15787);
#5080=VERTEX_POINT('',#15790);
#5081=VERTEX_POINT('',#15793);
#5082=VERTEX_POINT('',#15795);
#5083=VERTEX_POINT('',#15799);
#5084=VERTEX_POINT('',#15803);
#5085=VERTEX_POINT('',#15807);
#5086=VERTEX_POINT('',#15811);
#5087=VERTEX_POINT('',#15817);
#5088=VERTEX_POINT('',#15820);
#5089=VERTEX_POINT('',#15826);
#5090=VERTEX_POINT('',#15829);
#5091=VERTEX_POINT('',#15830);
#5092=VERTEX_POINT('',#15832);
#5093=VERTEX_POINT('',#15834);
#5094=VERTEX_POINT('',#15836);
#5095=VERTEX_POINT('',#15838);
#5096=VERTEX_POINT('',#15841);
#5097=VERTEX_POINT('',#15844);
#5098=VERTEX_POINT('',#15846);
#5099=VERTEX_POINT('',#15850);
#5100=VERTEX_POINT('',#15854);
#5101=VERTEX_POINT('',#15858);
#5102=VERTEX_POINT('',#15862);
#5103=VERTEX_POINT('',#15868);
#5104=VERTEX_POINT('',#15871);
#5105=VERTEX_POINT('',#15878);
#5106=VERTEX_POINT('',#15881);
#5107=VERTEX_POINT('',#15882);
#5108=VERTEX_POINT('',#15884);
#5109=VERTEX_POINT('',#15886);
#5110=VERTEX_POINT('',#15888);
#5111=VERTEX_POINT('',#15890);
#5112=VERTEX_POINT('',#15893);
#5113=VERTEX_POINT('',#15896);
#5114=VERTEX_POINT('',#15898);
#5115=VERTEX_POINT('',#15902);
#5116=VERTEX_POINT('',#15906);
#5117=VERTEX_POINT('',#15910);
#5118=VERTEX_POINT('',#15914);
#5119=VERTEX_POINT('',#15920);
#5120=VERTEX_POINT('',#15923);
#5121=VERTEX_POINT('',#15929);
#5122=VERTEX_POINT('',#15932);
#5123=VERTEX_POINT('',#15933);
#5124=VERTEX_POINT('',#15935);
#5125=VERTEX_POINT('',#15937);
#5126=VERTEX_POINT('',#15939);
#5127=VERTEX_POINT('',#15941);
#5128=VERTEX_POINT('',#15944);
#5129=VERTEX_POINT('',#15947);
#5130=VERTEX_POINT('',#15949);
#5131=VERTEX_POINT('',#15953);
#5132=VERTEX_POINT('',#15957);
#5133=VERTEX_POINT('',#15961);
#5134=VERTEX_POINT('',#15965);
#5135=VERTEX_POINT('',#15971);
#5136=VERTEX_POINT('',#15974);
#5137=VERTEX_POINT('',#15980);
#5138=VERTEX_POINT('',#15982);
#5139=VERTEX_POINT('',#15985);
#5140=VERTEX_POINT('',#15987);
#5141=VERTEX_POINT('',#15991);
#5142=VERTEX_POINT('',#15992);
#5143=VERTEX_POINT('',#15994);
#5144=VERTEX_POINT('',#15996);
#5145=VERTEX_POINT('',#15998);
#5146=VERTEX_POINT('',#16000);
#5147=VERTEX_POINT('',#16004);
#5148=VERTEX_POINT('',#16006);
#5149=VERTEX_POINT('',#16010);
#5150=VERTEX_POINT('',#16014);
#5151=VERTEX_POINT('',#16018);
#5152=VERTEX_POINT('',#16022);
#5153=VERTEX_POINT('',#16031);
#5154=VERTEX_POINT('',#16033);
#5155=VERTEX_POINT('',#16036);
#5156=VERTEX_POINT('',#16039);
#5157=VERTEX_POINT('',#16042);
#5158=VERTEX_POINT('',#16044);
#5159=VERTEX_POINT('',#16047);
#5160=VERTEX_POINT('',#16050);
#5161=VERTEX_POINT('',#16053);
#5162=VERTEX_POINT('',#16055);
#5163=VERTEX_POINT('',#16058);
#5164=VERTEX_POINT('',#16061);
#5165=VERTEX_POINT('',#16064);
#5166=VERTEX_POINT('',#16065);
#5167=VERTEX_POINT('',#16067);
#5168=VERTEX_POINT('',#16069);
#5169=VERTEX_POINT('',#16071);
#5170=VERTEX_POINT('',#16073);
#5171=VERTEX_POINT('',#16075);
#5172=VERTEX_POINT('',#16077);
#5173=VERTEX_POINT('',#16080);
#5174=VERTEX_POINT('',#16081);
#5175=VERTEX_POINT('',#16083);
#5176=VERTEX_POINT('',#16085);
#5177=VERTEX_POINT('',#16087);
#5178=VERTEX_POINT('',#16089);
#5179=VERTEX_POINT('',#16091);
#5180=VERTEX_POINT('',#16093);
#5181=VERTEX_POINT('',#16097);
#5182=VERTEX_POINT('',#16098);
#5183=VERTEX_POINT('',#16103);
#5184=VERTEX_POINT('',#16104);
#5185=VERTEX_POINT('',#16109);
#5186=VERTEX_POINT('',#16110);
#5187=VERTEX_POINT('',#16115);
#5188=VERTEX_POINT('',#16117);
#5189=VERTEX_POINT('',#16121);
#5190=VERTEX_POINT('',#16128);
#5191=VERTEX_POINT('',#16130);
#5192=VERTEX_POINT('',#16134);
#5193=VERTEX_POINT('',#16136);
#5194=VERTEX_POINT('',#16140);
#5195=VERTEX_POINT('',#16142);
#5196=VERTEX_POINT('',#16146);
#5197=VERTEX_POINT('',#16147);
#5198=VERTEX_POINT('',#16152);
#5199=VERTEX_POINT('',#16167);
#5200=VERTEX_POINT('',#16170);
#5201=VERTEX_POINT('',#16176);
#5202=VERTEX_POINT('',#16178);
#5203=VERTEX_POINT('',#16181);
#5204=VERTEX_POINT('',#16183);
#5205=VERTEX_POINT('',#16186);
#5206=VERTEX_POINT('',#16188);
#5207=VERTEX_POINT('',#16191);
#5208=VERTEX_POINT('',#16193);
#5209=VERTEX_POINT('',#16196);
#5210=VERTEX_POINT('',#16197);
#5211=VERTEX_POINT('',#16199);
#5212=VERTEX_POINT('',#16201);
#5213=VERTEX_POINT('',#16205);
#5214=VERTEX_POINT('',#16206);
#5215=VERTEX_POINT('',#16208);
#5216=VERTEX_POINT('',#16210);
#5217=VERTEX_POINT('',#16214);
#5218=VERTEX_POINT('',#16215);
#5219=VERTEX_POINT('',#16220);
#5220=VERTEX_POINT('',#16221);
#5221=VERTEX_POINT('',#16226);
#5222=VERTEX_POINT('',#16227);
#5223=VERTEX_POINT('',#16232);
#5224=VERTEX_POINT('',#16233);
#5225=VERTEX_POINT('',#16241);
#5226=VERTEX_POINT('',#16242);
#5227=VERTEX_POINT('',#16247);
#5228=VERTEX_POINT('',#16249);
#5229=VERTEX_POINT('',#16253);
#5230=VERTEX_POINT('',#16254);
#5231=VERTEX_POINT('',#16256);
#5232=VERTEX_POINT('',#16258);
#5233=VERTEX_POINT('',#16262);
#5234=VERTEX_POINT('',#16263);
#5235=VERTEX_POINT('',#16268);
#5236=VERTEX_POINT('',#16270);
#5237=VERTEX_POINT('',#16274);
#5238=VERTEX_POINT('',#16276);
#5239=VERTEX_POINT('',#16280);
#5240=VERTEX_POINT('',#16281);
#5241=VERTEX_POINT('',#16289);
#5242=VERTEX_POINT('',#16291);
#5243=VERTEX_POINT('',#16295);
#5244=VERTEX_POINT('',#16297);
#5245=VERTEX_POINT('',#16301);
#5246=VERTEX_POINT('',#16302);
#5247=VERTEX_POINT('',#16304);
#5248=VERTEX_POINT('',#16306);
#5249=VERTEX_POINT('',#16310);
#5250=VERTEX_POINT('',#16311);
#5251=VERTEX_POINT('',#16316);
#5252=VERTEX_POINT('',#16317);
#5253=VERTEX_POINT('',#16322);
#5254=VERTEX_POINT('',#16324);
#5255=VERTEX_POINT('',#16328);
#5256=VERTEX_POINT('',#16330);
#5257=VERTEX_POINT('',#16337);
#5258=VERTEX_POINT('',#16338);
#5259=VERTEX_POINT('',#16343);
#5260=VERTEX_POINT('',#16345);
#5261=VERTEX_POINT('',#16349);
#5262=VERTEX_POINT('',#16350);
#5263=VERTEX_POINT('',#16355);
#5264=VERTEX_POINT('',#16356);
#5265=VERTEX_POINT('',#16361);
#5266=VERTEX_POINT('',#16363);
#5267=VERTEX_POINT('',#16367);
#5268=VERTEX_POINT('',#16369);
#5269=VERTEX_POINT('',#16373);
#5270=VERTEX_POINT('',#16374);
#5271=VERTEX_POINT('',#16379);
#5272=VERTEX_POINT('',#16381);
#5273=VERTEX_POINT('',#16392);
#5274=VERTEX_POINT('',#16395);
#5275=VERTEX_POINT('',#16396);
#5276=VERTEX_POINT('',#16398);
#5277=VERTEX_POINT('',#16400);
#5278=VERTEX_POINT('',#16402);
#5279=VERTEX_POINT('',#16404);
#5280=VERTEX_POINT('',#16407);
#5281=VERTEX_POINT('',#16410);
#5282=VERTEX_POINT('',#16412);
#5283=VERTEX_POINT('',#16416);
#5284=VERTEX_POINT('',#16420);
#5285=VERTEX_POINT('',#16424);
#5286=VERTEX_POINT('',#16428);
#5287=VERTEX_POINT('',#16434);
#5288=VERTEX_POINT('',#16437);
#5289=VERTEX_POINT('',#16443);
#5290=VERTEX_POINT('',#16446);
#5291=VERTEX_POINT('',#16447);
#5292=VERTEX_POINT('',#16449);
#5293=VERTEX_POINT('',#16451);
#5294=VERTEX_POINT('',#16453);
#5295=VERTEX_POINT('',#16455);
#5296=VERTEX_POINT('',#16458);
#5297=VERTEX_POINT('',#16461);
#5298=VERTEX_POINT('',#16463);
#5299=VERTEX_POINT('',#16467);
#5300=VERTEX_POINT('',#16471);
#5301=VERTEX_POINT('',#16475);
#5302=VERTEX_POINT('',#16479);
#5303=VERTEX_POINT('',#16485);
#5304=VERTEX_POINT('',#16488);
#5305=VERTEX_POINT('',#16494);
#5306=VERTEX_POINT('',#16495);
#5307=VERTEX_POINT('',#16497);
#5308=VERTEX_POINT('',#16499);
#5309=VERTEX_POINT('',#16503);
#5310=VERTEX_POINT('',#16505);
#5311=VERTEX_POINT('',#16509);
#5312=VERTEX_POINT('',#16511);
#5313=VERTEX_POINT('',#16521);
#5314=VERTEX_POINT('',#16522);
#5315=VERTEX_POINT('',#16524);
#5316=VERTEX_POINT('',#16526);
#5317=VERTEX_POINT('',#16530);
#5318=VERTEX_POINT('',#16532);
#5319=VERTEX_POINT('',#16536);
#5320=VERTEX_POINT('',#16538);
#5321=VERTEX_POINT('',#16548);
#5322=VERTEX_POINT('',#16551);
#5323=VERTEX_POINT('',#16552);
#5324=VERTEX_POINT('',#16554);
#5325=VERTEX_POINT('',#16556);
#5326=VERTEX_POINT('',#16558);
#5327=VERTEX_POINT('',#16560);
#5328=VERTEX_POINT('',#16563);
#5329=VERTEX_POINT('',#16566);
#5330=VERTEX_POINT('',#16568);
#5331=VERTEX_POINT('',#16572);
#5332=VERTEX_POINT('',#16576);
#5333=VERTEX_POINT('',#16580);
#5334=VERTEX_POINT('',#16584);
#5335=VERTEX_POINT('',#16590);
#5336=VERTEX_POINT('',#16593);
#5337=VERTEX_POINT('',#16599);
#5338=VERTEX_POINT('',#16600);
#5339=VERTEX_POINT('',#16602);
#5340=VERTEX_POINT('',#16604);
#5341=VERTEX_POINT('',#16608);
#5342=VERTEX_POINT('',#16610);
#5343=VERTEX_POINT('',#16614);
#5344=VERTEX_POINT('',#16618);
#5345=VERTEX_POINT('',#16627);
#5346=VERTEX_POINT('',#16628);
#5347=VERTEX_POINT('',#16630);
#5348=VERTEX_POINT('',#16632);
#5349=VERTEX_POINT('',#16636);
#5350=VERTEX_POINT('',#16638);
#5351=VERTEX_POINT('',#16642);
#5352=VERTEX_POINT('',#16644);
#5353=LINE('',#13959,#6209);
#5354=LINE('',#13962,#6210);
#5355=LINE('',#13964,#6211);
#5356=LINE('',#13966,#6212);
#5357=LINE('',#13968,#6213);
#5358=LINE('',#13970,#6214);
#5359=LINE('',#13972,#6215);
#5360=LINE('',#13974,#6216);
#5361=LINE('',#13976,#6217);
#5362=LINE('',#13978,#6218);
#5363=LINE('',#13980,#6219);
#5364=LINE('',#13983,#6220);
#5365=LINE('',#13985,#6221);
#5366=LINE('',#13987,#6222);
#5367=LINE('',#13989,#6223);
#5368=LINE('',#13992,#6224);
#5369=LINE('',#13994,#6225);
#5370=LINE('',#13996,#6226);
#5371=LINE('',#13998,#6227);
#5372=LINE('',#14001,#6228);
#5373=LINE('',#14003,#6229);
#5374=LINE('',#14005,#6230);
#5375=LINE('',#14007,#6231);
#5376=LINE('',#14010,#6232);
#5377=LINE('',#14012,#6233);
#5378=LINE('',#14014,#6234);
#5379=LINE('',#14016,#6235);
#5380=LINE('',#14017,#6236);
#5381=LINE('',#14057,#6237);
#5382=LINE('',#14061,#6238);
#5383=LINE('',#14066,#6239);
#5384=LINE('',#14070,#6240);
#5385=LINE('',#14072,#6241);
#5386=LINE('',#14078,#6242);
#5387=LINE('',#14081,#6243);
#5388=LINE('',#14082,#6244);
#5389=LINE('',#14084,#6245);
#5390=LINE('',#14087,#6246);
#5391=LINE('',#14088,#6247);
#5392=LINE('',#14090,#6248);
#5393=LINE('',#14099,#6249);
#5394=LINE('',#14102,#6250);
#5395=LINE('',#14103,#6251);
#5396=LINE('',#14107,#6252);
#5397=LINE('',#14114,#6253);
#5398=LINE('',#14118,#6254);
#5399=LINE('',#14120,#6255);
#5400=LINE('',#14126,#6256);
#5401=LINE('',#14128,#6257);
#5402=LINE('',#14130,#6258);
#5403=LINE('',#14132,#6259);
#5404=LINE('',#14134,#6260);
#5405=LINE('',#14136,#6261);
#5406=LINE('',#14138,#6262);
#5407=LINE('',#14147,#6263);
#5408=LINE('',#14149,#6264);
#5409=LINE('',#14151,#6265);
#5410=LINE('',#14155,#6266);
#5411=LINE('',#14162,#6267);
#5412=LINE('',#14166,#6268);
#5413=LINE('',#14168,#6269);
#5414=LINE('',#14174,#6270);
#5415=LINE('',#14177,#6271);
#5416=LINE('',#14178,#6272);
#5417=LINE('',#14180,#6273);
#5418=LINE('',#14182,#6274);
#5419=LINE('',#14184,#6275);
#5420=LINE('',#14190,#6276);
#5421=LINE('',#14195,#6277);
#5422=LINE('',#14198,#6278);
#5423=LINE('',#14199,#6279);
#5424=LINE('',#14203,#6280);
#5425=LINE('',#14207,#6281);
#5426=LINE('',#14210,#6282);
#5427=LINE('',#14211,#6283);
#5428=LINE('',#14213,#6284);
#5429=LINE('',#14216,#6285);
#5430=LINE('',#14217,#6286);
#5431=LINE('',#14223,#6287);
#5432=LINE('',#14227,#6288);
#5433=LINE('',#14234,#6289);
#5434=LINE('',#14239,#6290);
#5435=LINE('',#14243,#6291);
#5436=LINE('',#14245,#6292);
#5437=LINE('',#14252,#6293);
#5438=LINE('',#14255,#6294);
#5439=LINE('',#14257,#6295);
#5440=LINE('',#14259,#6296);
#5441=LINE('',#14261,#6297);
#5442=LINE('',#14263,#6298);
#5443=LINE('',#14267,#6299);
#5444=LINE('',#14269,#6300);
#5445=LINE('',#14271,#6301);
#5446=LINE('',#14273,#6302);
#5447=LINE('',#14275,#6303);
#5448=LINE('',#14277,#6304);
#5449=LINE('',#14279,#6305);
#5450=LINE('',#14281,#6306);
#5451=LINE('',#14283,#6307);
#5452=LINE('',#14285,#6308);
#5453=LINE('',#14287,#6309);
#5454=LINE('',#14289,#6310);
#5455=LINE('',#14300,#6311);
#5456=LINE('',#14303,#6312);
#5457=LINE('',#14305,#6313);
#5458=LINE('',#14307,#6314);
#5459=LINE('',#14309,#6315);
#5460=LINE('',#14311,#6316);
#5461=LINE('',#14313,#6317);
#5462=LINE('',#14315,#6318);
#5463=LINE('',#14317,#6319);
#5464=LINE('',#14319,#6320);
#5465=LINE('',#14321,#6321);
#5466=LINE('',#14322,#6322);
#5467=LINE('',#14330,#6323);
#5468=LINE('',#14333,#6324);
#5469=LINE('',#14335,#6325);
#5470=LINE('',#14337,#6326);
#5471=LINE('',#14339,#6327);
#5472=LINE('',#14341,#6328);
#5473=LINE('',#14345,#6329);
#5474=LINE('',#14347,#6330);
#5475=LINE('',#14349,#6331);
#5476=LINE('',#14351,#6332);
#5477=LINE('',#14353,#6333);
#5478=LINE('',#14355,#6334);
#5479=LINE('',#14357,#6335);
#5480=LINE('',#14359,#6336);
#5481=LINE('',#14361,#6337);
#5482=LINE('',#14363,#6338);
#5483=LINE('',#14365,#6339);
#5484=LINE('',#14367,#6340);
#5485=LINE('',#14378,#6341);
#5486=LINE('',#14381,#6342);
#5487=LINE('',#14383,#6343);
#5488=LINE('',#14385,#6344);
#5489=LINE('',#14387,#6345);
#5490=LINE('',#14389,#6346);
#5491=LINE('',#14391,#6347);
#5492=LINE('',#14393,#6348);
#5493=LINE('',#14395,#6349);
#5494=LINE('',#14397,#6350);
#5495=LINE('',#14399,#6351);
#5496=LINE('',#14400,#6352);
#5497=LINE('',#14408,#6353);
#5498=LINE('',#14411,#6354);
#5499=LINE('',#14413,#6355);
#5500=LINE('',#14415,#6356);
#5501=LINE('',#14417,#6357);
#5502=LINE('',#14419,#6358);
#5503=LINE('',#14423,#6359);
#5504=LINE('',#14425,#6360);
#5505=LINE('',#14427,#6361);
#5506=LINE('',#14429,#6362);
#5507=LINE('',#14431,#6363);
#5508=LINE('',#14433,#6364);
#5509=LINE('',#14435,#6365);
#5510=LINE('',#14437,#6366);
#5511=LINE('',#14439,#6367);
#5512=LINE('',#14441,#6368);
#5513=LINE('',#14443,#6369);
#5514=LINE('',#14445,#6370);
#5515=LINE('',#14479,#6371);
#5516=LINE('',#14483,#6372);
#5517=LINE('',#14488,#6373);
#5518=LINE('',#14492,#6374);
#5519=LINE('',#14494,#6375);
#5520=LINE('',#14500,#6376);
#5521=LINE('',#14503,#6377);
#5522=LINE('',#14504,#6378);
#5523=LINE('',#14506,#6379);
#5524=LINE('',#14509,#6380);
#5525=LINE('',#14510,#6381);
#5526=LINE('',#14512,#6382);
#5527=LINE('',#14521,#6383);
#5528=LINE('',#14524,#6384);
#5529=LINE('',#14525,#6385);
#5530=LINE('',#14529,#6386);
#5531=LINE('',#14536,#6387);
#5532=LINE('',#14540,#6388);
#5533=LINE('',#14542,#6389);
#5534=LINE('',#14548,#6390);
#5535=LINE('',#14550,#6391);
#5536=LINE('',#14552,#6392);
#5537=LINE('',#14554,#6393);
#5538=LINE('',#14556,#6394);
#5539=LINE('',#14558,#6395);
#5540=LINE('',#14560,#6396);
#5541=LINE('',#14569,#6397);
#5542=LINE('',#14571,#6398);
#5543=LINE('',#14573,#6399);
#5544=LINE('',#14577,#6400);
#5545=LINE('',#14584,#6401);
#5546=LINE('',#14588,#6402);
#5547=LINE('',#14590,#6403);
#5548=LINE('',#14596,#6404);
#5549=LINE('',#14599,#6405);
#5550=LINE('',#14600,#6406);
#5551=LINE('',#14602,#6407);
#5552=LINE('',#14604,#6408);
#5553=LINE('',#14606,#6409);
#5554=LINE('',#14612,#6410);
#5555=LINE('',#14617,#6411);
#5556=LINE('',#14620,#6412);
#5557=LINE('',#14621,#6413);
#5558=LINE('',#14625,#6414);
#5559=LINE('',#14629,#6415);
#5560=LINE('',#14632,#6416);
#5561=LINE('',#14633,#6417);
#5562=LINE('',#14635,#6418);
#5563=LINE('',#14638,#6419);
#5564=LINE('',#14639,#6420);
#5565=LINE('',#14645,#6421);
#5566=LINE('',#14649,#6422);
#5567=LINE('',#14656,#6423);
#5568=LINE('',#14661,#6424);
#5569=LINE('',#14665,#6425);
#5570=LINE('',#14667,#6426);
#5571=LINE('',#14682,#6427);
#5572=LINE('',#14685,#6428);
#5573=LINE('',#14687,#6429);
#5574=LINE('',#14689,#6430);
#5575=LINE('',#14691,#6431);
#5576=LINE('',#14693,#6432);
#5577=LINE('',#14695,#6433);
#5578=LINE('',#14697,#6434);
#5579=LINE('',#14699,#6435);
#5580=LINE('',#14701,#6436);
#5581=LINE('',#14703,#6437);
#5582=LINE('',#14705,#6438);
#5583=LINE('',#14707,#6439);
#5584=LINE('',#14709,#6440);
#5585=LINE('',#14711,#6441);
#5586=LINE('',#14713,#6442);
#5587=LINE('',#14715,#6443);
#5588=LINE('',#14717,#6444);
#5589=LINE('',#14725,#6445);
#5590=LINE('',#14728,#6446);
#5591=LINE('',#14730,#6447);
#5592=LINE('',#14732,#6448);
#5593=LINE('',#14734,#6449);
#5594=LINE('',#14736,#6450);
#5595=LINE('',#14740,#6451);
#5596=LINE('',#14742,#6452);
#5597=LINE('',#14744,#6453);
#5598=LINE('',#14746,#6454);
#5599=LINE('',#14748,#6455);
#5600=LINE('',#14750,#6456);
#5601=LINE('',#14752,#6457);
#5602=LINE('',#14754,#6458);
#5603=LINE('',#14756,#6459);
#5604=LINE('',#14758,#6460);
#5605=LINE('',#14760,#6461);
#5606=LINE('',#14762,#6462);
#5607=LINE('',#14784,#6463);
#5608=LINE('',#14787,#6464);
#5609=LINE('',#14789,#6465);
#5610=LINE('',#14791,#6466);
#5611=LINE('',#14793,#6467);
#5612=LINE('',#14795,#6468);
#5613=LINE('',#14797,#6469);
#5614=LINE('',#14799,#6470);
#5615=LINE('',#14801,#6471);
#5616=LINE('',#14803,#6472);
#5617=LINE('',#14805,#6473);
#5618=LINE('',#14807,#6474);
#5619=LINE('',#14809,#6475);
#5620=LINE('',#14811,#6476);
#5621=LINE('',#14813,#6477);
#5622=LINE('',#14815,#6478);
#5623=LINE('',#14817,#6479);
#5624=LINE('',#14819,#6480);
#5625=LINE('',#14824,#6481);
#5626=LINE('',#14827,#6482);
#5627=LINE('',#14829,#6483);
#5628=LINE('',#14831,#6484);
#5629=LINE('',#14833,#6485);
#5630=LINE('',#14835,#6486);
#5631=LINE('',#14837,#6487);
#5632=LINE('',#14839,#6488);
#5633=LINE('',#14841,#6489);
#5634=LINE('',#14843,#6490);
#5635=LINE('',#14845,#6491);
#5636=LINE('',#14846,#6492);
#5637=LINE('',#14851,#6493);
#5638=LINE('',#14854,#6494);
#5639=LINE('',#14856,#6495);
#5640=LINE('',#14858,#6496);
#5641=LINE('',#14860,#6497);
#5642=LINE('',#14862,#6498);
#5643=LINE('',#14864,#6499);
#5644=LINE('',#14866,#6500);
#5645=LINE('',#14868,#6501);
#5646=LINE('',#14870,#6502);
#5647=LINE('',#14872,#6503);
#5648=LINE('',#14873,#6504);
#5649=LINE('',#14889,#6505);
#5650=LINE('',#14892,#6506);
#5651=LINE('',#14894,#6507);
#5652=LINE('',#14896,#6508);
#5653=LINE('',#14898,#6509);
#5654=LINE('',#14900,#6510);
#5655=LINE('',#14902,#6511);
#5656=LINE('',#14904,#6512);
#5657=LINE('',#14906,#6513);
#5658=LINE('',#14908,#6514);
#5659=LINE('',#14910,#6515);
#5660=LINE('',#14912,#6516);
#5661=LINE('',#14914,#6517);
#5662=LINE('',#14916,#6518);
#5663=LINE('',#14918,#6519);
#5664=LINE('',#14920,#6520);
#5665=LINE('',#14922,#6521);
#5666=LINE('',#14924,#6522);
#5667=LINE('',#14932,#6523);
#5668=LINE('',#14935,#6524);
#5669=LINE('',#14937,#6525);
#5670=LINE('',#14939,#6526);
#5671=LINE('',#14941,#6527);
#5672=LINE('',#14943,#6528);
#5673=LINE('',#14947,#6529);
#5674=LINE('',#14949,#6530);
#5675=LINE('',#14951,#6531);
#5676=LINE('',#14953,#6532);
#5677=LINE('',#14955,#6533);
#5678=LINE('',#14957,#6534);
#5679=LINE('',#14959,#6535);
#5680=LINE('',#14961,#6536);
#5681=LINE('',#14963,#6537);
#5682=LINE('',#14965,#6538);
#5683=LINE('',#14967,#6539);
#5684=LINE('',#14969,#6540);
#5685=LINE('',#14991,#6541);
#5686=LINE('',#14994,#6542);
#5687=LINE('',#14996,#6543);
#5688=LINE('',#14998,#6544);
#5689=LINE('',#15000,#6545);
#5690=LINE('',#15002,#6546);
#5691=LINE('',#15004,#6547);
#5692=LINE('',#15006,#6548);
#5693=LINE('',#15008,#6549);
#5694=LINE('',#15010,#6550);
#5695=LINE('',#15012,#6551);
#5696=LINE('',#15014,#6552);
#5697=LINE('',#15016,#6553);
#5698=LINE('',#15018,#6554);
#5699=LINE('',#15020,#6555);
#5700=LINE('',#15022,#6556);
#5701=LINE('',#15024,#6557);
#5702=LINE('',#15026,#6558);
#5703=LINE('',#15042,#6559);
#5704=LINE('',#15045,#6560);
#5705=LINE('',#15047,#6561);
#5706=LINE('',#15049,#6562);
#5707=LINE('',#15051,#6563);
#5708=LINE('',#15053,#6564);
#5709=LINE('',#15055,#6565);
#5710=LINE('',#15057,#6566);
#5711=LINE('',#15059,#6567);
#5712=LINE('',#15061,#6568);
#5713=LINE('',#15063,#6569);
#5714=LINE('',#15065,#6570);
#5715=LINE('',#15067,#6571);
#5716=LINE('',#15069,#6572);
#5717=LINE('',#15071,#6573);
#5718=LINE('',#15073,#6574);
#5719=LINE('',#15075,#6575);
#5720=LINE('',#15077,#6576);
#5721=LINE('',#15085,#6577);
#5722=LINE('',#15088,#6578);
#5723=LINE('',#15090,#6579);
#5724=LINE('',#15092,#6580);
#5725=LINE('',#15094,#6581);
#5726=LINE('',#15096,#6582);
#5727=LINE('',#15100,#6583);
#5728=LINE('',#15102,#6584);
#5729=LINE('',#15104,#6585);
#5730=LINE('',#15106,#6586);
#5731=LINE('',#15108,#6587);
#5732=LINE('',#15110,#6588);
#5733=LINE('',#15112,#6589);
#5734=LINE('',#15114,#6590);
#5735=LINE('',#15116,#6591);
#5736=LINE('',#15118,#6592);
#5737=LINE('',#15120,#6593);
#5738=LINE('',#15122,#6594);
#5739=LINE('',#15136,#6595);
#5740=LINE('',#15139,#6596);
#5741=LINE('',#15141,#6597);
#5742=LINE('',#15143,#6598);
#5743=LINE('',#15145,#6599);
#5744=LINE('',#15147,#6600);
#5745=LINE('',#15151,#6601);
#5746=LINE('',#15153,#6602);
#5747=LINE('',#15155,#6603);
#5748=LINE('',#15157,#6604);
#5749=LINE('',#15159,#6605);
#5750=LINE('',#15161,#6606);
#5751=LINE('',#15163,#6607);
#5752=LINE('',#15165,#6608);
#5753=LINE('',#15167,#6609);
#5754=LINE('',#15169,#6610);
#5755=LINE('',#15171,#6611);
#5756=LINE('',#15173,#6612);
#5757=LINE('',#15184,#6613);
#5758=LINE('',#15187,#6614);
#5759=LINE('',#15189,#6615);
#5760=LINE('',#15191,#6616);
#5761=LINE('',#15193,#6617);
#5762=LINE('',#15195,#6618);
#5763=LINE('',#15197,#6619);
#5764=LINE('',#15199,#6620);
#5765=LINE('',#15201,#6621);
#5766=LINE('',#15203,#6622);
#5767=LINE('',#15205,#6623);
#5768=LINE('',#15206,#6624);
#5769=LINE('',#15214,#6625);
#5770=LINE('',#15217,#6626);
#5771=LINE('',#15219,#6627);
#5772=LINE('',#15221,#6628);
#5773=LINE('',#15223,#6629);
#5774=LINE('',#15225,#6630);
#5775=LINE('',#15229,#6631);
#5776=LINE('',#15231,#6632);
#5777=LINE('',#15233,#6633);
#5778=LINE('',#15235,#6634);
#5779=LINE('',#15237,#6635);
#5780=LINE('',#15239,#6636);
#5781=LINE('',#15241,#6637);
#5782=LINE('',#15243,#6638);
#5783=LINE('',#15245,#6639);
#5784=LINE('',#15247,#6640);
#5785=LINE('',#15249,#6641);
#5786=LINE('',#15251,#6642);
#5787=LINE('',#15273,#6643);
#5788=LINE('',#15276,#6644);
#5789=LINE('',#15278,#6645);
#5790=LINE('',#15280,#6646);
#5791=LINE('',#15282,#6647);
#5792=LINE('',#15284,#6648);
#5793=LINE('',#15286,#6649);
#5794=LINE('',#15288,#6650);
#5795=LINE('',#15290,#6651);
#5796=LINE('',#15292,#6652);
#5797=LINE('',#15294,#6653);
#5798=LINE('',#15296,#6654);
#5799=LINE('',#15298,#6655);
#5800=LINE('',#15300,#6656);
#5801=LINE('',#15302,#6657);
#5802=LINE('',#15304,#6658);
#5803=LINE('',#15306,#6659);
#5804=LINE('',#15308,#6660);
#5805=LINE('',#15331,#6661);
#5806=LINE('',#15335,#6662);
#5807=LINE('',#15337,#6663);
#5808=LINE('',#15339,#6664);
#5809=LINE('',#15341,#6665);
#5810=LINE('',#15347,#6666);
#5811=LINE('',#15349,#6667);
#5812=LINE('',#15351,#6668);
#5813=LINE('',#15353,#6669);
#5814=LINE('',#15359,#6670);
#5815=LINE('',#15361,#6671);
#5816=LINE('',#15363,#6672);
#5817=LINE('',#15365,#6673);
#5818=LINE('',#15371,#6674);
#5819=LINE('',#15373,#6675);
#5820=LINE('',#15374,#6676);
#5821=LINE('',#15385,#6677);
#5822=LINE('',#15390,#6678);
#5823=LINE('',#15394,#6679);
#5824=LINE('',#15398,#6680);
#5825=LINE('',#15417,#6681);
#5826=LINE('',#15418,#6682);
#5827=LINE('',#15420,#6683);
#5828=LINE('',#15422,#6684);
#5829=LINE('',#15426,#6685);
#5830=LINE('',#15428,#6686);
#5831=LINE('',#15430,#6687);
#5832=LINE('',#15434,#6688);
#5833=LINE('',#15436,#6689);
#5834=LINE('',#15438,#6690);
#5835=LINE('',#15442,#6691);
#5836=LINE('',#15444,#6692);
#5837=LINE('',#15460,#6693);
#5838=LINE('',#15463,#6694);
#5839=LINE('',#15465,#6695);
#5840=LINE('',#15467,#6696);
#5841=LINE('',#15469,#6697);
#5842=LINE('',#15471,#6698);
#5843=LINE('',#15475,#6699);
#5844=LINE('',#15477,#6700);
#5845=LINE('',#15479,#6701);
#5846=LINE('',#15481,#6702);
#5847=LINE('',#15483,#6703);
#5848=LINE('',#15485,#6704);
#5849=LINE('',#15487,#6705);
#5850=LINE('',#15489,#6706);
#5851=LINE('',#15491,#6707);
#5852=LINE('',#15493,#6708);
#5853=LINE('',#15495,#6709);
#5854=LINE('',#15497,#6710);
#5855=LINE('',#15519,#6711);
#5856=LINE('',#15522,#6712);
#5857=LINE('',#15524,#6713);
#5858=LINE('',#15526,#6714);
#5859=LINE('',#15528,#6715);
#5860=LINE('',#15530,#6716);
#5861=LINE('',#15532,#6717);
#5862=LINE('',#15534,#6718);
#5863=LINE('',#15536,#6719);
#5864=LINE('',#15538,#6720);
#5865=LINE('',#15540,#6721);
#5866=LINE('',#15542,#6722);
#5867=LINE('',#15544,#6723);
#5868=LINE('',#15546,#6724);
#5869=LINE('',#15548,#6725);
#5870=LINE('',#15550,#6726);
#5871=LINE('',#15552,#6727);
#5872=LINE('',#15554,#6728);
#5873=LINE('',#15582,#6729);
#5874=LINE('',#15586,#6730);
#5875=LINE('',#15591,#6731);
#5876=LINE('',#15595,#6732);
#5877=LINE('',#15597,#6733);
#5878=LINE('',#15603,#6734);
#5879=LINE('',#15606,#6735);
#5880=LINE('',#15607,#6736);
#5881=LINE('',#15609,#6737);
#5882=LINE('',#15612,#6738);
#5883=LINE('',#15613,#6739);
#5884=LINE('',#15615,#6740);
#5885=LINE('',#15624,#6741);
#5886=LINE('',#15627,#6742);
#5887=LINE('',#15628,#6743);
#5888=LINE('',#15632,#6744);
#5889=LINE('',#15639,#6745);
#5890=LINE('',#15643,#6746);
#5891=LINE('',#15645,#6747);
#5892=LINE('',#15651,#6748);
#5893=LINE('',#15653,#6749);
#5894=LINE('',#15655,#6750);
#5895=LINE('',#15657,#6751);
#5896=LINE('',#15659,#6752);
#5897=LINE('',#15661,#6753);
#5898=LINE('',#15663,#6754);
#5899=LINE('',#15672,#6755);
#5900=LINE('',#15674,#6756);
#5901=LINE('',#15676,#6757);
#5902=LINE('',#15680,#6758);
#5903=LINE('',#15687,#6759);
#5904=LINE('',#15691,#6760);
#5905=LINE('',#15693,#6761);
#5906=LINE('',#15699,#6762);
#5907=LINE('',#15702,#6763);
#5908=LINE('',#15703,#6764);
#5909=LINE('',#15705,#6765);
#5910=LINE('',#15707,#6766);
#5911=LINE('',#15709,#6767);
#5912=LINE('',#15715,#6768);
#5913=LINE('',#15720,#6769);
#5914=LINE('',#15723,#6770);
#5915=LINE('',#15724,#6771);
#5916=LINE('',#15728,#6772);
#5917=LINE('',#15732,#6773);
#5918=LINE('',#15735,#6774);
#5919=LINE('',#15736,#6775);
#5920=LINE('',#15738,#6776);
#5921=LINE('',#15741,#6777);
#5922=LINE('',#15742,#6778);
#5923=LINE('',#15748,#6779);
#5924=LINE('',#15752,#6780);
#5925=LINE('',#15759,#6781);
#5926=LINE('',#15764,#6782);
#5927=LINE('',#15768,#6783);
#5928=LINE('',#15770,#6784);
#5929=LINE('',#15777,#6785);
#5930=LINE('',#15780,#6786);
#5931=LINE('',#15782,#6787);
#5932=LINE('',#15784,#6788);
#5933=LINE('',#15786,#6789);
#5934=LINE('',#15788,#6790);
#5935=LINE('',#15792,#6791);
#5936=LINE('',#15794,#6792);
#5937=LINE('',#15796,#6793);
#5938=LINE('',#15798,#6794);
#5939=LINE('',#15800,#6795);
#5940=LINE('',#15802,#6796);
#5941=LINE('',#15804,#6797);
#5942=LINE('',#15806,#6798);
#5943=LINE('',#15808,#6799);
#5944=LINE('',#15810,#6800);
#5945=LINE('',#15812,#6801);
#5946=LINE('',#15814,#6802);
#5947=LINE('',#15828,#6803);
#5948=LINE('',#15831,#6804);
#5949=LINE('',#15833,#6805);
#5950=LINE('',#15835,#6806);
#5951=LINE('',#15837,#6807);
#5952=LINE('',#15839,#6808);
#5953=LINE('',#15843,#6809);
#5954=LINE('',#15845,#6810);
#5955=LINE('',#15847,#6811);
#5956=LINE('',#15849,#6812);
#5957=LINE('',#15851,#6813);
#5958=LINE('',#15853,#6814);
#5959=LINE('',#15855,#6815);
#5960=LINE('',#15857,#6816);
#5961=LINE('',#15859,#6817);
#5962=LINE('',#15861,#6818);
#5963=LINE('',#15863,#6819);
#5964=LINE('',#15865,#6820);
#5965=LINE('',#15880,#6821);
#5966=LINE('',#15883,#6822);
#5967=LINE('',#15885,#6823);
#5968=LINE('',#15887,#6824);
#5969=LINE('',#15889,#6825);
#5970=LINE('',#15891,#6826);
#5971=LINE('',#15895,#6827);
#5972=LINE('',#15897,#6828);
#5973=LINE('',#15899,#6829);
#5974=LINE('',#15901,#6830);
#5975=LINE('',#15903,#6831);
#5976=LINE('',#15905,#6832);
#5977=LINE('',#15907,#6833);
#5978=LINE('',#15909,#6834);
#5979=LINE('',#15911,#6835);
#5980=LINE('',#15913,#6836);
#5981=LINE('',#15915,#6837);
#5982=LINE('',#15917,#6838);
#5983=LINE('',#15931,#6839);
#5984=LINE('',#15934,#6840);
#5985=LINE('',#15936,#6841);
#5986=LINE('',#15938,#6842);
#5987=LINE('',#15940,#6843);
#5988=LINE('',#15942,#6844);
#5989=LINE('',#15946,#6845);
#5990=LINE('',#15948,#6846);
#5991=LINE('',#15950,#6847);
#5992=LINE('',#15952,#6848);
#5993=LINE('',#15954,#6849);
#5994=LINE('',#15956,#6850);
#5995=LINE('',#15958,#6851);
#5996=LINE('',#15960,#6852);
#5997=LINE('',#15962,#6853);
#5998=LINE('',#15964,#6854);
#5999=LINE('',#15966,#6855);
#6000=LINE('',#15968,#6856);
#6001=LINE('',#15990,#6857);
#6002=LINE('',#15993,#6858);
#6003=LINE('',#15995,#6859);
#6004=LINE('',#15997,#6860);
#6005=LINE('',#15999,#6861);
#6006=LINE('',#16001,#6862);
#6007=LINE('',#16003,#6863);
#6008=LINE('',#16005,#6864);
#6009=LINE('',#16007,#6865);
#6010=LINE('',#16009,#6866);
#6011=LINE('',#16011,#6867);
#6012=LINE('',#16013,#6868);
#6013=LINE('',#16015,#6869);
#6014=LINE('',#16017,#6870);
#6015=LINE('',#16019,#6871);
#6016=LINE('',#16021,#6872);
#6017=LINE('',#16023,#6873);
#6018=LINE('',#16025,#6874);
#6019=LINE('',#16063,#6875);
#6020=LINE('',#16068,#6876);
#6021=LINE('',#16072,#6877);
#6022=LINE('',#16076,#6878);
#6023=LINE('',#16079,#6879);
#6024=LINE('',#16084,#6880);
#6025=LINE('',#16088,#6881);
#6026=LINE('',#16092,#6882);
#6027=LINE('',#16096,#6883);
#6028=LINE('',#16099,#6884);
#6029=LINE('',#16100,#6885);
#6030=LINE('',#16102,#6886);
#6031=LINE('',#16105,#6887);
#6032=LINE('',#16106,#6888);
#6033=LINE('',#16108,#6889);
#6034=LINE('',#16111,#6890);
#6035=LINE('',#16112,#6891);
#6036=LINE('',#16114,#6892);
#6037=LINE('',#16116,#6893);
#6038=LINE('',#16118,#6894);
#6039=LINE('',#16127,#6895);
#6040=LINE('',#16129,#6896);
#6041=LINE('',#16131,#6897);
#6042=LINE('',#16133,#6898);
#6043=LINE('',#16135,#6899);
#6044=LINE('',#16137,#6900);
#6045=LINE('',#16139,#6901);
#6046=LINE('',#16141,#6902);
#6047=LINE('',#16143,#6903);
#6048=LINE('',#16145,#6904);
#6049=LINE('',#16148,#6905);
#6050=LINE('',#16149,#6906);
#6051=LINE('',#16198,#6907);
#6052=LINE('',#16202,#6908);
#6053=LINE('',#16207,#6909);
#6054=LINE('',#16211,#6910);
#6055=LINE('',#16213,#6911);
#6056=LINE('',#16219,#6912);
#6057=LINE('',#16222,#6913);
#6058=LINE('',#16223,#6914);
#6059=LINE('',#16225,#6915);
#6060=LINE('',#16228,#6916);
#6061=LINE('',#16229,#6917);
#6062=LINE('',#16231,#6918);
#6063=LINE('',#16240,#6919);
#6064=LINE('',#16243,#6920);
#6065=LINE('',#16244,#6921);
#6066=LINE('',#16248,#6922);
#6067=LINE('',#16255,#6923);
#6068=LINE('',#16259,#6924);
#6069=LINE('',#16261,#6925);
#6070=LINE('',#16267,#6926);
#6071=LINE('',#16269,#6927);
#6072=LINE('',#16271,#6928);
#6073=LINE('',#16273,#6929);
#6074=LINE('',#16275,#6930);
#6075=LINE('',#16277,#6931);
#6076=LINE('',#16279,#6932);
#6077=LINE('',#16288,#6933);
#6078=LINE('',#16290,#6934);
#6079=LINE('',#16292,#6935);
#6080=LINE('',#16296,#6936);
#6081=LINE('',#16303,#6937);
#6082=LINE('',#16307,#6938);
#6083=LINE('',#16309,#6939);
#6084=LINE('',#16315,#6940);
#6085=LINE('',#16318,#6941);
#6086=LINE('',#16319,#6942);
#6087=LINE('',#16321,#6943);
#6088=LINE('',#16323,#6944);
#6089=LINE('',#16325,#6945);
#6090=LINE('',#16331,#6946);
#6091=LINE('',#16336,#6947);
#6092=LINE('',#16339,#6948);
#6093=LINE('',#16340,#6949);
#6094=LINE('',#16344,#6950);
#6095=LINE('',#16348,#6951);
#6096=LINE('',#16351,#6952);
#6097=LINE('',#16352,#6953);
#6098=LINE('',#16354,#6954);
#6099=LINE('',#16357,#6955);
#6100=LINE('',#16358,#6956);
#6101=LINE('',#16364,#6957);
#6102=LINE('',#16368,#6958);
#6103=LINE('',#16375,#6959);
#6104=LINE('',#16380,#6960);
#6105=LINE('',#16384,#6961);
#6106=LINE('',#16386,#6962);
#6107=LINE('',#16394,#6963);
#6108=LINE('',#16397,#6964);
#6109=LINE('',#16399,#6965);
#6110=LINE('',#16401,#6966);
#6111=LINE('',#16403,#6967);
#6112=LINE('',#16405,#6968);
#6113=LINE('',#16409,#6969);
#6114=LINE('',#16411,#6970);
#6115=LINE('',#16413,#6971);
#6116=LINE('',#16415,#6972);
#6117=LINE('',#16417,#6973);
#6118=LINE('',#16419,#6974);
#6119=LINE('',#16421,#6975);
#6120=LINE('',#16423,#6976);
#6121=LINE('',#16425,#6977);
#6122=LINE('',#16427,#6978);
#6123=LINE('',#16429,#6979);
#6124=LINE('',#16431,#6980);
#6125=LINE('',#16445,#6981);
#6126=LINE('',#16448,#6982);
#6127=LINE('',#16450,#6983);
#6128=LINE('',#16452,#6984);
#6129=LINE('',#16454,#6985);
#6130=LINE('',#16456,#6986);
#6131=LINE('',#16460,#6987);
#6132=LINE('',#16462,#6988);
#6133=LINE('',#16464,#6989);
#6134=LINE('',#16466,#6990);
#6135=LINE('',#16468,#6991);
#6136=LINE('',#16470,#6992);
#6137=LINE('',#16472,#6993);
#6138=LINE('',#16474,#6994);
#6139=LINE('',#16476,#6995);
#6140=LINE('',#16478,#6996);
#6141=LINE('',#16480,#6997);
#6142=LINE('',#16482,#6998);
#6143=LINE('',#16493,#6999);
#6144=LINE('',#16496,#7000);
#6145=LINE('',#16498,#7001);
#6146=LINE('',#16500,#7002);
#6147=LINE('',#16502,#7003);
#6148=LINE('',#16504,#7004);
#6149=LINE('',#16506,#7005);
#6150=LINE('',#16508,#7006);
#6151=LINE('',#16510,#7007);
#6152=LINE('',#16512,#7008);
#6153=LINE('',#16514,#7009);
#6154=LINE('',#16515,#7010);
#6155=LINE('',#16520,#7011);
#6156=LINE('',#16523,#7012);
#6157=LINE('',#16525,#7013);
#6158=LINE('',#16527,#7014);
#6159=LINE('',#16529,#7015);
#6160=LINE('',#16531,#7016);
#6161=LINE('',#16533,#7017);
#6162=LINE('',#16535,#7018);
#6163=LINE('',#16537,#7019);
#6164=LINE('',#16539,#7020);
#6165=LINE('',#16541,#7021);
#6166=LINE('',#16542,#7022);
#6167=LINE('',#16550,#7023);
#6168=LINE('',#16553,#7024);
#6169=LINE('',#16555,#7025);
#6170=LINE('',#16557,#7026);
#6171=LINE('',#16559,#7027);
#6172=LINE('',#16561,#7028);
#6173=LINE('',#16565,#7029);
#6174=LINE('',#16567,#7030);
#6175=LINE('',#16569,#7031);
#6176=LINE('',#16571,#7032);
#6177=LINE('',#16573,#7033);
#6178=LINE('',#16575,#7034);
#6179=LINE('',#16577,#7035);
#6180=LINE('',#16579,#7036);
#6181=LINE('',#16581,#7037);
#6182=LINE('',#16583,#7038);
#6183=LINE('',#16585,#7039);
#6184=LINE('',#16587,#7040);
#6185=LINE('',#16598,#7041);
#6186=LINE('',#16601,#7042);
#6187=LINE('',#16603,#7043);
#6188=LINE('',#16605,#7044);
#6189=LINE('',#16607,#7045);
#6190=LINE('',#16609,#7046);
#6191=LINE('',#16611,#7047);
#6192=LINE('',#16613,#7048);
#6193=LINE('',#16615,#7049);
#6194=LINE('',#16617,#7050);
#6195=LINE('',#16619,#7051);
#6196=LINE('',#16621,#7052);
#6197=LINE('',#16626,#7053);
#6198=LINE('',#16629,#7054);
#6199=LINE('',#16631,#7055);
#6200=LINE('',#16633,#7056);
#6201=LINE('',#16635,#7057);
#6202=LINE('',#16637,#7058);
#6203=LINE('',#16639,#7059);
#6204=LINE('',#16641,#7060);
#6205=LINE('',#16643,#7061);
#6206=LINE('',#16645,#7062);
#6207=LINE('',#16647,#7063);
#6208=LINE('',#16648,#7064);
#6209=VECTOR('',#11153,1.);
#6210=VECTOR('',#11154,1.);
#6211=VECTOR('',#11155,1.);
#6212=VECTOR('',#11156,1.);
#6213=VECTOR('',#11159,1.);
#6214=VECTOR('',#11160,1.);
#6215=VECTOR('',#11161,1.);
#6216=VECTOR('',#11164,1.);
#6217=VECTOR('',#11165,1.);
#6218=VECTOR('',#11166,1.);
#6219=VECTOR('',#11169,1.);
#6220=VECTOR('',#11170,1.);
#6221=VECTOR('',#11171,1.);
#6222=VECTOR('',#11172,1.);
#6223=VECTOR('',#11175,1.);
#6224=VECTOR('',#11176,1.);
#6225=VECTOR('',#11177,1.);
#6226=VECTOR('',#11178,1.);
#6227=VECTOR('',#11181,1.);
#6228=VECTOR('',#11182,1.);
#6229=VECTOR('',#11183,1.);
#6230=VECTOR('',#11184,1.);
#6231=VECTOR('',#11187,1.);
#6232=VECTOR('',#11188,1.);
#6233=VECTOR('',#11189,1.);
#6234=VECTOR('',#11190,1.);
#6235=VECTOR('',#11193,1.);
#6236=VECTOR('',#11194,1.);
#6237=VECTOR('',#11253,1.);
#6238=VECTOR('',#11256,1.);
#6239=VECTOR('',#11261,1.);
#6240=VECTOR('',#11264,1.);
#6241=VECTOR('',#11267,1.);
#6242=VECTOR('',#11274,1.);
#6243=VECTOR('',#11275,1.);
#6244=VECTOR('',#11276,1.);
#6245=VECTOR('',#11279,1.);
#6246=VECTOR('',#11280,1.);
#6247=VECTOR('',#11281,1.);
#6248=VECTOR('',#11284,1.);
#6249=VECTOR('',#11297,1.);
#6250=VECTOR('',#11298,1.);
#6251=VECTOR('',#11299,1.);
#6252=VECTOR('',#11304,1.);
#6253=VECTOR('',#11311,1.);
#6254=VECTOR('',#11314,1.);
#6255=VECTOR('',#11317,1.);
#6256=VECTOR('',#11324,1.);
#6257=VECTOR('',#11325,1.);
#6258=VECTOR('',#11326,1.);
#6259=VECTOR('',#11329,1.);
#6260=VECTOR('',#11330,1.);
#6261=VECTOR('',#11331,1.);
#6262=VECTOR('',#11334,1.);
#6263=VECTOR('',#11347,1.);
#6264=VECTOR('',#11348,1.);
#6265=VECTOR('',#11349,1.);
#6266=VECTOR('',#11354,1.);
#6267=VECTOR('',#11361,1.);
#6268=VECTOR('',#11364,1.);
#6269=VECTOR('',#11367,1.);
#6270=VECTOR('',#11374,1.);
#6271=VECTOR('',#11375,1.);
#6272=VECTOR('',#11376,1.);
#6273=VECTOR('',#11379,1.);
#6274=VECTOR('',#11380,1.);
#6275=VECTOR('',#11381,1.);
#6276=VECTOR('',#11388,1.);
#6277=VECTOR('',#11397,1.);
#6278=VECTOR('',#11398,1.);
#6279=VECTOR('',#11399,1.);
#6280=VECTOR('',#11404,1.);
#6281=VECTOR('',#11409,1.);
#6282=VECTOR('',#11410,1.);
#6283=VECTOR('',#11411,1.);
#6284=VECTOR('',#11414,1.);
#6285=VECTOR('',#11415,1.);
#6286=VECTOR('',#11416,1.);
#6287=VECTOR('',#11423,1.);
#6288=VECTOR('',#11428,1.);
#6289=VECTOR('',#11435,1.);
#6290=VECTOR('',#11442,1.);
#6291=VECTOR('',#11447,1.);
#6292=VECTOR('',#11450,1.);
#6293=VECTOR('',#11461,1.);
#6294=VECTOR('',#11462,1.);
#6295=VECTOR('',#11463,1.);
#6296=VECTOR('',#11464,1.);
#6297=VECTOR('',#11465,1.);
#6298=VECTOR('',#11466,1.);
#6299=VECTOR('',#11471,1.);
#6300=VECTOR('',#11472,1.);
#6301=VECTOR('',#11473,1.);
#6302=VECTOR('',#11476,1.);
#6303=VECTOR('',#11477,1.);
#6304=VECTOR('',#11480,1.);
#6305=VECTOR('',#11481,1.);
#6306=VECTOR('',#11484,1.);
#6307=VECTOR('',#11485,1.);
#6308=VECTOR('',#11488,1.);
#6309=VECTOR('',#11489,1.);
#6310=VECTOR('',#11492,1.);
#6311=VECTOR('',#11509,1.);
#6312=VECTOR('',#11510,1.);
#6313=VECTOR('',#11511,1.);
#6314=VECTOR('',#11512,1.);
#6315=VECTOR('',#11515,1.);
#6316=VECTOR('',#11516,1.);
#6317=VECTOR('',#11517,1.);
#6318=VECTOR('',#11520,1.);
#6319=VECTOR('',#11521,1.);
#6320=VECTOR('',#11522,1.);
#6321=VECTOR('',#11525,1.);
#6322=VECTOR('',#11526,1.);
#6323=VECTOR('',#11539,1.);
#6324=VECTOR('',#11540,1.);
#6325=VECTOR('',#11541,1.);
#6326=VECTOR('',#11542,1.);
#6327=VECTOR('',#11543,1.);
#6328=VECTOR('',#11544,1.);
#6329=VECTOR('',#11549,1.);
#6330=VECTOR('',#11550,1.);
#6331=VECTOR('',#11551,1.);
#6332=VECTOR('',#11554,1.);
#6333=VECTOR('',#11555,1.);
#6334=VECTOR('',#11558,1.);
#6335=VECTOR('',#11559,1.);
#6336=VECTOR('',#11562,1.);
#6337=VECTOR('',#11563,1.);
#6338=VECTOR('',#11566,1.);
#6339=VECTOR('',#11567,1.);
#6340=VECTOR('',#11570,1.);
#6341=VECTOR('',#11587,1.);
#6342=VECTOR('',#11588,1.);
#6343=VECTOR('',#11589,1.);
#6344=VECTOR('',#11590,1.);
#6345=VECTOR('',#11593,1.);
#6346=VECTOR('',#11594,1.);
#6347=VECTOR('',#11595,1.);
#6348=VECTOR('',#11598,1.);
#6349=VECTOR('',#11599,1.);
#6350=VECTOR('',#11600,1.);
#6351=VECTOR('',#11603,1.);
#6352=VECTOR('',#11604,1.);
#6353=VECTOR('',#11617,1.);
#6354=VECTOR('',#11618,1.);
#6355=VECTOR('',#11619,1.);
#6356=VECTOR('',#11620,1.);
#6357=VECTOR('',#11621,1.);
#6358=VECTOR('',#11622,1.);
#6359=VECTOR('',#11627,1.);
#6360=VECTOR('',#11628,1.);
#6361=VECTOR('',#11629,1.);
#6362=VECTOR('',#11632,1.);
#6363=VECTOR('',#11633,1.);
#6364=VECTOR('',#11636,1.);
#6365=VECTOR('',#11637,1.);
#6366=VECTOR('',#11640,1.);
#6367=VECTOR('',#11641,1.);
#6368=VECTOR('',#11644,1.);
#6369=VECTOR('',#11645,1.);
#6370=VECTOR('',#11648,1.);
#6371=VECTOR('',#11691,1.);
#6372=VECTOR('',#11694,1.);
#6373=VECTOR('',#11699,1.);
#6374=VECTOR('',#11702,1.);
#6375=VECTOR('',#11705,1.);
#6376=VECTOR('',#11712,1.);
#6377=VECTOR('',#11713,1.);
#6378=VECTOR('',#11714,1.);
#6379=VECTOR('',#11717,1.);
#6380=VECTOR('',#11718,1.);
#6381=VECTOR('',#11719,1.);
#6382=VECTOR('',#11722,1.);
#6383=VECTOR('',#11735,1.);
#6384=VECTOR('',#11736,1.);
#6385=VECTOR('',#11737,1.);
#6386=VECTOR('',#11742,1.);
#6387=VECTOR('',#11749,1.);
#6388=VECTOR('',#11752,1.);
#6389=VECTOR('',#11755,1.);
#6390=VECTOR('',#11762,1.);
#6391=VECTOR('',#11763,1.);
#6392=VECTOR('',#11764,1.);
#6393=VECTOR('',#11767,1.);
#6394=VECTOR('',#11768,1.);
#6395=VECTOR('',#11769,1.);
#6396=VECTOR('',#11772,1.);
#6397=VECTOR('',#11785,1.);
#6398=VECTOR('',#11786,1.);
#6399=VECTOR('',#11787,1.);
#6400=VECTOR('',#11792,1.);
#6401=VECTOR('',#11799,1.);
#6402=VECTOR('',#11802,1.);
#6403=VECTOR('',#11805,1.);
#6404=VECTOR('',#11812,1.);
#6405=VECTOR('',#11813,1.);
#6406=VECTOR('',#11814,1.);
#6407=VECTOR('',#11817,1.);
#6408=VECTOR('',#11818,1.);
#6409=VECTOR('',#11819,1.);
#6410=VECTOR('',#11826,1.);
#6411=VECTOR('',#11835,1.);
#6412=VECTOR('',#11836,1.);
#6413=VECTOR('',#11837,1.);
#6414=VECTOR('',#11842,1.);
#6415=VECTOR('',#11847,1.);
#6416=VECTOR('',#11848,1.);
#6417=VECTOR('',#11849,1.);
#6418=VECTOR('',#11852,1.);
#6419=VECTOR('',#11853,1.);
#6420=VECTOR('',#11854,1.);
#6421=VECTOR('',#11861,1.);
#6422=VECTOR('',#11866,1.);
#6423=VECTOR('',#11873,1.);
#6424=VECTOR('',#11880,1.);
#6425=VECTOR('',#11885,1.);
#6426=VECTOR('',#11888,1.);
#6427=VECTOR('',#11909,1.);
#6428=VECTOR('',#11910,1.);
#6429=VECTOR('',#11911,1.);
#6430=VECTOR('',#11912,1.);
#6431=VECTOR('',#11913,1.);
#6432=VECTOR('',#11914,1.);
#6433=VECTOR('',#11917,1.);
#6434=VECTOR('',#11918,1.);
#6435=VECTOR('',#11919,1.);
#6436=VECTOR('',#11922,1.);
#6437=VECTOR('',#11923,1.);
#6438=VECTOR('',#11926,1.);
#6439=VECTOR('',#11927,1.);
#6440=VECTOR('',#11930,1.);
#6441=VECTOR('',#11931,1.);
#6442=VECTOR('',#11934,1.);
#6443=VECTOR('',#11935,1.);
#6444=VECTOR('',#11938,1.);
#6445=VECTOR('',#11951,1.);
#6446=VECTOR('',#11952,1.);
#6447=VECTOR('',#11953,1.);
#6448=VECTOR('',#11954,1.);
#6449=VECTOR('',#11955,1.);
#6450=VECTOR('',#11956,1.);
#6451=VECTOR('',#11961,1.);
#6452=VECTOR('',#11962,1.);
#6453=VECTOR('',#11963,1.);
#6454=VECTOR('',#11966,1.);
#6455=VECTOR('',#11967,1.);
#6456=VECTOR('',#11970,1.);
#6457=VECTOR('',#11971,1.);
#6458=VECTOR('',#11974,1.);
#6459=VECTOR('',#11975,1.);
#6460=VECTOR('',#11978,1.);
#6461=VECTOR('',#11979,1.);
#6462=VECTOR('',#11982,1.);
#6463=VECTOR('',#12013,1.);
#6464=VECTOR('',#12014,1.);
#6465=VECTOR('',#12015,1.);
#6466=VECTOR('',#12016,1.);
#6467=VECTOR('',#12017,1.);
#6468=VECTOR('',#12018,1.);
#6469=VECTOR('',#12021,1.);
#6470=VECTOR('',#12022,1.);
#6471=VECTOR('',#12023,1.);
#6472=VECTOR('',#12026,1.);
#6473=VECTOR('',#12027,1.);
#6474=VECTOR('',#12030,1.);
#6475=VECTOR('',#12031,1.);
#6476=VECTOR('',#12034,1.);
#6477=VECTOR('',#12035,1.);
#6478=VECTOR('',#12038,1.);
#6479=VECTOR('',#12039,1.);
#6480=VECTOR('',#12042,1.);
#6481=VECTOR('',#12051,1.);
#6482=VECTOR('',#12052,1.);
#6483=VECTOR('',#12053,1.);
#6484=VECTOR('',#12054,1.);
#6485=VECTOR('',#12057,1.);
#6486=VECTOR('',#12058,1.);
#6487=VECTOR('',#12059,1.);
#6488=VECTOR('',#12062,1.);
#6489=VECTOR('',#12063,1.);
#6490=VECTOR('',#12064,1.);
#6491=VECTOR('',#12067,1.);
#6492=VECTOR('',#12068,1.);
#6493=VECTOR('',#12077,1.);
#6494=VECTOR('',#12078,1.);
#6495=VECTOR('',#12079,1.);
#6496=VECTOR('',#12080,1.);
#6497=VECTOR('',#12083,1.);
#6498=VECTOR('',#12084,1.);
#6499=VECTOR('',#12085,1.);
#6500=VECTOR('',#12088,1.);
#6501=VECTOR('',#12089,1.);
#6502=VECTOR('',#12090,1.);
#6503=VECTOR('',#12093,1.);
#6504=VECTOR('',#12094,1.);
#6505=VECTOR('',#12117,1.);
#6506=VECTOR('',#12118,1.);
#6507=VECTOR('',#12119,1.);
#6508=VECTOR('',#12120,1.);
#6509=VECTOR('',#12121,1.);
#6510=VECTOR('',#12122,1.);
#6511=VECTOR('',#12125,1.);
#6512=VECTOR('',#12126,1.);
#6513=VECTOR('',#12127,1.);
#6514=VECTOR('',#12130,1.);
#6515=VECTOR('',#12131,1.);
#6516=VECTOR('',#12134,1.);
#6517=VECTOR('',#12135,1.);
#6518=VECTOR('',#12138,1.);
#6519=VECTOR('',#12139,1.);
#6520=VECTOR('',#12142,1.);
#6521=VECTOR('',#12143,1.);
#6522=VECTOR('',#12146,1.);
#6523=VECTOR('',#12159,1.);
#6524=VECTOR('',#12160,1.);
#6525=VECTOR('',#12161,1.);
#6526=VECTOR('',#12162,1.);
#6527=VECTOR('',#12163,1.);
#6528=VECTOR('',#12164,1.);
#6529=VECTOR('',#12169,1.);
#6530=VECTOR('',#12170,1.);
#6531=VECTOR('',#12171,1.);
#6532=VECTOR('',#12174,1.);
#6533=VECTOR('',#12175,1.);
#6534=VECTOR('',#12178,1.);
#6535=VECTOR('',#12179,1.);
#6536=VECTOR('',#12182,1.);
#6537=VECTOR('',#12183,1.);
#6538=VECTOR('',#12186,1.);
#6539=VECTOR('',#12187,1.);
#6540=VECTOR('',#12190,1.);
#6541=VECTOR('',#12221,1.);
#6542=VECTOR('',#12222,1.);
#6543=VECTOR('',#12223,1.);
#6544=VECTOR('',#12224,1.);
#6545=VECTOR('',#12225,1.);
#6546=VECTOR('',#12226,1.);
#6547=VECTOR('',#12229,1.);
#6548=VECTOR('',#12230,1.);
#6549=VECTOR('',#12231,1.);
#6550=VECTOR('',#12234,1.);
#6551=VECTOR('',#12235,1.);
#6552=VECTOR('',#12238,1.);
#6553=VECTOR('',#12239,1.);
#6554=VECTOR('',#12242,1.);
#6555=VECTOR('',#12243,1.);
#6556=VECTOR('',#12246,1.);
#6557=VECTOR('',#12247,1.);
#6558=VECTOR('',#12250,1.);
#6559=VECTOR('',#12273,1.);
#6560=VECTOR('',#12274,1.);
#6561=VECTOR('',#12275,1.);
#6562=VECTOR('',#12276,1.);
#6563=VECTOR('',#12277,1.);
#6564=VECTOR('',#12278,1.);
#6565=VECTOR('',#12281,1.);
#6566=VECTOR('',#12282,1.);
#6567=VECTOR('',#12283,1.);
#6568=VECTOR('',#12286,1.);
#6569=VECTOR('',#12287,1.);
#6570=VECTOR('',#12290,1.);
#6571=VECTOR('',#12291,1.);
#6572=VECTOR('',#12294,1.);
#6573=VECTOR('',#12295,1.);
#6574=VECTOR('',#12298,1.);
#6575=VECTOR('',#12299,1.);
#6576=VECTOR('',#12302,1.);
#6577=VECTOR('',#12315,1.);
#6578=VECTOR('',#12316,1.);
#6579=VECTOR('',#12317,1.);
#6580=VECTOR('',#12318,1.);
#6581=VECTOR('',#12319,1.);
#6582=VECTOR('',#12320,1.);
#6583=VECTOR('',#12325,1.);
#6584=VECTOR('',#12326,1.);
#6585=VECTOR('',#12327,1.);
#6586=VECTOR('',#12330,1.);
#6587=VECTOR('',#12331,1.);
#6588=VECTOR('',#12334,1.);
#6589=VECTOR('',#12335,1.);
#6590=VECTOR('',#12338,1.);
#6591=VECTOR('',#12339,1.);
#6592=VECTOR('',#12342,1.);
#6593=VECTOR('',#12343,1.);
#6594=VECTOR('',#12346,1.);
#6595=VECTOR('',#12367,1.);
#6596=VECTOR('',#12368,1.);
#6597=VECTOR('',#12369,1.);
#6598=VECTOR('',#12370,1.);
#6599=VECTOR('',#12371,1.);
#6600=VECTOR('',#12372,1.);
#6601=VECTOR('',#12377,1.);
#6602=VECTOR('',#12378,1.);
#6603=VECTOR('',#12379,1.);
#6604=VECTOR('',#12382,1.);
#6605=VECTOR('',#12383,1.);
#6606=VECTOR('',#12386,1.);
#6607=VECTOR('',#12387,1.);
#6608=VECTOR('',#12390,1.);
#6609=VECTOR('',#12391,1.);
#6610=VECTOR('',#12394,1.);
#6611=VECTOR('',#12395,1.);
#6612=VECTOR('',#12398,1.);
#6613=VECTOR('',#12415,1.);
#6614=VECTOR('',#12416,1.);
#6615=VECTOR('',#12417,1.);
#6616=VECTOR('',#12418,1.);
#6617=VECTOR('',#12421,1.);
#6618=VECTOR('',#12422,1.);
#6619=VECTOR('',#12423,1.);
#6620=VECTOR('',#12426,1.);
#6621=VECTOR('',#12427,1.);
#6622=VECTOR('',#12428,1.);
#6623=VECTOR('',#12431,1.);
#6624=VECTOR('',#12432,1.);
#6625=VECTOR('',#12445,1.);
#6626=VECTOR('',#12446,1.);
#6627=VECTOR('',#12447,1.);
#6628=VECTOR('',#12448,1.);
#6629=VECTOR('',#12449,1.);
#6630=VECTOR('',#12450,1.);
#6631=VECTOR('',#12455,1.);
#6632=VECTOR('',#12456,1.);
#6633=VECTOR('',#12457,1.);
#6634=VECTOR('',#12460,1.);
#6635=VECTOR('',#12461,1.);
#6636=VECTOR('',#12464,1.);
#6637=VECTOR('',#12465,1.);
#6638=VECTOR('',#12468,1.);
#6639=VECTOR('',#12469,1.);
#6640=VECTOR('',#12472,1.);
#6641=VECTOR('',#12473,1.);
#6642=VECTOR('',#12476,1.);
#6643=VECTOR('',#12507,1.);
#6644=VECTOR('',#12508,1.);
#6645=VECTOR('',#12509,1.);
#6646=VECTOR('',#12510,1.);
#6647=VECTOR('',#12511,1.);
#6648=VECTOR('',#12512,1.);
#6649=VECTOR('',#12515,1.);
#6650=VECTOR('',#12516,1.);
#6651=VECTOR('',#12517,1.);
#6652=VECTOR('',#12520,1.);
#6653=VECTOR('',#12521,1.);
#6654=VECTOR('',#12524,1.);
#6655=VECTOR('',#12525,1.);
#6656=VECTOR('',#12528,1.);
#6657=VECTOR('',#12529,1.);
#6658=VECTOR('',#12532,1.);
#6659=VECTOR('',#12533,1.);
#6660=VECTOR('',#12536,1.);
#6661=VECTOR('',#12565,1.);
#6662=VECTOR('',#12568,1.);
#6663=VECTOR('',#12571,1.);
#6664=VECTOR('',#12572,1.);
#6665=VECTOR('',#12573,1.);
#6666=VECTOR('',#12580,1.);
#6667=VECTOR('',#12583,1.);
#6668=VECTOR('',#12584,1.);
#6669=VECTOR('',#12585,1.);
#6670=VECTOR('',#12592,1.);
#6671=VECTOR('',#12595,1.);
#6672=VECTOR('',#12596,1.);
#6673=VECTOR('',#12597,1.);
#6674=VECTOR('',#12604,1.);
#6675=VECTOR('',#12607,1.);
#6676=VECTOR('',#12608,1.);
#6677=VECTOR('',#12623,1.);
#6678=VECTOR('',#12626,1.);
#6679=VECTOR('',#12629,1.);
#6680=VECTOR('',#12632,1.);
#6681=VECTOR('',#12655,1.);
#6682=VECTOR('',#12656,1.);
#6683=VECTOR('',#12659,1.);
#6684=VECTOR('',#12660,1.);
#6685=VECTOR('',#12665,1.);
#6686=VECTOR('',#12668,1.);
#6687=VECTOR('',#12669,1.);
#6688=VECTOR('',#12674,1.);
#6689=VECTOR('',#12677,1.);
#6690=VECTOR('',#12678,1.);
#6691=VECTOR('',#12683,1.);
#6692=VECTOR('',#12686,1.);
#6693=VECTOR('',#12709,1.);
#6694=VECTOR('',#12710,1.);
#6695=VECTOR('',#12711,1.);
#6696=VECTOR('',#12712,1.);
#6697=VECTOR('',#12713,1.);
#6698=VECTOR('',#12714,1.);
#6699=VECTOR('',#12719,1.);
#6700=VECTOR('',#12720,1.);
#6701=VECTOR('',#12721,1.);
#6702=VECTOR('',#12724,1.);
#6703=VECTOR('',#12725,1.);
#6704=VECTOR('',#12728,1.);
#6705=VECTOR('',#12729,1.);
#6706=VECTOR('',#12732,1.);
#6707=VECTOR('',#12733,1.);
#6708=VECTOR('',#12736,1.);
#6709=VECTOR('',#12737,1.);
#6710=VECTOR('',#12740,1.);
#6711=VECTOR('',#12771,1.);
#6712=VECTOR('',#12772,1.);
#6713=VECTOR('',#12773,1.);
#6714=VECTOR('',#12774,1.);
#6715=VECTOR('',#12775,1.);
#6716=VECTOR('',#12776,1.);
#6717=VECTOR('',#12779,1.);
#6718=VECTOR('',#12780,1.);
#6719=VECTOR('',#12781,1.);
#6720=VECTOR('',#12784,1.);
#6721=VECTOR('',#12785,1.);
#6722=VECTOR('',#12788,1.);
#6723=VECTOR('',#12789,1.);
#6724=VECTOR('',#12792,1.);
#6725=VECTOR('',#12793,1.);
#6726=VECTOR('',#12796,1.);
#6727=VECTOR('',#12797,1.);
#6728=VECTOR('',#12800,1.);
#6729=VECTOR('',#12835,1.);
#6730=VECTOR('',#12838,1.);
#6731=VECTOR('',#12843,1.);
#6732=VECTOR('',#12846,1.);
#6733=VECTOR('',#12849,1.);
#6734=VECTOR('',#12856,1.);
#6735=VECTOR('',#12857,1.);
#6736=VECTOR('',#12858,1.);
#6737=VECTOR('',#12861,1.);
#6738=VECTOR('',#12862,1.);
#6739=VECTOR('',#12863,1.);
#6740=VECTOR('',#12866,1.);
#6741=VECTOR('',#12879,1.);
#6742=VECTOR('',#12880,1.);
#6743=VECTOR('',#12881,1.);
#6744=VECTOR('',#12886,1.);
#6745=VECTOR('',#12893,1.);
#6746=VECTOR('',#12896,1.);
#6747=VECTOR('',#12899,1.);
#6748=VECTOR('',#12906,1.);
#6749=VECTOR('',#12907,1.);
#6750=VECTOR('',#12908,1.);
#6751=VECTOR('',#12911,1.);
#6752=VECTOR('',#12912,1.);
#6753=VECTOR('',#12913,1.);
#6754=VECTOR('',#12916,1.);
#6755=VECTOR('',#12929,1.);
#6756=VECTOR('',#12930,1.);
#6757=VECTOR('',#12931,1.);
#6758=VECTOR('',#12936,1.);
#6759=VECTOR('',#12943,1.);
#6760=VECTOR('',#12946,1.);
#6761=VECTOR('',#12949,1.);
#6762=VECTOR('',#12956,1.);
#6763=VECTOR('',#12957,1.);
#6764=VECTOR('',#12958,1.);
#6765=VECTOR('',#12961,1.);
#6766=VECTOR('',#12962,1.);
#6767=VECTOR('',#12963,1.);
#6768=VECTOR('',#12970,1.);
#6769=VECTOR('',#12979,1.);
#6770=VECTOR('',#12980,1.);
#6771=VECTOR('',#12981,1.);
#6772=VECTOR('',#12986,1.);
#6773=VECTOR('',#12991,1.);
#6774=VECTOR('',#12992,1.);
#6775=VECTOR('',#12993,1.);
#6776=VECTOR('',#12996,1.);
#6777=VECTOR('',#12997,1.);
#6778=VECTOR('',#12998,1.);
#6779=VECTOR('',#13005,1.);
#6780=VECTOR('',#13010,1.);
#6781=VECTOR('',#13017,1.);
#6782=VECTOR('',#13024,1.);
#6783=VECTOR('',#13029,1.);
#6784=VECTOR('',#13032,1.);
#6785=VECTOR('',#13043,1.);
#6786=VECTOR('',#13044,1.);
#6787=VECTOR('',#13045,1.);
#6788=VECTOR('',#13046,1.);
#6789=VECTOR('',#13047,1.);
#6790=VECTOR('',#13048,1.);
#6791=VECTOR('',#13053,1.);
#6792=VECTOR('',#13054,1.);
#6793=VECTOR('',#13055,1.);
#6794=VECTOR('',#13058,1.);
#6795=VECTOR('',#13059,1.);
#6796=VECTOR('',#13062,1.);
#6797=VECTOR('',#13063,1.);
#6798=VECTOR('',#13066,1.);
#6799=VECTOR('',#13067,1.);
#6800=VECTOR('',#13070,1.);
#6801=VECTOR('',#13071,1.);
#6802=VECTOR('',#13074,1.);
#6803=VECTOR('',#13095,1.);
#6804=VECTOR('',#13096,1.);
#6805=VECTOR('',#13097,1.);
#6806=VECTOR('',#13098,1.);
#6807=VECTOR('',#13099,1.);
#6808=VECTOR('',#13100,1.);
#6809=VECTOR('',#13105,1.);
#6810=VECTOR('',#13106,1.);
#6811=VECTOR('',#13107,1.);
#6812=VECTOR('',#13110,1.);
#6813=VECTOR('',#13111,1.);
#6814=VECTOR('',#13114,1.);
#6815=VECTOR('',#13115,1.);
#6816=VECTOR('',#13118,1.);
#6817=VECTOR('',#13119,1.);
#6818=VECTOR('',#13122,1.);
#6819=VECTOR('',#13123,1.);
#6820=VECTOR('',#13126,1.);
#6821=VECTOR('',#13149,1.);
#6822=VECTOR('',#13150,1.);
#6823=VECTOR('',#13151,1.);
#6824=VECTOR('',#13152,1.);
#6825=VECTOR('',#13153,1.);
#6826=VECTOR('',#13154,1.);
#6827=VECTOR('',#13159,1.);
#6828=VECTOR('',#13160,1.);
#6829=VECTOR('',#13161,1.);
#6830=VECTOR('',#13164,1.);
#6831=VECTOR('',#13165,1.);
#6832=VECTOR('',#13168,1.);
#6833=VECTOR('',#13169,1.);
#6834=VECTOR('',#13172,1.);
#6835=VECTOR('',#13173,1.);
#6836=VECTOR('',#13176,1.);
#6837=VECTOR('',#13177,1.);
#6838=VECTOR('',#13180,1.);
#6839=VECTOR('',#13201,1.);
#6840=VECTOR('',#13202,1.);
#6841=VECTOR('',#13203,1.);
#6842=VECTOR('',#13204,1.);
#6843=VECTOR('',#13205,1.);
#6844=VECTOR('',#13206,1.);
#6845=VECTOR('',#13211,1.);
#6846=VECTOR('',#13212,1.);
#6847=VECTOR('',#13213,1.);
#6848=VECTOR('',#13216,1.);
#6849=VECTOR('',#13217,1.);
#6850=VECTOR('',#13220,1.);
#6851=VECTOR('',#13221,1.);
#6852=VECTOR('',#13224,1.);
#6853=VECTOR('',#13225,1.);
#6854=VECTOR('',#13228,1.);
#6855=VECTOR('',#13229,1.);
#6856=VECTOR('',#13232,1.);
#6857=VECTOR('',#13263,1.);
#6858=VECTOR('',#13264,1.);
#6859=VECTOR('',#13265,1.);
#6860=VECTOR('',#13266,1.);
#6861=VECTOR('',#13267,1.);
#6862=VECTOR('',#13268,1.);
#6863=VECTOR('',#13271,1.);
#6864=VECTOR('',#13272,1.);
#6865=VECTOR('',#13273,1.);
#6866=VECTOR('',#13276,1.);
#6867=VECTOR('',#13277,1.);
#6868=VECTOR('',#13280,1.);
#6869=VECTOR('',#13281,1.);
#6870=VECTOR('',#13284,1.);
#6871=VECTOR('',#13285,1.);
#6872=VECTOR('',#13288,1.);
#6873=VECTOR('',#13289,1.);
#6874=VECTOR('',#13292,1.);
#6875=VECTOR('',#13343,1.);
#6876=VECTOR('',#13346,1.);
#6877=VECTOR('',#13349,1.);
#6878=VECTOR('',#13352,1.);
#6879=VECTOR('',#13355,1.);
#6880=VECTOR('',#13358,1.);
#6881=VECTOR('',#13361,1.);
#6882=VECTOR('',#13364,1.);
#6883=VECTOR('',#13369,1.);
#6884=VECTOR('',#13370,1.);
#6885=VECTOR('',#13371,1.);
#6886=VECTOR('',#13374,1.);
#6887=VECTOR('',#13375,1.);
#6888=VECTOR('',#13376,1.);
#6889=VECTOR('',#13379,1.);
#6890=VECTOR('',#13380,1.);
#6891=VECTOR('',#13381,1.);
#6892=VECTOR('',#13384,1.);
#6893=VECTOR('',#13385,1.);
#6894=VECTOR('',#13386,1.);
#6895=VECTOR('',#13401,1.);
#6896=VECTOR('',#13402,1.);
#6897=VECTOR('',#13403,1.);
#6898=VECTOR('',#13406,1.);
#6899=VECTOR('',#13407,1.);
#6900=VECTOR('',#13408,1.);
#6901=VECTOR('',#13411,1.);
#6902=VECTOR('',#13412,1.);
#6903=VECTOR('',#13413,1.);
#6904=VECTOR('',#13416,1.);
#6905=VECTOR('',#13417,1.);
#6906=VECTOR('',#13418,1.);
#6907=VECTOR('',#13489,1.);
#6908=VECTOR('',#13492,1.);
#6909=VECTOR('',#13497,1.);
#6910=VECTOR('',#13500,1.);
#6911=VECTOR('',#13503,1.);
#6912=VECTOR('',#13510,1.);
#6913=VECTOR('',#13511,1.);
#6914=VECTOR('',#13512,1.);
#6915=VECTOR('',#13515,1.);
#6916=VECTOR('',#13516,1.);
#6917=VECTOR('',#13517,1.);
#6918=VECTOR('',#13520,1.);
#6919=VECTOR('',#13533,1.);
#6920=VECTOR('',#13534,1.);
#6921=VECTOR('',#13535,1.);
#6922=VECTOR('',#13540,1.);
#6923=VECTOR('',#13547,1.);
#6924=VECTOR('',#13550,1.);
#6925=VECTOR('',#13553,1.);
#6926=VECTOR('',#13560,1.);
#6927=VECTOR('',#13561,1.);
#6928=VECTOR('',#13562,1.);
#6929=VECTOR('',#13565,1.);
#6930=VECTOR('',#13566,1.);
#6931=VECTOR('',#13567,1.);
#6932=VECTOR('',#13570,1.);
#6933=VECTOR('',#13583,1.);
#6934=VECTOR('',#13584,1.);
#6935=VECTOR('',#13585,1.);
#6936=VECTOR('',#13590,1.);
#6937=VECTOR('',#13597,1.);
#6938=VECTOR('',#13600,1.);
#6939=VECTOR('',#13603,1.);
#6940=VECTOR('',#13610,1.);
#6941=VECTOR('',#13611,1.);
#6942=VECTOR('',#13612,1.);
#6943=VECTOR('',#13615,1.);
#6944=VECTOR('',#13616,1.);
#6945=VECTOR('',#13617,1.);
#6946=VECTOR('',#13624,1.);
#6947=VECTOR('',#13633,1.);
#6948=VECTOR('',#13634,1.);
#6949=VECTOR('',#13635,1.);
#6950=VECTOR('',#13640,1.);
#6951=VECTOR('',#13645,1.);
#6952=VECTOR('',#13646,1.);
#6953=VECTOR('',#13647,1.);
#6954=VECTOR('',#13650,1.);
#6955=VECTOR('',#13651,1.);
#6956=VECTOR('',#13652,1.);
#6957=VECTOR('',#13659,1.);
#6958=VECTOR('',#13664,1.);
#6959=VECTOR('',#13671,1.);
#6960=VECTOR('',#13678,1.);
#6961=VECTOR('',#13683,1.);
#6962=VECTOR('',#13686,1.);
#6963=VECTOR('',#13699,1.);
#6964=VECTOR('',#13700,1.);
#6965=VECTOR('',#13701,1.);
#6966=VECTOR('',#13702,1.);
#6967=VECTOR('',#13703,1.);
#6968=VECTOR('',#13704,1.);
#6969=VECTOR('',#13709,1.);
#6970=VECTOR('',#13710,1.);
#6971=VECTOR('',#13711,1.);
#6972=VECTOR('',#13714,1.);
#6973=VECTOR('',#13715,1.);
#6974=VECTOR('',#13718,1.);
#6975=VECTOR('',#13719,1.);
#6976=VECTOR('',#13722,1.);
#6977=VECTOR('',#13723,1.);
#6978=VECTOR('',#13726,1.);
#6979=VECTOR('',#13727,1.);
#6980=VECTOR('',#13730,1.);
#6981=VECTOR('',#13751,1.);
#6982=VECTOR('',#13752,1.);
#6983=VECTOR('',#13753,1.);
#6984=VECTOR('',#13754,1.);
#6985=VECTOR('',#13755,1.);
#6986=VECTOR('',#13756,1.);
#6987=VECTOR('',#13761,1.);
#6988=VECTOR('',#13762,1.);
#6989=VECTOR('',#13763,1.);
#6990=VECTOR('',#13766,1.);
#6991=VECTOR('',#13767,1.);
#6992=VECTOR('',#13770,1.);
#6993=VECTOR('',#13771,1.);
#6994=VECTOR('',#13774,1.);
#6995=VECTOR('',#13775,1.);
#6996=VECTOR('',#13778,1.);
#6997=VECTOR('',#13779,1.);
#6998=VECTOR('',#13782,1.);
#6999=VECTOR('',#13799,1.);
#7000=VECTOR('',#13800,1.);
#7001=VECTOR('',#13801,1.);
#7002=VECTOR('',#13802,1.);
#7003=VECTOR('',#13805,1.);
#7004=VECTOR('',#13806,1.);
#7005=VECTOR('',#13807,1.);
#7006=VECTOR('',#13810,1.);
#7007=VECTOR('',#13811,1.);
#7008=VECTOR('',#13812,1.);
#7009=VECTOR('',#13815,1.);
#7010=VECTOR('',#13816,1.);
#7011=VECTOR('',#13825,1.);
#7012=VECTOR('',#13826,1.);
#7013=VECTOR('',#13827,1.);
#7014=VECTOR('',#13828,1.);
#7015=VECTOR('',#13831,1.);
#7016=VECTOR('',#13832,1.);
#7017=VECTOR('',#13833,1.);
#7018=VECTOR('',#13836,1.);
#7019=VECTOR('',#13837,1.);
#7020=VECTOR('',#13838,1.);
#7021=VECTOR('',#13841,1.);
#7022=VECTOR('',#13842,1.);
#7023=VECTOR('',#13855,1.);
#7024=VECTOR('',#13856,1.);
#7025=VECTOR('',#13857,1.);
#7026=VECTOR('',#13858,1.);
#7027=VECTOR('',#13859,1.);
#7028=VECTOR('',#13860,1.);
#7029=VECTOR('',#13865,1.);
#7030=VECTOR('',#13866,1.);
#7031=VECTOR('',#13867,1.);
#7032=VECTOR('',#13870,1.);
#7033=VECTOR('',#13871,1.);
#7034=VECTOR('',#13874,1.);
#7035=VECTOR('',#13875,1.);
#7036=VECTOR('',#13878,1.);
#7037=VECTOR('',#13879,1.);
#7038=VECTOR('',#13882,1.);
#7039=VECTOR('',#13883,1.);
#7040=VECTOR('',#13886,1.);
#7041=VECTOR('',#13903,1.);
#7042=VECTOR('',#13904,1.);
#7043=VECTOR('',#13905,1.);
#7044=VECTOR('',#13906,1.);
#7045=VECTOR('',#13909,1.);
#7046=VECTOR('',#13910,1.);
#7047=VECTOR('',#13911,1.);
#7048=VECTOR('',#13914,1.);
#7049=VECTOR('',#13915,1.);
#7050=VECTOR('',#13918,1.);
#7051=VECTOR('',#13919,1.);
#7052=VECTOR('',#13922,1.);
#7053=VECTOR('',#13931,1.);
#7054=VECTOR('',#13932,1.);
#7055=VECTOR('',#13933,1.);
#7056=VECTOR('',#13934,1.);
#7057=VECTOR('',#13937,1.);
#7058=VECTOR('',#13938,1.);
#7059=VECTOR('',#13939,1.);
#7060=VECTOR('',#13942,1.);
#7061=VECTOR('',#13943,1.);
#7062=VECTOR('',#13944,1.);
#7063=VECTOR('',#13947,1.);
#7064=VECTOR('',#13948,1.);
#7065=EDGE_LOOP('',(#841,#842,#843,#844));
#7066=EDGE_LOOP('',(#845,#846,#847,#848));
#7067=EDGE_LOOP('',(#849,#850,#851,#852));
#7068=EDGE_LOOP('',(#853,#854,#855,#856));
#7069=EDGE_LOOP('',(#857,#858,#859,#860));
#7070=EDGE_LOOP('',(#861,#862,#863,#864));
#7071=EDGE_LOOP('',(#865,#866,#867,#868));
#7072=EDGE_LOOP('',(#869,#870,#871,#872));
#7073=EDGE_LOOP('',(#873,#874,#875,#876,#877,#878,#879,#880));
#7074=EDGE_LOOP('',(#881,#882,#883,#884));
#7075=EDGE_LOOP('',(#885,#886,#887,#888,#889,#890,#891,#892));
#7076=EDGE_LOOP('',(#893,#894,#895,#896));
#7077=EDGE_LOOP('',(#897,#898,#899,#900));
#7078=EDGE_LOOP('',(#901,#902,#903,#904));
#7079=EDGE_LOOP('',(#905,#906,#907,#908));
#7080=EDGE_LOOP('',(#909,#910,#911,#912));
#7081=EDGE_LOOP('',(#913));
#7082=EDGE_LOOP('',(#914));
#7083=EDGE_LOOP('',(#915));
#7084=EDGE_LOOP('',(#916));
#7085=EDGE_LOOP('',(#917));
#7086=EDGE_LOOP('',(#918));
#7087=EDGE_LOOP('',(#919));
#7088=EDGE_LOOP('',(#920));
#7089=EDGE_LOOP('',(#921,#922,#923,#924));
#7090=EDGE_LOOP('',(#925,#926,#927,#928));
#7091=EDGE_LOOP('',(#929,#930,#931,#932));
#7092=EDGE_LOOP('',(#933,#934,#935,#936));
#7093=EDGE_LOOP('',(#937,#938,#939,#940));
#7094=EDGE_LOOP('',(#941,#942,#943,#944));
#7095=EDGE_LOOP('',(#945,#946,#947,#948));
#7096=EDGE_LOOP('',(#949,#950,#951,#952));
#7097=EDGE_LOOP('',(#953,#954,#955,#956));
#7098=EDGE_LOOP('',(#957,#958,#959,#960));
#7099=EDGE_LOOP('',(#961,#962,#963,#964));
#7100=EDGE_LOOP('',(#965,#966,#967,#968));
#7101=EDGE_LOOP('',(#969,#970,#971,#972));
#7102=EDGE_LOOP('',(#973,#974,#975,#976));
#7103=EDGE_LOOP('',(#977,#978,#979,#980));
#7104=EDGE_LOOP('',(#981,#982,#983,#984));
#7105=EDGE_LOOP('',(#985,#986,#987,#988));
#7106=EDGE_LOOP('',(#989,#990,#991,#992));
#7107=EDGE_LOOP('',(#993,#994,#995,#996));
#7108=EDGE_LOOP('',(#997,#998,#999,#1000));
#7109=EDGE_LOOP('',(#1001,#1002,#1003,#1004));
#7110=EDGE_LOOP('',(#1005,#1006,#1007,#1008));
#7111=EDGE_LOOP('',(#1009,#1010,#1011,#1012));
#7112=EDGE_LOOP('',(#1013,#1014,#1015,#1016));
#7113=EDGE_LOOP('',(#1017,#1018,#1019,#1020));
#7114=EDGE_LOOP('',(#1021,#1022,#1023,#1024));
#7115=EDGE_LOOP('',(#1025,#1026,#1027,#1028));
#7116=EDGE_LOOP('',(#1029,#1030,#1031,#1032));
#7117=EDGE_LOOP('',(#1033,#1034,#1035,#1036));
#7118=EDGE_LOOP('',(#1037,#1038,#1039,#1040,#1041,#1042,#1043,#1044,#1045,
#1046,#1047,#1048,#1049,#1050,#1051,#1052,#1053,#1054,#1055,#1056,#1057,
#1058,#1059,#1060,#1061,#1062,#1063,#1064,#1065,#1066,#1067,#1068));
#7119=EDGE_LOOP('',(#1069));
#7120=EDGE_LOOP('',(#1070));
#7121=EDGE_LOOP('',(#1071));
#7122=EDGE_LOOP('',(#1072));
#7123=EDGE_LOOP('',(#1073,#1074,#1075,#1076,#1077,#1078,#1079,#1080,#1081,
#1082,#1083,#1084,#1085,#1086,#1087,#1088,#1089,#1090,#1091,#1092,#1093,
#1094,#1095,#1096,#1097,#1098,#1099,#1100,#1101,#1102,#1103,#1104));
#7124=EDGE_LOOP('',(#1105));
#7125=EDGE_LOOP('',(#1106));
#7126=EDGE_LOOP('',(#1107));
#7127=EDGE_LOOP('',(#1108));
#7128=EDGE_LOOP('',(#1109,#1110,#1111,#1112));
#7129=EDGE_LOOP('',(#1113,#1114,#1115,#1116));
#7130=EDGE_LOOP('',(#1117,#1118,#1119,#1120));
#7131=EDGE_LOOP('',(#1121));
#7132=EDGE_LOOP('',(#1122,#1123,#1124,#1125,#1126,#1127));
#7133=EDGE_LOOP('',(#1128));
#7134=EDGE_LOOP('',(#1129,#1130,#1131,#1132));
#7135=EDGE_LOOP('',(#1133,#1134,#1135,#1136));
#7136=EDGE_LOOP('',(#1137,#1138,#1139,#1140));
#7137=EDGE_LOOP('',(#1141,#1142,#1143,#1144));
#7138=EDGE_LOOP('',(#1145,#1146,#1147,#1148));
#7139=EDGE_LOOP('',(#1149,#1150,#1151,#1152));
#7140=EDGE_LOOP('',(#1153,#1154,#1155,#1156,#1157,#1158));
#7141=EDGE_LOOP('',(#1159));
#7142=EDGE_LOOP('',(#1160));
#7143=EDGE_LOOP('',(#1161));
#7144=EDGE_LOOP('',(#1162));
#7145=EDGE_LOOP('',(#1163));
#7146=EDGE_LOOP('',(#1164));
#7147=EDGE_LOOP('',(#1165,#1166,#1167,#1168));
#7148=EDGE_LOOP('',(#1169,#1170,#1171,#1172));
#7149=EDGE_LOOP('',(#1173,#1174,#1175,#1176));
#7150=EDGE_LOOP('',(#1177,#1178,#1179,#1180));
#7151=EDGE_LOOP('',(#1181,#1182,#1183,#1184));
#7152=EDGE_LOOP('',(#1185,#1186,#1187,#1188));
#7153=EDGE_LOOP('',(#1189));
#7154=EDGE_LOOP('',(#1190,#1191,#1192,#1193,#1194,#1195));
#7155=EDGE_LOOP('',(#1196));
#7156=EDGE_LOOP('',(#1197,#1198,#1199,#1200));
#7157=EDGE_LOOP('',(#1201,#1202,#1203,#1204));
#7158=EDGE_LOOP('',(#1205,#1206,#1207,#1208));
#7159=EDGE_LOOP('',(#1209,#1210,#1211,#1212));
#7160=EDGE_LOOP('',(#1213,#1214,#1215,#1216));
#7161=EDGE_LOOP('',(#1217,#1218,#1219,#1220));
#7162=EDGE_LOOP('',(#1221,#1222,#1223,#1224,#1225,#1226));
#7163=EDGE_LOOP('',(#1227));
#7164=EDGE_LOOP('',(#1228));
#7165=EDGE_LOOP('',(#1229));
#7166=EDGE_LOOP('',(#1230));
#7167=EDGE_LOOP('',(#1231));
#7168=EDGE_LOOP('',(#1232));
#7169=EDGE_LOOP('',(#1233,#1234,#1235,#1236));
#7170=EDGE_LOOP('',(#1237,#1238,#1239,#1240));
#7171=EDGE_LOOP('',(#1241,#1242,#1243,#1244));
#7172=EDGE_LOOP('',(#1245,#1246,#1247,#1248));
#7173=EDGE_LOOP('',(#1249,#1250,#1251,#1252));
#7174=EDGE_LOOP('',(#1253,#1254,#1255,#1256));
#7175=EDGE_LOOP('',(#1257));
#7176=EDGE_LOOP('',(#1258,#1259,#1260,#1261,#1262,#1263));
#7177=EDGE_LOOP('',(#1264));
#7178=EDGE_LOOP('',(#1265,#1266,#1267,#1268));
#7179=EDGE_LOOP('',(#1269,#1270,#1271,#1272));
#7180=EDGE_LOOP('',(#1273,#1274,#1275,#1276));
#7181=EDGE_LOOP('',(#1277,#1278,#1279,#1280));
#7182=EDGE_LOOP('',(#1281,#1282,#1283,#1284));
#7183=EDGE_LOOP('',(#1285,#1286,#1287,#1288));
#7184=EDGE_LOOP('',(#1289,#1290,#1291,#1292,#1293,#1294));
#7185=EDGE_LOOP('',(#1295));
#7186=EDGE_LOOP('',(#1296));
#7187=EDGE_LOOP('',(#1297));
#7188=EDGE_LOOP('',(#1298));
#7189=EDGE_LOOP('',(#1299));
#7190=EDGE_LOOP('',(#1300));
#7191=EDGE_LOOP('',(#1301));
#7192=EDGE_LOOP('',(#1302));
#7193=EDGE_LOOP('',(#1303));
#7194=EDGE_LOOP('',(#1304));
#7195=EDGE_LOOP('',(#1305));
#7196=EDGE_LOOP('',(#1306));
#7197=EDGE_LOOP('',(#1307));
#7198=EDGE_LOOP('',(#1308));
#7199=EDGE_LOOP('',(#1309,#1310,#1311,#1312));
#7200=EDGE_LOOP('',(#1313,#1314,#1315,#1316));
#7201=EDGE_LOOP('',(#1317,#1318,#1319,#1320));
#7202=EDGE_LOOP('',(#1321,#1322,#1323,#1324));
#7203=EDGE_LOOP('',(#1325,#1326,#1327,#1328));
#7204=EDGE_LOOP('',(#1329,#1330,#1331,#1332));
#7205=EDGE_LOOP('',(#1333,#1334,#1335,#1336));
#7206=EDGE_LOOP('',(#1337,#1338,#1339,#1340));
#7207=EDGE_LOOP('',(#1341,#1342,#1343,#1344));
#7208=EDGE_LOOP('',(#1345,#1346,#1347,#1348));
#7209=EDGE_LOOP('',(#1349,#1350,#1351,#1352));
#7210=EDGE_LOOP('',(#1353,#1354,#1355,#1356));
#7211=EDGE_LOOP('',(#1357,#1358,#1359,#1360));
#7212=EDGE_LOOP('',(#1361,#1362,#1363,#1364));
#7213=EDGE_LOOP('',(#1365,#1366,#1367,#1368));
#7214=EDGE_LOOP('',(#1369,#1370,#1371,#1372));
#7215=EDGE_LOOP('',(#1373,#1374,#1375,#1376));
#7216=EDGE_LOOP('',(#1377,#1378,#1379,#1380));
#7217=EDGE_LOOP('',(#1381,#1382,#1383,#1384));
#7218=EDGE_LOOP('',(#1385,#1386,#1387,#1388));
#7219=EDGE_LOOP('',(#1389,#1390,#1391,#1392));
#7220=EDGE_LOOP('',(#1393,#1394,#1395,#1396));
#7221=EDGE_LOOP('',(#1397,#1398,#1399,#1400));
#7222=EDGE_LOOP('',(#1401,#1402,#1403,#1404));
#7223=EDGE_LOOP('',(#1405,#1406,#1407,#1408));
#7224=EDGE_LOOP('',(#1409,#1410,#1411,#1412));
#7225=EDGE_LOOP('',(#1413,#1414,#1415,#1416));
#7226=EDGE_LOOP('',(#1417,#1418,#1419,#1420));
#7227=EDGE_LOOP('',(#1421,#1422,#1423,#1424));
#7228=EDGE_LOOP('',(#1425,#1426,#1427,#1428,#1429,#1430,#1431,#1432,#1433,
#1434,#1435,#1436,#1437,#1438,#1439,#1440,#1441,#1442,#1443,#1444,#1445,
#1446,#1447,#1448,#1449,#1450,#1451,#1452,#1453,#1454,#1455,#1456));
#7229=EDGE_LOOP('',(#1457));
#7230=EDGE_LOOP('',(#1458));
#7231=EDGE_LOOP('',(#1459));
#7232=EDGE_LOOP('',(#1460));
#7233=EDGE_LOOP('',(#1461,#1462,#1463,#1464,#1465,#1466,#1467,#1468,#1469,
#1470,#1471,#1472,#1473,#1474,#1475,#1476,#1477,#1478,#1479,#1480,#1481,
#1482,#1483,#1484,#1485,#1486,#1487,#1488,#1489,#1490,#1491,#1492));
#7234=EDGE_LOOP('',(#1493));
#7235=EDGE_LOOP('',(#1494));
#7236=EDGE_LOOP('',(#1495));
#7237=EDGE_LOOP('',(#1496));
#7238=EDGE_LOOP('',(#1497,#1498,#1499,#1500));
#7239=EDGE_LOOP('',(#1501,#1502,#1503,#1504));
#7240=EDGE_LOOP('',(#1505,#1506,#1507,#1508));
#7241=EDGE_LOOP('',(#1509));
#7242=EDGE_LOOP('',(#1510));
#7243=EDGE_LOOP('',(#1511));
#7244=EDGE_LOOP('',(#1512));
#7245=EDGE_LOOP('',(#1513));
#7246=EDGE_LOOP('',(#1514));
#7247=EDGE_LOOP('',(#1515,#1516,#1517,#1518,#1519,#1520));
#7248=EDGE_LOOP('',(#1521,#1522,#1523,#1524));
#7249=EDGE_LOOP('',(#1525,#1526,#1527,#1528));
#7250=EDGE_LOOP('',(#1529,#1530,#1531,#1532));
#7251=EDGE_LOOP('',(#1533,#1534,#1535,#1536));
#7252=EDGE_LOOP('',(#1537,#1538,#1539,#1540));
#7253=EDGE_LOOP('',(#1541,#1542,#1543,#1544));
#7254=EDGE_LOOP('',(#1545));
#7255=EDGE_LOOP('',(#1546,#1547,#1548,#1549,#1550,#1551));
#7256=EDGE_LOOP('',(#1552));
#7257=EDGE_LOOP('',(#1553));
#7258=EDGE_LOOP('',(#1554,#1555,#1556,#1557,#1558,#1559));
#7259=EDGE_LOOP('',(#1560));
#7260=EDGE_LOOP('',(#1561,#1562,#1563,#1564));
#7261=EDGE_LOOP('',(#1565,#1566,#1567,#1568));
#7262=EDGE_LOOP('',(#1569,#1570,#1571,#1572));
#7263=EDGE_LOOP('',(#1573,#1574,#1575,#1576));
#7264=EDGE_LOOP('',(#1577,#1578,#1579,#1580));
#7265=EDGE_LOOP('',(#1581,#1582,#1583,#1584));
#7266=EDGE_LOOP('',(#1585,#1586,#1587,#1588,#1589,#1590));
#7267=EDGE_LOOP('',(#1591));
#7268=EDGE_LOOP('',(#1592));
#7269=EDGE_LOOP('',(#1593));
#7270=EDGE_LOOP('',(#1594));
#7271=EDGE_LOOP('',(#1595));
#7272=EDGE_LOOP('',(#1596));
#7273=EDGE_LOOP('',(#1597));
#7274=EDGE_LOOP('',(#1598));
#7275=EDGE_LOOP('',(#1599));
#7276=EDGE_LOOP('',(#1600));
#7277=EDGE_LOOP('',(#1601));
#7278=EDGE_LOOP('',(#1602));
#7279=EDGE_LOOP('',(#1603,#1604,#1605,#1606,#1607,#1608));
#7280=EDGE_LOOP('',(#1609,#1610,#1611,#1612));
#7281=EDGE_LOOP('',(#1613,#1614,#1615,#1616));
#7282=EDGE_LOOP('',(#1617,#1618,#1619,#1620));
#7283=EDGE_LOOP('',(#1621,#1622,#1623,#1624));
#7284=EDGE_LOOP('',(#1625,#1626,#1627,#1628));
#7285=EDGE_LOOP('',(#1629,#1630,#1631,#1632));
#7286=EDGE_LOOP('',(#1633));
#7287=EDGE_LOOP('',(#1634,#1635,#1636,#1637,#1638,#1639));
#7288=EDGE_LOOP('',(#1640));
#7289=EDGE_LOOP('',(#1641,#1642,#1643,#1644));
#7290=EDGE_LOOP('',(#1645,#1646,#1647,#1648));
#7291=EDGE_LOOP('',(#1649,#1650,#1651,#1652));
#7292=EDGE_LOOP('',(#1653,#1654,#1655,#1656));
#7293=EDGE_LOOP('',(#1657,#1658,#1659,#1660));
#7294=EDGE_LOOP('',(#1661,#1662,#1663,#1664));
#7295=EDGE_LOOP('',(#1665,#1666,#1667,#1668));
#7296=EDGE_LOOP('',(#1669,#1670,#1671,#1672));
#7297=EDGE_LOOP('',(#1673,#1674,#1675,#1676));
#7298=EDGE_LOOP('',(#1677,#1678,#1679,#1680));
#7299=EDGE_LOOP('',(#1681,#1682,#1683,#1684));
#7300=EDGE_LOOP('',(#1685,#1686,#1687,#1688));
#7301=EDGE_LOOP('',(#1689));
#7302=EDGE_LOOP('',(#1690));
#7303=EDGE_LOOP('',(#1691));
#7304=EDGE_LOOP('',(#1692));
#7305=EDGE_LOOP('',(#1693));
#7306=EDGE_LOOP('',(#1694));
#7307=EDGE_LOOP('',(#1695,#1696,#1697,#1698,#1699,#1700));
#7308=EDGE_LOOP('',(#1701,#1702,#1703,#1704));
#7309=EDGE_LOOP('',(#1705,#1706,#1707,#1708));
#7310=EDGE_LOOP('',(#1709,#1710,#1711,#1712));
#7311=EDGE_LOOP('',(#1713,#1714,#1715,#1716));
#7312=EDGE_LOOP('',(#1717,#1718,#1719,#1720));
#7313=EDGE_LOOP('',(#1721,#1722,#1723,#1724));
#7314=EDGE_LOOP('',(#1725));
#7315=EDGE_LOOP('',(#1726,#1727,#1728,#1729,#1730,#1731));
#7316=EDGE_LOOP('',(#1732));
#7317=EDGE_LOOP('',(#1733));
#7318=EDGE_LOOP('',(#1734,#1735,#1736,#1737,#1738,#1739));
#7319=EDGE_LOOP('',(#1740));
#7320=EDGE_LOOP('',(#1741,#1742,#1743,#1744));
#7321=EDGE_LOOP('',(#1745,#1746,#1747,#1748));
#7322=EDGE_LOOP('',(#1749,#1750,#1751,#1752));
#7323=EDGE_LOOP('',(#1753,#1754,#1755,#1756));
#7324=EDGE_LOOP('',(#1757,#1758,#1759,#1760));
#7325=EDGE_LOOP('',(#1761,#1762,#1763,#1764));
#7326=EDGE_LOOP('',(#1765,#1766,#1767,#1768,#1769,#1770));
#7327=EDGE_LOOP('',(#1771));
#7328=EDGE_LOOP('',(#1772));
#7329=EDGE_LOOP('',(#1773));
#7330=EDGE_LOOP('',(#1774));
#7331=EDGE_LOOP('',(#1775));
#7332=EDGE_LOOP('',(#1776));
#7333=EDGE_LOOP('',(#1777));
#7334=EDGE_LOOP('',(#1778));
#7335=EDGE_LOOP('',(#1779));
#7336=EDGE_LOOP('',(#1780));
#7337=EDGE_LOOP('',(#1781));
#7338=EDGE_LOOP('',(#1782));
#7339=EDGE_LOOP('',(#1783,#1784,#1785,#1786,#1787,#1788));
#7340=EDGE_LOOP('',(#1789,#1790,#1791,#1792));
#7341=EDGE_LOOP('',(#1793,#1794,#1795,#1796));
#7342=EDGE_LOOP('',(#1797,#1798,#1799,#1800));
#7343=EDGE_LOOP('',(#1801,#1802,#1803,#1804));
#7344=EDGE_LOOP('',(#1805,#1806,#1807,#1808));
#7345=EDGE_LOOP('',(#1809,#1810,#1811,#1812));
#7346=EDGE_LOOP('',(#1813));
#7347=EDGE_LOOP('',(#1814,#1815,#1816,#1817,#1818,#1819));
#7348=EDGE_LOOP('',(#1820));
#7349=EDGE_LOOP('',(#1821));
#7350=EDGE_LOOP('',(#1822));
#7351=EDGE_LOOP('',(#1823));
#7352=EDGE_LOOP('',(#1824));
#7353=EDGE_LOOP('',(#1825));
#7354=EDGE_LOOP('',(#1826));
#7355=EDGE_LOOP('',(#1827,#1828,#1829,#1830,#1831,#1832));
#7356=EDGE_LOOP('',(#1833,#1834,#1835,#1836));
#7357=EDGE_LOOP('',(#1837,#1838,#1839,#1840));
#7358=EDGE_LOOP('',(#1841,#1842,#1843,#1844));
#7359=EDGE_LOOP('',(#1845,#1846,#1847,#1848));
#7360=EDGE_LOOP('',(#1849,#1850,#1851,#1852));
#7361=EDGE_LOOP('',(#1853,#1854,#1855,#1856));
#7362=EDGE_LOOP('',(#1857));
#7363=EDGE_LOOP('',(#1858,#1859,#1860,#1861,#1862,#1863));
#7364=EDGE_LOOP('',(#1864));
#7365=EDGE_LOOP('',(#1865));
#7366=EDGE_LOOP('',(#1866,#1867,#1868,#1869,#1870,#1871));
#7367=EDGE_LOOP('',(#1872));
#7368=EDGE_LOOP('',(#1873,#1874,#1875,#1876));
#7369=EDGE_LOOP('',(#1877,#1878,#1879,#1880));
#7370=EDGE_LOOP('',(#1881,#1882,#1883,#1884));
#7371=EDGE_LOOP('',(#1885,#1886,#1887,#1888));
#7372=EDGE_LOOP('',(#1889,#1890,#1891,#1892));
#7373=EDGE_LOOP('',(#1893,#1894,#1895,#1896));
#7374=EDGE_LOOP('',(#1897,#1898,#1899,#1900,#1901,#1902));
#7375=EDGE_LOOP('',(#1903));
#7376=EDGE_LOOP('',(#1904));
#7377=EDGE_LOOP('',(#1905));
#7378=EDGE_LOOP('',(#1906));
#7379=EDGE_LOOP('',(#1907));
#7380=EDGE_LOOP('',(#1908));
#7381=EDGE_LOOP('',(#1909));
#7382=EDGE_LOOP('',(#1910,#1911,#1912,#1913,#1914,#1915));
#7383=EDGE_LOOP('',(#1916));
#7384=EDGE_LOOP('',(#1917,#1918,#1919,#1920));
#7385=EDGE_LOOP('',(#1921,#1922,#1923,#1924));
#7386=EDGE_LOOP('',(#1925,#1926,#1927,#1928));
#7387=EDGE_LOOP('',(#1929,#1930,#1931,#1932));
#7388=EDGE_LOOP('',(#1933,#1934,#1935,#1936));
#7389=EDGE_LOOP('',(#1937,#1938,#1939,#1940));
#7390=EDGE_LOOP('',(#1941,#1942,#1943,#1944,#1945,#1946));
#7391=EDGE_LOOP('',(#1947));
#7392=EDGE_LOOP('',(#1948));
#7393=EDGE_LOOP('',(#1949));
#7394=EDGE_LOOP('',(#1950));
#7395=EDGE_LOOP('',(#1951));
#7396=EDGE_LOOP('',(#1952));
#7397=EDGE_LOOP('',(#1953,#1954,#1955,#1956));
#7398=EDGE_LOOP('',(#1957,#1958,#1959,#1960));
#7399=EDGE_LOOP('',(#1961,#1962,#1963,#1964));
#7400=EDGE_LOOP('',(#1965,#1966,#1967,#1968));
#7401=EDGE_LOOP('',(#1969,#1970,#1971,#1972));
#7402=EDGE_LOOP('',(#1973,#1974,#1975,#1976));
#7403=EDGE_LOOP('',(#1977));
#7404=EDGE_LOOP('',(#1978,#1979,#1980,#1981,#1982,#1983));
#7405=EDGE_LOOP('',(#1984));
#7406=EDGE_LOOP('',(#1985,#1986,#1987,#1988));
#7407=EDGE_LOOP('',(#1989,#1990,#1991,#1992));
#7408=EDGE_LOOP('',(#1993,#1994,#1995,#1996));
#7409=EDGE_LOOP('',(#1997,#1998,#1999,#2000));
#7410=EDGE_LOOP('',(#2001,#2002,#2003,#2004));
#7411=EDGE_LOOP('',(#2005,#2006,#2007,#2008));
#7412=EDGE_LOOP('',(#2009,#2010,#2011,#2012,#2013,#2014));
#7413=EDGE_LOOP('',(#2015));
#7414=EDGE_LOOP('',(#2016));
#7415=EDGE_LOOP('',(#2017));
#7416=EDGE_LOOP('',(#2018));
#7417=EDGE_LOOP('',(#2019));
#7418=EDGE_LOOP('',(#2020));
#7419=EDGE_LOOP('',(#2021));
#7420=EDGE_LOOP('',(#2022));
#7421=EDGE_LOOP('',(#2023));
#7422=EDGE_LOOP('',(#2024));
#7423=EDGE_LOOP('',(#2025));
#7424=EDGE_LOOP('',(#2026));
#7425=EDGE_LOOP('',(#2027,#2028,#2029,#2030,#2031,#2032));
#7426=EDGE_LOOP('',(#2033,#2034,#2035,#2036));
#7427=EDGE_LOOP('',(#2037,#2038,#2039,#2040));
#7428=EDGE_LOOP('',(#2041,#2042,#2043,#2044));
#7429=EDGE_LOOP('',(#2045,#2046,#2047,#2048));
#7430=EDGE_LOOP('',(#2049,#2050,#2051,#2052));
#7431=EDGE_LOOP('',(#2053,#2054,#2055,#2056));
#7432=EDGE_LOOP('',(#2057));
#7433=EDGE_LOOP('',(#2058,#2059,#2060,#2061,#2062,#2063));
#7434=EDGE_LOOP('',(#2064));
#7435=EDGE_LOOP('',(#2065));
#7436=EDGE_LOOP('',(#2066));
#7437=EDGE_LOOP('',(#2067));
#7438=EDGE_LOOP('',(#2068));
#7439=EDGE_LOOP('',(#2069));
#7440=EDGE_LOOP('',(#2070));
#7441=EDGE_LOOP('',(#2071,#2072,#2073,#2074));
#7442=EDGE_LOOP('',(#2075,#2076,#2077,#2078));
#7443=EDGE_LOOP('',(#2079,#2080,#2081,#2082));
#7444=EDGE_LOOP('',(#2083,#2084,#2085,#2086));
#7445=EDGE_LOOP('',(#2087,#2088,#2089,#2090));
#7446=EDGE_LOOP('',(#2091,#2092,#2093,#2094));
#7447=EDGE_LOOP('',(#2095,#2096,#2097,#2098));
#7448=EDGE_LOOP('',(#2099,#2100,#2101,#2102));
#7449=EDGE_LOOP('',(#2103));
#7450=EDGE_LOOP('',(#2104));
#7451=EDGE_LOOP('',(#2105));
#7452=EDGE_LOOP('',(#2106));
#7453=EDGE_LOOP('',(#2107));
#7454=EDGE_LOOP('',(#2108));
#7455=EDGE_LOOP('',(#2109,#2110,#2111,#2112,#2113,#2114,#2115,#2116));
#7456=EDGE_LOOP('',(#2117,#2118,#2119,#2120,#2121,#2122,#2123,#2124));
#7457=EDGE_LOOP('',(#2125));
#7458=EDGE_LOOP('',(#2126));
#7459=EDGE_LOOP('',(#2127));
#7460=EDGE_LOOP('',(#2128));
#7461=EDGE_LOOP('',(#2129,#2130,#2131,#2132,#2133,#2134,#2135,#2136));
#7462=EDGE_LOOP('',(#2137));
#7463=EDGE_LOOP('',(#2138));
#7464=EDGE_LOOP('',(#2139));
#7465=EDGE_LOOP('',(#2140));
#7466=EDGE_LOOP('',(#2141));
#7467=EDGE_LOOP('',(#2142));
#7468=EDGE_LOOP('',(#2143,#2144,#2145,#2146));
#7469=EDGE_LOOP('',(#2147,#2148,#2149,#2150));
#7470=EDGE_LOOP('',(#2151,#2152,#2153,#2154));
#7471=EDGE_LOOP('',(#2155,#2156,#2157,#2158));
#7472=EDGE_LOOP('',(#2159,#2160,#2161,#2162));
#7473=EDGE_LOOP('',(#2163,#2164,#2165,#2166));
#7474=EDGE_LOOP('',(#2167,#2168,#2169,#2170));
#7475=EDGE_LOOP('',(#2171,#2172,#2173,#2174));
#7476=EDGE_LOOP('',(#2175));
#7477=EDGE_LOOP('',(#2176));
#7478=EDGE_LOOP('',(#2177));
#7479=EDGE_LOOP('',(#2178));
#7480=EDGE_LOOP('',(#2179));
#7481=EDGE_LOOP('',(#2180));
#7482=EDGE_LOOP('',(#2181,#2182,#2183,#2184,#2185,#2186,#2187,#2188));
#7483=EDGE_LOOP('',(#2189));
#7484=EDGE_LOOP('',(#2190));
#7485=EDGE_LOOP('',(#2191));
#7486=EDGE_LOOP('',(#2192));
#7487=EDGE_LOOP('',(#2193));
#7488=EDGE_LOOP('',(#2194,#2195,#2196,#2197,#2198,#2199));
#7489=EDGE_LOOP('',(#2200));
#7490=EDGE_LOOP('',(#2201,#2202,#2203,#2204));
#7491=EDGE_LOOP('',(#2205,#2206,#2207,#2208));
#7492=EDGE_LOOP('',(#2209,#2210,#2211,#2212));
#7493=EDGE_LOOP('',(#2213,#2214,#2215,#2216));
#7494=EDGE_LOOP('',(#2217,#2218,#2219,#2220));
#7495=EDGE_LOOP('',(#2221,#2222,#2223,#2224));
#7496=EDGE_LOOP('',(#2225,#2226,#2227,#2228,#2229,#2230));
#7497=EDGE_LOOP('',(#2231));
#7498=EDGE_LOOP('',(#2232));
#7499=EDGE_LOOP('',(#2233));
#7500=EDGE_LOOP('',(#2234));
#7501=EDGE_LOOP('',(#2235));
#7502=EDGE_LOOP('',(#2236));
#7503=EDGE_LOOP('',(#2237));
#7504=EDGE_LOOP('',(#2238));
#7505=EDGE_LOOP('',(#2239));
#7506=EDGE_LOOP('',(#2240));
#7507=EDGE_LOOP('',(#2241));
#7508=EDGE_LOOP('',(#2242));
#7509=EDGE_LOOP('',(#2243,#2244,#2245,#2246,#2247,#2248));
#7510=EDGE_LOOP('',(#2249,#2250,#2251,#2252));
#7511=EDGE_LOOP('',(#2253,#2254,#2255,#2256));
#7512=EDGE_LOOP('',(#2257,#2258,#2259,#2260));
#7513=EDGE_LOOP('',(#2261,#2262,#2263,#2264));
#7514=EDGE_LOOP('',(#2265,#2266,#2267,#2268));
#7515=EDGE_LOOP('',(#2269,#2270,#2271,#2272));
#7516=EDGE_LOOP('',(#2273));
#7517=EDGE_LOOP('',(#2274,#2275,#2276,#2277,#2278,#2279));
#7518=EDGE_LOOP('',(#2280));
#7519=EDGE_LOOP('',(#2281));
#7520=EDGE_LOOP('',(#2282));
#7521=EDGE_LOOP('',(#2283));
#7522=EDGE_LOOP('',(#2284));
#7523=EDGE_LOOP('',(#2285));
#7524=EDGE_LOOP('',(#2286));
#7525=EDGE_LOOP('',(#2287));
#7526=EDGE_LOOP('',(#2288));
#7527=EDGE_LOOP('',(#2289,#2290,#2291,#2292));
#7528=EDGE_LOOP('',(#2293,#2294,#2295,#2296));
#7529=EDGE_LOOP('',(#2297,#2298,#2299,#2300));
#7530=EDGE_LOOP('',(#2301,#2302,#2303,#2304));
#7531=EDGE_LOOP('',(#2305,#2306,#2307,#2308));
#7532=EDGE_LOOP('',(#2309,#2310,#2311,#2312));
#7533=EDGE_LOOP('',(#2313,#2314,#2315,#2316));
#7534=EDGE_LOOP('',(#2317,#2318,#2319,#2320));
#7535=EDGE_LOOP('',(#2321,#2322,#2323,#2324));
#7536=EDGE_LOOP('',(#2325,#2326,#2327,#2328));
#7537=EDGE_LOOP('',(#2329,#2330,#2331,#2332));
#7538=EDGE_LOOP('',(#2333,#2334,#2335,#2336));
#7539=EDGE_LOOP('',(#2337,#2338,#2339,#2340));
#7540=EDGE_LOOP('',(#2341,#2342,#2343,#2344));
#7541=EDGE_LOOP('',(#2345,#2346,#2347,#2348));
#7542=EDGE_LOOP('',(#2349,#2350,#2351,#2352));
#7543=EDGE_LOOP('',(#2353,#2354,#2355,#2356));
#7544=EDGE_LOOP('',(#2357,#2358,#2359,#2360));
#7545=EDGE_LOOP('',(#2361,#2362,#2363,#2364));
#7546=EDGE_LOOP('',(#2365,#2366,#2367,#2368));
#7547=EDGE_LOOP('',(#2369,#2370,#2371,#2372));
#7548=EDGE_LOOP('',(#2373,#2374,#2375,#2376));
#7549=EDGE_LOOP('',(#2377,#2378,#2379,#2380));
#7550=EDGE_LOOP('',(#2381,#2382,#2383,#2384));
#7551=EDGE_LOOP('',(#2385,#2386,#2387,#2388));
#7552=EDGE_LOOP('',(#2389,#2390,#2391,#2392));
#7553=EDGE_LOOP('',(#2393,#2394,#2395,#2396));
#7554=EDGE_LOOP('',(#2397,#2398,#2399,#2400));
#7555=EDGE_LOOP('',(#2401,#2402,#2403,#2404));
#7556=EDGE_LOOP('',(#2405,#2406,#2407,#2408,#2409,#2410,#2411,#2412,#2413,
#2414,#2415,#2416,#2417,#2418,#2419,#2420,#2421,#2422,#2423,#2424,#2425,
#2426,#2427,#2428,#2429,#2430,#2431,#2432,#2433,#2434,#2435,#2436));
#7557=EDGE_LOOP('',(#2437));
#7558=EDGE_LOOP('',(#2438));
#7559=EDGE_LOOP('',(#2439));
#7560=EDGE_LOOP('',(#2440));
#7561=EDGE_LOOP('',(#2441,#2442,#2443,#2444,#2445,#2446,#2447,#2448,#2449,
#2450,#2451,#2452,#2453,#2454,#2455,#2456,#2457,#2458,#2459,#2460,#2461,
#2462,#2463,#2464,#2465,#2466,#2467,#2468,#2469,#2470,#2471,#2472));
#7562=EDGE_LOOP('',(#2473));
#7563=EDGE_LOOP('',(#2474));
#7564=EDGE_LOOP('',(#2475));
#7565=EDGE_LOOP('',(#2476));
#7566=EDGE_LOOP('',(#2477,#2478,#2479,#2480));
#7567=EDGE_LOOP('',(#2481,#2482,#2483,#2484));
#7568=EDGE_LOOP('',(#2485,#2486,#2487,#2488));
#7569=EDGE_LOOP('',(#2489));
#7570=EDGE_LOOP('',(#2490,#2491,#2492,#2493,#2494,#2495));
#7571=EDGE_LOOP('',(#2496));
#7572=EDGE_LOOP('',(#2497,#2498,#2499,#2500));
#7573=EDGE_LOOP('',(#2501,#2502,#2503,#2504));
#7574=EDGE_LOOP('',(#2505,#2506,#2507,#2508));
#7575=EDGE_LOOP('',(#2509,#2510,#2511,#2512));
#7576=EDGE_LOOP('',(#2513,#2514,#2515,#2516));
#7577=EDGE_LOOP('',(#2517,#2518,#2519,#2520));
#7578=EDGE_LOOP('',(#2521,#2522,#2523,#2524,#2525,#2526));
#7579=EDGE_LOOP('',(#2527));
#7580=EDGE_LOOP('',(#2528));
#7581=EDGE_LOOP('',(#2529));
#7582=EDGE_LOOP('',(#2530));
#7583=EDGE_LOOP('',(#2531));
#7584=EDGE_LOOP('',(#2532));
#7585=EDGE_LOOP('',(#2533));
#7586=EDGE_LOOP('',(#2534,#2535,#2536,#2537,#2538,#2539));
#7587=EDGE_LOOP('',(#2540));
#7588=EDGE_LOOP('',(#2541,#2542,#2543,#2544));
#7589=EDGE_LOOP('',(#2545,#2546,#2547,#2548));
#7590=EDGE_LOOP('',(#2549,#2550,#2551,#2552));
#7591=EDGE_LOOP('',(#2553,#2554,#2555,#2556));
#7592=EDGE_LOOP('',(#2557,#2558,#2559,#2560));
#7593=EDGE_LOOP('',(#2561,#2562,#2563,#2564));
#7594=EDGE_LOOP('',(#2565,#2566,#2567,#2568,#2569,#2570));
#7595=EDGE_LOOP('',(#2571));
#7596=EDGE_LOOP('',(#2572));
#7597=EDGE_LOOP('',(#2573));
#7598=EDGE_LOOP('',(#2574));
#7599=EDGE_LOOP('',(#2575));
#7600=EDGE_LOOP('',(#2576));
#7601=EDGE_LOOP('',(#2577));
#7602=EDGE_LOOP('',(#2578,#2579,#2580,#2581,#2582,#2583));
#7603=EDGE_LOOP('',(#2584));
#7604=EDGE_LOOP('',(#2585,#2586,#2587,#2588));
#7605=EDGE_LOOP('',(#2589,#2590,#2591,#2592));
#7606=EDGE_LOOP('',(#2593,#2594,#2595,#2596));
#7607=EDGE_LOOP('',(#2597,#2598,#2599,#2600));
#7608=EDGE_LOOP('',(#2601,#2602,#2603,#2604));
#7609=EDGE_LOOP('',(#2605,#2606,#2607,#2608));
#7610=EDGE_LOOP('',(#2609,#2610,#2611,#2612,#2613,#2614));
#7611=EDGE_LOOP('',(#2615));
#7612=EDGE_LOOP('',(#2616));
#7613=EDGE_LOOP('',(#2617));
#7614=EDGE_LOOP('',(#2618));
#7615=EDGE_LOOP('',(#2619));
#7616=EDGE_LOOP('',(#2620));
#7617=EDGE_LOOP('',(#2621));
#7618=EDGE_LOOP('',(#2622,#2623,#2624,#2625,#2626,#2627));
#7619=EDGE_LOOP('',(#2628));
#7620=EDGE_LOOP('',(#2629,#2630,#2631,#2632));
#7621=EDGE_LOOP('',(#2633,#2634,#2635,#2636));
#7622=EDGE_LOOP('',(#2637,#2638,#2639,#2640));
#7623=EDGE_LOOP('',(#2641,#2642,#2643,#2644));
#7624=EDGE_LOOP('',(#2645,#2646,#2647,#2648));
#7625=EDGE_LOOP('',(#2649,#2650,#2651,#2652));
#7626=EDGE_LOOP('',(#2653,#2654,#2655,#2656,#2657,#2658));
#7627=EDGE_LOOP('',(#2659));
#7628=EDGE_LOOP('',(#2660));
#7629=EDGE_LOOP('',(#2661));
#7630=EDGE_LOOP('',(#2662));
#7631=EDGE_LOOP('',(#2663));
#7632=EDGE_LOOP('',(#2664));
#7633=EDGE_LOOP('',(#2665));
#7634=EDGE_LOOP('',(#2666));
#7635=EDGE_LOOP('',(#2667));
#7636=EDGE_LOOP('',(#2668));
#7637=EDGE_LOOP('',(#2669));
#7638=EDGE_LOOP('',(#2670));
#7639=EDGE_LOOP('',(#2671,#2672,#2673,#2674,#2675,#2676));
#7640=EDGE_LOOP('',(#2677,#2678,#2679,#2680));
#7641=EDGE_LOOP('',(#2681,#2682,#2683,#2684));
#7642=EDGE_LOOP('',(#2685,#2686,#2687,#2688));
#7643=EDGE_LOOP('',(#2689,#2690,#2691,#2692));
#7644=EDGE_LOOP('',(#2693,#2694,#2695,#2696));
#7645=EDGE_LOOP('',(#2697,#2698,#2699,#2700));
#7646=EDGE_LOOP('',(#2701));
#7647=EDGE_LOOP('',(#2702,#2703,#2704,#2705,#2706,#2707));
#7648=EDGE_LOOP('',(#2708));
#7649=EDGE_LOOP('',(#2709));
#7650=EDGE_LOOP('',(#2710));
#7651=EDGE_LOOP('',(#2711));
#7652=EDGE_LOOP('',(#2712));
#7653=EDGE_LOOP('',(#2713));
#7654=EDGE_LOOP('',(#2714));
#7655=EDGE_LOOP('',(#2715));
#7656=EDGE_LOOP('',(#2716));
#7657=EDGE_LOOP('',(#2717));
#7658=EDGE_LOOP('',(#2718));
#7659=EDGE_LOOP('',(#2719));
#7660=EDGE_LOOP('',(#2720));
#7661=EDGE_LOOP('',(#2721));
#7662=EDGE_LOOP('',(#2722));
#7663=EDGE_LOOP('',(#2723));
#7664=EDGE_LOOP('',(#2724));
#7665=EDGE_LOOP('',(#2725));
#7666=EDGE_LOOP('',(#2726));
#7667=EDGE_LOOP('',(#2727,#2728,#2729,#2730,#2731,#2732,#2733,#2734));
#7668=EDGE_LOOP('',(#2735,#2736,#2737,#2738,#2739,#2740,#2741,#2742));
#7669=EDGE_LOOP('',(#2743,#2744,#2745,#2746));
#7670=EDGE_LOOP('',(#2747,#2748,#2749,#2750));
#7671=EDGE_LOOP('',(#2751,#2752,#2753,#2754));
#7672=EDGE_LOOP('',(#2755,#2756,#2757,#2758));
#7673=EDGE_LOOP('',(#2759));
#7674=EDGE_LOOP('',(#2760));
#7675=EDGE_LOOP('',(#2761));
#7676=EDGE_LOOP('',(#2762));
#7677=EDGE_LOOP('',(#2763,#2764,#2765,#2766,#2767,#2768,#2769,#2770));
#7678=EDGE_LOOP('',(#2771,#2772,#2773,#2774));
#7679=EDGE_LOOP('',(#2775,#2776,#2777,#2778));
#7680=EDGE_LOOP('',(#2779,#2780,#2781,#2782));
#7681=EDGE_LOOP('',(#2783,#2784,#2785,#2786));
#7682=EDGE_LOOP('',(#2787));
#7683=EDGE_LOOP('',(#2788));
#7684=EDGE_LOOP('',(#2789));
#7685=EDGE_LOOP('',(#2790));
#7686=EDGE_LOOP('',(#2791,#2792,#2793,#2794,#2795,#2796,#2797,#2798));
#7687=EDGE_LOOP('',(#2799,#2800,#2801,#2802));
#7688=EDGE_LOOP('',(#2803,#2804,#2805,#2806));
#7689=EDGE_LOOP('',(#2807,#2808,#2809,#2810));
#7690=EDGE_LOOP('',(#2811,#2812,#2813,#2814));
#7691=EDGE_LOOP('',(#2815,#2816,#2817,#2818));
#7692=EDGE_LOOP('',(#2819,#2820,#2821,#2822));
#7693=EDGE_LOOP('',(#2823,#2824,#2825,#2826));
#7694=EDGE_LOOP('',(#2827,#2828,#2829,#2830));
#7695=EDGE_LOOP('',(#2831));
#7696=EDGE_LOOP('',(#2832));
#7697=EDGE_LOOP('',(#2833));
#7698=EDGE_LOOP('',(#2834));
#7699=EDGE_LOOP('',(#2835));
#7700=EDGE_LOOP('',(#2836));
#7701=EDGE_LOOP('',(#2837));
#7702=EDGE_LOOP('',(#2838));
#7703=EDGE_LOOP('',(#2839));
#7704=EDGE_LOOP('',(#2840));
#7705=EDGE_LOOP('',(#2841));
#7706=EDGE_LOOP('',(#2842));
#7707=EDGE_LOOP('',(#2843));
#7708=EDGE_LOOP('',(#2844));
#7709=EDGE_LOOP('',(#2845,#2846,#2847,#2848));
#7710=EDGE_LOOP('',(#2849,#2850,#2851,#2852));
#7711=EDGE_LOOP('',(#2853,#2854,#2855,#2856));
#7712=EDGE_LOOP('',(#2857,#2858,#2859,#2860));
#7713=EDGE_LOOP('',(#2861,#2862,#2863,#2864));
#7714=EDGE_LOOP('',(#2865,#2866,#2867,#2868));
#7715=EDGE_LOOP('',(#2869,#2870,#2871,#2872));
#7716=EDGE_LOOP('',(#2873,#2874,#2875,#2876));
#7717=EDGE_LOOP('',(#2877,#2878,#2879,#2880));
#7718=EDGE_LOOP('',(#2881,#2882,#2883,#2884));
#7719=EDGE_LOOP('',(#2885,#2886,#2887,#2888));
#7720=EDGE_LOOP('',(#2889,#2890,#2891,#2892));
#7721=EDGE_LOOP('',(#2893,#2894,#2895,#2896));
#7722=EDGE_LOOP('',(#2897,#2898,#2899,#2900));
#7723=EDGE_LOOP('',(#2901,#2902,#2903,#2904));
#7724=EDGE_LOOP('',(#2905,#2906,#2907,#2908));
#7725=EDGE_LOOP('',(#2909,#2910,#2911,#2912));
#7726=EDGE_LOOP('',(#2913,#2914,#2915,#2916));
#7727=EDGE_LOOP('',(#2917,#2918,#2919,#2920));
#7728=EDGE_LOOP('',(#2921,#2922,#2923,#2924));
#7729=EDGE_LOOP('',(#2925,#2926,#2927,#2928));
#7730=EDGE_LOOP('',(#2929,#2930,#2931,#2932));
#7731=EDGE_LOOP('',(#2933,#2934,#2935,#2936));
#7732=EDGE_LOOP('',(#2937,#2938,#2939,#2940));
#7733=EDGE_LOOP('',(#2941,#2942,#2943,#2944));
#7734=EDGE_LOOP('',(#2945,#2946,#2947,#2948));
#7735=EDGE_LOOP('',(#2949,#2950,#2951,#2952));
#7736=EDGE_LOOP('',(#2953,#2954,#2955,#2956));
#7737=EDGE_LOOP('',(#2957,#2958,#2959,#2960));
#7738=EDGE_LOOP('',(#2961,#2962,#2963,#2964,#2965,#2966,#2967,#2968,#2969,
#2970,#2971,#2972,#2973,#2974,#2975,#2976,#2977,#2978,#2979,#2980,#2981,
#2982,#2983,#2984,#2985,#2986,#2987,#2988,#2989,#2990,#2991,#2992));
#7739=EDGE_LOOP('',(#2993));
#7740=EDGE_LOOP('',(#2994));
#7741=EDGE_LOOP('',(#2995));
#7742=EDGE_LOOP('',(#2996));
#7743=EDGE_LOOP('',(#2997,#2998,#2999,#3000,#3001,#3002,#3003,#3004,#3005,
#3006,#3007,#3008,#3009,#3010,#3011,#3012,#3013,#3014,#3015,#3016,#3017,
#3018,#3019,#3020,#3021,#3022,#3023,#3024,#3025,#3026,#3027,#3028));
#7744=EDGE_LOOP('',(#3029));
#7745=EDGE_LOOP('',(#3030));
#7746=EDGE_LOOP('',(#3031));
#7747=EDGE_LOOP('',(#3032));
#7748=EDGE_LOOP('',(#3033,#3034,#3035,#3036));
#7749=EDGE_LOOP('',(#3037,#3038,#3039,#3040));
#7750=EDGE_LOOP('',(#3041,#3042,#3043,#3044));
#7751=EDGE_LOOP('',(#3045));
#7752=EDGE_LOOP('',(#3046,#3047,#3048,#3049,#3050,#3051));
#7753=EDGE_LOOP('',(#3052));
#7754=EDGE_LOOP('',(#3053,#3054,#3055,#3056));
#7755=EDGE_LOOP('',(#3057,#3058,#3059,#3060));
#7756=EDGE_LOOP('',(#3061,#3062,#3063,#3064));
#7757=EDGE_LOOP('',(#3065,#3066,#3067,#3068));
#7758=EDGE_LOOP('',(#3069,#3070,#3071,#3072));
#7759=EDGE_LOOP('',(#3073,#3074,#3075,#3076));
#7760=EDGE_LOOP('',(#3077,#3078,#3079,#3080,#3081,#3082));
#7761=EDGE_LOOP('',(#3083));
#7762=EDGE_LOOP('',(#3084));
#7763=EDGE_LOOP('',(#3085));
#7764=EDGE_LOOP('',(#3086));
#7765=EDGE_LOOP('',(#3087));
#7766=EDGE_LOOP('',(#3088));
#7767=EDGE_LOOP('',(#3089));
#7768=EDGE_LOOP('',(#3090,#3091,#3092,#3093,#3094,#3095));
#7769=EDGE_LOOP('',(#3096));
#7770=EDGE_LOOP('',(#3097,#3098,#3099,#3100));
#7771=EDGE_LOOP('',(#3101,#3102,#3103,#3104));
#7772=EDGE_LOOP('',(#3105,#3106,#3107,#3108));
#7773=EDGE_LOOP('',(#3109,#3110,#3111,#3112));
#7774=EDGE_LOOP('',(#3113,#3114,#3115,#3116));
#7775=EDGE_LOOP('',(#3117,#3118,#3119,#3120));
#7776=EDGE_LOOP('',(#3121,#3122,#3123,#3124,#3125,#3126));
#7777=EDGE_LOOP('',(#3127));
#7778=EDGE_LOOP('',(#3128));
#7779=EDGE_LOOP('',(#3129));
#7780=EDGE_LOOP('',(#3130));
#7781=EDGE_LOOP('',(#3131));
#7782=EDGE_LOOP('',(#3132));
#7783=EDGE_LOOP('',(#3133,#3134,#3135,#3136));
#7784=EDGE_LOOP('',(#3137,#3138,#3139,#3140));
#7785=EDGE_LOOP('',(#3141,#3142,#3143,#3144));
#7786=EDGE_LOOP('',(#3145,#3146,#3147,#3148));
#7787=EDGE_LOOP('',(#3149,#3150,#3151,#3152));
#7788=EDGE_LOOP('',(#3153,#3154,#3155,#3156));
#7789=EDGE_LOOP('',(#3157,#3158,#3159,#3160));
#7790=EDGE_LOOP('',(#3161,#3162,#3163,#3164));
#7791=EDGE_LOOP('',(#3165,#3166,#3167,#3168));
#7792=EDGE_LOOP('',(#3169,#3170,#3171,#3172));
#7793=EDGE_LOOP('',(#3173,#3174,#3175,#3176));
#7794=EDGE_LOOP('',(#3177,#3178,#3179,#3180));
#7795=EDGE_LOOP('',(#3181));
#7796=EDGE_LOOP('',(#3182,#3183,#3184,#3185,#3186,#3187));
#7797=EDGE_LOOP('',(#3188));
#7798=EDGE_LOOP('',(#3189,#3190,#3191,#3192));
#7799=EDGE_LOOP('',(#3193,#3194,#3195,#3196));
#7800=EDGE_LOOP('',(#3197,#3198,#3199,#3200));
#7801=EDGE_LOOP('',(#3201,#3202,#3203,#3204));
#7802=EDGE_LOOP('',(#3205,#3206,#3207,#3208));
#7803=EDGE_LOOP('',(#3209,#3210,#3211,#3212));
#7804=EDGE_LOOP('',(#3213,#3214,#3215,#3216,#3217,#3218));
#7805=EDGE_LOOP('',(#3219));
#7806=EDGE_LOOP('',(#3220));
#7807=EDGE_LOOP('',(#3221));
#7808=EDGE_LOOP('',(#3222));
#7809=EDGE_LOOP('',(#3223));
#7810=EDGE_LOOP('',(#3224));
#7811=EDGE_LOOP('',(#3225,#3226,#3227,#3228));
#7812=EDGE_LOOP('',(#3229,#3230,#3231,#3232));
#7813=EDGE_LOOP('',(#3233,#3234,#3235,#3236));
#7814=EDGE_LOOP('',(#3237,#3238,#3239,#3240));
#7815=EDGE_LOOP('',(#3241,#3242,#3243,#3244));
#7816=EDGE_LOOP('',(#3245,#3246,#3247,#3248));
#7817=EDGE_LOOP('',(#3249,#3250,#3251,#3252));
#7818=EDGE_LOOP('',(#3253,#3254,#3255,#3256));
#7819=EDGE_LOOP('',(#3257,#3258,#3259,#3260));
#7820=EDGE_LOOP('',(#3261,#3262,#3263,#3264));
#7821=EDGE_LOOP('',(#3265,#3266,#3267,#3268));
#7822=EDGE_LOOP('',(#3269,#3270,#3271,#3272));
#7823=FACE_BOUND('',#7065,.T.);
#7824=FACE_BOUND('',#7066,.T.);
#7825=FACE_BOUND('',#7067,.T.);
#7826=FACE_BOUND('',#7068,.T.);
#7827=FACE_BOUND('',#7069,.T.);
#7828=FACE_BOUND('',#7070,.T.);
#7829=FACE_BOUND('',#7071,.T.);
#7830=FACE_BOUND('',#7072,.T.);
#7831=FACE_BOUND('',#7073,.T.);
#7832=FACE_BOUND('',#7074,.T.);
#7833=FACE_BOUND('',#7075,.T.);
#7834=FACE_BOUND('',#7076,.T.);
#7835=FACE_BOUND('',#7077,.T.);
#7836=FACE_BOUND('',#7078,.T.);
#7837=FACE_BOUND('',#7079,.T.);
#7838=FACE_BOUND('',#7080,.T.);
#7839=FACE_BOUND('',#7081,.T.);
#7840=FACE_BOUND('',#7082,.T.);
#7841=FACE_BOUND('',#7083,.T.);
#7842=FACE_BOUND('',#7084,.T.);
#7843=FACE_BOUND('',#7085,.T.);
#7844=FACE_BOUND('',#7086,.T.);
#7845=FACE_BOUND('',#7087,.T.);
#7846=FACE_BOUND('',#7088,.T.);
#7847=FACE_BOUND('',#7089,.T.);
#7848=FACE_BOUND('',#7090,.T.);
#7849=FACE_BOUND('',#7091,.T.);
#7850=FACE_BOUND('',#7092,.T.);
#7851=FACE_BOUND('',#7093,.T.);
#7852=FACE_BOUND('',#7094,.T.);
#7853=FACE_BOUND('',#7095,.T.);
#7854=FACE_BOUND('',#7096,.T.);
#7855=FACE_BOUND('',#7097,.T.);
#7856=FACE_BOUND('',#7098,.T.);
#7857=FACE_BOUND('',#7099,.T.);
#7858=FACE_BOUND('',#7100,.T.);
#7859=FACE_BOUND('',#7101,.T.);
#7860=FACE_BOUND('',#7102,.T.);
#7861=FACE_BOUND('',#7103,.T.);
#7862=FACE_BOUND('',#7104,.T.);
#7863=FACE_BOUND('',#7105,.T.);
#7864=FACE_BOUND('',#7106,.T.);
#7865=FACE_BOUND('',#7107,.T.);
#7866=FACE_BOUND('',#7108,.T.);
#7867=FACE_BOUND('',#7109,.T.);
#7868=FACE_BOUND('',#7110,.T.);
#7869=FACE_BOUND('',#7111,.T.);
#7870=FACE_BOUND('',#7112,.T.);
#7871=FACE_BOUND('',#7113,.T.);
#7872=FACE_BOUND('',#7114,.T.);
#7873=FACE_BOUND('',#7115,.T.);
#7874=FACE_BOUND('',#7116,.T.);
#7875=FACE_BOUND('',#7117,.T.);
#7876=FACE_BOUND('',#7118,.T.);
#7877=FACE_BOUND('',#7119,.T.);
#7878=FACE_BOUND('',#7120,.T.);
#7879=FACE_BOUND('',#7121,.T.);
#7880=FACE_BOUND('',#7122,.T.);
#7881=FACE_BOUND('',#7123,.T.);
#7882=FACE_BOUND('',#7124,.T.);
#7883=FACE_BOUND('',#7125,.T.);
#7884=FACE_BOUND('',#7126,.T.);
#7885=FACE_BOUND('',#7127,.T.);
#7886=FACE_BOUND('',#7128,.T.);
#7887=FACE_BOUND('',#7129,.T.);
#7888=FACE_BOUND('',#7130,.T.);
#7889=FACE_BOUND('',#7131,.T.);
#7890=FACE_BOUND('',#7132,.T.);
#7891=FACE_BOUND('',#7133,.T.);
#7892=FACE_BOUND('',#7134,.T.);
#7893=FACE_BOUND('',#7135,.T.);
#7894=FACE_BOUND('',#7136,.T.);
#7895=FACE_BOUND('',#7137,.T.);
#7896=FACE_BOUND('',#7138,.T.);
#7897=FACE_BOUND('',#7139,.T.);
#7898=FACE_BOUND('',#7140,.T.);
#7899=FACE_BOUND('',#7141,.T.);
#7900=FACE_BOUND('',#7142,.T.);
#7901=FACE_BOUND('',#7143,.T.);
#7902=FACE_BOUND('',#7144,.T.);
#7903=FACE_BOUND('',#7145,.T.);
#7904=FACE_BOUND('',#7146,.T.);
#7905=FACE_BOUND('',#7147,.T.);
#7906=FACE_BOUND('',#7148,.T.);
#7907=FACE_BOUND('',#7149,.T.);
#7908=FACE_BOUND('',#7150,.T.);
#7909=FACE_BOUND('',#7151,.T.);
#7910=FACE_BOUND('',#7152,.T.);
#7911=FACE_BOUND('',#7153,.T.);
#7912=FACE_BOUND('',#7154,.T.);
#7913=FACE_BOUND('',#7155,.T.);
#7914=FACE_BOUND('',#7156,.T.);
#7915=FACE_BOUND('',#7157,.T.);
#7916=FACE_BOUND('',#7158,.T.);
#7917=FACE_BOUND('',#7159,.T.);
#7918=FACE_BOUND('',#7160,.T.);
#7919=FACE_BOUND('',#7161,.T.);
#7920=FACE_BOUND('',#7162,.T.);
#7921=FACE_BOUND('',#7163,.T.);
#7922=FACE_BOUND('',#7164,.T.);
#7923=FACE_BOUND('',#7165,.T.);
#7924=FACE_BOUND('',#7166,.T.);
#7925=FACE_BOUND('',#7167,.T.);
#7926=FACE_BOUND('',#7168,.T.);
#7927=FACE_BOUND('',#7169,.T.);
#7928=FACE_BOUND('',#7170,.T.);
#7929=FACE_BOUND('',#7171,.T.);
#7930=FACE_BOUND('',#7172,.T.);
#7931=FACE_BOUND('',#7173,.T.);
#7932=FACE_BOUND('',#7174,.T.);
#7933=FACE_BOUND('',#7175,.T.);
#7934=FACE_BOUND('',#7176,.T.);
#7935=FACE_BOUND('',#7177,.T.);
#7936=FACE_BOUND('',#7178,.T.);
#7937=FACE_BOUND('',#7179,.T.);
#7938=FACE_BOUND('',#7180,.T.);
#7939=FACE_BOUND('',#7181,.T.);
#7940=FACE_BOUND('',#7182,.T.);
#7941=FACE_BOUND('',#7183,.T.);
#7942=FACE_BOUND('',#7184,.T.);
#7943=FACE_BOUND('',#7185,.T.);
#7944=FACE_BOUND('',#7186,.T.);
#7945=FACE_BOUND('',#7187,.T.);
#7946=FACE_BOUND('',#7188,.T.);
#7947=FACE_BOUND('',#7189,.T.);
#7948=FACE_BOUND('',#7190,.T.);
#7949=FACE_BOUND('',#7191,.T.);
#7950=FACE_BOUND('',#7192,.T.);
#7951=FACE_BOUND('',#7193,.T.);
#7952=FACE_BOUND('',#7194,.T.);
#7953=FACE_BOUND('',#7195,.T.);
#7954=FACE_BOUND('',#7196,.T.);
#7955=FACE_BOUND('',#7197,.T.);
#7956=FACE_BOUND('',#7198,.T.);
#7957=FACE_BOUND('',#7199,.T.);
#7958=FACE_BOUND('',#7200,.T.);
#7959=FACE_BOUND('',#7201,.T.);
#7960=FACE_BOUND('',#7202,.T.);
#7961=FACE_BOUND('',#7203,.T.);
#7962=FACE_BOUND('',#7204,.T.);
#7963=FACE_BOUND('',#7205,.T.);
#7964=FACE_BOUND('',#7206,.T.);
#7965=FACE_BOUND('',#7207,.T.);
#7966=FACE_BOUND('',#7208,.T.);
#7967=FACE_BOUND('',#7209,.T.);
#7968=FACE_BOUND('',#7210,.T.);
#7969=FACE_BOUND('',#7211,.T.);
#7970=FACE_BOUND('',#7212,.T.);
#7971=FACE_BOUND('',#7213,.T.);
#7972=FACE_BOUND('',#7214,.T.);
#7973=FACE_BOUND('',#7215,.T.);
#7974=FACE_BOUND('',#7216,.T.);
#7975=FACE_BOUND('',#7217,.T.);
#7976=FACE_BOUND('',#7218,.T.);
#7977=FACE_BOUND('',#7219,.T.);
#7978=FACE_BOUND('',#7220,.T.);
#7979=FACE_BOUND('',#7221,.T.);
#7980=FACE_BOUND('',#7222,.T.);
#7981=FACE_BOUND('',#7223,.T.);
#7982=FACE_BOUND('',#7224,.T.);
#7983=FACE_BOUND('',#7225,.T.);
#7984=FACE_BOUND('',#7226,.T.);
#7985=FACE_BOUND('',#7227,.T.);
#7986=FACE_BOUND('',#7228,.T.);
#7987=FACE_BOUND('',#7229,.T.);
#7988=FACE_BOUND('',#7230,.T.);
#7989=FACE_BOUND('',#7231,.T.);
#7990=FACE_BOUND('',#7232,.T.);
#7991=FACE_BOUND('',#7233,.T.);
#7992=FACE_BOUND('',#7234,.T.);
#7993=FACE_BOUND('',#7235,.T.);
#7994=FACE_BOUND('',#7236,.T.);
#7995=FACE_BOUND('',#7237,.T.);
#7996=FACE_BOUND('',#7238,.T.);
#7997=FACE_BOUND('',#7239,.T.);
#7998=FACE_BOUND('',#7240,.T.);
#7999=FACE_BOUND('',#7241,.T.);
#8000=FACE_BOUND('',#7242,.T.);
#8001=FACE_BOUND('',#7243,.T.);
#8002=FACE_BOUND('',#7244,.T.);
#8003=FACE_BOUND('',#7245,.T.);
#8004=FACE_BOUND('',#7246,.T.);
#8005=FACE_BOUND('',#7247,.T.);
#8006=FACE_BOUND('',#7248,.T.);
#8007=FACE_BOUND('',#7249,.T.);
#8008=FACE_BOUND('',#7250,.T.);
#8009=FACE_BOUND('',#7251,.T.);
#8010=FACE_BOUND('',#7252,.T.);
#8011=FACE_BOUND('',#7253,.T.);
#8012=FACE_BOUND('',#7254,.T.);
#8013=FACE_BOUND('',#7255,.T.);
#8014=FACE_BOUND('',#7256,.T.);
#8015=FACE_BOUND('',#7257,.T.);
#8016=FACE_BOUND('',#7258,.T.);
#8017=FACE_BOUND('',#7259,.T.);
#8018=FACE_BOUND('',#7260,.T.);
#8019=FACE_BOUND('',#7261,.T.);
#8020=FACE_BOUND('',#7262,.T.);
#8021=FACE_BOUND('',#7263,.T.);
#8022=FACE_BOUND('',#7264,.T.);
#8023=FACE_BOUND('',#7265,.T.);
#8024=FACE_BOUND('',#7266,.T.);
#8025=FACE_BOUND('',#7267,.T.);
#8026=FACE_BOUND('',#7268,.T.);
#8027=FACE_BOUND('',#7269,.T.);
#8028=FACE_BOUND('',#7270,.T.);
#8029=FACE_BOUND('',#7271,.T.);
#8030=FACE_BOUND('',#7272,.T.);
#8031=FACE_BOUND('',#7273,.T.);
#8032=FACE_BOUND('',#7274,.T.);
#8033=FACE_BOUND('',#7275,.T.);
#8034=FACE_BOUND('',#7276,.T.);
#8035=FACE_BOUND('',#7277,.T.);
#8036=FACE_BOUND('',#7278,.T.);
#8037=FACE_BOUND('',#7279,.T.);
#8038=FACE_BOUND('',#7280,.T.);
#8039=FACE_BOUND('',#7281,.T.);
#8040=FACE_BOUND('',#7282,.T.);
#8041=FACE_BOUND('',#7283,.T.);
#8042=FACE_BOUND('',#7284,.T.);
#8043=FACE_BOUND('',#7285,.T.);
#8044=FACE_BOUND('',#7286,.T.);
#8045=FACE_BOUND('',#7287,.T.);
#8046=FACE_BOUND('',#7288,.T.);
#8047=FACE_BOUND('',#7289,.T.);
#8048=FACE_BOUND('',#7290,.T.);
#8049=FACE_BOUND('',#7291,.T.);
#8050=FACE_BOUND('',#7292,.T.);
#8051=FACE_BOUND('',#7293,.T.);
#8052=FACE_BOUND('',#7294,.T.);
#8053=FACE_BOUND('',#7295,.T.);
#8054=FACE_BOUND('',#7296,.T.);
#8055=FACE_BOUND('',#7297,.T.);
#8056=FACE_BOUND('',#7298,.T.);
#8057=FACE_BOUND('',#7299,.T.);
#8058=FACE_BOUND('',#7300,.T.);
#8059=FACE_BOUND('',#7301,.T.);
#8060=FACE_BOUND('',#7302,.T.);
#8061=FACE_BOUND('',#7303,.T.);
#8062=FACE_BOUND('',#7304,.T.);
#8063=FACE_BOUND('',#7305,.T.);
#8064=FACE_BOUND('',#7306,.T.);
#8065=FACE_BOUND('',#7307,.T.);
#8066=FACE_BOUND('',#7308,.T.);
#8067=FACE_BOUND('',#7309,.T.);
#8068=FACE_BOUND('',#7310,.T.);
#8069=FACE_BOUND('',#7311,.T.);
#8070=FACE_BOUND('',#7312,.T.);
#8071=FACE_BOUND('',#7313,.T.);
#8072=FACE_BOUND('',#7314,.T.);
#8073=FACE_BOUND('',#7315,.T.);
#8074=FACE_BOUND('',#7316,.T.);
#8075=FACE_BOUND('',#7317,.T.);
#8076=FACE_BOUND('',#7318,.T.);
#8077=FACE_BOUND('',#7319,.T.);
#8078=FACE_BOUND('',#7320,.T.);
#8079=FACE_BOUND('',#7321,.T.);
#8080=FACE_BOUND('',#7322,.T.);
#8081=FACE_BOUND('',#7323,.T.);
#8082=FACE_BOUND('',#7324,.T.);
#8083=FACE_BOUND('',#7325,.T.);
#8084=FACE_BOUND('',#7326,.T.);
#8085=FACE_BOUND('',#7327,.T.);
#8086=FACE_BOUND('',#7328,.T.);
#8087=FACE_BOUND('',#7329,.T.);
#8088=FACE_BOUND('',#7330,.T.);
#8089=FACE_BOUND('',#7331,.T.);
#8090=FACE_BOUND('',#7332,.T.);
#8091=FACE_BOUND('',#7333,.T.);
#8092=FACE_BOUND('',#7334,.T.);
#8093=FACE_BOUND('',#7335,.T.);
#8094=FACE_BOUND('',#7336,.T.);
#8095=FACE_BOUND('',#7337,.T.);
#8096=FACE_BOUND('',#7338,.T.);
#8097=FACE_BOUND('',#7339,.T.);
#8098=FACE_BOUND('',#7340,.T.);
#8099=FACE_BOUND('',#7341,.T.);
#8100=FACE_BOUND('',#7342,.T.);
#8101=FACE_BOUND('',#7343,.T.);
#8102=FACE_BOUND('',#7344,.T.);
#8103=FACE_BOUND('',#7345,.T.);
#8104=FACE_BOUND('',#7346,.T.);
#8105=FACE_BOUND('',#7347,.T.);
#8106=FACE_BOUND('',#7348,.T.);
#8107=FACE_BOUND('',#7349,.T.);
#8108=FACE_BOUND('',#7350,.T.);
#8109=FACE_BOUND('',#7351,.T.);
#8110=FACE_BOUND('',#7352,.T.);
#8111=FACE_BOUND('',#7353,.T.);
#8112=FACE_BOUND('',#7354,.T.);
#8113=FACE_BOUND('',#7355,.T.);
#8114=FACE_BOUND('',#7356,.T.);
#8115=FACE_BOUND('',#7357,.T.);
#8116=FACE_BOUND('',#7358,.T.);
#8117=FACE_BOUND('',#7359,.T.);
#8118=FACE_BOUND('',#7360,.T.);
#8119=FACE_BOUND('',#7361,.T.);
#8120=FACE_BOUND('',#7362,.T.);
#8121=FACE_BOUND('',#7363,.T.);
#8122=FACE_BOUND('',#7364,.T.);
#8123=FACE_BOUND('',#7365,.T.);
#8124=FACE_BOUND('',#7366,.T.);
#8125=FACE_BOUND('',#7367,.T.);
#8126=FACE_BOUND('',#7368,.T.);
#8127=FACE_BOUND('',#7369,.T.);
#8128=FACE_BOUND('',#7370,.T.);
#8129=FACE_BOUND('',#7371,.T.);
#8130=FACE_BOUND('',#7372,.T.);
#8131=FACE_BOUND('',#7373,.T.);
#8132=FACE_BOUND('',#7374,.T.);
#8133=FACE_BOUND('',#7375,.T.);
#8134=FACE_BOUND('',#7376,.T.);
#8135=FACE_BOUND('',#7377,.T.);
#8136=FACE_BOUND('',#7378,.T.);
#8137=FACE_BOUND('',#7379,.T.);
#8138=FACE_BOUND('',#7380,.T.);
#8139=FACE_BOUND('',#7381,.T.);
#8140=FACE_BOUND('',#7382,.T.);
#8141=FACE_BOUND('',#7383,.T.);
#8142=FACE_BOUND('',#7384,.T.);
#8143=FACE_BOUND('',#7385,.T.);
#8144=FACE_BOUND('',#7386,.T.);
#8145=FACE_BOUND('',#7387,.T.);
#8146=FACE_BOUND('',#7388,.T.);
#8147=FACE_BOUND('',#7389,.T.);
#8148=FACE_BOUND('',#7390,.T.);
#8149=FACE_BOUND('',#7391,.T.);
#8150=FACE_BOUND('',#7392,.T.);
#8151=FACE_BOUND('',#7393,.T.);
#8152=FACE_BOUND('',#7394,.T.);
#8153=FACE_BOUND('',#7395,.T.);
#8154=FACE_BOUND('',#7396,.T.);
#8155=FACE_BOUND('',#7397,.T.);
#8156=FACE_BOUND('',#7398,.T.);
#8157=FACE_BOUND('',#7399,.T.);
#8158=FACE_BOUND('',#7400,.T.);
#8159=FACE_BOUND('',#7401,.T.);
#8160=FACE_BOUND('',#7402,.T.);
#8161=FACE_BOUND('',#7403,.T.);
#8162=FACE_BOUND('',#7404,.T.);
#8163=FACE_BOUND('',#7405,.T.);
#8164=FACE_BOUND('',#7406,.T.);
#8165=FACE_BOUND('',#7407,.T.);
#8166=FACE_BOUND('',#7408,.T.);
#8167=FACE_BOUND('',#7409,.T.);
#8168=FACE_BOUND('',#7410,.T.);
#8169=FACE_BOUND('',#7411,.T.);
#8170=FACE_BOUND('',#7412,.T.);
#8171=FACE_BOUND('',#7413,.T.);
#8172=FACE_BOUND('',#7414,.T.);
#8173=FACE_BOUND('',#7415,.T.);
#8174=FACE_BOUND('',#7416,.T.);
#8175=FACE_BOUND('',#7417,.T.);
#8176=FACE_BOUND('',#7418,.T.);
#8177=FACE_BOUND('',#7419,.T.);
#8178=FACE_BOUND('',#7420,.T.);
#8179=FACE_BOUND('',#7421,.T.);
#8180=FACE_BOUND('',#7422,.T.);
#8181=FACE_BOUND('',#7423,.T.);
#8182=FACE_BOUND('',#7424,.T.);
#8183=FACE_BOUND('',#7425,.T.);
#8184=FACE_BOUND('',#7426,.T.);
#8185=FACE_BOUND('',#7427,.T.);
#8186=FACE_BOUND('',#7428,.T.);
#8187=FACE_BOUND('',#7429,.T.);
#8188=FACE_BOUND('',#7430,.T.);
#8189=FACE_BOUND('',#7431,.T.);
#8190=FACE_BOUND('',#7432,.T.);
#8191=FACE_BOUND('',#7433,.T.);
#8192=FACE_BOUND('',#7434,.T.);
#8193=FACE_BOUND('',#7435,.T.);
#8194=FACE_BOUND('',#7436,.T.);
#8195=FACE_BOUND('',#7437,.T.);
#8196=FACE_BOUND('',#7438,.T.);
#8197=FACE_BOUND('',#7439,.T.);
#8198=FACE_BOUND('',#7440,.T.);
#8199=FACE_BOUND('',#7441,.T.);
#8200=FACE_BOUND('',#7442,.T.);
#8201=FACE_BOUND('',#7443,.T.);
#8202=FACE_BOUND('',#7444,.T.);
#8203=FACE_BOUND('',#7445,.T.);
#8204=FACE_BOUND('',#7446,.T.);
#8205=FACE_BOUND('',#7447,.T.);
#8206=FACE_BOUND('',#7448,.T.);
#8207=FACE_BOUND('',#7449,.T.);
#8208=FACE_BOUND('',#7450,.T.);
#8209=FACE_BOUND('',#7451,.T.);
#8210=FACE_BOUND('',#7452,.T.);
#8211=FACE_BOUND('',#7453,.T.);
#8212=FACE_BOUND('',#7454,.T.);
#8213=FACE_BOUND('',#7455,.T.);
#8214=FACE_BOUND('',#7456,.T.);
#8215=FACE_BOUND('',#7457,.T.);
#8216=FACE_BOUND('',#7458,.T.);
#8217=FACE_BOUND('',#7459,.T.);
#8218=FACE_BOUND('',#7460,.T.);
#8219=FACE_BOUND('',#7461,.T.);
#8220=FACE_BOUND('',#7462,.T.);
#8221=FACE_BOUND('',#7463,.T.);
#8222=FACE_BOUND('',#7464,.T.);
#8223=FACE_BOUND('',#7465,.T.);
#8224=FACE_BOUND('',#7466,.T.);
#8225=FACE_BOUND('',#7467,.T.);
#8226=FACE_BOUND('',#7468,.T.);
#8227=FACE_BOUND('',#7469,.T.);
#8228=FACE_BOUND('',#7470,.T.);
#8229=FACE_BOUND('',#7471,.T.);
#8230=FACE_BOUND('',#7472,.T.);
#8231=FACE_BOUND('',#7473,.T.);
#8232=FACE_BOUND('',#7474,.T.);
#8233=FACE_BOUND('',#7475,.T.);
#8234=FACE_BOUND('',#7476,.T.);
#8235=FACE_BOUND('',#7477,.T.);
#8236=FACE_BOUND('',#7478,.T.);
#8237=FACE_BOUND('',#7479,.T.);
#8238=FACE_BOUND('',#7480,.T.);
#8239=FACE_BOUND('',#7481,.T.);
#8240=FACE_BOUND('',#7482,.T.);
#8241=FACE_BOUND('',#7483,.T.);
#8242=FACE_BOUND('',#7484,.T.);
#8243=FACE_BOUND('',#7485,.T.);
#8244=FACE_BOUND('',#7486,.T.);
#8245=FACE_BOUND('',#7487,.T.);
#8246=FACE_BOUND('',#7488,.T.);
#8247=FACE_BOUND('',#7489,.T.);
#8248=FACE_BOUND('',#7490,.T.);
#8249=FACE_BOUND('',#7491,.T.);
#8250=FACE_BOUND('',#7492,.T.);
#8251=FACE_BOUND('',#7493,.T.);
#8252=FACE_BOUND('',#7494,.T.);
#8253=FACE_BOUND('',#7495,.T.);
#8254=FACE_BOUND('',#7496,.T.);
#8255=FACE_BOUND('',#7497,.T.);
#8256=FACE_BOUND('',#7498,.T.);
#8257=FACE_BOUND('',#7499,.T.);
#8258=FACE_BOUND('',#7500,.T.);
#8259=FACE_BOUND('',#7501,.T.);
#8260=FACE_BOUND('',#7502,.T.);
#8261=FACE_BOUND('',#7503,.T.);
#8262=FACE_BOUND('',#7504,.T.);
#8263=FACE_BOUND('',#7505,.T.);
#8264=FACE_BOUND('',#7506,.T.);
#8265=FACE_BOUND('',#7507,.T.);
#8266=FACE_BOUND('',#7508,.T.);
#8267=FACE_BOUND('',#7509,.T.);
#8268=FACE_BOUND('',#7510,.T.);
#8269=FACE_BOUND('',#7511,.T.);
#8270=FACE_BOUND('',#7512,.T.);
#8271=FACE_BOUND('',#7513,.T.);
#8272=FACE_BOUND('',#7514,.T.);
#8273=FACE_BOUND('',#7515,.T.);
#8274=FACE_BOUND('',#7516,.T.);
#8275=FACE_BOUND('',#7517,.T.);
#8276=FACE_BOUND('',#7518,.T.);
#8277=FACE_BOUND('',#7519,.T.);
#8278=FACE_BOUND('',#7520,.T.);
#8279=FACE_BOUND('',#7521,.T.);
#8280=FACE_BOUND('',#7522,.T.);
#8281=FACE_BOUND('',#7523,.T.);
#8282=FACE_BOUND('',#7524,.T.);
#8283=FACE_BOUND('',#7525,.T.);
#8284=FACE_BOUND('',#7526,.T.);
#8285=FACE_BOUND('',#7527,.T.);
#8286=FACE_BOUND('',#7528,.T.);
#8287=FACE_BOUND('',#7529,.T.);
#8288=FACE_BOUND('',#7530,.T.);
#8289=FACE_BOUND('',#7531,.T.);
#8290=FACE_BOUND('',#7532,.T.);
#8291=FACE_BOUND('',#7533,.T.);
#8292=FACE_BOUND('',#7534,.T.);
#8293=FACE_BOUND('',#7535,.T.);
#8294=FACE_BOUND('',#7536,.T.);
#8295=FACE_BOUND('',#7537,.T.);
#8296=FACE_BOUND('',#7538,.T.);
#8297=FACE_BOUND('',#7539,.T.);
#8298=FACE_BOUND('',#7540,.T.);
#8299=FACE_BOUND('',#7541,.T.);
#8300=FACE_BOUND('',#7542,.T.);
#8301=FACE_BOUND('',#7543,.T.);
#8302=FACE_BOUND('',#7544,.T.);
#8303=FACE_BOUND('',#7545,.T.);
#8304=FACE_BOUND('',#7546,.T.);
#8305=FACE_BOUND('',#7547,.T.);
#8306=FACE_BOUND('',#7548,.T.);
#8307=FACE_BOUND('',#7549,.T.);
#8308=FACE_BOUND('',#7550,.T.);
#8309=FACE_BOUND('',#7551,.T.);
#8310=FACE_BOUND('',#7552,.T.);
#8311=FACE_BOUND('',#7553,.T.);
#8312=FACE_BOUND('',#7554,.T.);
#8313=FACE_BOUND('',#7555,.T.);
#8314=FACE_BOUND('',#7556,.T.);
#8315=FACE_BOUND('',#7557,.T.);
#8316=FACE_BOUND('',#7558,.T.);
#8317=FACE_BOUND('',#7559,.T.);
#8318=FACE_BOUND('',#7560,.T.);
#8319=FACE_BOUND('',#7561,.T.);
#8320=FACE_BOUND('',#7562,.T.);
#8321=FACE_BOUND('',#7563,.T.);
#8322=FACE_BOUND('',#7564,.T.);
#8323=FACE_BOUND('',#7565,.T.);
#8324=FACE_BOUND('',#7566,.T.);
#8325=FACE_BOUND('',#7567,.T.);
#8326=FACE_BOUND('',#7568,.T.);
#8327=FACE_BOUND('',#7569,.T.);
#8328=FACE_BOUND('',#7570,.T.);
#8329=FACE_BOUND('',#7571,.T.);
#8330=FACE_BOUND('',#7572,.T.);
#8331=FACE_BOUND('',#7573,.T.);
#8332=FACE_BOUND('',#7574,.T.);
#8333=FACE_BOUND('',#7575,.T.);
#8334=FACE_BOUND('',#7576,.T.);
#8335=FACE_BOUND('',#7577,.T.);
#8336=FACE_BOUND('',#7578,.T.);
#8337=FACE_BOUND('',#7579,.T.);
#8338=FACE_BOUND('',#7580,.T.);
#8339=FACE_BOUND('',#7581,.T.);
#8340=FACE_BOUND('',#7582,.T.);
#8341=FACE_BOUND('',#7583,.T.);
#8342=FACE_BOUND('',#7584,.T.);
#8343=FACE_BOUND('',#7585,.T.);
#8344=FACE_BOUND('',#7586,.T.);
#8345=FACE_BOUND('',#7587,.T.);
#8346=FACE_BOUND('',#7588,.T.);
#8347=FACE_BOUND('',#7589,.T.);
#8348=FACE_BOUND('',#7590,.T.);
#8349=FACE_BOUND('',#7591,.T.);
#8350=FACE_BOUND('',#7592,.T.);
#8351=FACE_BOUND('',#7593,.T.);
#8352=FACE_BOUND('',#7594,.T.);
#8353=FACE_BOUND('',#7595,.T.);
#8354=FACE_BOUND('',#7596,.T.);
#8355=FACE_BOUND('',#7597,.T.);
#8356=FACE_BOUND('',#7598,.T.);
#8357=FACE_BOUND('',#7599,.T.);
#8358=FACE_BOUND('',#7600,.T.);
#8359=FACE_BOUND('',#7601,.T.);
#8360=FACE_BOUND('',#7602,.T.);
#8361=FACE_BOUND('',#7603,.T.);
#8362=FACE_BOUND('',#7604,.T.);
#8363=FACE_BOUND('',#7605,.T.);
#8364=FACE_BOUND('',#7606,.T.);
#8365=FACE_BOUND('',#7607,.T.);
#8366=FACE_BOUND('',#7608,.T.);
#8367=FACE_BOUND('',#7609,.T.);
#8368=FACE_BOUND('',#7610,.T.);
#8369=FACE_BOUND('',#7611,.T.);
#8370=FACE_BOUND('',#7612,.T.);
#8371=FACE_BOUND('',#7613,.T.);
#8372=FACE_BOUND('',#7614,.T.);
#8373=FACE_BOUND('',#7615,.T.);
#8374=FACE_BOUND('',#7616,.T.);
#8375=FACE_BOUND('',#7617,.T.);
#8376=FACE_BOUND('',#7618,.T.);
#8377=FACE_BOUND('',#7619,.T.);
#8378=FACE_BOUND('',#7620,.T.);
#8379=FACE_BOUND('',#7621,.T.);
#8380=FACE_BOUND('',#7622,.T.);
#8381=FACE_BOUND('',#7623,.T.);
#8382=FACE_BOUND('',#7624,.T.);
#8383=FACE_BOUND('',#7625,.T.);
#8384=FACE_BOUND('',#7626,.T.);
#8385=FACE_BOUND('',#7627,.T.);
#8386=FACE_BOUND('',#7628,.T.);
#8387=FACE_BOUND('',#7629,.T.);
#8388=FACE_BOUND('',#7630,.T.);
#8389=FACE_BOUND('',#7631,.T.);
#8390=FACE_BOUND('',#7632,.T.);
#8391=FACE_BOUND('',#7633,.T.);
#8392=FACE_BOUND('',#7634,.T.);
#8393=FACE_BOUND('',#7635,.T.);
#8394=FACE_BOUND('',#7636,.T.);
#8395=FACE_BOUND('',#7637,.T.);
#8396=FACE_BOUND('',#7638,.T.);
#8397=FACE_BOUND('',#7639,.T.);
#8398=FACE_BOUND('',#7640,.T.);
#8399=FACE_BOUND('',#7641,.T.);
#8400=FACE_BOUND('',#7642,.T.);
#8401=FACE_BOUND('',#7643,.T.);
#8402=FACE_BOUND('',#7644,.T.);
#8403=FACE_BOUND('',#7645,.T.);
#8404=FACE_BOUND('',#7646,.T.);
#8405=FACE_BOUND('',#7647,.T.);
#8406=FACE_BOUND('',#7648,.T.);
#8407=FACE_BOUND('',#7649,.T.);
#8408=FACE_BOUND('',#7650,.T.);
#8409=FACE_BOUND('',#7651,.T.);
#8410=FACE_BOUND('',#7652,.T.);
#8411=FACE_BOUND('',#7653,.T.);
#8412=FACE_BOUND('',#7654,.T.);
#8413=FACE_BOUND('',#7655,.T.);
#8414=FACE_BOUND('',#7656,.T.);
#8415=FACE_BOUND('',#7657,.T.);
#8416=FACE_BOUND('',#7658,.T.);
#8417=FACE_BOUND('',#7659,.T.);
#8418=FACE_BOUND('',#7660,.T.);
#8419=FACE_BOUND('',#7661,.T.);
#8420=FACE_BOUND('',#7662,.T.);
#8421=FACE_BOUND('',#7663,.T.);
#8422=FACE_BOUND('',#7664,.T.);
#8423=FACE_BOUND('',#7665,.T.);
#8424=FACE_BOUND('',#7666,.T.);
#8425=FACE_BOUND('',#7667,.T.);
#8426=FACE_BOUND('',#7668,.T.);
#8427=FACE_BOUND('',#7669,.T.);
#8428=FACE_BOUND('',#7670,.T.);
#8429=FACE_BOUND('',#7671,.T.);
#8430=FACE_BOUND('',#7672,.T.);
#8431=FACE_BOUND('',#7673,.T.);
#8432=FACE_BOUND('',#7674,.T.);
#8433=FACE_BOUND('',#7675,.T.);
#8434=FACE_BOUND('',#7676,.T.);
#8435=FACE_BOUND('',#7677,.T.);
#8436=FACE_BOUND('',#7678,.T.);
#8437=FACE_BOUND('',#7679,.T.);
#8438=FACE_BOUND('',#7680,.T.);
#8439=FACE_BOUND('',#7681,.T.);
#8440=FACE_BOUND('',#7682,.T.);
#8441=FACE_BOUND('',#7683,.T.);
#8442=FACE_BOUND('',#7684,.T.);
#8443=FACE_BOUND('',#7685,.T.);
#8444=FACE_BOUND('',#7686,.T.);
#8445=FACE_BOUND('',#7687,.T.);
#8446=FACE_BOUND('',#7688,.T.);
#8447=FACE_BOUND('',#7689,.T.);
#8448=FACE_BOUND('',#7690,.T.);
#8449=FACE_BOUND('',#7691,.T.);
#8450=FACE_BOUND('',#7692,.T.);
#8451=FACE_BOUND('',#7693,.T.);
#8452=FACE_BOUND('',#7694,.T.);
#8453=FACE_BOUND('',#7695,.T.);
#8454=FACE_BOUND('',#7696,.T.);
#8455=FACE_BOUND('',#7697,.T.);
#8456=FACE_BOUND('',#7698,.T.);
#8457=FACE_BOUND('',#7699,.T.);
#8458=FACE_BOUND('',#7700,.T.);
#8459=FACE_BOUND('',#7701,.T.);
#8460=FACE_BOUND('',#7702,.T.);
#8461=FACE_BOUND('',#7703,.T.);
#8462=FACE_BOUND('',#7704,.T.);
#8463=FACE_BOUND('',#7705,.T.);
#8464=FACE_BOUND('',#7706,.T.);
#8465=FACE_BOUND('',#7707,.T.);
#8466=FACE_BOUND('',#7708,.T.);
#8467=FACE_BOUND('',#7709,.T.);
#8468=FACE_BOUND('',#7710,.T.);
#8469=FACE_BOUND('',#7711,.T.);
#8470=FACE_BOUND('',#7712,.T.);
#8471=FACE_BOUND('',#7713,.T.);
#8472=FACE_BOUND('',#7714,.T.);
#8473=FACE_BOUND('',#7715,.T.);
#8474=FACE_BOUND('',#7716,.T.);
#8475=FACE_BOUND('',#7717,.T.);
#8476=FACE_BOUND('',#7718,.T.);
#8477=FACE_BOUND('',#7719,.T.);
#8478=FACE_BOUND('',#7720,.T.);
#8479=FACE_BOUND('',#7721,.T.);
#8480=FACE_BOUND('',#7722,.T.);
#8481=FACE_BOUND('',#7723,.T.);
#8482=FACE_BOUND('',#7724,.T.);
#8483=FACE_BOUND('',#7725,.T.);
#8484=FACE_BOUND('',#7726,.T.);
#8485=FACE_BOUND('',#7727,.T.);
#8486=FACE_BOUND('',#7728,.T.);
#8487=FACE_BOUND('',#7729,.T.);
#8488=FACE_BOUND('',#7730,.T.);
#8489=FACE_BOUND('',#7731,.T.);
#8490=FACE_BOUND('',#7732,.T.);
#8491=FACE_BOUND('',#7733,.T.);
#8492=FACE_BOUND('',#7734,.T.);
#8493=FACE_BOUND('',#7735,.T.);
#8494=FACE_BOUND('',#7736,.T.);
#8495=FACE_BOUND('',#7737,.T.);
#8496=FACE_BOUND('',#7738,.T.);
#8497=FACE_BOUND('',#7739,.T.);
#8498=FACE_BOUND('',#7740,.T.);
#8499=FACE_BOUND('',#7741,.T.);
#8500=FACE_BOUND('',#7742,.T.);
#8501=FACE_BOUND('',#7743,.T.);
#8502=FACE_BOUND('',#7744,.T.);
#8503=FACE_BOUND('',#7745,.T.);
#8504=FACE_BOUND('',#7746,.T.);
#8505=FACE_BOUND('',#7747,.T.);
#8506=FACE_BOUND('',#7748,.T.);
#8507=FACE_BOUND('',#7749,.T.);
#8508=FACE_BOUND('',#7750,.T.);
#8509=FACE_BOUND('',#7751,.T.);
#8510=FACE_BOUND('',#7752,.T.);
#8511=FACE_BOUND('',#7753,.T.);
#8512=FACE_BOUND('',#7754,.T.);
#8513=FACE_BOUND('',#7755,.T.);
#8514=FACE_BOUND('',#7756,.T.);
#8515=FACE_BOUND('',#7757,.T.);
#8516=FACE_BOUND('',#7758,.T.);
#8517=FACE_BOUND('',#7759,.T.);
#8518=FACE_BOUND('',#7760,.T.);
#8519=FACE_BOUND('',#7761,.T.);
#8520=FACE_BOUND('',#7762,.T.);
#8521=FACE_BOUND('',#7763,.T.);
#8522=FACE_BOUND('',#7764,.T.);
#8523=FACE_BOUND('',#7765,.T.);
#8524=FACE_BOUND('',#7766,.T.);
#8525=FACE_BOUND('',#7767,.T.);
#8526=FACE_BOUND('',#7768,.T.);
#8527=FACE_BOUND('',#7769,.T.);
#8528=FACE_BOUND('',#7770,.T.);
#8529=FACE_BOUND('',#7771,.T.);
#8530=FACE_BOUND('',#7772,.T.);
#8531=FACE_BOUND('',#7773,.T.);
#8532=FACE_BOUND('',#7774,.T.);
#8533=FACE_BOUND('',#7775,.T.);
#8534=FACE_BOUND('',#7776,.T.);
#8535=FACE_BOUND('',#7777,.T.);
#8536=FACE_BOUND('',#7778,.T.);
#8537=FACE_BOUND('',#7779,.T.);
#8538=FACE_BOUND('',#7780,.T.);
#8539=FACE_BOUND('',#7781,.T.);
#8540=FACE_BOUND('',#7782,.T.);
#8541=FACE_BOUND('',#7783,.T.);
#8542=FACE_BOUND('',#7784,.T.);
#8543=FACE_BOUND('',#7785,.T.);
#8544=FACE_BOUND('',#7786,.T.);
#8545=FACE_BOUND('',#7787,.T.);
#8546=FACE_BOUND('',#7788,.T.);
#8547=FACE_BOUND('',#7789,.T.);
#8548=FACE_BOUND('',#7790,.T.);
#8549=FACE_BOUND('',#7791,.T.);
#8550=FACE_BOUND('',#7792,.T.);
#8551=FACE_BOUND('',#7793,.T.);
#8552=FACE_BOUND('',#7794,.T.);
#8553=FACE_BOUND('',#7795,.T.);
#8554=FACE_BOUND('',#7796,.T.);
#8555=FACE_BOUND('',#7797,.T.);
#8556=FACE_BOUND('',#7798,.T.);
#8557=FACE_BOUND('',#7799,.T.);
#8558=FACE_BOUND('',#7800,.T.);
#8559=FACE_BOUND('',#7801,.T.);
#8560=FACE_BOUND('',#7802,.T.);
#8561=FACE_BOUND('',#7803,.T.);
#8562=FACE_BOUND('',#7804,.T.);
#8563=FACE_BOUND('',#7805,.T.);
#8564=FACE_BOUND('',#7806,.T.);
#8565=FACE_BOUND('',#7807,.T.);
#8566=FACE_BOUND('',#7808,.T.);
#8567=FACE_BOUND('',#7809,.T.);
#8568=FACE_BOUND('',#7810,.T.);
#8569=FACE_BOUND('',#7811,.T.);
#8570=FACE_BOUND('',#7812,.T.);
#8571=FACE_BOUND('',#7813,.T.);
#8572=FACE_BOUND('',#7814,.T.);
#8573=FACE_BOUND('',#7815,.T.);
#8574=FACE_BOUND('',#7816,.T.);
#8575=FACE_BOUND('',#7817,.T.);
#8576=FACE_BOUND('',#7818,.T.);
#8577=FACE_BOUND('',#7819,.T.);
#8578=FACE_BOUND('',#7820,.T.);
#8579=FACE_BOUND('',#7821,.T.);
#8580=FACE_BOUND('',#7822,.T.);
#8581=PLANE('',#10174);
#8582=PLANE('',#10175);
#8583=PLANE('',#10176);
#8584=PLANE('',#10177);
#8585=PLANE('',#10178);
#8586=PLANE('',#10179);
#8587=PLANE('',#10180);
#8588=PLANE('',#10181);
#8589=PLANE('',#10182);
#8590=PLANE('',#10187);
#8591=PLANE('',#10218);
#8592=PLANE('',#10219);
#8593=PLANE('',#10226);
#8594=PLANE('',#10236);
#8595=PLANE('',#10237);
#8596=PLANE('',#10244);
#8597=PLANE('',#10254);
#8598=PLANE('',#10255);
#8599=PLANE('',#10262);
#8600=PLANE('',#10266);
#8601=PLANE('',#10267);
#8602=PLANE('',#10274);
#8603=PLANE('',#10277);
#8604=PLANE('',#10281);
#8605=PLANE('',#10284);
#8606=PLANE('',#10286);
#8607=PLANE('',#10288);
#8608=PLANE('',#10289);
#8609=PLANE('',#10290);
#8610=PLANE('',#10291);
#8611=PLANE('',#10292);
#8612=PLANE('',#10293);
#8613=PLANE('',#10294);
#8614=PLANE('',#10296);
#8615=PLANE('',#10301);
#8616=PLANE('',#10302);
#8617=PLANE('',#10303);
#8618=PLANE('',#10304);
#8619=PLANE('',#10305);
#8620=PLANE('',#10306);
#8621=PLANE('',#10308);
#8622=PLANE('',#10310);
#8623=PLANE('',#10312);
#8624=PLANE('',#10313);
#8625=PLANE('',#10314);
#8626=PLANE('',#10315);
#8627=PLANE('',#10316);
#8628=PLANE('',#10317);
#8629=PLANE('',#10318);
#8630=PLANE('',#10320);
#8631=PLANE('',#10325);
#8632=PLANE('',#10326);
#8633=PLANE('',#10327);
#8634=PLANE('',#10328);
#8635=PLANE('',#10329);
#8636=PLANE('',#10330);
#8637=PLANE('',#10332);
#8638=PLANE('',#10334);
#8639=PLANE('',#10336);
#8640=PLANE('',#10337);
#8641=PLANE('',#10338);
#8642=PLANE('',#10339);
#8643=PLANE('',#10340);
#8644=PLANE('',#10341);
#8645=PLANE('',#10342);
#8646=PLANE('',#10344);
#8647=PLANE('',#10370);
#8648=PLANE('',#10371);
#8649=PLANE('',#10378);
#8650=PLANE('',#10388);
#8651=PLANE('',#10389);
#8652=PLANE('',#10396);
#8653=PLANE('',#10406);
#8654=PLANE('',#10407);
#8655=PLANE('',#10414);
#8656=PLANE('',#10418);
#8657=PLANE('',#10419);
#8658=PLANE('',#10426);
#8659=PLANE('',#10429);
#8660=PLANE('',#10433);
#8661=PLANE('',#10442);
#8662=PLANE('',#10443);
#8663=PLANE('',#10444);
#8664=PLANE('',#10445);
#8665=PLANE('',#10446);
#8666=PLANE('',#10447);
#8667=PLANE('',#10448);
#8668=PLANE('',#10449);
#8669=PLANE('',#10450);
#8670=PLANE('',#10451);
#8671=PLANE('',#10453);
#8672=PLANE('',#10455);
#8673=PLANE('',#10457);
#8674=PLANE('',#10458);
#8675=PLANE('',#10459);
#8676=PLANE('',#10460);
#8677=PLANE('',#10461);
#8678=PLANE('',#10462);
#8679=PLANE('',#10463);
#8680=PLANE('',#10465);
#8681=PLANE('',#10476);
#8682=PLANE('',#10477);
#8683=PLANE('',#10478);
#8684=PLANE('',#10479);
#8685=PLANE('',#10480);
#8686=PLANE('',#10481);
#8687=PLANE('',#10482);
#8688=PLANE('',#10483);
#8689=PLANE('',#10484);
#8690=PLANE('',#10485);
#8691=PLANE('',#10487);
#8692=PLANE('',#10488);
#8693=PLANE('',#10489);
#8694=PLANE('',#10490);
#8695=PLANE('',#10491);
#8696=PLANE('',#10492);
#8697=PLANE('',#10494);
#8698=PLANE('',#10495);
#8699=PLANE('',#10496);
#8700=PLANE('',#10497);
#8701=PLANE('',#10498);
#8702=PLANE('',#10499);
#8703=PLANE('',#10507);
#8704=PLANE('',#10508);
#8705=PLANE('',#10509);
#8706=PLANE('',#10510);
#8707=PLANE('',#10511);
#8708=PLANE('',#10512);
#8709=PLANE('',#10513);
#8710=PLANE('',#10514);
#8711=PLANE('',#10515);
#8712=PLANE('',#10516);
#8713=PLANE('',#10518);
#8714=PLANE('',#10520);
#8715=PLANE('',#10522);
#8716=PLANE('',#10523);
#8717=PLANE('',#10524);
#8718=PLANE('',#10525);
#8719=PLANE('',#10526);
#8720=PLANE('',#10527);
#8721=PLANE('',#10528);
#8722=PLANE('',#10530);
#8723=PLANE('',#10541);
#8724=PLANE('',#10542);
#8725=PLANE('',#10543);
#8726=PLANE('',#10544);
#8727=PLANE('',#10545);
#8728=PLANE('',#10546);
#8729=PLANE('',#10547);
#8730=PLANE('',#10548);
#8731=PLANE('',#10549);
#8732=PLANE('',#10550);
#8733=PLANE('',#10558);
#8734=PLANE('',#10559);
#8735=PLANE('',#10560);
#8736=PLANE('',#10561);
#8737=PLANE('',#10562);
#8738=PLANE('',#10563);
#8739=PLANE('',#10564);
#8740=PLANE('',#10565);
#8741=PLANE('',#10566);
#8742=PLANE('',#10567);
#8743=PLANE('',#10569);
#8744=PLANE('',#10571);
#8745=PLANE('',#10573);
#8746=PLANE('',#10574);
#8747=PLANE('',#10575);
#8748=PLANE('',#10576);
#8749=PLANE('',#10577);
#8750=PLANE('',#10578);
#8751=PLANE('',#10579);
#8752=PLANE('',#10581);
#8753=PLANE('',#10586);
#8754=PLANE('',#10588);
#8755=PLANE('',#10590);
#8756=PLANE('',#10591);
#8757=PLANE('',#10592);
#8758=PLANE('',#10593);
#8759=PLANE('',#10594);
#8760=PLANE('',#10595);
#8761=PLANE('',#10596);
#8762=PLANE('',#10598);
#8763=PLANE('',#10603);
#8764=PLANE('',#10604);
#8765=PLANE('',#10605);
#8766=PLANE('',#10606);
#8767=PLANE('',#10607);
#8768=PLANE('',#10608);
#8769=PLANE('',#10610);
#8770=PLANE('',#10612);
#8771=PLANE('',#10614);
#8772=PLANE('',#10615);
#8773=PLANE('',#10616);
#8774=PLANE('',#10617);
#8775=PLANE('',#10618);
#8776=PLANE('',#10619);
#8777=PLANE('',#10620);
#8778=PLANE('',#10622);
#8779=PLANE('',#10633);
#8780=PLANE('',#10634);
#8781=PLANE('',#10635);
#8782=PLANE('',#10636);
#8783=PLANE('',#10637);
#8784=PLANE('',#10638);
#8785=PLANE('',#10639);
#8786=PLANE('',#10640);
#8787=PLANE('',#10641);
#8788=PLANE('',#10642);
#8789=PLANE('',#10656);
#8790=PLANE('',#10660);
#8791=PLANE('',#10664);
#8792=PLANE('',#10668);
#8793=PLANE('',#10669);
#8794=PLANE('',#10671);
#8795=PLANE('',#10673);
#8796=PLANE('',#10675);
#8797=PLANE('',#10680);
#8798=PLANE('',#10690);
#8799=PLANE('',#10693);
#8800=PLANE('',#10696);
#8801=PLANE('',#10699);
#8802=PLANE('',#10702);
#8803=PLANE('',#10704);
#8804=PLANE('',#10708);
#8805=PLANE('',#10710);
#8806=PLANE('',#10712);
#8807=PLANE('',#10713);
#8808=PLANE('',#10714);
#8809=PLANE('',#10715);
#8810=PLANE('',#10716);
#8811=PLANE('',#10717);
#8812=PLANE('',#10718);
#8813=PLANE('',#10720);
#8814=PLANE('',#10731);
#8815=PLANE('',#10732);
#8816=PLANE('',#10733);
#8817=PLANE('',#10734);
#8818=PLANE('',#10735);
#8819=PLANE('',#10736);
#8820=PLANE('',#10737);
#8821=PLANE('',#10738);
#8822=PLANE('',#10739);
#8823=PLANE('',#10740);
#8824=PLANE('',#10763);
#8825=PLANE('',#10764);
#8826=PLANE('',#10771);
#8827=PLANE('',#10781);
#8828=PLANE('',#10782);
#8829=PLANE('',#10789);
#8830=PLANE('',#10799);
#8831=PLANE('',#10800);
#8832=PLANE('',#10807);
#8833=PLANE('',#10811);
#8834=PLANE('',#10812);
#8835=PLANE('',#10819);
#8836=PLANE('',#10822);
#8837=PLANE('',#10826);
#8838=PLANE('',#10829);
#8839=PLANE('',#10831);
#8840=PLANE('',#10833);
#8841=PLANE('',#10834);
#8842=PLANE('',#10835);
#8843=PLANE('',#10836);
#8844=PLANE('',#10837);
#8845=PLANE('',#10838);
#8846=PLANE('',#10839);
#8847=PLANE('',#10841);
#8848=PLANE('',#10846);
#8849=PLANE('',#10848);
#8850=PLANE('',#10850);
#8851=PLANE('',#10851);
#8852=PLANE('',#10852);
#8853=PLANE('',#10853);
#8854=PLANE('',#10854);
#8855=PLANE('',#10855);
#8856=PLANE('',#10856);
#8857=PLANE('',#10858);
#8858=PLANE('',#10864);
#8859=PLANE('',#10866);
#8860=PLANE('',#10868);
#8861=PLANE('',#10869);
#8862=PLANE('',#10870);
#8863=PLANE('',#10871);
#8864=PLANE('',#10872);
#8865=PLANE('',#10873);
#8866=PLANE('',#10874);
#8867=PLANE('',#10876);
#8868=PLANE('',#10881);
#8869=PLANE('',#10883);
#8870=PLANE('',#10885);
#8871=PLANE('',#10886);
#8872=PLANE('',#10887);
#8873=PLANE('',#10888);
#8874=PLANE('',#10889);
#8875=PLANE('',#10890);
#8876=PLANE('',#10891);
#8877=PLANE('',#10893);
#8878=PLANE('',#10904);
#8879=PLANE('',#10905);
#8880=PLANE('',#10906);
#8881=PLANE('',#10907);
#8882=PLANE('',#10908);
#8883=PLANE('',#10909);
#8884=PLANE('',#10910);
#8885=PLANE('',#10911);
#8886=PLANE('',#10912);
#8887=PLANE('',#10913);
#8888=PLANE('',#10918);
#8889=PLANE('',#10925);
#8890=PLANE('',#10932);
#8891=PLANE('',#10936);
#8892=PLANE('',#10945);
#8893=PLANE('',#10946);
#8894=PLANE('',#10947);
#8895=PLANE('',#10948);
#8896=PLANE('',#10949);
#8897=PLANE('',#10955);
#8898=PLANE('',#10956);
#8899=PLANE('',#10957);
#8900=PLANE('',#10958);
#8901=PLANE('',#10959);
#8902=PLANE('',#10975);
#8903=PLANE('',#11001);
#8904=PLANE('',#11002);
#8905=PLANE('',#11009);
#8906=PLANE('',#11019);
#8907=PLANE('',#11020);
#8908=PLANE('',#11027);
#8909=PLANE('',#11037);
#8910=PLANE('',#11038);
#8911=PLANE('',#11045);
#8912=PLANE('',#11049);
#8913=PLANE('',#11050);
#8914=PLANE('',#11057);
#8915=PLANE('',#11060);
#8916=PLANE('',#11064);
#8917=PLANE('',#11068);
#8918=PLANE('',#11070);
#8919=PLANE('',#11072);
#8920=PLANE('',#11073);
#8921=PLANE('',#11074);
#8922=PLANE('',#11075);
#8923=PLANE('',#11076);
#8924=PLANE('',#11077);
#8925=PLANE('',#11078);
#8926=PLANE('',#11080);
#8927=PLANE('',#11085);
#8928=PLANE('',#11087);
#8929=PLANE('',#11089);
#8930=PLANE('',#11090);
#8931=PLANE('',#11091);
#8932=PLANE('',#11092);
#8933=PLANE('',#11093);
#8934=PLANE('',#11094);
#8935=PLANE('',#11095);
#8936=PLANE('',#11097);
#8937=PLANE('',#11102);
#8938=PLANE('',#11103);
#8939=PLANE('',#11104);
#8940=PLANE('',#11105);
#8941=PLANE('',#11106);
#8942=PLANE('',#11107);
#8943=PLANE('',#11109);
#8944=PLANE('',#11110);
#8945=PLANE('',#11111);
#8946=PLANE('',#11112);
#8947=PLANE('',#11113);
#8948=PLANE('',#11114);
#8949=PLANE('',#11116);
#8950=PLANE('',#11118);
#8951=PLANE('',#11120);
#8952=PLANE('',#11121);
#8953=PLANE('',#11122);
#8954=PLANE('',#11123);
#8955=PLANE('',#11124);
#8956=PLANE('',#11125);
#8957=PLANE('',#11126);
#8958=PLANE('',#11128);
#8959=PLANE('',#11133);
#8960=PLANE('',#11134);
#8961=PLANE('',#11135);
#8962=PLANE('',#11136);
#8963=PLANE('',#11137);
#8964=PLANE('',#11138);
#8965=PLANE('',#11141);
#8966=PLANE('',#11142);
#8967=PLANE('',#11143);
#8968=PLANE('',#11144);
#8969=PLANE('',#11145);
#8970=PLANE('',#11146);
#8971=ADVANCED_FACE('',(#7823),#8581,.T.);
#8972=ADVANCED_FACE('',(#7824),#8582,.F.);
#8973=ADVANCED_FACE('',(#7825),#8583,.F.);
#8974=ADVANCED_FACE('',(#7826),#8584,.T.);
#8975=ADVANCED_FACE('',(#7827),#8585,.F.);
#8976=ADVANCED_FACE('',(#7828),#8586,.F.);
#8977=ADVANCED_FACE('',(#7829),#8587,.T.);
#8978=ADVANCED_FACE('',(#7830),#8588,.T.);
#8979=ADVANCED_FACE('',(#7831,#7832),#8589,.T.);
#8980=ADVANCED_FACE('',(#7833,#7834),#8590,.F.);
#8981=ADVANCED_FACE('',(#7835),#301,.T.);
#8982=ADVANCED_FACE('',(#7836),#302,.T.);
#8983=ADVANCED_FACE('',(#7837),#303,.T.);
#8984=ADVANCED_FACE('',(#7838),#304,.T.);
#8985=ADVANCED_FACE('PartBody',(#7839,#7840),#305,.F.);
#8986=ADVANCED_FACE('PartBody',(#7841,#7842),#306,.F.);
#8987=ADVANCED_FACE('PartBody',(#7843,#7844),#307,.F.);
#8988=ADVANCED_FACE('PartBody',(#7845,#7846),#308,.F.);
#8989=ADVANCED_FACE('PartBody',(#7847),#309,.T.);
#8990=ADVANCED_FACE('PartBody',(#7848),#310,.T.);
#8991=ADVANCED_FACE('PartBody',(#7849),#311,.F.);
#8992=ADVANCED_FACE('PartBody',(#7850),#8591,.F.);
#8993=ADVANCED_FACE('PartBody',(#7851),#8592,.F.);
#8994=ADVANCED_FACE('PartBody',(#7852),#312,.F.);
#8995=ADVANCED_FACE('PartBody',(#7853),#313,.T.);
#8996=ADVANCED_FACE('PartBody',(#7854),#8593,.F.);
#8997=ADVANCED_FACE('PartBody',(#7855),#314,.T.);
#8998=ADVANCED_FACE('PartBody',(#7856),#315,.T.);
#8999=ADVANCED_FACE('PartBody',(#7857),#316,.F.);
#9000=ADVANCED_FACE('PartBody',(#7858),#8594,.T.);
#9001=ADVANCED_FACE('PartBody',(#7859),#8595,.T.);
#9002=ADVANCED_FACE('PartBody',(#7860),#317,.F.);
#9003=ADVANCED_FACE('PartBody',(#7861),#318,.T.);
#9004=ADVANCED_FACE('PartBody',(#7862),#8596,.T.);
#9005=ADVANCED_FACE('PartBody',(#7863),#319,.T.);
#9006=ADVANCED_FACE('PartBody',(#7864),#320,.T.);
#9007=ADVANCED_FACE('PartBody',(#7865),#321,.F.);
#9008=ADVANCED_FACE('PartBody',(#7866),#8597,.F.);
#9009=ADVANCED_FACE('PartBody',(#7867),#8598,.T.);
#9010=ADVANCED_FACE('PartBody',(#7868),#322,.T.);
#9011=ADVANCED_FACE('PartBody',(#7869),#323,.F.);
#9012=ADVANCED_FACE('PartBody',(#7870),#8599,.F.);
#9013=ADVANCED_FACE('PartBody',(#7871),#324,.T.);
#9014=ADVANCED_FACE('PartBody',(#7872),#8600,.F.);
#9015=ADVANCED_FACE('PartBody',(#7873),#8601,.F.);
#9016=ADVANCED_FACE('PartBody',(#7874),#325,.T.);
#9017=ADVANCED_FACE('PartBody',(#7875),#326,.F.);
#9018=ADVANCED_FACE('PartBody',(#7876,#7877,#7878,#7879,#7880),#8602,.T.);
#9019=ADVANCED_FACE('PartBody',(#7881,#7882,#7883,#7884,#7885),#8603,.F.);
#9020=ADVANCED_FACE('PartBody',(#7886),#327,.T.);
#9021=ADVANCED_FACE('PartBody',(#7887),#8604,.F.);
#9022=ADVANCED_FACE('PartBody',(#7888),#328,.F.);
#9023=ADVANCED_FACE('PartBody',(#7889),#8605,.F.);
#9024=ADVANCED_FACE('PartBody',(#7890,#7891),#8606,.T.);
#9025=ADVANCED_FACE('PartBody',(#7892),#8607,.T.);
#9026=ADVANCED_FACE('PartBody',(#7893),#8608,.T.);
#9027=ADVANCED_FACE('PartBody',(#7894),#8609,.T.);
#9028=ADVANCED_FACE('PartBody',(#7895),#8610,.T.);
#9029=ADVANCED_FACE('PartBody',(#7896),#8611,.T.);
#9030=ADVANCED_FACE('PartBody',(#7897),#8612,.T.);
#9031=ADVANCED_FACE('PartBody',(#7898,#7899),#8613,.F.);
#9032=ADVANCED_FACE('PartBody',(#7900),#8614,.T.);
#9033=ADVANCED_FACE('PartBody',(#7901,#7902),#329,.T.);
#9034=ADVANCED_FACE('PartBody',(#7903,#7904),#330,.F.);
#9035=ADVANCED_FACE('PartBody',(#7905),#8615,.F.);
#9036=ADVANCED_FACE('PartBody',(#7906),#8616,.T.);
#9037=ADVANCED_FACE('PartBody',(#7907),#8617,.F.);
#9038=ADVANCED_FACE('PartBody',(#7908),#8618,.T.);
#9039=ADVANCED_FACE('PartBody',(#7909),#8619,.F.);
#9040=ADVANCED_FACE('PartBody',(#7910),#8620,.T.);
#9041=ADVANCED_FACE('PartBody',(#7911),#8621,.F.);
#9042=ADVANCED_FACE('PartBody',(#7912,#7913),#8622,.T.);
#9043=ADVANCED_FACE('PartBody',(#7914),#8623,.T.);
#9044=ADVANCED_FACE('PartBody',(#7915),#8624,.T.);
#9045=ADVANCED_FACE('PartBody',(#7916),#8625,.T.);
#9046=ADVANCED_FACE('PartBody',(#7917),#8626,.T.);
#9047=ADVANCED_FACE('PartBody',(#7918),#8627,.T.);
#9048=ADVANCED_FACE('PartBody',(#7919),#8628,.T.);
#9049=ADVANCED_FACE('PartBody',(#7920,#7921),#8629,.F.);
#9050=ADVANCED_FACE('PartBody',(#7922),#8630,.T.);
#9051=ADVANCED_FACE('PartBody',(#7923,#7924),#331,.T.);
#9052=ADVANCED_FACE('PartBody',(#7925,#7926),#332,.F.);
#9053=ADVANCED_FACE('PartBody',(#7927),#8631,.T.);
#9054=ADVANCED_FACE('PartBody',(#7928),#8632,.T.);
#9055=ADVANCED_FACE('PartBody',(#7929),#8633,.T.);
#9056=ADVANCED_FACE('PartBody',(#7930),#8634,.T.);
#9057=ADVANCED_FACE('PartBody',(#7931),#8635,.F.);
#9058=ADVANCED_FACE('PartBody',(#7932),#8636,.T.);
#9059=ADVANCED_FACE('PartBody',(#7933),#8637,.F.);
#9060=ADVANCED_FACE('PartBody',(#7934,#7935),#8638,.T.);
#9061=ADVANCED_FACE('PartBody',(#7936),#8639,.T.);
#9062=ADVANCED_FACE('PartBody',(#7937),#8640,.T.);
#9063=ADVANCED_FACE('PartBody',(#7938),#8641,.T.);
#9064=ADVANCED_FACE('PartBody',(#7939),#8642,.T.);
#9065=ADVANCED_FACE('PartBody',(#7940),#8643,.T.);
#9066=ADVANCED_FACE('PartBody',(#7941),#8644,.T.);
#9067=ADVANCED_FACE('PartBody',(#7942,#7943),#8645,.F.);
#9068=ADVANCED_FACE('PartBody',(#7944),#8646,.T.);
#9069=ADVANCED_FACE('PartBody',(#7945,#7946),#333,.T.);
#9070=ADVANCED_FACE('PartBody',(#7947,#7948),#334,.F.);
#9071=ADVANCED_FACE('PartBody',(#7949,#7950),#335,.F.);
#9072=ADVANCED_FACE('PartBody',(#7951,#7952),#336,.F.);
#9073=ADVANCED_FACE('PartBody',(#7953,#7954),#337,.F.);
#9074=ADVANCED_FACE('PartBody',(#7955,#7956),#338,.F.);
#9075=ADVANCED_FACE('PartBody',(#7957),#339,.T.);
#9076=ADVANCED_FACE('PartBody',(#7958),#340,.T.);
#9077=ADVANCED_FACE('PartBody',(#7959),#341,.F.);
#9078=ADVANCED_FACE('PartBody',(#7960),#8647,.F.);
#9079=ADVANCED_FACE('PartBody',(#7961),#8648,.F.);
#9080=ADVANCED_FACE('PartBody',(#7962),#342,.F.);
#9081=ADVANCED_FACE('PartBody',(#7963),#343,.T.);
#9082=ADVANCED_FACE('PartBody',(#7964),#8649,.F.);
#9083=ADVANCED_FACE('PartBody',(#7965),#344,.T.);
#9084=ADVANCED_FACE('PartBody',(#7966),#345,.T.);
#9085=ADVANCED_FACE('PartBody',(#7967),#346,.F.);
#9086=ADVANCED_FACE('PartBody',(#7968),#8650,.T.);
#9087=ADVANCED_FACE('PartBody',(#7969),#8651,.T.);
#9088=ADVANCED_FACE('PartBody',(#7970),#347,.F.);
#9089=ADVANCED_FACE('PartBody',(#7971),#348,.T.);
#9090=ADVANCED_FACE('PartBody',(#7972),#8652,.T.);
#9091=ADVANCED_FACE('PartBody',(#7973),#349,.T.);
#9092=ADVANCED_FACE('PartBody',(#7974),#350,.T.);
#9093=ADVANCED_FACE('PartBody',(#7975),#351,.F.);
#9094=ADVANCED_FACE('PartBody',(#7976),#8653,.F.);
#9095=ADVANCED_FACE('PartBody',(#7977),#8654,.T.);
#9096=ADVANCED_FACE('PartBody',(#7978),#352,.T.);
#9097=ADVANCED_FACE('PartBody',(#7979),#353,.F.);
#9098=ADVANCED_FACE('PartBody',(#7980),#8655,.F.);
#9099=ADVANCED_FACE('PartBody',(#7981),#354,.T.);
#9100=ADVANCED_FACE('PartBody',(#7982),#8656,.F.);
#9101=ADVANCED_FACE('PartBody',(#7983),#8657,.F.);
#9102=ADVANCED_FACE('PartBody',(#7984),#355,.T.);
#9103=ADVANCED_FACE('PartBody',(#7985),#356,.F.);
#9104=ADVANCED_FACE('PartBody',(#7986,#7987,#7988,#7989,#7990),#8658,.T.);
#9105=ADVANCED_FACE('PartBody',(#7991,#7992,#7993,#7994,#7995),#8659,.F.);
#9106=ADVANCED_FACE('PartBody',(#7996),#357,.T.);
#9107=ADVANCED_FACE('PartBody',(#7997),#8660,.F.);
#9108=ADVANCED_FACE('PartBody',(#7998),#358,.F.);
#9109=ADVANCED_FACE('',(#7999,#8000),#359,.F.);
#9110=ADVANCED_FACE('',(#8001,#8002),#360,.T.);
#9111=ADVANCED_FACE('',(#8003),#8661,.T.);
#9112=ADVANCED_FACE('',(#8004,#8005),#8662,.F.);
#9113=ADVANCED_FACE('',(#8006),#8663,.T.);
#9114=ADVANCED_FACE('',(#8007),#8664,.T.);
#9115=ADVANCED_FACE('',(#8008),#8665,.T.);
#9116=ADVANCED_FACE('',(#8009),#8666,.T.);
#9117=ADVANCED_FACE('',(#8010),#8667,.T.);
#9118=ADVANCED_FACE('',(#8011),#8668,.T.);
#9119=ADVANCED_FACE('',(#8012,#8013),#8669,.T.);
#9120=ADVANCED_FACE('',(#8014),#8670,.F.);
#9121=ADVANCED_FACE('PartBody',(#8015),#8671,.F.);
#9122=ADVANCED_FACE('PartBody',(#8016,#8017),#8672,.T.);
#9123=ADVANCED_FACE('PartBody',(#8018),#8673,.T.);
#9124=ADVANCED_FACE('PartBody',(#8019),#8674,.T.);
#9125=ADVANCED_FACE('PartBody',(#8020),#8675,.T.);
#9126=ADVANCED_FACE('PartBody',(#8021),#8676,.T.);
#9127=ADVANCED_FACE('PartBody',(#8022),#8677,.T.);
#9128=ADVANCED_FACE('PartBody',(#8023),#8678,.T.);
#9129=ADVANCED_FACE('PartBody',(#8024,#8025),#8679,.F.);
#9130=ADVANCED_FACE('PartBody',(#8026),#8680,.T.);
#9131=ADVANCED_FACE('PartBody',(#8027,#8028),#361,.T.);
#9132=ADVANCED_FACE('PartBody',(#8029,#8030),#362,.F.);
#9133=ADVANCED_FACE('',(#8031,#8032),#363,.F.);
#9134=ADVANCED_FACE('',(#8033,#8034),#364,.T.);
#9135=ADVANCED_FACE('',(#8035),#8681,.T.);
#9136=ADVANCED_FACE('',(#8036,#8037),#8682,.F.);
#9137=ADVANCED_FACE('',(#8038),#8683,.T.);
#9138=ADVANCED_FACE('',(#8039),#8684,.T.);
#9139=ADVANCED_FACE('',(#8040),#8685,.T.);
#9140=ADVANCED_FACE('',(#8041),#8686,.T.);
#9141=ADVANCED_FACE('',(#8042),#8687,.T.);
#9142=ADVANCED_FACE('',(#8043),#8688,.T.);
#9143=ADVANCED_FACE('',(#8044,#8045),#8689,.T.);
#9144=ADVANCED_FACE('',(#8046),#8690,.F.);
#9145=ADVANCED_FACE('PartBody',(#8047),#8691,.F.);
#9146=ADVANCED_FACE('PartBody',(#8048),#8692,.T.);
#9147=ADVANCED_FACE('PartBody',(#8049),#8693,.F.);
#9148=ADVANCED_FACE('PartBody',(#8050),#8694,.T.);
#9149=ADVANCED_FACE('PartBody',(#8051),#8695,.F.);
#9150=ADVANCED_FACE('PartBody',(#8052),#8696,.T.);
#9151=ADVANCED_FACE('PartBody',(#8053),#8697,.T.);
#9152=ADVANCED_FACE('PartBody',(#8054),#8698,.T.);
#9153=ADVANCED_FACE('PartBody',(#8055),#8699,.T.);
#9154=ADVANCED_FACE('PartBody',(#8056),#8700,.T.);
#9155=ADVANCED_FACE('PartBody',(#8057),#8701,.F.);
#9156=ADVANCED_FACE('PartBody',(#8058),#8702,.T.);
#9157=ADVANCED_FACE('',(#8059,#8060),#365,.F.);
#9158=ADVANCED_FACE('',(#8061,#8062),#366,.T.);
#9159=ADVANCED_FACE('',(#8063),#8703,.T.);
#9160=ADVANCED_FACE('',(#8064,#8065),#8704,.F.);
#9161=ADVANCED_FACE('',(#8066),#8705,.T.);
#9162=ADVANCED_FACE('',(#8067),#8706,.T.);
#9163=ADVANCED_FACE('',(#8068),#8707,.T.);
#9164=ADVANCED_FACE('',(#8069),#8708,.T.);
#9165=ADVANCED_FACE('',(#8070),#8709,.T.);
#9166=ADVANCED_FACE('',(#8071),#8710,.T.);
#9167=ADVANCED_FACE('',(#8072,#8073),#8711,.T.);
#9168=ADVANCED_FACE('',(#8074),#8712,.F.);
#9169=ADVANCED_FACE('PartBody',(#8075),#8713,.F.);
#9170=ADVANCED_FACE('PartBody',(#8076,#8077),#8714,.T.);
#9171=ADVANCED_FACE('PartBody',(#8078),#8715,.T.);
#9172=ADVANCED_FACE('PartBody',(#8079),#8716,.T.);
#9173=ADVANCED_FACE('PartBody',(#8080),#8717,.T.);
#9174=ADVANCED_FACE('PartBody',(#8081),#8718,.T.);
#9175=ADVANCED_FACE('PartBody',(#8082),#8719,.T.);
#9176=ADVANCED_FACE('PartBody',(#8083),#8720,.T.);
#9177=ADVANCED_FACE('PartBody',(#8084,#8085),#8721,.F.);
#9178=ADVANCED_FACE('PartBody',(#8086),#8722,.T.);
#9179=ADVANCED_FACE('PartBody',(#8087,#8088),#367,.T.);
#9180=ADVANCED_FACE('PartBody',(#8089,#8090),#368,.F.);
#9181=ADVANCED_FACE('',(#8091,#8092),#369,.F.);
#9182=ADVANCED_FACE('',(#8093,#8094),#370,.T.);
#9183=ADVANCED_FACE('',(#8095),#8723,.T.);
#9184=ADVANCED_FACE('',(#8096,#8097),#8724,.F.);
#9185=ADVANCED_FACE('',(#8098),#8725,.T.);
#9186=ADVANCED_FACE('',(#8099),#8726,.T.);
#9187=ADVANCED_FACE('',(#8100),#8727,.T.);
#9188=ADVANCED_FACE('',(#8101),#8728,.T.);
#9189=ADVANCED_FACE('',(#8102),#8729,.T.);
#9190=ADVANCED_FACE('',(#8103),#8730,.T.);
#9191=ADVANCED_FACE('',(#8104,#8105),#8731,.T.);
#9192=ADVANCED_FACE('',(#8106),#8732,.F.);
#9193=ADVANCED_FACE('',(#8107,#8108),#371,.F.);
#9194=ADVANCED_FACE('',(#8109,#8110),#372,.T.);
#9195=ADVANCED_FACE('',(#8111),#8733,.T.);
#9196=ADVANCED_FACE('',(#8112,#8113),#8734,.F.);
#9197=ADVANCED_FACE('',(#8114),#8735,.T.);
#9198=ADVANCED_FACE('',(#8115),#8736,.T.);
#9199=ADVANCED_FACE('',(#8116),#8737,.T.);
#9200=ADVANCED_FACE('',(#8117),#8738,.T.);
#9201=ADVANCED_FACE('',(#8118),#8739,.T.);
#9202=ADVANCED_FACE('',(#8119),#8740,.T.);
#9203=ADVANCED_FACE('',(#8120,#8121),#8741,.T.);
#9204=ADVANCED_FACE('',(#8122),#8742,.F.);
#9205=ADVANCED_FACE('PartBody',(#8123),#8743,.F.);
#9206=ADVANCED_FACE('PartBody',(#8124,#8125),#8744,.T.);
#9207=ADVANCED_FACE('PartBody',(#8126),#8745,.T.);
#9208=ADVANCED_FACE('PartBody',(#8127),#8746,.T.);
#9209=ADVANCED_FACE('PartBody',(#8128),#8747,.T.);
#9210=ADVANCED_FACE('PartBody',(#8129),#8748,.T.);
#9211=ADVANCED_FACE('PartBody',(#8130),#8749,.T.);
#9212=ADVANCED_FACE('PartBody',(#8131),#8750,.T.);
#9213=ADVANCED_FACE('PartBody',(#8132,#8133),#8751,.F.);
#9214=ADVANCED_FACE('PartBody',(#8134),#8752,.T.);
#9215=ADVANCED_FACE('PartBody',(#8135,#8136),#373,.T.);
#9216=ADVANCED_FACE('PartBody',(#8137,#8138),#374,.F.);
#9217=ADVANCED_FACE('PartBody',(#8139),#8753,.F.);
#9218=ADVANCED_FACE('PartBody',(#8140,#8141),#8754,.T.);
#9219=ADVANCED_FACE('PartBody',(#8142),#8755,.T.);
#9220=ADVANCED_FACE('PartBody',(#8143),#8756,.T.);
#9221=ADVANCED_FACE('PartBody',(#8144),#8757,.T.);
#9222=ADVANCED_FACE('PartBody',(#8145),#8758,.T.);
#9223=ADVANCED_FACE('PartBody',(#8146),#8759,.T.);
#9224=ADVANCED_FACE('PartBody',(#8147),#8760,.T.);
#9225=ADVANCED_FACE('PartBody',(#8148,#8149),#8761,.F.);
#9226=ADVANCED_FACE('PartBody',(#8150),#8762,.T.);
#9227=ADVANCED_FACE('PartBody',(#8151,#8152),#375,.T.);
#9228=ADVANCED_FACE('PartBody',(#8153,#8154),#376,.F.);
#9229=ADVANCED_FACE('PartBody',(#8155),#8763,.F.);
#9230=ADVANCED_FACE('PartBody',(#8156),#8764,.T.);
#9231=ADVANCED_FACE('PartBody',(#8157),#8765,.F.);
#9232=ADVANCED_FACE('PartBody',(#8158),#8766,.T.);
#9233=ADVANCED_FACE('PartBody',(#8159),#8767,.F.);
#9234=ADVANCED_FACE('PartBody',(#8160),#8768,.T.);
#9235=ADVANCED_FACE('PartBody',(#8161),#8769,.F.);
#9236=ADVANCED_FACE('PartBody',(#8162,#8163),#8770,.T.);
#9237=ADVANCED_FACE('PartBody',(#8164),#8771,.T.);
#9238=ADVANCED_FACE('PartBody',(#8165),#8772,.T.);
#9239=ADVANCED_FACE('PartBody',(#8166),#8773,.T.);
#9240=ADVANCED_FACE('PartBody',(#8167),#8774,.T.);
#9241=ADVANCED_FACE('PartBody',(#8168),#8775,.T.);
#9242=ADVANCED_FACE('PartBody',(#8169),#8776,.T.);
#9243=ADVANCED_FACE('PartBody',(#8170,#8171),#8777,.F.);
#9244=ADVANCED_FACE('PartBody',(#8172),#8778,.T.);
#9245=ADVANCED_FACE('PartBody',(#8173,#8174),#377,.T.);
#9246=ADVANCED_FACE('PartBody',(#8175,#8176),#378,.F.);
#9247=ADVANCED_FACE('',(#8177,#8178),#379,.F.);
#9248=ADVANCED_FACE('',(#8179,#8180),#380,.T.);
#9249=ADVANCED_FACE('',(#8181),#8779,.T.);
#9250=ADVANCED_FACE('',(#8182,#8183),#8780,.F.);
#9251=ADVANCED_FACE('',(#8184),#8781,.T.);
#9252=ADVANCED_FACE('',(#8185),#8782,.T.);
#9253=ADVANCED_FACE('',(#8186),#8783,.T.);
#9254=ADVANCED_FACE('',(#8187),#8784,.T.);
#9255=ADVANCED_FACE('',(#8188),#8785,.T.);
#9256=ADVANCED_FACE('',(#8189),#8786,.T.);
#9257=ADVANCED_FACE('',(#8190,#8191),#8787,.T.);
#9258=ADVANCED_FACE('',(#8192),#8788,.F.);
#9259=ADVANCED_FACE('',(#8193,#8194),#381,.F.);
#9260=ADVANCED_FACE('',(#8195,#8196),#382,.F.);
#9261=ADVANCED_FACE('',(#8197,#8198),#383,.F.);
#9262=ADVANCED_FACE('',(#8199),#384,.T.);
#9263=ADVANCED_FACE('',(#8200),#8789,.T.);
#9264=ADVANCED_FACE('',(#8201),#385,.T.);
#9265=ADVANCED_FACE('',(#8202),#8790,.F.);
#9266=ADVANCED_FACE('',(#8203),#386,.T.);
#9267=ADVANCED_FACE('',(#8204),#8791,.F.);
#9268=ADVANCED_FACE('',(#8205),#387,.T.);
#9269=ADVANCED_FACE('',(#8206),#8792,.T.);
#9270=ADVANCED_FACE('',(#8207,#8208),#8793,.F.);
#9271=ADVANCED_FACE('',(#8209,#8210),#8794,.F.);
#9272=ADVANCED_FACE('',(#8211,#8212),#8795,.F.);
#9273=ADVANCED_FACE('',(#8213,#8214),#8796,.T.);
#9274=ADVANCED_FACE('',(#8215,#8216,#8217,#8218,#8219),#8797,.F.);
#9275=ADVANCED_FACE('',(#8220,#8221),#388,.F.);
#9276=ADVANCED_FACE('',(#8222,#8223),#389,.F.);
#9277=ADVANCED_FACE('',(#8224,#8225),#390,.F.);
#9278=ADVANCED_FACE('',(#8226),#391,.T.);
#9279=ADVANCED_FACE('',(#8227),#8798,.F.);
#9280=ADVANCED_FACE('',(#8228),#392,.T.);
#9281=ADVANCED_FACE('',(#8229),#8799,.T.);
#9282=ADVANCED_FACE('',(#8230),#393,.T.);
#9283=ADVANCED_FACE('',(#8231),#8800,.T.);
#9284=ADVANCED_FACE('',(#8232),#394,.T.);
#9285=ADVANCED_FACE('',(#8233),#8801,.F.);
#9286=ADVANCED_FACE('',(#8234,#8235),#395,.F.);
#9287=ADVANCED_FACE('',(#8236,#8237,#8238,#8239,#8240),#8802,.T.);
#9288=ADVANCED_FACE('',(#8241,#8242),#8803,.F.);
#9289=ADVANCED_FACE('',(#8243,#8244),#396,.F.);
#9290=ADVANCED_FACE('PartBody',(#8245),#8804,.F.);
#9291=ADVANCED_FACE('PartBody',(#8246,#8247),#8805,.T.);
#9292=ADVANCED_FACE('PartBody',(#8248),#8806,.T.);
#9293=ADVANCED_FACE('PartBody',(#8249),#8807,.T.);
#9294=ADVANCED_FACE('PartBody',(#8250),#8808,.T.);
#9295=ADVANCED_FACE('PartBody',(#8251),#8809,.T.);
#9296=ADVANCED_FACE('PartBody',(#8252),#8810,.T.);
#9297=ADVANCED_FACE('PartBody',(#8253),#8811,.T.);
#9298=ADVANCED_FACE('PartBody',(#8254,#8255),#8812,.F.);
#9299=ADVANCED_FACE('PartBody',(#8256),#8813,.T.);
#9300=ADVANCED_FACE('PartBody',(#8257,#8258),#397,.T.);
#9301=ADVANCED_FACE('PartBody',(#8259,#8260),#398,.F.);
#9302=ADVANCED_FACE('',(#8261,#8262),#399,.F.);
#9303=ADVANCED_FACE('',(#8263,#8264),#400,.T.);
#9304=ADVANCED_FACE('',(#8265),#8814,.T.);
#9305=ADVANCED_FACE('',(#8266,#8267),#8815,.F.);
#9306=ADVANCED_FACE('',(#8268),#8816,.T.);
#9307=ADVANCED_FACE('',(#8269),#8817,.T.);
#9308=ADVANCED_FACE('',(#8270),#8818,.T.);
#9309=ADVANCED_FACE('',(#8271),#8819,.T.);
#9310=ADVANCED_FACE('',(#8272),#8820,.T.);
#9311=ADVANCED_FACE('',(#8273),#8821,.T.);
#9312=ADVANCED_FACE('',(#8274,#8275),#8822,.T.);
#9313=ADVANCED_FACE('',(#8276),#8823,.F.);
#9314=ADVANCED_FACE('PartBody',(#8277,#8278),#401,.F.);
#9315=ADVANCED_FACE('PartBody',(#8279,#8280),#402,.F.);
#9316=ADVANCED_FACE('PartBody',(#8281,#8282),#403,.F.);
#9317=ADVANCED_FACE('PartBody',(#8283,#8284),#404,.F.);
#9318=ADVANCED_FACE('PartBody',(#8285),#405,.T.);
#9319=ADVANCED_FACE('PartBody',(#8286),#406,.T.);
#9320=ADVANCED_FACE('PartBody',(#8287),#407,.F.);
#9321=ADVANCED_FACE('PartBody',(#8288),#8824,.F.);
#9322=ADVANCED_FACE('PartBody',(#8289),#8825,.F.);
#9323=ADVANCED_FACE('PartBody',(#8290),#408,.F.);
#9324=ADVANCED_FACE('PartBody',(#8291),#409,.T.);
#9325=ADVANCED_FACE('PartBody',(#8292),#8826,.F.);
#9326=ADVANCED_FACE('PartBody',(#8293),#410,.T.);
#9327=ADVANCED_FACE('PartBody',(#8294),#411,.T.);
#9328=ADVANCED_FACE('PartBody',(#8295),#412,.F.);
#9329=ADVANCED_FACE('PartBody',(#8296),#8827,.T.);
#9330=ADVANCED_FACE('PartBody',(#8297),#8828,.T.);
#9331=ADVANCED_FACE('PartBody',(#8298),#413,.F.);
#9332=ADVANCED_FACE('PartBody',(#8299),#414,.T.);
#9333=ADVANCED_FACE('PartBody',(#8300),#8829,.T.);
#9334=ADVANCED_FACE('PartBody',(#8301),#415,.T.);
#9335=ADVANCED_FACE('PartBody',(#8302),#416,.T.);
#9336=ADVANCED_FACE('PartBody',(#8303),#417,.F.);
#9337=ADVANCED_FACE('PartBody',(#8304),#8830,.F.);
#9338=ADVANCED_FACE('PartBody',(#8305),#8831,.T.);
#9339=ADVANCED_FACE('PartBody',(#8306),#418,.T.);
#9340=ADVANCED_FACE('PartBody',(#8307),#419,.F.);
#9341=ADVANCED_FACE('PartBody',(#8308),#8832,.F.);
#9342=ADVANCED_FACE('PartBody',(#8309),#420,.T.);
#9343=ADVANCED_FACE('PartBody',(#8310),#8833,.F.);
#9344=ADVANCED_FACE('PartBody',(#8311),#8834,.F.);
#9345=ADVANCED_FACE('PartBody',(#8312),#421,.T.);
#9346=ADVANCED_FACE('PartBody',(#8313),#422,.F.);
#9347=ADVANCED_FACE('PartBody',(#8314,#8315,#8316,#8317,#8318),#8835,.T.);
#9348=ADVANCED_FACE('PartBody',(#8319,#8320,#8321,#8322,#8323),#8836,.F.);
#9349=ADVANCED_FACE('PartBody',(#8324),#423,.T.);
#9350=ADVANCED_FACE('PartBody',(#8325),#8837,.F.);
#9351=ADVANCED_FACE('PartBody',(#8326),#424,.F.);
#9352=ADVANCED_FACE('PartBody',(#8327),#8838,.F.);
#9353=ADVANCED_FACE('PartBody',(#8328,#8329),#8839,.T.);
#9354=ADVANCED_FACE('PartBody',(#8330),#8840,.T.);
#9355=ADVANCED_FACE('PartBody',(#8331),#8841,.T.);
#9356=ADVANCED_FACE('PartBody',(#8332),#8842,.T.);
#9357=ADVANCED_FACE('PartBody',(#8333),#8843,.T.);
#9358=ADVANCED_FACE('PartBody',(#8334),#8844,.T.);
#9359=ADVANCED_FACE('PartBody',(#8335),#8845,.T.);
#9360=ADVANCED_FACE('PartBody',(#8336,#8337),#8846,.F.);
#9361=ADVANCED_FACE('PartBody',(#8338),#8847,.T.);
#9362=ADVANCED_FACE('PartBody',(#8339,#8340),#425,.T.);
#9363=ADVANCED_FACE('PartBody',(#8341,#8342),#426,.F.);
#9364=ADVANCED_FACE('PartBody',(#8343),#8848,.F.);
#9365=ADVANCED_FACE('PartBody',(#8344,#8345),#8849,.T.);
#9366=ADVANCED_FACE('PartBody',(#8346),#8850,.T.);
#9367=ADVANCED_FACE('PartBody',(#8347),#8851,.T.);
#9368=ADVANCED_FACE('PartBody',(#8348),#8852,.T.);
#9369=ADVANCED_FACE('PartBody',(#8349),#8853,.T.);
#9370=ADVANCED_FACE('PartBody',(#8350),#8854,.T.);
#9371=ADVANCED_FACE('PartBody',(#8351),#8855,.T.);
#9372=ADVANCED_FACE('PartBody',(#8352,#8353),#8856,.F.);
#9373=ADVANCED_FACE('PartBody',(#8354),#8857,.T.);
#9374=ADVANCED_FACE('PartBody',(#8355,#8356),#427,.T.);
#9375=ADVANCED_FACE('PartBody',(#8357,#8358),#428,.F.);
#9376=ADVANCED_FACE('PartBody',(#8359),#8858,.F.);
#9377=ADVANCED_FACE('PartBody',(#8360,#8361),#8859,.T.);
#9378=ADVANCED_FACE('PartBody',(#8362),#8860,.T.);
#9379=ADVANCED_FACE('PartBody',(#8363),#8861,.T.);
#9380=ADVANCED_FACE('PartBody',(#8364),#8862,.T.);
#9381=ADVANCED_FACE('PartBody',(#8365),#8863,.T.);
#9382=ADVANCED_FACE('PartBody',(#8366),#8864,.T.);
#9383=ADVANCED_FACE('PartBody',(#8367),#8865,.T.);
#9384=ADVANCED_FACE('PartBody',(#8368,#8369),#8866,.F.);
#9385=ADVANCED_FACE('PartBody',(#8370),#8867,.T.);
#9386=ADVANCED_FACE('PartBody',(#8371,#8372),#429,.T.);
#9387=ADVANCED_FACE('PartBody',(#8373,#8374),#430,.F.);
#9388=ADVANCED_FACE('PartBody',(#8375),#8868,.F.);
#9389=ADVANCED_FACE('PartBody',(#8376,#8377),#8869,.T.);
#9390=ADVANCED_FACE('PartBody',(#8378),#8870,.T.);
#9391=ADVANCED_FACE('PartBody',(#8379),#8871,.T.);
#9392=ADVANCED_FACE('PartBody',(#8380),#8872,.T.);
#9393=ADVANCED_FACE('PartBody',(#8381),#8873,.T.);
#9394=ADVANCED_FACE('PartBody',(#8382),#8874,.T.);
#9395=ADVANCED_FACE('PartBody',(#8383),#8875,.T.);
#9396=ADVANCED_FACE('PartBody',(#8384,#8385),#8876,.F.);
#9397=ADVANCED_FACE('PartBody',(#8386),#8877,.T.);
#9398=ADVANCED_FACE('PartBody',(#8387,#8388),#431,.T.);
#9399=ADVANCED_FACE('PartBody',(#8389,#8390),#432,.F.);
#9400=ADVANCED_FACE('',(#8391,#8392),#433,.F.);
#9401=ADVANCED_FACE('',(#8393,#8394),#434,.T.);
#9402=ADVANCED_FACE('',(#8395),#8878,.T.);
#9403=ADVANCED_FACE('',(#8396,#8397),#8879,.F.);
#9404=ADVANCED_FACE('',(#8398),#8880,.T.);
#9405=ADVANCED_FACE('',(#8399),#8881,.T.);
#9406=ADVANCED_FACE('',(#8400),#8882,.T.);
#9407=ADVANCED_FACE('',(#8401),#8883,.T.);
#9408=ADVANCED_FACE('',(#8402),#8884,.T.);
#9409=ADVANCED_FACE('',(#8403),#8885,.T.);
#9410=ADVANCED_FACE('',(#8404,#8405),#8886,.T.);
#9411=ADVANCED_FACE('',(#8406),#8887,.F.);
#9412=ADVANCED_FACE('',(#8407,#8408),#435,.F.);
#9413=ADVANCED_FACE('',(#8409,#8410),#8888,.T.);
#9414=ADVANCED_FACE('',(#8411,#8412),#436,.F.);
#9415=ADVANCED_FACE('',(#8413,#8414),#437,.F.);
#9416=ADVANCED_FACE('',(#8415,#8416),#8889,.T.);
#9417=ADVANCED_FACE('',(#8417,#8418),#438,.F.);
#9418=ADVANCED_FACE('',(#8419,#8420),#439,.F.);
#9419=ADVANCED_FACE('',(#8421,#8422),#8890,.T.);
#9420=ADVANCED_FACE('',(#8423,#8424),#440,.F.);
#9421=ADVANCED_FACE('',(#8425,#8426),#8891,.T.);
#9422=ADVANCED_FACE('',(#8427),#8892,.T.);
#9423=ADVANCED_FACE('',(#8428),#8893,.F.);
#9424=ADVANCED_FACE('',(#8429),#8894,.F.);
#9425=ADVANCED_FACE('',(#8430),#8895,.T.);
#9426=ADVANCED_FACE('',(#8431,#8432,#8433,#8434,#8435),#8896,.F.);
#9427=ADVANCED_FACE('',(#8436),#8897,.T.);
#9428=ADVANCED_FACE('',(#8437),#8898,.F.);
#9429=ADVANCED_FACE('',(#8438),#8899,.F.);
#9430=ADVANCED_FACE('',(#8439),#8900,.T.);
#9431=ADVANCED_FACE('',(#8440,#8441,#8442,#8443,#8444),#8901,.T.);
#9432=ADVANCED_FACE('',(#8445),#441,.T.);
#9433=ADVANCED_FACE('',(#8446),#442,.T.);
#9434=ADVANCED_FACE('',(#8447),#443,.T.);
#9435=ADVANCED_FACE('',(#8448),#444,.T.);
#9436=ADVANCED_FACE('',(#8449),#445,.T.);
#9437=ADVANCED_FACE('',(#8450),#446,.T.);
#9438=ADVANCED_FACE('',(#8451),#447,.T.);
#9439=ADVANCED_FACE('',(#8452),#448,.T.);
#9440=ADVANCED_FACE('',(#8453,#8454),#449,.F.);
#9441=ADVANCED_FACE('',(#8455,#8456),#8902,.T.);
#9442=ADVANCED_FACE('',(#8457,#8458),#450,.F.);
#9443=ADVANCED_FACE('PartBody',(#8459,#8460),#451,.F.);
#9444=ADVANCED_FACE('PartBody',(#8461,#8462),#452,.F.);
#9445=ADVANCED_FACE('PartBody',(#8463,#8464),#453,.F.);
#9446=ADVANCED_FACE('PartBody',(#8465,#8466),#454,.F.);
#9447=ADVANCED_FACE('PartBody',(#8467),#455,.T.);
#9448=ADVANCED_FACE('PartBody',(#8468),#456,.T.);
#9449=ADVANCED_FACE('PartBody',(#8469),#457,.F.);
#9450=ADVANCED_FACE('PartBody',(#8470),#8903,.F.);
#9451=ADVANCED_FACE('PartBody',(#8471),#8904,.F.);
#9452=ADVANCED_FACE('PartBody',(#8472),#458,.F.);
#9453=ADVANCED_FACE('PartBody',(#8473),#459,.T.);
#9454=ADVANCED_FACE('PartBody',(#8474),#8905,.F.);
#9455=ADVANCED_FACE('PartBody',(#8475),#460,.T.);
#9456=ADVANCED_FACE('PartBody',(#8476),#461,.T.);
#9457=ADVANCED_FACE('PartBody',(#8477),#462,.F.);
#9458=ADVANCED_FACE('PartBody',(#8478),#8906,.T.);
#9459=ADVANCED_FACE('PartBody',(#8479),#8907,.T.);
#9460=ADVANCED_FACE('PartBody',(#8480),#463,.F.);
#9461=ADVANCED_FACE('PartBody',(#8481),#464,.T.);
#9462=ADVANCED_FACE('PartBody',(#8482),#8908,.T.);
#9463=ADVANCED_FACE('PartBody',(#8483),#465,.T.);
#9464=ADVANCED_FACE('PartBody',(#8484),#466,.T.);
#9465=ADVANCED_FACE('PartBody',(#8485),#467,.F.);
#9466=ADVANCED_FACE('PartBody',(#8486),#8909,.F.);
#9467=ADVANCED_FACE('PartBody',(#8487),#8910,.T.);
#9468=ADVANCED_FACE('PartBody',(#8488),#468,.T.);
#9469=ADVANCED_FACE('PartBody',(#8489),#469,.F.);
#9470=ADVANCED_FACE('PartBody',(#8490),#8911,.F.);
#9471=ADVANCED_FACE('PartBody',(#8491),#470,.T.);
#9472=ADVANCED_FACE('PartBody',(#8492),#8912,.F.);
#9473=ADVANCED_FACE('PartBody',(#8493),#8913,.F.);
#9474=ADVANCED_FACE('PartBody',(#8494),#471,.T.);
#9475=ADVANCED_FACE('PartBody',(#8495),#472,.F.);
#9476=ADVANCED_FACE('PartBody',(#8496,#8497,#8498,#8499,#8500),#8914,.T.);
#9477=ADVANCED_FACE('PartBody',(#8501,#8502,#8503,#8504,#8505),#8915,.F.);
#9478=ADVANCED_FACE('PartBody',(#8506),#473,.T.);
#9479=ADVANCED_FACE('PartBody',(#8507),#8916,.F.);
#9480=ADVANCED_FACE('PartBody',(#8508),#474,.F.);
#9481=ADVANCED_FACE('PartBody',(#8509),#8917,.F.);
#9482=ADVANCED_FACE('PartBody',(#8510,#8511),#8918,.T.);
#9483=ADVANCED_FACE('PartBody',(#8512),#8919,.T.);
#9484=ADVANCED_FACE('PartBody',(#8513),#8920,.T.);
#9485=ADVANCED_FACE('PartBody',(#8514),#8921,.T.);
#9486=ADVANCED_FACE('PartBody',(#8515),#8922,.T.);
#9487=ADVANCED_FACE('PartBody',(#8516),#8923,.T.);
#9488=ADVANCED_FACE('PartBody',(#8517),#8924,.T.);
#9489=ADVANCED_FACE('PartBody',(#8518,#8519),#8925,.F.);
#9490=ADVANCED_FACE('PartBody',(#8520),#8926,.T.);
#9491=ADVANCED_FACE('PartBody',(#8521,#8522),#475,.T.);
#9492=ADVANCED_FACE('PartBody',(#8523,#8524),#476,.F.);
#9493=ADVANCED_FACE('PartBody',(#8525),#8927,.F.);
#9494=ADVANCED_FACE('PartBody',(#8526,#8527),#8928,.T.);
#9495=ADVANCED_FACE('PartBody',(#8528),#8929,.T.);
#9496=ADVANCED_FACE('PartBody',(#8529),#8930,.T.);
#9497=ADVANCED_FACE('PartBody',(#8530),#8931,.T.);
#9498=ADVANCED_FACE('PartBody',(#8531),#8932,.T.);
#9499=ADVANCED_FACE('PartBody',(#8532),#8933,.T.);
#9500=ADVANCED_FACE('PartBody',(#8533),#8934,.T.);
#9501=ADVANCED_FACE('PartBody',(#8534,#8535),#8935,.F.);
#9502=ADVANCED_FACE('PartBody',(#8536),#8936,.T.);
#9503=ADVANCED_FACE('PartBody',(#8537,#8538),#477,.T.);
#9504=ADVANCED_FACE('PartBody',(#8539,#8540),#478,.F.);
#9505=ADVANCED_FACE('PartBody',(#8541),#8937,.F.);
#9506=ADVANCED_FACE('PartBody',(#8542),#8938,.T.);
#9507=ADVANCED_FACE('PartBody',(#8543),#8939,.F.);
#9508=ADVANCED_FACE('PartBody',(#8544),#8940,.T.);
#9509=ADVANCED_FACE('PartBody',(#8545),#8941,.F.);
#9510=ADVANCED_FACE('PartBody',(#8546),#8942,.T.);
#9511=ADVANCED_FACE('PartBody',(#8547),#8943,.T.);
#9512=ADVANCED_FACE('PartBody',(#8548),#8944,.T.);
#9513=ADVANCED_FACE('PartBody',(#8549),#8945,.T.);
#9514=ADVANCED_FACE('PartBody',(#8550),#8946,.T.);
#9515=ADVANCED_FACE('PartBody',(#8551),#8947,.F.);
#9516=ADVANCED_FACE('PartBody',(#8552),#8948,.T.);
#9517=ADVANCED_FACE('PartBody',(#8553),#8949,.F.);
#9518=ADVANCED_FACE('PartBody',(#8554,#8555),#8950,.T.);
#9519=ADVANCED_FACE('PartBody',(#8556),#8951,.T.);
#9520=ADVANCED_FACE('PartBody',(#8557),#8952,.T.);
#9521=ADVANCED_FACE('PartBody',(#8558),#8953,.T.);
#9522=ADVANCED_FACE('PartBody',(#8559),#8954,.T.);
#9523=ADVANCED_FACE('PartBody',(#8560),#8955,.T.);
#9524=ADVANCED_FACE('PartBody',(#8561),#8956,.T.);
#9525=ADVANCED_FACE('PartBody',(#8562,#8563),#8957,.F.);
#9526=ADVANCED_FACE('PartBody',(#8564),#8958,.T.);
#9527=ADVANCED_FACE('PartBody',(#8565,#8566),#479,.T.);
#9528=ADVANCED_FACE('PartBody',(#8567,#8568),#480,.F.);
#9529=ADVANCED_FACE('PartBody',(#8569),#8959,.T.);
#9530=ADVANCED_FACE('PartBody',(#8570),#8960,.F.);
#9531=ADVANCED_FACE('PartBody',(#8571),#8961,.T.);
#9532=ADVANCED_FACE('PartBody',(#8572),#8962,.F.);
#9533=ADVANCED_FACE('PartBody',(#8573),#8963,.F.);
#9534=ADVANCED_FACE('PartBody',(#8574),#8964,.F.);
#9535=ADVANCED_FACE('PartBody',(#8575),#8965,.T.);
#9536=ADVANCED_FACE('PartBody',(#8576),#8966,.T.);
#9537=ADVANCED_FACE('PartBody',(#8577),#8967,.T.);
#9538=ADVANCED_FACE('PartBody',(#8578),#8968,.T.);
#9539=ADVANCED_FACE('PartBody',(#8579),#8969,.F.);
#9540=ADVANCED_FACE('PartBody',(#8580),#8970,.T.);
#9541=CLOSED_SHELL('',(#8971,#8972,#8973,#8974,#8975,#8976,#8977,#8978,
#8979,#8980,#8981,#8982,#8983,#8984));
#9542=CLOSED_SHELL('',(#8985,#8986,#8987,#8988,#8989,#8990,#8991,#8992,
#8993,#8994,#8995,#8996,#8997,#8998,#8999,#9000,#9001,#9002,#9003,#9004,
#9005,#9006,#9007,#9008,#9009,#9010,#9011,#9012,#9013,#9014,#9015,#9016,
#9017,#9018,#9019,#9020,#9021,#9022));
#9543=CLOSED_SHELL('',(#9023,#9024,#9025,#9026,#9027,#9028,#9029,#9030,
#9031,#9032,#9033,#9034));
#9544=CLOSED_SHELL('',(#9035,#9036,#9037,#9038,#9039,#9040));
#9545=CLOSED_SHELL('',(#9041,#9042,#9043,#9044,#9045,#9046,#9047,#9048,
#9049,#9050,#9051,#9052));
#9546=CLOSED_SHELL('',(#9053,#9054,#9055,#9056,#9057,#9058));
#9547=CLOSED_SHELL('',(#9059,#9060,#9061,#9062,#9063,#9064,#9065,#9066,
#9067,#9068,#9069,#9070));
#9548=CLOSED_SHELL('',(#9071,#9072,#9073,#9074,#9075,#9076,#9077,#9078,
#9079,#9080,#9081,#9082,#9083,#9084,#9085,#9086,#9087,#9088,#9089,#9090,
#9091,#9092,#9093,#9094,#9095,#9096,#9097,#9098,#9099,#9100,#9101,#9102,
#9103,#9104,#9105,#9106,#9107,#9108));
#9549=CLOSED_SHELL('',(#9109,#9110,#9111,#9112,#9113,#9114,#9115,#9116,
#9117,#9118,#9119,#9120));
#9550=CLOSED_SHELL('',(#9121,#9122,#9123,#9124,#9125,#9126,#9127,#9128,
#9129,#9130,#9131,#9132));
#9551=CLOSED_SHELL('',(#9133,#9134,#9135,#9136,#9137,#9138,#9139,#9140,
#9141,#9142,#9143,#9144));
#9552=CLOSED_SHELL('',(#9145,#9146,#9147,#9148,#9149,#9150));
#9553=CLOSED_SHELL('',(#9151,#9152,#9153,#9154,#9155,#9156));
#9554=CLOSED_SHELL('',(#9157,#9158,#9159,#9160,#9161,#9162,#9163,#9164,
#9165,#9166,#9167,#9168));
#9555=CLOSED_SHELL('',(#9169,#9170,#9171,#9172,#9173,#9174,#9175,#9176,
#9177,#9178,#9179,#9180));
#9556=CLOSED_SHELL('',(#9181,#9182,#9183,#9184,#9185,#9186,#9187,#9188,
#9189,#9190,#9191,#9192));
#9557=CLOSED_SHELL('',(#9193,#9194,#9195,#9196,#9197,#9198,#9199,#9200,
#9201,#9202,#9203,#9204));
#9558=CLOSED_SHELL('',(#9205,#9206,#9207,#9208,#9209,#9210,#9211,#9212,
#9213,#9214,#9215,#9216));
#9559=CLOSED_SHELL('',(#9217,#9218,#9219,#9220,#9221,#9222,#9223,#9224,
#9225,#9226,#9227,#9228));
#9560=CLOSED_SHELL('',(#9229,#9230,#9231,#9232,#9233,#9234));
#9561=CLOSED_SHELL('',(#9235,#9236,#9237,#9238,#9239,#9240,#9241,#9242,
#9243,#9244,#9245,#9246));
#9562=CLOSED_SHELL('',(#9247,#9248,#9249,#9250,#9251,#9252,#9253,#9254,
#9255,#9256,#9257,#9258));
#9563=CLOSED_SHELL('',(#9259,#9260,#9261,#9262,#9263,#9264,#9265,#9266,
#9267,#9268,#9269,#9270,#9271,#9272,#9273,#9274,#9275,#9276,#9277,#9278,
#9279,#9280,#9281,#9282,#9283,#9284,#9285,#9286,#9287,#9288,#9289));
#9564=CLOSED_SHELL('',(#9290,#9291,#9292,#9293,#9294,#9295,#9296,#9297,
#9298,#9299,#9300,#9301));
#9565=CLOSED_SHELL('',(#9302,#9303,#9304,#9305,#9306,#9307,#9308,#9309,
#9310,#9311,#9312,#9313));
#9566=CLOSED_SHELL('',(#9314,#9315,#9316,#9317,#9318,#9319,#9320,#9321,
#9322,#9323,#9324,#9325,#9326,#9327,#9328,#9329,#9330,#9331,#9332,#9333,
#9334,#9335,#9336,#9337,#9338,#9339,#9340,#9341,#9342,#9343,#9344,#9345,
#9346,#9347,#9348,#9349,#9350,#9351));
#9567=CLOSED_SHELL('',(#9352,#9353,#9354,#9355,#9356,#9357,#9358,#9359,
#9360,#9361,#9362,#9363));
#9568=CLOSED_SHELL('',(#9364,#9365,#9366,#9367,#9368,#9369,#9370,#9371,
#9372,#9373,#9374,#9375));
#9569=CLOSED_SHELL('',(#9376,#9377,#9378,#9379,#9380,#9381,#9382,#9383,
#9384,#9385,#9386,#9387));
#9570=CLOSED_SHELL('',(#9388,#9389,#9390,#9391,#9392,#9393,#9394,#9395,
#9396,#9397,#9398,#9399));
#9571=CLOSED_SHELL('',(#9400,#9401,#9402,#9403,#9404,#9405,#9406,#9407,
#9408,#9409,#9410,#9411));
#9572=CLOSED_SHELL('',(#9412,#9413,#9414,#9415,#9416,#9417,#9418,#9419,
#9420,#9421,#9422,#9423,#9424,#9425,#9426,#9427,#9428,#9429,#9430,#9431,
#9432,#9433,#9434,#9435,#9436,#9437,#9438,#9439,#9440,#9441,#9442));
#9573=CLOSED_SHELL('',(#9443,#9444,#9445,#9446,#9447,#9448,#9449,#9450,
#9451,#9452,#9453,#9454,#9455,#9456,#9457,#9458,#9459,#9460,#9461,#9462,
#9463,#9464,#9465,#9466,#9467,#9468,#9469,#9470,#9471,#9472,#9473,#9474,
#9475,#9476,#9477,#9478,#9479,#9480));
#9574=CLOSED_SHELL('',(#9481,#9482,#9483,#9484,#9485,#9486,#9487,#9488,
#9489,#9490,#9491,#9492));
#9575=CLOSED_SHELL('',(#9493,#9494,#9495,#9496,#9497,#9498,#9499,#9500,
#9501,#9502,#9503,#9504));
#9576=CLOSED_SHELL('',(#9505,#9506,#9507,#9508,#9509,#9510));
#9577=CLOSED_SHELL('',(#9511,#9512,#9513,#9514,#9515,#9516));
#9578=CLOSED_SHELL('',(#9517,#9518,#9519,#9520,#9521,#9522,#9523,#9524,
#9525,#9526,#9527,#9528));
#9579=CLOSED_SHELL('',(#9529,#9530,#9531,#9532,#9533,#9534));
#9580=CLOSED_SHELL('',(#9535,#9536,#9537,#9538,#9539,#9540));
#9581=STYLED_ITEM('',(#9621),#10049);
#9582=STYLED_ITEM('',(#9622),#10050);
#9583=STYLED_ITEM('',(#9623),#10051);
#9584=STYLED_ITEM('',(#9624),#10052);
#9585=STYLED_ITEM('',(#9625),#10053);
#9586=STYLED_ITEM('',(#9626),#10054);
#9587=STYLED_ITEM('',(#9627),#10055);
#9588=STYLED_ITEM('',(#9628),#10056);
#9589=STYLED_ITEM('',(#9629),#10057);
#9590=STYLED_ITEM('',(#9630),#10058);
#9591=STYLED_ITEM('',(#9631),#10059);
#9592=STYLED_ITEM('',(#9632),#10060);
#9593=STYLED_ITEM('',(#9633),#10061);
#9594=STYLED_ITEM('',(#9634),#10062);
#9595=STYLED_ITEM('',(#9635),#10063);
#9596=STYLED_ITEM('',(#9636),#10064);
#9597=STYLED_ITEM('',(#9637),#10065);
#9598=STYLED_ITEM('',(#9638),#10066);
#9599=STYLED_ITEM('',(#9639),#10067);
#9600=STYLED_ITEM('',(#9640),#10068);
#9601=STYLED_ITEM('',(#9641),#10069);
#9602=STYLED_ITEM('',(#9642),#10070);
#9603=STYLED_ITEM('',(#9643),#10071);
#9604=STYLED_ITEM('',(#9675),#10072);
#9605=STYLED_ITEM('',(#9676),#10073);
#9606=STYLED_ITEM('',(#9677),#10074);
#9607=STYLED_ITEM('',(#9678),#10075);
#9608=STYLED_ITEM('',(#9679),#10076);
#9609=STYLED_ITEM('',(#9680),#10077);
#9610=STYLED_ITEM('',(#9681),#10078);
#9611=STYLED_ITEM('',(#9682),#10079);
#9612=STYLED_ITEM('',(#9683),#10080);
#9613=STYLED_ITEM('',(#9684),#10081);
#9614=STYLED_ITEM('',(#9685),#10082);
#9615=STYLED_ITEM('',(#9686),#10083);
#9616=STYLED_ITEM('',(#9687),#10084);
#9617=STYLED_ITEM('',(#9688),#10085);
#9618=STYLED_ITEM('',(#9689),#10086);
#9619=STYLED_ITEM('',(#9690),#10087);
#9620=STYLED_ITEM('',(#9691),#10088);
#9621=PRESENTATION_STYLE_ASSIGNMENT((#9692));
#9622=PRESENTATION_STYLE_ASSIGNMENT((#9693));
#9623=PRESENTATION_STYLE_ASSIGNMENT((#9694));
#9624=PRESENTATION_STYLE_ASSIGNMENT((#9695));
#9625=PRESENTATION_STYLE_ASSIGNMENT((#9696));
#9626=PRESENTATION_STYLE_ASSIGNMENT((#9697));
#9627=PRESENTATION_STYLE_ASSIGNMENT((#9698));
#9628=PRESENTATION_STYLE_ASSIGNMENT((#9699));
#9629=PRESENTATION_STYLE_ASSIGNMENT((#9700));
#9630=PRESENTATION_STYLE_ASSIGNMENT((#9701));
#9631=PRESENTATION_STYLE_ASSIGNMENT((#9702));
#9632=PRESENTATION_STYLE_ASSIGNMENT((#9703));
#9633=PRESENTATION_STYLE_ASSIGNMENT((#9704));
#9634=PRESENTATION_STYLE_ASSIGNMENT((#9705));
#9635=PRESENTATION_STYLE_ASSIGNMENT((#9706));
#9636=PRESENTATION_STYLE_ASSIGNMENT((#9707));
#9637=PRESENTATION_STYLE_ASSIGNMENT((#9708));
#9638=PRESENTATION_STYLE_ASSIGNMENT((#9709));
#9639=PRESENTATION_STYLE_ASSIGNMENT((#9710));
#9640=PRESENTATION_STYLE_ASSIGNMENT((#9711));
#9641=PRESENTATION_STYLE_ASSIGNMENT((#9712));
#9642=PRESENTATION_STYLE_ASSIGNMENT((#9713));
#9643=PRESENTATION_STYLE_ASSIGNMENT((#9714));
#9644=PRESENTATION_STYLE_ASSIGNMENT((#9715));
#9645=PRESENTATION_STYLE_ASSIGNMENT((#9716));
#9646=PRESENTATION_STYLE_ASSIGNMENT((#9717));
#9647=PRESENTATION_STYLE_ASSIGNMENT((#9718));
#9648=PRESENTATION_STYLE_ASSIGNMENT((#9719));
#9649=PRESENTATION_STYLE_ASSIGNMENT((#9720));
#9650=PRESENTATION_STYLE_ASSIGNMENT((#9721));
#9651=PRESENTATION_STYLE_ASSIGNMENT((#9722));
#9652=PRESENTATION_STYLE_ASSIGNMENT((#9723));
#9653=PRESENTATION_STYLE_ASSIGNMENT((#9724));
#9654=PRESENTATION_STYLE_ASSIGNMENT((#9725));
#9655=PRESENTATION_STYLE_ASSIGNMENT((#9726));
#9656=PRESENTATION_STYLE_ASSIGNMENT((#9727));
#9657=PRESENTATION_STYLE_ASSIGNMENT((#9728));
#9658=PRESENTATION_STYLE_ASSIGNMENT((#9729));
#9659=PRESENTATION_STYLE_ASSIGNMENT((#9730));
#9660=PRESENTATION_STYLE_ASSIGNMENT((#9731));
#9661=PRESENTATION_STYLE_ASSIGNMENT((#9732));
#9662=PRESENTATION_STYLE_ASSIGNMENT((#9733));
#9663=PRESENTATION_STYLE_ASSIGNMENT((#9734));
#9664=PRESENTATION_STYLE_ASSIGNMENT((#9735));
#9665=PRESENTATION_STYLE_ASSIGNMENT((#9736));
#9666=PRESENTATION_STYLE_ASSIGNMENT((#9737));
#9667=PRESENTATION_STYLE_ASSIGNMENT((#9738));
#9668=PRESENTATION_STYLE_ASSIGNMENT((#9739));
#9669=PRESENTATION_STYLE_ASSIGNMENT((#9740));
#9670=PRESENTATION_STYLE_ASSIGNMENT((#9741));
#9671=PRESENTATION_STYLE_ASSIGNMENT((#9742));
#9672=PRESENTATION_STYLE_ASSIGNMENT((#9743));
#9673=PRESENTATION_STYLE_ASSIGNMENT((#9744));
#9674=PRESENTATION_STYLE_ASSIGNMENT((#9745));
#9675=PRESENTATION_STYLE_ASSIGNMENT((#9746));
#9676=PRESENTATION_STYLE_ASSIGNMENT((#9747));
#9677=PRESENTATION_STYLE_ASSIGNMENT((#9748));
#9678=PRESENTATION_STYLE_ASSIGNMENT((#9749));
#9679=PRESENTATION_STYLE_ASSIGNMENT((#9750));
#9680=PRESENTATION_STYLE_ASSIGNMENT((#9751));
#9681=PRESENTATION_STYLE_ASSIGNMENT((#9752));
#9682=PRESENTATION_STYLE_ASSIGNMENT((#9753));
#9683=PRESENTATION_STYLE_ASSIGNMENT((#9754));
#9684=PRESENTATION_STYLE_ASSIGNMENT((#9755));
#9685=PRESENTATION_STYLE_ASSIGNMENT((#9756));
#9686=PRESENTATION_STYLE_ASSIGNMENT((#9757));
#9687=PRESENTATION_STYLE_ASSIGNMENT((#9758));
#9688=PRESENTATION_STYLE_ASSIGNMENT((#9759));
#9689=PRESENTATION_STYLE_ASSIGNMENT((#9760));
#9690=PRESENTATION_STYLE_ASSIGNMENT((#9761));
#9691=PRESENTATION_STYLE_ASSIGNMENT((#9762));
#9692=SURFACE_STYLE_USAGE(.BOTH.,#9763);
#9693=SURFACE_STYLE_USAGE(.BOTH.,#9764);
#9694=SURFACE_STYLE_USAGE(.BOTH.,#9765);
#9695=SURFACE_STYLE_USAGE(.BOTH.,#9766);
#9696=SURFACE_STYLE_USAGE(.BOTH.,#9767);
#9697=SURFACE_STYLE_USAGE(.BOTH.,#9768);
#9698=SURFACE_STYLE_USAGE(.BOTH.,#9769);
#9699=SURFACE_STYLE_USAGE(.BOTH.,#9770);
#9700=SURFACE_STYLE_USAGE(.BOTH.,#9771);
#9701=SURFACE_STYLE_USAGE(.BOTH.,#9772);
#9702=SURFACE_STYLE_USAGE(.BOTH.,#9773);
#9703=SURFACE_STYLE_USAGE(.BOTH.,#9774);
#9704=SURFACE_STYLE_USAGE(.BOTH.,#9775);
#9705=SURFACE_STYLE_USAGE(.BOTH.,#9776);
#9706=SURFACE_STYLE_USAGE(.BOTH.,#9777);
#9707=SURFACE_STYLE_USAGE(.BOTH.,#9778);
#9708=SURFACE_STYLE_USAGE(.BOTH.,#9779);
#9709=SURFACE_STYLE_USAGE(.BOTH.,#9780);
#9710=SURFACE_STYLE_USAGE(.BOTH.,#9781);
#9711=SURFACE_STYLE_USAGE(.BOTH.,#9782);
#9712=SURFACE_STYLE_USAGE(.BOTH.,#9783);
#9713=SURFACE_STYLE_USAGE(.BOTH.,#9784);
#9714=SURFACE_STYLE_USAGE(.BOTH.,#9785);
#9715=SURFACE_STYLE_USAGE(.BOTH.,#9786);
#9716=SURFACE_STYLE_USAGE(.BOTH.,#9787);
#9717=SURFACE_STYLE_USAGE(.BOTH.,#9788);
#9718=SURFACE_STYLE_USAGE(.BOTH.,#9789);
#9719=SURFACE_STYLE_USAGE(.BOTH.,#9790);
#9720=SURFACE_STYLE_USAGE(.BOTH.,#9791);
#9721=SURFACE_STYLE_USAGE(.BOTH.,#9792);
#9722=SURFACE_STYLE_USAGE(.BOTH.,#9793);
#9723=SURFACE_STYLE_USAGE(.BOTH.,#9794);
#9724=SURFACE_STYLE_USAGE(.BOTH.,#9795);
#9725=SURFACE_STYLE_USAGE(.BOTH.,#9796);
#9726=SURFACE_STYLE_USAGE(.BOTH.,#9797);
#9727=SURFACE_STYLE_USAGE(.BOTH.,#9798);
#9728=SURFACE_STYLE_USAGE(.BOTH.,#9799);
#9729=SURFACE_STYLE_USAGE(.BOTH.,#9800);
#9730=SURFACE_STYLE_USAGE(.BOTH.,#9801);
#9731=SURFACE_STYLE_USAGE(.BOTH.,#9802);
#9732=SURFACE_STYLE_USAGE(.BOTH.,#9803);
#9733=SURFACE_STYLE_USAGE(.BOTH.,#9804);
#9734=SURFACE_STYLE_USAGE(.BOTH.,#9805);
#9735=SURFACE_STYLE_USAGE(.BOTH.,#9806);
#9736=SURFACE_STYLE_USAGE(.BOTH.,#9807);
#9737=SURFACE_STYLE_USAGE(.BOTH.,#9808);
#9738=SURFACE_STYLE_USAGE(.BOTH.,#9809);
#9739=SURFACE_STYLE_USAGE(.BOTH.,#9810);
#9740=SURFACE_STYLE_USAGE(.BOTH.,#9811);
#9741=SURFACE_STYLE_USAGE(.BOTH.,#9812);
#9742=SURFACE_STYLE_USAGE(.BOTH.,#9813);
#9743=SURFACE_STYLE_USAGE(.BOTH.,#9814);
#9744=SURFACE_STYLE_USAGE(.BOTH.,#9815);
#9745=SURFACE_STYLE_USAGE(.BOTH.,#9816);
#9746=SURFACE_STYLE_USAGE(.BOTH.,#9817);
#9747=SURFACE_STYLE_USAGE(.BOTH.,#9818);
#9748=SURFACE_STYLE_USAGE(.BOTH.,#9819);
#9749=SURFACE_STYLE_USAGE(.BOTH.,#9820);
#9750=SURFACE_STYLE_USAGE(.BOTH.,#9821);
#9751=SURFACE_STYLE_USAGE(.BOTH.,#9822);
#9752=SURFACE_STYLE_USAGE(.BOTH.,#9823);
#9753=SURFACE_STYLE_USAGE(.BOTH.,#9824);
#9754=SURFACE_STYLE_USAGE(.BOTH.,#9825);
#9755=SURFACE_STYLE_USAGE(.BOTH.,#9826);
#9756=SURFACE_STYLE_USAGE(.BOTH.,#9827);
#9757=SURFACE_STYLE_USAGE(.BOTH.,#9828);
#9758=SURFACE_STYLE_USAGE(.BOTH.,#9829);
#9759=SURFACE_STYLE_USAGE(.BOTH.,#9830);
#9760=SURFACE_STYLE_USAGE(.BOTH.,#9831);
#9761=SURFACE_STYLE_USAGE(.BOTH.,#9832);
#9762=SURFACE_STYLE_USAGE(.BOTH.,#9833);
#9763=SURFACE_SIDE_STYLE('',(#9834));
#9764=SURFACE_SIDE_STYLE('',(#9835));
#9765=SURFACE_SIDE_STYLE('',(#9836));
#9766=SURFACE_SIDE_STYLE('',(#9837));
#9767=SURFACE_SIDE_STYLE('',(#9838));
#9768=SURFACE_SIDE_STYLE('',(#9839));
#9769=SURFACE_SIDE_STYLE('',(#9840));
#9770=SURFACE_SIDE_STYLE('',(#9841));
#9771=SURFACE_SIDE_STYLE('',(#9842));
#9772=SURFACE_SIDE_STYLE('',(#9843));
#9773=SURFACE_SIDE_STYLE('',(#9844));
#9774=SURFACE_SIDE_STYLE('',(#9845));
#9775=SURFACE_SIDE_STYLE('',(#9846));
#9776=SURFACE_SIDE_STYLE('',(#9847));
#9777=SURFACE_SIDE_STYLE('',(#9848));
#9778=SURFACE_SIDE_STYLE('',(#9849));
#9779=SURFACE_SIDE_STYLE('',(#9850));
#9780=SURFACE_SIDE_STYLE('',(#9851));
#9781=SURFACE_SIDE_STYLE('',(#9852));
#9782=SURFACE_SIDE_STYLE('',(#9853));
#9783=SURFACE_SIDE_STYLE('',(#9854));
#9784=SURFACE_SIDE_STYLE('',(#9855));
#9785=SURFACE_SIDE_STYLE('',(#9856));
#9786=SURFACE_SIDE_STYLE('',(#9857));
#9787=SURFACE_SIDE_STYLE('',(#9858));
#9788=SURFACE_SIDE_STYLE('',(#9859));
#9789=SURFACE_SIDE_STYLE('',(#9860));
#9790=SURFACE_SIDE_STYLE('',(#9861));
#9791=SURFACE_SIDE_STYLE('',(#9862));
#9792=SURFACE_SIDE_STYLE('',(#9863));
#9793=SURFACE_SIDE_STYLE('',(#9864));
#9794=SURFACE_SIDE_STYLE('',(#9865));
#9795=SURFACE_SIDE_STYLE('',(#9866));
#9796=SURFACE_SIDE_STYLE('',(#9867));
#9797=SURFACE_SIDE_STYLE('',(#9868));
#9798=SURFACE_SIDE_STYLE('',(#9869));
#9799=SURFACE_SIDE_STYLE('',(#9870));
#9800=SURFACE_SIDE_STYLE('',(#9871));
#9801=SURFACE_SIDE_STYLE('',(#9872));
#9802=SURFACE_SIDE_STYLE('',(#9873));
#9803=SURFACE_SIDE_STYLE('',(#9874));
#9804=SURFACE_SIDE_STYLE('',(#9875));
#9805=SURFACE_SIDE_STYLE('',(#9876));
#9806=SURFACE_SIDE_STYLE('',(#9877));
#9807=SURFACE_SIDE_STYLE('',(#9878));
#9808=SURFACE_SIDE_STYLE('',(#9879));
#9809=SURFACE_SIDE_STYLE('',(#9880));
#9810=SURFACE_SIDE_STYLE('',(#9881));
#9811=SURFACE_SIDE_STYLE('',(#9882));
#9812=SURFACE_SIDE_STYLE('',(#9883));
#9813=SURFACE_SIDE_STYLE('',(#9884));
#9814=SURFACE_SIDE_STYLE('',(#9885));
#9815=SURFACE_SIDE_STYLE('',(#9886));
#9816=SURFACE_SIDE_STYLE('',(#9887));
#9817=SURFACE_SIDE_STYLE('',(#9888));
#9818=SURFACE_SIDE_STYLE('',(#9889));
#9819=SURFACE_SIDE_STYLE('',(#9890));
#9820=SURFACE_SIDE_STYLE('',(#9891));
#9821=SURFACE_SIDE_STYLE('',(#9892));
#9822=SURFACE_SIDE_STYLE('',(#9893));
#9823=SURFACE_SIDE_STYLE('',(#9894));
#9824=SURFACE_SIDE_STYLE('',(#9895));
#9825=SURFACE_SIDE_STYLE('',(#9896));
#9826=SURFACE_SIDE_STYLE('',(#9897));
#9827=SURFACE_SIDE_STYLE('',(#9898));
#9828=SURFACE_SIDE_STYLE('',(#9899));
#9829=SURFACE_SIDE_STYLE('',(#9900));
#9830=SURFACE_SIDE_STYLE('',(#9901));
#9831=SURFACE_SIDE_STYLE('',(#9902));
#9832=SURFACE_SIDE_STYLE('',(#9903));
#9833=SURFACE_SIDE_STYLE('',(#9904));
#9834=SURFACE_STYLE_FILL_AREA(#9905);
#9835=SURFACE_STYLE_FILL_AREA(#9906);
#9836=SURFACE_STYLE_FILL_AREA(#9907);
#9837=SURFACE_STYLE_FILL_AREA(#9908);
#9838=SURFACE_STYLE_FILL_AREA(#9909);
#9839=SURFACE_STYLE_FILL_AREA(#9910);
#9840=SURFACE_STYLE_FILL_AREA(#9911);
#9841=SURFACE_STYLE_FILL_AREA(#9912);
#9842=SURFACE_STYLE_FILL_AREA(#9913);
#9843=SURFACE_STYLE_FILL_AREA(#9914);
#9844=SURFACE_STYLE_FILL_AREA(#9915);
#9845=SURFACE_STYLE_FILL_AREA(#9916);
#9846=SURFACE_STYLE_FILL_AREA(#9917);
#9847=SURFACE_STYLE_FILL_AREA(#9918);
#9848=SURFACE_STYLE_FILL_AREA(#9919);
#9849=SURFACE_STYLE_FILL_AREA(#9920);
#9850=SURFACE_STYLE_FILL_AREA(#9921);
#9851=SURFACE_STYLE_FILL_AREA(#9922);
#9852=SURFACE_STYLE_FILL_AREA(#9923);
#9853=SURFACE_STYLE_FILL_AREA(#9924);
#9854=SURFACE_STYLE_FILL_AREA(#9925);
#9855=SURFACE_STYLE_FILL_AREA(#9926);
#9856=SURFACE_STYLE_FILL_AREA(#9927);
#9857=SURFACE_STYLE_FILL_AREA(#9928);
#9858=SURFACE_STYLE_FILL_AREA(#9929);
#9859=SURFACE_STYLE_FILL_AREA(#9930);
#9860=SURFACE_STYLE_FILL_AREA(#9931);
#9861=SURFACE_STYLE_FILL_AREA(#9932);
#9862=SURFACE_STYLE_FILL_AREA(#9933);
#9863=SURFACE_STYLE_FILL_AREA(#9934);
#9864=SURFACE_STYLE_FILL_AREA(#9935);
#9865=SURFACE_STYLE_FILL_AREA(#9936);
#9866=SURFACE_STYLE_FILL_AREA(#9937);
#9867=SURFACE_STYLE_FILL_AREA(#9938);
#9868=SURFACE_STYLE_FILL_AREA(#9939);
#9869=SURFACE_STYLE_FILL_AREA(#9940);
#9870=SURFACE_STYLE_FILL_AREA(#9941);
#9871=SURFACE_STYLE_FILL_AREA(#9942);
#9872=SURFACE_STYLE_FILL_AREA(#9943);
#9873=SURFACE_STYLE_FILL_AREA(#9944);
#9874=SURFACE_STYLE_FILL_AREA(#9945);
#9875=SURFACE_STYLE_FILL_AREA(#9946);
#9876=SURFACE_STYLE_FILL_AREA(#9947);
#9877=SURFACE_STYLE_FILL_AREA(#9948);
#9878=SURFACE_STYLE_FILL_AREA(#9949);
#9879=SURFACE_STYLE_FILL_AREA(#9950);
#9880=SURFACE_STYLE_FILL_AREA(#9951);
#9881=SURFACE_STYLE_FILL_AREA(#9952);
#9882=SURFACE_STYLE_FILL_AREA(#9953);
#9883=SURFACE_STYLE_FILL_AREA(#9954);
#9884=SURFACE_STYLE_FILL_AREA(#9955);
#9885=SURFACE_STYLE_FILL_AREA(#9956);
#9886=SURFACE_STYLE_FILL_AREA(#9957);
#9887=SURFACE_STYLE_FILL_AREA(#9958);
#9888=SURFACE_STYLE_FILL_AREA(#9959);
#9889=SURFACE_STYLE_FILL_AREA(#9960);
#9890=SURFACE_STYLE_FILL_AREA(#9961);
#9891=SURFACE_STYLE_FILL_AREA(#9962);
#9892=SURFACE_STYLE_FILL_AREA(#9963);
#9893=SURFACE_STYLE_FILL_AREA(#9964);
#9894=SURFACE_STYLE_FILL_AREA(#9965);
#9895=SURFACE_STYLE_FILL_AREA(#9966);
#9896=SURFACE_STYLE_FILL_AREA(#9967);
#9897=SURFACE_STYLE_FILL_AREA(#9968);
#9898=SURFACE_STYLE_FILL_AREA(#9969);
#9899=SURFACE_STYLE_FILL_AREA(#9970);
#9900=SURFACE_STYLE_FILL_AREA(#9971);
#9901=SURFACE_STYLE_FILL_AREA(#9972);
#9902=SURFACE_STYLE_FILL_AREA(#9973);
#9903=SURFACE_STYLE_FILL_AREA(#9974);
#9904=SURFACE_STYLE_FILL_AREA(#9975);
#9905=FILL_AREA_STYLE('',(#9976));
#9906=FILL_AREA_STYLE('',(#9977));
#9907=FILL_AREA_STYLE('',(#9978));
#9908=FILL_AREA_STYLE('',(#9979));
#9909=FILL_AREA_STYLE('',(#9980));
#9910=FILL_AREA_STYLE('',(#9981));
#9911=FILL_AREA_STYLE('',(#9982));
#9912=FILL_AREA_STYLE('',(#9983));
#9913=FILL_AREA_STYLE('',(#9984));
#9914=FILL_AREA_STYLE('',(#9985));
#9915=FILL_AREA_STYLE('',(#9986));
#9916=FILL_AREA_STYLE('',(#9987));
#9917=FILL_AREA_STYLE('',(#9988));
#9918=FILL_AREA_STYLE('',(#9989));
#9919=FILL_AREA_STYLE('',(#9990));
#9920=FILL_AREA_STYLE('',(#9991));
#9921=FILL_AREA_STYLE('',(#9992));
#9922=FILL_AREA_STYLE('',(#9993));
#9923=FILL_AREA_STYLE('',(#9994));
#9924=FILL_AREA_STYLE('',(#9995));
#9925=FILL_AREA_STYLE('',(#9996));
#9926=FILL_AREA_STYLE('',(#9997));
#9927=FILL_AREA_STYLE('',(#9998));
#9928=FILL_AREA_STYLE('',(#9999));
#9929=FILL_AREA_STYLE('',(#10000));
#9930=FILL_AREA_STYLE('',(#10001));
#9931=FILL_AREA_STYLE('',(#10002));
#9932=FILL_AREA_STYLE('',(#10003));
#9933=FILL_AREA_STYLE('',(#10004));
#9934=FILL_AREA_STYLE('',(#10005));
#9935=FILL_AREA_STYLE('',(#10006));
#9936=FILL_AREA_STYLE('',(#10007));
#9937=FILL_AREA_STYLE('',(#10008));
#9938=FILL_AREA_STYLE('',(#10009));
#9939=FILL_AREA_STYLE('',(#10010));
#9940=FILL_AREA_STYLE('',(#10011));
#9941=FILL_AREA_STYLE('',(#10012));
#9942=FILL_AREA_STYLE('',(#10013));
#9943=FILL_AREA_STYLE('',(#10014));
#9944=FILL_AREA_STYLE('',(#10015));
#9945=FILL_AREA_STYLE('',(#10016));
#9946=FILL_AREA_STYLE('',(#10017));
#9947=FILL_AREA_STYLE('',(#10018));
#9948=FILL_AREA_STYLE('',(#10019));
#9949=FILL_AREA_STYLE('',(#10020));
#9950=FILL_AREA_STYLE('',(#10021));
#9951=FILL_AREA_STYLE('',(#10022));
#9952=FILL_AREA_STYLE('',(#10023));
#9953=FILL_AREA_STYLE('',(#10024));
#9954=FILL_AREA_STYLE('',(#10025));
#9955=FILL_AREA_STYLE('',(#10026));
#9956=FILL_AREA_STYLE('',(#10027));
#9957=FILL_AREA_STYLE('',(#10028));
#9958=FILL_AREA_STYLE('',(#10029));
#9959=FILL_AREA_STYLE('',(#10030));
#9960=FILL_AREA_STYLE('',(#10031));
#9961=FILL_AREA_STYLE('',(#10032));
#9962=FILL_AREA_STYLE('',(#10033));
#9963=FILL_AREA_STYLE('',(#10034));
#9964=FILL_AREA_STYLE('',(#10035));
#9965=FILL_AREA_STYLE('',(#10036));
#9966=FILL_AREA_STYLE('',(#10037));
#9967=FILL_AREA_STYLE('',(#10038));
#9968=FILL_AREA_STYLE('',(#10039));
#9969=FILL_AREA_STYLE('',(#10040));
#9970=FILL_AREA_STYLE('',(#10041));
#9971=FILL_AREA_STYLE('',(#10042));
#9972=FILL_AREA_STYLE('',(#10043));
#9973=FILL_AREA_STYLE('',(#10044));
#9974=FILL_AREA_STYLE('',(#10045));
#9975=FILL_AREA_STYLE('',(#10046));
#9976=FILL_AREA_STYLE_COLOUR('',#10047);
#9977=FILL_AREA_STYLE_COLOUR('',#10048);
#9978=FILL_AREA_STYLE_COLOUR('',#10048);
#9979=FILL_AREA_STYLE_COLOUR('',#10048);
#9980=FILL_AREA_STYLE_COLOUR('',#10048);
#9981=FILL_AREA_STYLE_COLOUR('',#10048);
#9982=FILL_AREA_STYLE_COLOUR('',#10048);
#9983=FILL_AREA_STYLE_COLOUR('',#10048);
#9984=FILL_AREA_STYLE_COLOUR('',#10048);
#9985=FILL_AREA_STYLE_COLOUR('',#10048);
#9986=FILL_AREA_STYLE_COLOUR('',#10048);
#9987=FILL_AREA_STYLE_COLOUR('',#10048);
#9988=FILL_AREA_STYLE_COLOUR('',#10048);
#9989=FILL_AREA_STYLE_COLOUR('',#10048);
#9990=FILL_AREA_STYLE_COLOUR('',#10048);
#9991=FILL_AREA_STYLE_COLOUR('',#10048);
#9992=FILL_AREA_STYLE_COLOUR('',#10048);
#9993=FILL_AREA_STYLE_COLOUR('',#10048);
#9994=FILL_AREA_STYLE_COLOUR('',#10048);
#9995=FILL_AREA_STYLE_COLOUR('',#10048);
#9996=FILL_AREA_STYLE_COLOUR('',#10048);
#9997=FILL_AREA_STYLE_COLOUR('',#10048);
#9998=FILL_AREA_STYLE_COLOUR('',#10048);
#9999=FILL_AREA_STYLE_COLOUR('',#10047);
#10000=FILL_AREA_STYLE_COLOUR('',#10047);
#10001=FILL_AREA_STYLE_COLOUR('',#10047);
#10002=FILL_AREA_STYLE_COLOUR('',#10047);
#10003=FILL_AREA_STYLE_COLOUR('',#10047);
#10004=FILL_AREA_STYLE_COLOUR('',#10047);
#10005=FILL_AREA_STYLE_COLOUR('',#10047);
#10006=FILL_AREA_STYLE_COLOUR('',#10047);
#10007=FILL_AREA_STYLE_COLOUR('',#10047);
#10008=FILL_AREA_STYLE_COLOUR('',#10047);
#10009=FILL_AREA_STYLE_COLOUR('',#10047);
#10010=FILL_AREA_STYLE_COLOUR('',#10047);
#10011=FILL_AREA_STYLE_COLOUR('',#10047);
#10012=FILL_AREA_STYLE_COLOUR('',#10047);
#10013=FILL_AREA_STYLE_COLOUR('',#10047);
#10014=FILL_AREA_STYLE_COLOUR('',#10047);
#10015=FILL_AREA_STYLE_COLOUR('',#10047);
#10016=FILL_AREA_STYLE_COLOUR('',#10047);
#10017=FILL_AREA_STYLE_COLOUR('',#10047);
#10018=FILL_AREA_STYLE_COLOUR('',#10047);
#10019=FILL_AREA_STYLE_COLOUR('',#10047);
#10020=FILL_AREA_STYLE_COLOUR('',#10047);
#10021=FILL_AREA_STYLE_COLOUR('',#10047);
#10022=FILL_AREA_STYLE_COLOUR('',#10047);
#10023=FILL_AREA_STYLE_COLOUR('',#10047);
#10024=FILL_AREA_STYLE_COLOUR('',#10047);
#10025=FILL_AREA_STYLE_COLOUR('',#10047);
#10026=FILL_AREA_STYLE_COLOUR('',#10047);
#10027=FILL_AREA_STYLE_COLOUR('',#10047);
#10028=FILL_AREA_STYLE_COLOUR('',#10047);
#10029=FILL_AREA_STYLE_COLOUR('',#10047);
#10030=FILL_AREA_STYLE_COLOUR('',#10048);
#10031=FILL_AREA_STYLE_COLOUR('',#10048);
#10032=FILL_AREA_STYLE_COLOUR('',#10048);
#10033=FILL_AREA_STYLE_COLOUR('',#10048);
#10034=FILL_AREA_STYLE_COLOUR('',#10048);
#10035=FILL_AREA_STYLE_COLOUR('',#10048);
#10036=FILL_AREA_STYLE_COLOUR('',#10048);
#10037=FILL_AREA_STYLE_COLOUR('',#10048);
#10038=FILL_AREA_STYLE_COLOUR('',#10047);
#10039=FILL_AREA_STYLE_COLOUR('',#10048);
#10040=FILL_AREA_STYLE_COLOUR('',#10048);
#10041=FILL_AREA_STYLE_COLOUR('',#10048);
#10042=FILL_AREA_STYLE_COLOUR('',#10048);
#10043=FILL_AREA_STYLE_COLOUR('',#10048);
#10044=FILL_AREA_STYLE_COLOUR('',#10048);
#10045=FILL_AREA_STYLE_COLOUR('',#10048);
#10046=FILL_AREA_STYLE_COLOUR('',#10048);
#10047=COLOUR_RGB('',0.615686274509804,0.811764705882353,0.929411764705882);
#10048=COLOUR_RGB('',0.823529411764706,0.823529411764706,1.);
#10049=MANIFOLD_SOLID_BREP('Part 1',#9541);
#10050=MANIFOLD_SOLID_BREP('Part1__PartBody_1',#9542);
#10051=MANIFOLD_SOLID_BREP('pilares pionsat__PartBody_15',#9543);
#10052=MANIFOLD_SOLID_BREP('barramento__PartBody.2',#9544);
#10053=MANIFOLD_SOLID_BREP('pilares pionsat__PartBody_9',#9545);
#10054=MANIFOLD_SOLID_BREP('barramento__PartBody.1',#9546);
#10055=MANIFOLD_SOLID_BREP('pilares pionsat__PartBody_12',#9547);
#10056=MANIFOLD_SOLID_BREP('Part1__PartBody_3',#9548);
#10057=MANIFOLD_SOLID_BREP('1730_2',#9549);
#10058=MANIFOLD_SOLID_BREP('pilares pionsat__PartBody_7',#9550);
#10059=MANIFOLD_SOLID_BREP('1730',#9551);
#10060=MANIFOLD_SOLID_BREP('barramento__PartBody.2_3',#9552);
#10061=MANIFOLD_SOLID_BREP('barramento__PartBody.1_1',#9553);
#10062=MANIFOLD_SOLID_BREP('1730_1',#9554);
#10063=MANIFOLD_SOLID_BREP('pilares pionsat__PartBody_11',#9555);
#10064=MANIFOLD_SOLID_BREP('1730_7',#9556);
#10065=MANIFOLD_SOLID_BREP('1730_6',#9557);
#10066=MANIFOLD_SOLID_BREP('pilares pionsat__PartBody_10',#9558);
#10067=MANIFOLD_SOLID_BREP('pilares pionsat__PartBody_5',#9559);
#10068=MANIFOLD_SOLID_BREP('barramento__PartBody.2_1',#9560);
#10069=MANIFOLD_SOLID_BREP('pilares pionsat__PartBody_8',#9561);
#10070=MANIFOLD_SOLID_BREP('1730_5',#9562);
#10071=MANIFOLD_SOLID_BREP('Part 1',#9563);
#10072=MANIFOLD_SOLID_BREP('pilares pionsat__PartBody_6',#9564);
#10073=MANIFOLD_SOLID_BREP('1730_4',#9565);
#10074=MANIFOLD_SOLID_BREP('Part1__PartBody_2',#9566);
#10075=MANIFOLD_SOLID_BREP('pilares pionsat__PartBody_14',#9567);
#10076=MANIFOLD_SOLID_BREP('pilares pionsat__PartBody_3',#9568);
#10077=MANIFOLD_SOLID_BREP('pilares pionsat__PartBody_1',#9569);
#10078=MANIFOLD_SOLID_BREP('pilares pionsat__PartBody_2',#9570);
#10079=MANIFOLD_SOLID_BREP('1730_3',#9571);
#10080=MANIFOLD_SOLID_BREP('Part 1',#9572);
#10081=MANIFOLD_SOLID_BREP('Part1__PartBody',#9573);
#10082=MANIFOLD_SOLID_BREP('pilares pionsat__PartBody_13',#9574);
#10083=MANIFOLD_SOLID_BREP('pilares pionsat__PartBody',#9575);
#10084=MANIFOLD_SOLID_BREP('barramento__PartBody.2_2',#9576);
#10085=MANIFOLD_SOLID_BREP('barramento__PartBody.1_2',#9577);
#10086=MANIFOLD_SOLID_BREP('pilares pionsat__PartBody_4',#9578);
#10087=MANIFOLD_SOLID_BREP('bateria',#9579);
#10088=MANIFOLD_SOLID_BREP('barramento__PartBody.1_3',#9580);
#10089=SHAPE_DEFINITION_REPRESENTATION(#16741,#10131);
#10090=SHAPE_DEFINITION_REPRESENTATION(#16742,#10132);
#10091=SHAPE_DEFINITION_REPRESENTATION(#16744,#10133);
#10092=SHAPE_DEFINITION_REPRESENTATION(#16745,#10134);
#10093=SHAPE_DEFINITION_REPRESENTATION(#16747,#10135);
#10094=SHAPE_DEFINITION_REPRESENTATION(#16749,#10136);
#10095=SHAPE_DEFINITION_REPRESENTATION(#16751,#10137);
#10096=SHAPE_DEFINITION_REPRESENTATION(#16753,#10138);
#10097=SHAPE_DEFINITION_REPRESENTATION(#16755,#10139);
#10098=SHAPE_DEFINITION_REPRESENTATION(#16757,#10140);
#10099=SHAPE_DEFINITION_REPRESENTATION(#16759,#10141);
#10100=SHAPE_DEFINITION_REPRESENTATION(#16761,#10142);
#10101=SHAPE_DEFINITION_REPRESENTATION(#16763,#10143);
#10102=SHAPE_DEFINITION_REPRESENTATION(#16765,#10144);
#10103=SHAPE_DEFINITION_REPRESENTATION(#16767,#10145);
#10104=SHAPE_DEFINITION_REPRESENTATION(#16769,#10146);
#10105=SHAPE_DEFINITION_REPRESENTATION(#16771,#10147);
#10106=SHAPE_DEFINITION_REPRESENTATION(#16773,#10148);
#10107=SHAPE_DEFINITION_REPRESENTATION(#16775,#10149);
#10108=SHAPE_DEFINITION_REPRESENTATION(#16777,#10150);
#10109=SHAPE_DEFINITION_REPRESENTATION(#16779,#10151);
#10110=SHAPE_DEFINITION_REPRESENTATION(#16781,#10152);
#10111=SHAPE_DEFINITION_REPRESENTATION(#16783,#10153);
#10112=SHAPE_DEFINITION_REPRESENTATION(#16785,#10154);
#10113=SHAPE_DEFINITION_REPRESENTATION(#16787,#10155);
#10114=SHAPE_DEFINITION_REPRESENTATION(#16789,#10156);
#10115=SHAPE_DEFINITION_REPRESENTATION(#16791,#10157);
#10116=SHAPE_DEFINITION_REPRESENTATION(#16793,#10158);
#10117=SHAPE_DEFINITION_REPRESENTATION(#16795,#10159);
#10118=SHAPE_DEFINITION_REPRESENTATION(#16797,#10160);
#10119=SHAPE_DEFINITION_REPRESENTATION(#16800,#10161);
#10120=SHAPE_DEFINITION_REPRESENTATION(#16802,#10162);
#10121=SHAPE_DEFINITION_REPRESENTATION(#16804,#10163);
#10122=SHAPE_DEFINITION_REPRESENTATION(#16806,#10164);
#10123=SHAPE_DEFINITION_REPRESENTATION(#16809,#10165);
#10124=SHAPE_DEFINITION_REPRESENTATION(#16812,#10166);
#10125=SHAPE_DEFINITION_REPRESENTATION(#16814,#10167);
#10126=SHAPE_DEFINITION_REPRESENTATION(#16816,#10168);
#10127=SHAPE_DEFINITION_REPRESENTATION(#16818,#10169);
#10128=SHAPE_DEFINITION_REPRESENTATION(#16820,#10170);
#10129=SHAPE_DEFINITION_REPRESENTATION(#16822,#10171);
#10130=SHAPE_DEFINITION_REPRESENTATION(#16825,#10172);
#10131=SHAPE_REPRESENTATION('Sat com chassi',(#10173,#10196,#11148),#16654);
#10132=SHAPE_REPRESENTATION('Part 1',(#10173),#16655);
#10133=SHAPE_REPRESENTATION('Sat sem chassi <1>',(#10173,#10283,#10300,
#10307,#10324,#10331,#10348,#10435,#10452,#10469,#10486,#10493,#10500,#10517,
#10534,#10551,#10568,#10585,#10602,#10609,#10626,#10643,#10707,#10724,#10741,
#10828,#10845,#10862,#10863,#10880,#10897,#10914,#10978,#10979,#11066,#11067,
#11084,#11101,#11108,#11115,#11132,#11139,#11140,#11147),#16656);
#10134=SHAPE_REPRESENTATION('Part1__PartBody_1',(#10173),#16657);
#10135=SHAPE_REPRESENTATION('pilares pionsat__PartBody_15',(#10173),#16658);
#10136=SHAPE_REPRESENTATION('barramento__PartBody.2',(#10173),#16659);
#10137=SHAPE_REPRESENTATION('pilares pionsat__PartBody_9',(#10173),#16660);
#10138=SHAPE_REPRESENTATION('barramento__PartBody.1',(#10173),#16661);
#10139=SHAPE_REPRESENTATION('pilares pionsat__PartBody_12',(#10173),#16662);
#10140=SHAPE_REPRESENTATION('Part1__PartBody_3',(#10173),#16663);
#10141=SHAPE_REPRESENTATION('1730_2',(#10173),#16664);
#10142=SHAPE_REPRESENTATION('pilares pionsat__PartBody_7',(#10173),#16665);
#10143=SHAPE_REPRESENTATION('1730',(#10173),#16666);
#10144=SHAPE_REPRESENTATION('barramento__PartBody.2_3',(#10173),#16667);
#10145=SHAPE_REPRESENTATION('barramento__PartBody.1_1',(#10173),#16668);
#10146=SHAPE_REPRESENTATION('1730_1',(#10173),#16669);
#10147=SHAPE_REPRESENTATION('pilares pionsat__PartBody_11',(#10173),#16670);
#10148=SHAPE_REPRESENTATION('1730_7',(#10173),#16671);
#10149=SHAPE_REPRESENTATION('1730_6',(#10173),#16672);
#10150=SHAPE_REPRESENTATION('pilares pionsat__PartBody_10',(#10173),#16673);
#10151=SHAPE_REPRESENTATION('pilares pionsat__PartBody_5',(#10173),#16674);
#10152=SHAPE_REPRESENTATION('barramento__PartBody.2_1',(#10173),#16675);
#10153=SHAPE_REPRESENTATION('pilares pionsat__PartBody_8',(#10173),#16676);
#10154=SHAPE_REPRESENTATION('1730_5',(#10173),#16677);
#10155=SHAPE_REPRESENTATION('Part 1',(#10173),#16678);
#10156=SHAPE_REPRESENTATION('pilares pionsat__PartBody_6',(#10173),#16679);
#10157=SHAPE_REPRESENTATION('1730_4',(#10173),#16680);
#10158=SHAPE_REPRESENTATION('Part1__PartBody_2',(#10173),#16681);
#10159=SHAPE_REPRESENTATION('pilares pionsat__PartBody_14',(#10173),#16682);
#10160=SHAPE_REPRESENTATION('pilares pionsat__PartBody_3',(#10173),#16683);
#10161=SHAPE_REPRESENTATION('pilares pionsat__PartBody_1',(#10173),#16684);
#10162=SHAPE_REPRESENTATION('pilares pionsat__PartBody_2',(#10173),#16685);
#10163=SHAPE_REPRESENTATION('1730_3',(#10173),#16686);
#10164=SHAPE_REPRESENTATION('Part 1',(#10173),#16687);
#10165=SHAPE_REPRESENTATION('Part1__PartBody',(#10173),#16688);
#10166=SHAPE_REPRESENTATION('pilares pionsat__PartBody_13',(#10173),#16689);
#10167=SHAPE_REPRESENTATION('pilares pionsat__PartBody',(#10173),#16690);
#10168=SHAPE_REPRESENTATION('barramento__PartBody.2_2',(#10173),#16691);
#10169=SHAPE_REPRESENTATION('barramento__PartBody.1_2',(#10173),#16692);
#10170=SHAPE_REPRESENTATION('pilares pionsat__PartBody_4',(#10173),#16693);
#10171=SHAPE_REPRESENTATION('bateria',(#10173),#16694);
#10172=SHAPE_REPRESENTATION('barramento__PartBody.1_3',(#10173),#16695);
#10173=AXIS2_PLACEMENT_3D('',#13957,#11149,#11150);
#10174=AXIS2_PLACEMENT_3D('',#13958,#11151,#11152);
#10175=AXIS2_PLACEMENT_3D('',#13967,#11157,#11158);
#10176=AXIS2_PLACEMENT_3D('',#13973,#11162,#11163);
#10177=AXIS2_PLACEMENT_3D('',#13979,#11167,#11168);
#10178=AXIS2_PLACEMENT_3D('',#13988,#11173,#11174);
#10179=AXIS2_PLACEMENT_3D('',#13997,#11179,#11180);
#10180=AXIS2_PLACEMENT_3D('',#14006,#11185,#11186);
#10181=AXIS2_PLACEMENT_3D('',#14015,#11191,#11192);
#10182=AXIS2_PLACEMENT_3D('',#14018,#11195,#11196);
#10183=AXIS2_PLACEMENT_3D('',#14019,#11197,#11198);
#10184=AXIS2_PLACEMENT_3D('',#14020,#11199,#11200);
#10185=AXIS2_PLACEMENT_3D('',#14021,#11201,#11202);
#10186=AXIS2_PLACEMENT_3D('',#14022,#11203,#11204);
#10187=AXIS2_PLACEMENT_3D('',#14023,#11205,#11206);
#10188=AXIS2_PLACEMENT_3D('',#14024,#11207,#11208);
#10189=AXIS2_PLACEMENT_3D('',#14025,#11209,#11210);
#10190=AXIS2_PLACEMENT_3D('',#14026,#11211,#11212);
#10191=AXIS2_PLACEMENT_3D('',#14027,#11213,#11214);
#10192=AXIS2_PLACEMENT_3D('',#14028,#11215,#11216);
#10193=AXIS2_PLACEMENT_3D('',#14029,#11217,#11218);
#10194=AXIS2_PLACEMENT_3D('',#14030,#11219,#11220);
#10195=AXIS2_PLACEMENT_3D('',#14031,#11221,#11222);
#10196=AXIS2_PLACEMENT_3D('',#14032,#11223,#11224);
#10197=AXIS2_PLACEMENT_3D('',#14033,#11225,#11226);
#10198=AXIS2_PLACEMENT_3D('',#14034,#11227,#11228);
#10199=AXIS2_PLACEMENT_3D('',#14036,#11229,#11230);
#10200=AXIS2_PLACEMENT_3D('',#14038,#11231,#11232);
#10201=AXIS2_PLACEMENT_3D('',#14039,#11233,#11234);
#10202=AXIS2_PLACEMENT_3D('',#14041,#11235,#11236);
#10203=AXIS2_PLACEMENT_3D('',#14043,#11237,#11238);
#10204=AXIS2_PLACEMENT_3D('',#14044,#11239,#11240);
#10205=AXIS2_PLACEMENT_3D('',#14046,#11241,#11242);
#10206=AXIS2_PLACEMENT_3D('',#14048,#11243,#11244);
#10207=AXIS2_PLACEMENT_3D('',#14049,#11245,#11246);
#10208=AXIS2_PLACEMENT_3D('',#14051,#11247,#11248);
#10209=AXIS2_PLACEMENT_3D('',#14053,#11249,#11250);
#10210=AXIS2_PLACEMENT_3D('',#14054,#11251,#11252);
#10211=AXIS2_PLACEMENT_3D('',#14059,#11254,#11255);
#10212=AXIS2_PLACEMENT_3D('',#14062,#11257,#11258);
#10213=AXIS2_PLACEMENT_3D('',#14063,#11259,#11260);
#10214=AXIS2_PLACEMENT_3D('',#14068,#11262,#11263);
#10215=AXIS2_PLACEMENT_3D('',#14071,#11265,#11266);
#10216=AXIS2_PLACEMENT_3D('',#14075,#11268,#11269);
#10217=AXIS2_PLACEMENT_3D('',#14076,#11270,#11271);
#10218=AXIS2_PLACEMENT_3D('',#14077,#11272,#11273);
#10219=AXIS2_PLACEMENT_3D('',#14083,#11277,#11278);
#10220=AXIS2_PLACEMENT_3D('',#14089,#11282,#11283);
#10221=AXIS2_PLACEMENT_3D('',#14093,#11285,#11286);
#10222=AXIS2_PLACEMENT_3D('',#14094,#11287,#11288);
#10223=AXIS2_PLACEMENT_3D('',#14095,#11289,#11290);
#10224=AXIS2_PLACEMENT_3D('',#14096,#11291,#11292);
#10225=AXIS2_PLACEMENT_3D('',#14097,#11293,#11294);
#10226=AXIS2_PLACEMENT_3D('',#14098,#11295,#11296);
#10227=AXIS2_PLACEMENT_3D('',#14104,#11300,#11301);
#10228=AXIS2_PLACEMENT_3D('',#14105,#11302,#11303);
#10229=AXIS2_PLACEMENT_3D('',#14109,#11305,#11306);
#10230=AXIS2_PLACEMENT_3D('',#14110,#11307,#11308);
#10231=AXIS2_PLACEMENT_3D('',#14111,#11309,#11310);
#10232=AXIS2_PLACEMENT_3D('',#14116,#11312,#11313);
#10233=AXIS2_PLACEMENT_3D('',#14119,#11315,#11316);
#10234=AXIS2_PLACEMENT_3D('',#14123,#11318,#11319);
#10235=AXIS2_PLACEMENT_3D('',#14124,#11320,#11321);
#10236=AXIS2_PLACEMENT_3D('',#14125,#11322,#11323);
#10237=AXIS2_PLACEMENT_3D('',#14131,#11327,#11328);
#10238=AXIS2_PLACEMENT_3D('',#14137,#11332,#11333);
#10239=AXIS2_PLACEMENT_3D('',#14141,#11335,#11336);
#10240=AXIS2_PLACEMENT_3D('',#14142,#11337,#11338);
#10241=AXIS2_PLACEMENT_3D('',#14143,#11339,#11340);
#10242=AXIS2_PLACEMENT_3D('',#14144,#11341,#11342);
#10243=AXIS2_PLACEMENT_3D('',#14145,#11343,#11344);
#10244=AXIS2_PLACEMENT_3D('',#14146,#11345,#11346);
#10245=AXIS2_PLACEMENT_3D('',#14152,#11350,#11351);
#10246=AXIS2_PLACEMENT_3D('',#14153,#11352,#11353);
#10247=AXIS2_PLACEMENT_3D('',#14157,#11355,#11356);
#10248=AXIS2_PLACEMENT_3D('',#14158,#11357,#11358);
#10249=AXIS2_PLACEMENT_3D('',#14159,#11359,#11360);
#10250=AXIS2_PLACEMENT_3D('',#14164,#11362,#11363);
#10251=AXIS2_PLACEMENT_3D('',#14167,#11365,#11366);
#10252=AXIS2_PLACEMENT_3D('',#14171,#11368,#11369);
#10253=AXIS2_PLACEMENT_3D('',#14172,#11370,#11371);
#10254=AXIS2_PLACEMENT_3D('',#14173,#11372,#11373);
#10255=AXIS2_PLACEMENT_3D('',#14179,#11377,#11378);
#10256=AXIS2_PLACEMENT_3D('',#14185,#11382,#11383);
#10257=AXIS2_PLACEMENT_3D('',#14186,#11384,#11385);
#10258=AXIS2_PLACEMENT_3D('',#14188,#11386,#11387);
#10259=AXIS2_PLACEMENT_3D('',#14191,#11389,#11390);
#10260=AXIS2_PLACEMENT_3D('',#14192,#11391,#11392);
#10261=AXIS2_PLACEMENT_3D('',#14193,#11393,#11394);
#10262=AXIS2_PLACEMENT_3D('',#14194,#11395,#11396);
#10263=AXIS2_PLACEMENT_3D('',#14200,#11400,#11401);
#10264=AXIS2_PLACEMENT_3D('',#14201,#11402,#11403);
#10265=AXIS2_PLACEMENT_3D('',#14205,#11405,#11406);
#10266=AXIS2_PLACEMENT_3D('',#14206,#11407,#11408);
#10267=AXIS2_PLACEMENT_3D('',#14212,#11412,#11413);
#10268=AXIS2_PLACEMENT_3D('',#14218,#11417,#11418);
#10269=AXIS2_PLACEMENT_3D('',#14219,#11419,#11420);
#10270=AXIS2_PLACEMENT_3D('',#14221,#11421,#11422);
#10271=AXIS2_PLACEMENT_3D('',#14224,#11424,#11425);
#10272=AXIS2_PLACEMENT_3D('',#14225,#11426,#11427);
#10273=AXIS2_PLACEMENT_3D('',#14229,#11429,#11430);
#10274=AXIS2_PLACEMENT_3D('',#14230,#11431,#11432);
#10275=AXIS2_PLACEMENT_3D('',#14231,#11433,#11434);
#10276=AXIS2_PLACEMENT_3D('',#14235,#11436,#11437);
#10277=AXIS2_PLACEMENT_3D('',#14236,#11438,#11439);
#10278=AXIS2_PLACEMENT_3D('',#14237,#11440,#11441);
#10279=AXIS2_PLACEMENT_3D('',#14241,#11443,#11444);
#10280=AXIS2_PLACEMENT_3D('',#14242,#11445,#11446);
#10281=AXIS2_PLACEMENT_3D('',#14244,#11448,#11449);
#10282=AXIS2_PLACEMENT_3D('',#14246,#11451,#11452);
#10283=AXIS2_PLACEMENT_3D('',#14247,#11453,#11454);
#10284=AXIS2_PLACEMENT_3D('',#14248,#11455,#11456);
#10285=AXIS2_PLACEMENT_3D('',#14249,#11457,#11458);
#10286=AXIS2_PLACEMENT_3D('',#14251,#11459,#11460);
#10287=AXIS2_PLACEMENT_3D('',#14264,#11467,#11468);
#10288=AXIS2_PLACEMENT_3D('',#14266,#11469,#11470);
#10289=AXIS2_PLACEMENT_3D('',#14272,#11474,#11475);
#10290=AXIS2_PLACEMENT_3D('',#14276,#11478,#11479);
#10291=AXIS2_PLACEMENT_3D('',#14280,#11482,#11483);
#10292=AXIS2_PLACEMENT_3D('',#14284,#11486,#11487);
#10293=AXIS2_PLACEMENT_3D('',#14288,#11490,#11491);
#10294=AXIS2_PLACEMENT_3D('',#14290,#11493,#11494);
#10295=AXIS2_PLACEMENT_3D('',#14291,#11495,#11496);
#10296=AXIS2_PLACEMENT_3D('',#14293,#11497,#11498);
#10297=AXIS2_PLACEMENT_3D('',#14294,#11499,#11500);
#10298=AXIS2_PLACEMENT_3D('',#14296,#11501,#11502);
#10299=AXIS2_PLACEMENT_3D('',#14297,#11503,#11504);
#10300=AXIS2_PLACEMENT_3D('',#14298,#11505,#11506);
#10301=AXIS2_PLACEMENT_3D('',#14299,#11507,#11508);
#10302=AXIS2_PLACEMENT_3D('',#14308,#11513,#11514);
#10303=AXIS2_PLACEMENT_3D('',#14314,#11518,#11519);
#10304=AXIS2_PLACEMENT_3D('',#14320,#11523,#11524);
#10305=AXIS2_PLACEMENT_3D('',#14323,#11527,#11528);
#10306=AXIS2_PLACEMENT_3D('',#14324,#11529,#11530);
#10307=AXIS2_PLACEMENT_3D('',#14325,#11531,#11532);
#10308=AXIS2_PLACEMENT_3D('',#14326,#11533,#11534);
#10309=AXIS2_PLACEMENT_3D('',#14327,#11535,#11536);
#10310=AXIS2_PLACEMENT_3D('',#14329,#11537,#11538);
#10311=AXIS2_PLACEMENT_3D('',#14342,#11545,#11546);
#10312=AXIS2_PLACEMENT_3D('',#14344,#11547,#11548);
#10313=AXIS2_PLACEMENT_3D('',#14350,#11552,#11553);
#10314=AXIS2_PLACEMENT_3D('',#14354,#11556,#11557);
#10315=AXIS2_PLACEMENT_3D('',#14358,#11560,#11561);
#10316=AXIS2_PLACEMENT_3D('',#14362,#11564,#11565);
#10317=AXIS2_PLACEMENT_3D('',#14366,#11568,#11569);
#10318=AXIS2_PLACEMENT_3D('',#14368,#11571,#11572);
#10319=AXIS2_PLACEMENT_3D('',#14369,#11573,#11574);
#10320=AXIS2_PLACEMENT_3D('',#14371,#11575,#11576);
#10321=AXIS2_PLACEMENT_3D('',#14372,#11577,#11578);
#10322=AXIS2_PLACEMENT_3D('',#14374,#11579,#11580);
#10323=AXIS2_PLACEMENT_3D('',#14375,#11581,#11582);
#10324=AXIS2_PLACEMENT_3D('',#14376,#11583,#11584);
#10325=AXIS2_PLACEMENT_3D('',#14377,#11585,#11586);
#10326=AXIS2_PLACEMENT_3D('',#14386,#11591,#11592);
#10327=AXIS2_PLACEMENT_3D('',#14392,#11596,#11597);
#10328=AXIS2_PLACEMENT_3D('',#14398,#11601,#11602);
#10329=AXIS2_PLACEMENT_3D('',#14401,#11605,#11606);
#10330=AXIS2_PLACEMENT_3D('',#14402,#11607,#11608);
#10331=AXIS2_PLACEMENT_3D('',#14403,#11609,#11610);
#10332=AXIS2_PLACEMENT_3D('',#14404,#11611,#11612);
#10333=AXIS2_PLACEMENT_3D('',#14405,#11613,#11614);
#10334=AXIS2_PLACEMENT_3D('',#14407,#11615,#11616);
#10335=AXIS2_PLACEMENT_3D('',#14420,#11623,#11624);
#10336=AXIS2_PLACEMENT_3D('',#14422,#11625,#11626);
#10337=AXIS2_PLACEMENT_3D('',#14428,#11630,#11631);
#10338=AXIS2_PLACEMENT_3D('',#14432,#11634,#11635);
#10339=AXIS2_PLACEMENT_3D('',#14436,#11638,#11639);
#10340=AXIS2_PLACEMENT_3D('',#14440,#11642,#11643);
#10341=AXIS2_PLACEMENT_3D('',#14444,#11646,#11647);
#10342=AXIS2_PLACEMENT_3D('',#14446,#11649,#11650);
#10343=AXIS2_PLACEMENT_3D('',#14447,#11651,#11652);
#10344=AXIS2_PLACEMENT_3D('',#14449,#11653,#11654);
#10345=AXIS2_PLACEMENT_3D('',#14450,#11655,#11656);
#10346=AXIS2_PLACEMENT_3D('',#14452,#11657,#11658);
#10347=AXIS2_PLACEMENT_3D('',#14453,#11659,#11660);
#10348=AXIS2_PLACEMENT_3D('',#14454,#11661,#11662);
#10349=AXIS2_PLACEMENT_3D('',#14455,#11663,#11664);
#10350=AXIS2_PLACEMENT_3D('',#14456,#11665,#11666);
#10351=AXIS2_PLACEMENT_3D('',#14458,#11667,#11668);
#10352=AXIS2_PLACEMENT_3D('',#14460,#11669,#11670);
#10353=AXIS2_PLACEMENT_3D('',#14461,#11671,#11672);
#10354=AXIS2_PLACEMENT_3D('',#14463,#11673,#11674);
#10355=AXIS2_PLACEMENT_3D('',#14465,#11675,#11676);
#10356=AXIS2_PLACEMENT_3D('',#14466,#11677,#11678);
#10357=AXIS2_PLACEMENT_3D('',#14468,#11679,#11680);
#10358=AXIS2_PLACEMENT_3D('',#14470,#11681,#11682);
#10359=AXIS2_PLACEMENT_3D('',#14471,#11683,#11684);
#10360=AXIS2_PLACEMENT_3D('',#14473,#11685,#11686);
#10361=AXIS2_PLACEMENT_3D('',#14475,#11687,#11688);
#10362=AXIS2_PLACEMENT_3D('',#14476,#11689,#11690);
#10363=AXIS2_PLACEMENT_3D('',#14481,#11692,#11693);
#10364=AXIS2_PLACEMENT_3D('',#14484,#11695,#11696);
#10365=AXIS2_PLACEMENT_3D('',#14485,#11697,#11698);
#10366=AXIS2_PLACEMENT_3D('',#14490,#11700,#11701);
#10367=AXIS2_PLACEMENT_3D('',#14493,#11703,#11704);
#10368=AXIS2_PLACEMENT_3D('',#14497,#11706,#11707);
#10369=AXIS2_PLACEMENT_3D('',#14498,#11708,#11709);
#10370=AXIS2_PLACEMENT_3D('',#14499,#11710,#11711);
#10371=AXIS2_PLACEMENT_3D('',#14505,#11715,#11716);
#10372=AXIS2_PLACEMENT_3D('',#14511,#11720,#11721);
#10373=AXIS2_PLACEMENT_3D('',#14515,#11723,#11724);
#10374=AXIS2_PLACEMENT_3D('',#14516,#11725,#11726);
#10375=AXIS2_PLACEMENT_3D('',#14517,#11727,#11728);
#10376=AXIS2_PLACEMENT_3D('',#14518,#11729,#11730);
#10377=AXIS2_PLACEMENT_3D('',#14519,#11731,#11732);
#10378=AXIS2_PLACEMENT_3D('',#14520,#11733,#11734);
#10379=AXIS2_PLACEMENT_3D('',#14526,#11738,#11739);
#10380=AXIS2_PLACEMENT_3D('',#14527,#11740,#11741);
#10381=AXIS2_PLACEMENT_3D('',#14531,#11743,#11744);
#10382=AXIS2_PLACEMENT_3D('',#14532,#11745,#11746);
#10383=AXIS2_PLACEMENT_3D('',#14533,#11747,#11748);
#10384=AXIS2_PLACEMENT_3D('',#14538,#11750,#11751);
#10385=AXIS2_PLACEMENT_3D('',#14541,#11753,#11754);
#10386=AXIS2_PLACEMENT_3D('',#14545,#11756,#11757);
#10387=AXIS2_PLACEMENT_3D('',#14546,#11758,#11759);
#10388=AXIS2_PLACEMENT_3D('',#14547,#11760,#11761);
#10389=AXIS2_PLACEMENT_3D('',#14553,#11765,#11766);
#10390=AXIS2_PLACEMENT_3D('',#14559,#11770,#11771);
#10391=AXIS2_PLACEMENT_3D('',#14563,#11773,#11774);
#10392=AXIS2_PLACEMENT_3D('',#14564,#11775,#11776);
#10393=AXIS2_PLACEMENT_3D('',#14565,#11777,#11778);
#10394=AXIS2_PLACEMENT_3D('',#14566,#11779,#11780);
#10395=AXIS2_PLACEMENT_3D('',#14567,#11781,#11782);
#10396=AXIS2_PLACEMENT_3D('',#14568,#11783,#11784);
#10397=AXIS2_PLACEMENT_3D('',#14574,#11788,#11789);
#10398=AXIS2_PLACEMENT_3D('',#14575,#11790,#11791);
#10399=AXIS2_PLACEMENT_3D('',#14579,#11793,#11794);
#10400=AXIS2_PLACEMENT_3D('',#14580,#11795,#11796);
#10401=AXIS2_PLACEMENT_3D('',#14581,#11797,#11798);
#10402=AXIS2_PLACEMENT_3D('',#14586,#11800,#11801);
#10403=AXIS2_PLACEMENT_3D('',#14589,#11803,#11804);
#10404=AXIS2_PLACEMENT_3D('',#14593,#11806,#11807);
#10405=AXIS2_PLACEMENT_3D('',#14594,#11808,#11809);
#10406=AXIS2_PLACEMENT_3D('',#14595,#11810,#11811);
#10407=AXIS2_PLACEMENT_3D('',#14601,#11815,#11816);
#10408=AXIS2_PLACEMENT_3D('',#14607,#11820,#11821);
#10409=AXIS2_PLACEMENT_3D('',#14608,#11822,#11823);
#10410=AXIS2_PLACEMENT_3D('',#14610,#11824,#11825);
#10411=AXIS2_PLACEMENT_3D('',#14613,#11827,#11828);
#10412=AXIS2_PLACEMENT_3D('',#14614,#11829,#11830);
#10413=AXIS2_PLACEMENT_3D('',#14615,#11831,#11832);
#10414=AXIS2_PLACEMENT_3D('',#14616,#11833,#11834);
#10415=AXIS2_PLACEMENT_3D('',#14622,#11838,#11839);
#10416=AXIS2_PLACEMENT_3D('',#14623,#11840,#11841);
#10417=AXIS2_PLACEMENT_3D('',#14627,#11843,#11844);
#10418=AXIS2_PLACEMENT_3D('',#14628,#11845,#11846);
#10419=AXIS2_PLACEMENT_3D('',#14634,#11850,#11851);
#10420=AXIS2_PLACEMENT_3D('',#14640,#11855,#11856);
#10421=AXIS2_PLACEMENT_3D('',#14641,#11857,#11858);
#10422=AXIS2_PLACEMENT_3D('',#14643,#11859,#11860);
#10423=AXIS2_PLACEMENT_3D('',#14646,#11862,#11863);
#10424=AXIS2_PLACEMENT_3D('',#14647,#11864,#11865);
#10425=AXIS2_PLACEMENT_3D('',#14651,#11867,#11868);
#10426=AXIS2_PLACEMENT_3D('',#14652,#11869,#11870);
#10427=AXIS2_PLACEMENT_3D('',#14653,#11871,#11872);
#10428=AXIS2_PLACEMENT_3D('',#14657,#11874,#11875);
#10429=AXIS2_PLACEMENT_3D('',#14658,#11876,#11877);
#10430=AXIS2_PLACEMENT_3D('',#14659,#11878,#11879);
#10431=AXIS2_PLACEMENT_3D('',#14663,#11881,#11882);
#10432=AXIS2_PLACEMENT_3D('',#14664,#11883,#11884);
#10433=AXIS2_PLACEMENT_3D('',#14666,#11886,#11887);
#10434=AXIS2_PLACEMENT_3D('',#14668,#11889,#11890);
#10435=AXIS2_PLACEMENT_3D('',#14669,#11891,#11892);
#10436=AXIS2_PLACEMENT_3D('',#14670,#11893,#11894);
#10437=AXIS2_PLACEMENT_3D('',#14671,#11895,#11896);
#10438=AXIS2_PLACEMENT_3D('',#14673,#11897,#11898);
#10439=AXIS2_PLACEMENT_3D('',#14675,#11899,#11900);
#10440=AXIS2_PLACEMENT_3D('',#14676,#11901,#11902);
#10441=AXIS2_PLACEMENT_3D('',#14678,#11903,#11904);
#10442=AXIS2_PLACEMENT_3D('',#14680,#11905,#11906);
#10443=AXIS2_PLACEMENT_3D('',#14681,#11907,#11908);
#10444=AXIS2_PLACEMENT_3D('',#14694,#11915,#11916);
#10445=AXIS2_PLACEMENT_3D('',#14700,#11920,#11921);
#10446=AXIS2_PLACEMENT_3D('',#14704,#11924,#11925);
#10447=AXIS2_PLACEMENT_3D('',#14708,#11928,#11929);
#10448=AXIS2_PLACEMENT_3D('',#14712,#11932,#11933);
#10449=AXIS2_PLACEMENT_3D('',#14716,#11936,#11937);
#10450=AXIS2_PLACEMENT_3D('',#14718,#11939,#11940);
#10451=AXIS2_PLACEMENT_3D('',#14719,#11941,#11942);
#10452=AXIS2_PLACEMENT_3D('',#14720,#11943,#11944);
#10453=AXIS2_PLACEMENT_3D('',#14721,#11945,#11946);
#10454=AXIS2_PLACEMENT_3D('',#14722,#11947,#11948);
#10455=AXIS2_PLACEMENT_3D('',#14724,#11949,#11950);
#10456=AXIS2_PLACEMENT_3D('',#14737,#11957,#11958);
#10457=AXIS2_PLACEMENT_3D('',#14739,#11959,#11960);
#10458=AXIS2_PLACEMENT_3D('',#14745,#11964,#11965);
#10459=AXIS2_PLACEMENT_3D('',#14749,#11968,#11969);
#10460=AXIS2_PLACEMENT_3D('',#14753,#11972,#11973);
#10461=AXIS2_PLACEMENT_3D('',#14757,#11976,#11977);
#10462=AXIS2_PLACEMENT_3D('',#14761,#11980,#11981);
#10463=AXIS2_PLACEMENT_3D('',#14763,#11983,#11984);
#10464=AXIS2_PLACEMENT_3D('',#14764,#11985,#11986);
#10465=AXIS2_PLACEMENT_3D('',#14766,#11987,#11988);
#10466=AXIS2_PLACEMENT_3D('',#14767,#11989,#11990);
#10467=AXIS2_PLACEMENT_3D('',#14769,#11991,#11992);
#10468=AXIS2_PLACEMENT_3D('',#14770,#11993,#11994);
#10469=AXIS2_PLACEMENT_3D('',#14771,#11995,#11996);
#10470=AXIS2_PLACEMENT_3D('',#14772,#11997,#11998);
#10471=AXIS2_PLACEMENT_3D('',#14773,#11999,#12000);
#10472=AXIS2_PLACEMENT_3D('',#14775,#12001,#12002);
#10473=AXIS2_PLACEMENT_3D('',#14777,#12003,#12004);
#10474=AXIS2_PLACEMENT_3D('',#14778,#12005,#12006);
#10475=AXIS2_PLACEMENT_3D('',#14780,#12007,#12008);
#10476=AXIS2_PLACEMENT_3D('',#14782,#12009,#12010);
#10477=AXIS2_PLACEMENT_3D('',#14783,#12011,#12012);
#10478=AXIS2_PLACEMENT_3D('',#14796,#12019,#12020);
#10479=AXIS2_PLACEMENT_3D('',#14802,#12024,#12025);
#10480=AXIS2_PLACEMENT_3D('',#14806,#12028,#12029);
#10481=AXIS2_PLACEMENT_3D('',#14810,#12032,#12033);
#10482=AXIS2_PLACEMENT_3D('',#14814,#12036,#12037);
#10483=AXIS2_PLACEMENT_3D('',#14818,#12040,#12041);
#10484=AXIS2_PLACEMENT_3D('',#14820,#12043,#12044);
#10485=AXIS2_PLACEMENT_3D('',#14821,#12045,#12046);
#10486=AXIS2_PLACEMENT_3D('',#14822,#12047,#12048);
#10487=AXIS2_PLACEMENT_3D('',#14823,#12049,#12050);
#10488=AXIS2_PLACEMENT_3D('',#14832,#12055,#12056);
#10489=AXIS2_PLACEMENT_3D('',#14838,#12060,#12061);
#10490=AXIS2_PLACEMENT_3D('',#14844,#12065,#12066);
#10491=AXIS2_PLACEMENT_3D('',#14847,#12069,#12070);
#10492=AXIS2_PLACEMENT_3D('',#14848,#12071,#12072);
#10493=AXIS2_PLACEMENT_3D('',#14849,#12073,#12074);
#10494=AXIS2_PLACEMENT_3D('',#14850,#12075,#12076);
#10495=AXIS2_PLACEMENT_3D('',#14859,#12081,#12082);
#10496=AXIS2_PLACEMENT_3D('',#14865,#12086,#12087);
#10497=AXIS2_PLACEMENT_3D('',#14871,#12091,#12092);
#10498=AXIS2_PLACEMENT_3D('',#14874,#12095,#12096);
#10499=AXIS2_PLACEMENT_3D('',#14875,#12097,#12098);
#10500=AXIS2_PLACEMENT_3D('',#14876,#12099,#12100);
#10501=AXIS2_PLACEMENT_3D('',#14877,#12101,#12102);
#10502=AXIS2_PLACEMENT_3D('',#14878,#12103,#12104);
#10503=AXIS2_PLACEMENT_3D('',#14880,#12105,#12106);
#10504=AXIS2_PLACEMENT_3D('',#14882,#12107,#12108);
#10505=AXIS2_PLACEMENT_3D('',#14883,#12109,#12110);
#10506=AXIS2_PLACEMENT_3D('',#14885,#12111,#12112);
#10507=AXIS2_PLACEMENT_3D('',#14887,#12113,#12114);
#10508=AXIS2_PLACEMENT_3D('',#14888,#12115,#12116);
#10509=AXIS2_PLACEMENT_3D('',#14901,#12123,#12124);
#10510=AXIS2_PLACEMENT_3D('',#14907,#12128,#12129);
#10511=AXIS2_PLACEMENT_3D('',#14911,#12132,#12133);
#10512=AXIS2_PLACEMENT_3D('',#14915,#12136,#12137);
#10513=AXIS2_PLACEMENT_3D('',#14919,#12140,#12141);
#10514=AXIS2_PLACEMENT_3D('',#14923,#12144,#12145);
#10515=AXIS2_PLACEMENT_3D('',#14925,#12147,#12148);
#10516=AXIS2_PLACEMENT_3D('',#14926,#12149,#12150);
#10517=AXIS2_PLACEMENT_3D('',#14927,#12151,#12152);
#10518=AXIS2_PLACEMENT_3D('',#14928,#12153,#12154);
#10519=AXIS2_PLACEMENT_3D('',#14929,#12155,#12156);
#10520=AXIS2_PLACEMENT_3D('',#14931,#12157,#12158);
#10521=AXIS2_PLACEMENT_3D('',#14944,#12165,#12166);
#10522=AXIS2_PLACEMENT_3D('',#14946,#12167,#12168);
#10523=AXIS2_PLACEMENT_3D('',#14952,#12172,#12173);
#10524=AXIS2_PLACEMENT_3D('',#14956,#12176,#12177);
#10525=AXIS2_PLACEMENT_3D('',#14960,#12180,#12181);
#10526=AXIS2_PLACEMENT_3D('',#14964,#12184,#12185);
#10527=AXIS2_PLACEMENT_3D('',#14968,#12188,#12189);
#10528=AXIS2_PLACEMENT_3D('',#14970,#12191,#12192);
#10529=AXIS2_PLACEMENT_3D('',#14971,#12193,#12194);
#10530=AXIS2_PLACEMENT_3D('',#14973,#12195,#12196);
#10531=AXIS2_PLACEMENT_3D('',#14974,#12197,#12198);
#10532=AXIS2_PLACEMENT_3D('',#14976,#12199,#12200);
#10533=AXIS2_PLACEMENT_3D('',#14977,#12201,#12202);
#10534=AXIS2_PLACEMENT_3D('',#14978,#12203,#12204);
#10535=AXIS2_PLACEMENT_3D('',#14979,#12205,#12206);
#10536=AXIS2_PLACEMENT_3D('',#14980,#12207,#12208);
#10537=AXIS2_PLACEMENT_3D('',#14982,#12209,#12210);
#10538=AXIS2_PLACEMENT_3D('',#14984,#12211,#12212);
#10539=AXIS2_PLACEMENT_3D('',#14985,#12213,#12214);
#10540=AXIS2_PLACEMENT_3D('',#14987,#12215,#12216);
#10541=AXIS2_PLACEMENT_3D('',#14989,#12217,#12218);
#10542=AXIS2_PLACEMENT_3D('',#14990,#12219,#12220);
#10543=AXIS2_PLACEMENT_3D('',#15003,#12227,#12228);
#10544=AXIS2_PLACEMENT_3D('',#15009,#12232,#12233);
#10545=AXIS2_PLACEMENT_3D('',#15013,#12236,#12237);
#10546=AXIS2_PLACEMENT_3D('',#15017,#12240,#12241);
#10547=AXIS2_PLACEMENT_3D('',#15021,#12244,#12245);
#10548=AXIS2_PLACEMENT_3D('',#15025,#12248,#12249);
#10549=AXIS2_PLACEMENT_3D('',#15027,#12251,#12252);
#10550=AXIS2_PLACEMENT_3D('',#15028,#12253,#12254);
#10551=AXIS2_PLACEMENT_3D('',#15029,#12255,#12256);
#10552=AXIS2_PLACEMENT_3D('',#15030,#12257,#12258);
#10553=AXIS2_PLACEMENT_3D('',#15031,#12259,#12260);
#10554=AXIS2_PLACEMENT_3D('',#15033,#12261,#12262);
#10555=AXIS2_PLACEMENT_3D('',#15035,#12263,#12264);
#10556=AXIS2_PLACEMENT_3D('',#15036,#12265,#12266);
#10557=AXIS2_PLACEMENT_3D('',#15038,#12267,#12268);
#10558=AXIS2_PLACEMENT_3D('',#15040,#12269,#12270);
#10559=AXIS2_PLACEMENT_3D('',#15041,#12271,#12272);
#10560=AXIS2_PLACEMENT_3D('',#15054,#12279,#12280);
#10561=AXIS2_PLACEMENT_3D('',#15060,#12284,#12285);
#10562=AXIS2_PLACEMENT_3D('',#15064,#12288,#12289);
#10563=AXIS2_PLACEMENT_3D('',#15068,#12292,#12293);
#10564=AXIS2_PLACEMENT_3D('',#15072,#12296,#12297);
#10565=AXIS2_PLACEMENT_3D('',#15076,#12300,#12301);
#10566=AXIS2_PLACEMENT_3D('',#15078,#12303,#12304);
#10567=AXIS2_PLACEMENT_3D('',#15079,#12305,#12306);
#10568=AXIS2_PLACEMENT_3D('',#15080,#12307,#12308);
#10569=AXIS2_PLACEMENT_3D('',#15081,#12309,#12310);
#10570=AXIS2_PLACEMENT_3D('',#15082,#12311,#12312);
#10571=AXIS2_PLACEMENT_3D('',#15084,#12313,#12314);
#10572=AXIS2_PLACEMENT_3D('',#15097,#12321,#12322);
#10573=AXIS2_PLACEMENT_3D('',#15099,#12323,#12324);
#10574=AXIS2_PLACEMENT_3D('',#15105,#12328,#12329);
#10575=AXIS2_PLACEMENT_3D('',#15109,#12332,#12333);
#10576=AXIS2_PLACEMENT_3D('',#15113,#12336,#12337);
#10577=AXIS2_PLACEMENT_3D('',#15117,#12340,#12341);
#10578=AXIS2_PLACEMENT_3D('',#15121,#12344,#12345);
#10579=AXIS2_PLACEMENT_3D('',#15123,#12347,#12348);
#10580=AXIS2_PLACEMENT_3D('',#15124,#12349,#12350);
#10581=AXIS2_PLACEMENT_3D('',#15126,#12351,#12352);
#10582=AXIS2_PLACEMENT_3D('',#15127,#12353,#12354);
#10583=AXIS2_PLACEMENT_3D('',#15129,#12355,#12356);
#10584=AXIS2_PLACEMENT_3D('',#15130,#12357,#12358);
#10585=AXIS2_PLACEMENT_3D('',#15131,#12359,#12360);
#10586=AXIS2_PLACEMENT_3D('',#15132,#12361,#12362);
#10587=AXIS2_PLACEMENT_3D('',#15133,#12363,#12364);
#10588=AXIS2_PLACEMENT_3D('',#15135,#12365,#12366);
#10589=AXIS2_PLACEMENT_3D('',#15148,#12373,#12374);
#10590=AXIS2_PLACEMENT_3D('',#15150,#12375,#12376);
#10591=AXIS2_PLACEMENT_3D('',#15156,#12380,#12381);
#10592=AXIS2_PLACEMENT_3D('',#15160,#12384,#12385);
#10593=AXIS2_PLACEMENT_3D('',#15164,#12388,#12389);
#10594=AXIS2_PLACEMENT_3D('',#15168,#12392,#12393);
#10595=AXIS2_PLACEMENT_3D('',#15172,#12396,#12397);
#10596=AXIS2_PLACEMENT_3D('',#15174,#12399,#12400);
#10597=AXIS2_PLACEMENT_3D('',#15175,#12401,#12402);
#10598=AXIS2_PLACEMENT_3D('',#15177,#12403,#12404);
#10599=AXIS2_PLACEMENT_3D('',#15178,#12405,#12406);
#10600=AXIS2_PLACEMENT_3D('',#15180,#12407,#12408);
#10601=AXIS2_PLACEMENT_3D('',#15181,#12409,#12410);
#10602=AXIS2_PLACEMENT_3D('',#15182,#12411,#12412);
#10603=AXIS2_PLACEMENT_3D('',#15183,#12413,#12414);
#10604=AXIS2_PLACEMENT_3D('',#15192,#12419,#12420);
#10605=AXIS2_PLACEMENT_3D('',#15198,#12424,#12425);
#10606=AXIS2_PLACEMENT_3D('',#15204,#12429,#12430);
#10607=AXIS2_PLACEMENT_3D('',#15207,#12433,#12434);
#10608=AXIS2_PLACEMENT_3D('',#15208,#12435,#12436);
#10609=AXIS2_PLACEMENT_3D('',#15209,#12437,#12438);
#10610=AXIS2_PLACEMENT_3D('',#15210,#12439,#12440);
#10611=AXIS2_PLACEMENT_3D('',#15211,#12441,#12442);
#10612=AXIS2_PLACEMENT_3D('',#15213,#12443,#12444);
#10613=AXIS2_PLACEMENT_3D('',#15226,#12451,#12452);
#10614=AXIS2_PLACEMENT_3D('',#15228,#12453,#12454);
#10615=AXIS2_PLACEMENT_3D('',#15234,#12458,#12459);
#10616=AXIS2_PLACEMENT_3D('',#15238,#12462,#12463);
#10617=AXIS2_PLACEMENT_3D('',#15242,#12466,#12467);
#10618=AXIS2_PLACEMENT_3D('',#15246,#12470,#12471);
#10619=AXIS2_PLACEMENT_3D('',#15250,#12474,#12475);
#10620=AXIS2_PLACEMENT_3D('',#15252,#12477,#12478);
#10621=AXIS2_PLACEMENT_3D('',#15253,#12479,#12480);
#10622=AXIS2_PLACEMENT_3D('',#15255,#12481,#12482);
#10623=AXIS2_PLACEMENT_3D('',#15256,#12483,#12484);
#10624=AXIS2_PLACEMENT_3D('',#15258,#12485,#12486);
#10625=AXIS2_PLACEMENT_3D('',#15259,#12487,#12488);
#10626=AXIS2_PLACEMENT_3D('',#15260,#12489,#12490);
#10627=AXIS2_PLACEMENT_3D('',#15261,#12491,#12492);
#10628=AXIS2_PLACEMENT_3D('',#15262,#12493,#12494);
#10629=AXIS2_PLACEMENT_3D('',#15264,#12495,#12496);
#10630=AXIS2_PLACEMENT_3D('',#15266,#12497,#12498);
#10631=AXIS2_PLACEMENT_3D('',#15267,#12499,#12500);
#10632=AXIS2_PLACEMENT_3D('',#15269,#12501,#12502);
#10633=AXIS2_PLACEMENT_3D('',#15271,#12503,#12504);
#10634=AXIS2_PLACEMENT_3D('',#15272,#12505,#12506);
#10635=AXIS2_PLACEMENT_3D('',#15285,#12513,#12514);
#10636=AXIS2_PLACEMENT_3D('',#15291,#12518,#12519);
#10637=AXIS2_PLACEMENT_3D('',#15295,#12522,#12523);
#10638=AXIS2_PLACEMENT_3D('',#15299,#12526,#12527);
#10639=AXIS2_PLACEMENT_3D('',#15303,#12530,#12531);
#10640=AXIS2_PLACEMENT_3D('',#15307,#12534,#12535);
#10641=AXIS2_PLACEMENT_3D('',#15309,#12537,#12538);
#10642=AXIS2_PLACEMENT_3D('',#15310,#12539,#12540);
#10643=AXIS2_PLACEMENT_3D('',#15311,#12541,#12542);
#10644=AXIS2_PLACEMENT_3D('',#15312,#12543,#12544);
#10645=AXIS2_PLACEMENT_3D('',#15313,#12545,#12546);
#10646=AXIS2_PLACEMENT_3D('',#15315,#12547,#12548);
#10647=AXIS2_PLACEMENT_3D('',#15317,#12549,#12550);
#10648=AXIS2_PLACEMENT_3D('',#15318,#12551,#12552);
#10649=AXIS2_PLACEMENT_3D('',#15320,#12553,#12554);
#10650=AXIS2_PLACEMENT_3D('',#15322,#12555,#12556);
#10651=AXIS2_PLACEMENT_3D('',#15323,#12557,#12558);
#10652=AXIS2_PLACEMENT_3D('',#15325,#12559,#12560);
#10653=AXIS2_PLACEMENT_3D('',#15327,#12561,#12562);
#10654=AXIS2_PLACEMENT_3D('',#15328,#12563,#12564);
#10655=AXIS2_PLACEMENT_3D('',#15333,#12566,#12567);
#10656=AXIS2_PLACEMENT_3D('',#15336,#12569,#12570);
#10657=AXIS2_PLACEMENT_3D('',#15342,#12574,#12575);
#10658=AXIS2_PLACEMENT_3D('',#15343,#12576,#12577);
#10659=AXIS2_PLACEMENT_3D('',#15345,#12578,#12579);
#10660=AXIS2_PLACEMENT_3D('',#15348,#12581,#12582);
#10661=AXIS2_PLACEMENT_3D('',#15354,#12586,#12587);
#10662=AXIS2_PLACEMENT_3D('',#15355,#12588,#12589);
#10663=AXIS2_PLACEMENT_3D('',#15357,#12590,#12591);
#10664=AXIS2_PLACEMENT_3D('',#15360,#12593,#12594);
#10665=AXIS2_PLACEMENT_3D('',#15366,#12598,#12599);
#10666=AXIS2_PLACEMENT_3D('',#15367,#12600,#12601);
#10667=AXIS2_PLACEMENT_3D('',#15369,#12602,#12603);
#10668=AXIS2_PLACEMENT_3D('',#15372,#12605,#12606);
#10669=AXIS2_PLACEMENT_3D('',#15375,#12609,#12610);
#10670=AXIS2_PLACEMENT_3D('',#15376,#12611,#12612);
#10671=AXIS2_PLACEMENT_3D('',#15378,#12613,#12614);
#10672=AXIS2_PLACEMENT_3D('',#15379,#12615,#12616);
#10673=AXIS2_PLACEMENT_3D('',#15381,#12617,#12618);
#10674=AXIS2_PLACEMENT_3D('',#15382,#12619,#12620);
#10675=AXIS2_PLACEMENT_3D('',#15384,#12621,#12622);
#10676=AXIS2_PLACEMENT_3D('',#15388,#12624,#12625);
#10677=AXIS2_PLACEMENT_3D('',#15392,#12627,#12628);
#10678=AXIS2_PLACEMENT_3D('',#15396,#12630,#12631);
#10679=AXIS2_PLACEMENT_3D('',#15400,#12633,#12634);
#10680=AXIS2_PLACEMENT_3D('',#15401,#12635,#12636);
#10681=AXIS2_PLACEMENT_3D('',#15402,#12637,#12638);
#10682=AXIS2_PLACEMENT_3D('',#15404,#12639,#12640);
#10683=AXIS2_PLACEMENT_3D('',#15405,#12641,#12642);
#10684=AXIS2_PLACEMENT_3D('',#15407,#12643,#12644);
#10685=AXIS2_PLACEMENT_3D('',#15408,#12645,#12646);
#10686=AXIS2_PLACEMENT_3D('',#15410,#12647,#12648);
#10687=AXIS2_PLACEMENT_3D('',#15411,#12649,#12650);
#10688=AXIS2_PLACEMENT_3D('',#15413,#12651,#12652);
#10689=AXIS2_PLACEMENT_3D('',#15414,#12653,#12654);
#10690=AXIS2_PLACEMENT_3D('',#15419,#12657,#12658);
#10691=AXIS2_PLACEMENT_3D('',#15423,#12661,#12662);
#10692=AXIS2_PLACEMENT_3D('',#15424,#12663,#12664);
#10693=AXIS2_PLACEMENT_3D('',#15427,#12666,#12667);
#10694=AXIS2_PLACEMENT_3D('',#15431,#12670,#12671);
#10695=AXIS2_PLACEMENT_3D('',#15432,#12672,#12673);
#10696=AXIS2_PLACEMENT_3D('',#15435,#12675,#12676);
#10697=AXIS2_PLACEMENT_3D('',#15439,#12679,#12680);
#10698=AXIS2_PLACEMENT_3D('',#15440,#12681,#12682);
#10699=AXIS2_PLACEMENT_3D('',#15443,#12684,#12685);
#10700=AXIS2_PLACEMENT_3D('',#15445,#12687,#12688);
#10701=AXIS2_PLACEMENT_3D('',#15446,#12689,#12690);
#10702=AXIS2_PLACEMENT_3D('',#15448,#12691,#12692);
#10703=AXIS2_PLACEMENT_3D('',#15449,#12693,#12694);
#10704=AXIS2_PLACEMENT_3D('',#15451,#12695,#12696);
#10705=AXIS2_PLACEMENT_3D('',#15452,#12697,#12698);
#10706=AXIS2_PLACEMENT_3D('',#15454,#12699,#12700);
#10707=AXIS2_PLACEMENT_3D('',#15455,#12701,#12702);
#10708=AXIS2_PLACEMENT_3D('',#15456,#12703,#12704);
#10709=AXIS2_PLACEMENT_3D('',#15457,#12705,#12706);
#10710=AXIS2_PLACEMENT_3D('',#15459,#12707,#12708);
#10711=AXIS2_PLACEMENT_3D('',#15472,#12715,#12716);
#10712=AXIS2_PLACEMENT_3D('',#15474,#12717,#12718);
#10713=AXIS2_PLACEMENT_3D('',#15480,#12722,#12723);
#10714=AXIS2_PLACEMENT_3D('',#15484,#12726,#12727);
#10715=AXIS2_PLACEMENT_3D('',#15488,#12730,#12731);
#10716=AXIS2_PLACEMENT_3D('',#15492,#12734,#12735);
#10717=AXIS2_PLACEMENT_3D('',#15496,#12738,#12739);
#10718=AXIS2_PLACEMENT_3D('',#15498,#12741,#12742);
#10719=AXIS2_PLACEMENT_3D('',#15499,#12743,#12744);
#10720=AXIS2_PLACEMENT_3D('',#15501,#12745,#12746);
#10721=AXIS2_PLACEMENT_3D('',#15502,#12747,#12748);
#10722=AXIS2_PLACEMENT_3D('',#15504,#12749,#12750);
#10723=AXIS2_PLACEMENT_3D('',#15505,#12751,#12752);
#10724=AXIS2_PLACEMENT_3D('',#15506,#12753,#12754);
#10725=AXIS2_PLACEMENT_3D('',#15507,#12755,#12756);
#10726=AXIS2_PLACEMENT_3D('',#15508,#12757,#12758);
#10727=AXIS2_PLACEMENT_3D('',#15510,#12759,#12760);
#10728=AXIS2_PLACEMENT_3D('',#15512,#12761,#12762);
#10729=AXIS2_PLACEMENT_3D('',#15513,#12763,#12764);
#10730=AXIS2_PLACEMENT_3D('',#15515,#12765,#12766);
#10731=AXIS2_PLACEMENT_3D('',#15517,#12767,#12768);
#10732=AXIS2_PLACEMENT_3D('',#15518,#12769,#12770);
#10733=AXIS2_PLACEMENT_3D('',#15531,#12777,#12778);
#10734=AXIS2_PLACEMENT_3D('',#15537,#12782,#12783);
#10735=AXIS2_PLACEMENT_3D('',#15541,#12786,#12787);
#10736=AXIS2_PLACEMENT_3D('',#15545,#12790,#12791);
#10737=AXIS2_PLACEMENT_3D('',#15549,#12794,#12795);
#10738=AXIS2_PLACEMENT_3D('',#15553,#12798,#12799);
#10739=AXIS2_PLACEMENT_3D('',#15555,#12801,#12802);
#10740=AXIS2_PLACEMENT_3D('',#15556,#12803,#12804);
#10741=AXIS2_PLACEMENT_3D('',#15557,#12805,#12806);
#10742=AXIS2_PLACEMENT_3D('',#15558,#12807,#12808);
#10743=AXIS2_PLACEMENT_3D('',#15559,#12809,#12810);
#10744=AXIS2_PLACEMENT_3D('',#15561,#12811,#12812);
#10745=AXIS2_PLACEMENT_3D('',#15563,#12813,#12814);
#10746=AXIS2_PLACEMENT_3D('',#15564,#12815,#12816);
#10747=AXIS2_PLACEMENT_3D('',#15566,#12817,#12818);
#10748=AXIS2_PLACEMENT_3D('',#15568,#12819,#12820);
#10749=AXIS2_PLACEMENT_3D('',#15569,#12821,#12822);
#10750=AXIS2_PLACEMENT_3D('',#15571,#12823,#12824);
#10751=AXIS2_PLACEMENT_3D('',#15573,#12825,#12826);
#10752=AXIS2_PLACEMENT_3D('',#15574,#12827,#12828);
#10753=AXIS2_PLACEMENT_3D('',#15576,#12829,#12830);
#10754=AXIS2_PLACEMENT_3D('',#15578,#12831,#12832);
#10755=AXIS2_PLACEMENT_3D('',#15579,#12833,#12834);
#10756=AXIS2_PLACEMENT_3D('',#15584,#12836,#12837);
#10757=AXIS2_PLACEMENT_3D('',#15587,#12839,#12840);
#10758=AXIS2_PLACEMENT_3D('',#15588,#12841,#12842);
#10759=AXIS2_PLACEMENT_3D('',#15593,#12844,#12845);
#10760=AXIS2_PLACEMENT_3D('',#15596,#12847,#12848);
#10761=AXIS2_PLACEMENT_3D('',#15600,#12850,#12851);
#10762=AXIS2_PLACEMENT_3D('',#15601,#12852,#12853);
#10763=AXIS2_PLACEMENT_3D('',#15602,#12854,#12855);
#10764=AXIS2_PLACEMENT_3D('',#15608,#12859,#12860);
#10765=AXIS2_PLACEMENT_3D('',#15614,#12864,#12865);
#10766=AXIS2_PLACEMENT_3D('',#15618,#12867,#12868);
#10767=AXIS2_PLACEMENT_3D('',#15619,#12869,#12870);
#10768=AXIS2_PLACEMENT_3D('',#15620,#12871,#12872);
#10769=AXIS2_PLACEMENT_3D('',#15621,#12873,#12874);
#10770=AXIS2_PLACEMENT_3D('',#15622,#12875,#12876);
#10771=AXIS2_PLACEMENT_3D('',#15623,#12877,#12878);
#10772=AXIS2_PLACEMENT_3D('',#15629,#12882,#12883);
#10773=AXIS2_PLACEMENT_3D('',#15630,#12884,#12885);
#10774=AXIS2_PLACEMENT_3D('',#15634,#12887,#12888);
#10775=AXIS2_PLACEMENT_3D('',#15635,#12889,#12890);
#10776=AXIS2_PLACEMENT_3D('',#15636,#12891,#12892);
#10777=AXIS2_PLACEMENT_3D('',#15641,#12894,#12895);
#10778=AXIS2_PLACEMENT_3D('',#15644,#12897,#12898);
#10779=AXIS2_PLACEMENT_3D('',#15648,#12900,#12901);
#10780=AXIS2_PLACEMENT_3D('',#15649,#12902,#12903);
#10781=AXIS2_PLACEMENT_3D('',#15650,#12904,#12905);
#10782=AXIS2_PLACEMENT_3D('',#15656,#12909,#12910);
#10783=AXIS2_PLACEMENT_3D('',#15662,#12914,#12915);
#10784=AXIS2_PLACEMENT_3D('',#15666,#12917,#12918);
#10785=AXIS2_PLACEMENT_3D('',#15667,#12919,#12920);
#10786=AXIS2_PLACEMENT_3D('',#15668,#12921,#12922);
#10787=AXIS2_PLACEMENT_3D('',#15669,#12923,#12924);
#10788=AXIS2_PLACEMENT_3D('',#15670,#12925,#12926);
#10789=AXIS2_PLACEMENT_3D('',#15671,#12927,#12928);
#10790=AXIS2_PLACEMENT_3D('',#15677,#12932,#12933);
#10791=AXIS2_PLACEMENT_3D('',#15678,#12934,#12935);
#10792=AXIS2_PLACEMENT_3D('',#15682,#12937,#12938);
#10793=AXIS2_PLACEMENT_3D('',#15683,#12939,#12940);
#10794=AXIS2_PLACEMENT_3D('',#15684,#12941,#12942);
#10795=AXIS2_PLACEMENT_3D('',#15689,#12944,#12945);
#10796=AXIS2_PLACEMENT_3D('',#15692,#12947,#12948);
#10797=AXIS2_PLACEMENT_3D('',#15696,#12950,#12951);
#10798=AXIS2_PLACEMENT_3D('',#15697,#12952,#12953);
#10799=AXIS2_PLACEMENT_3D('',#15698,#12954,#12955);
#10800=AXIS2_PLACEMENT_3D('',#15704,#12959,#12960);
#10801=AXIS2_PLACEMENT_3D('',#15710,#12964,#12965);
#10802=AXIS2_PLACEMENT_3D('',#15711,#12966,#12967);
#10803=AXIS2_PLACEMENT_3D('',#15713,#12968,#12969);
#10804=AXIS2_PLACEMENT_3D('',#15716,#12971,#12972);
#10805=AXIS2_PLACEMENT_3D('',#15717,#12973,#12974);
#10806=AXIS2_PLACEMENT_3D('',#15718,#12975,#12976);
#10807=AXIS2_PLACEMENT_3D('',#15719,#12977,#12978);
#10808=AXIS2_PLACEMENT_3D('',#15725,#12982,#12983);
#10809=AXIS2_PLACEMENT_3D('',#15726,#12984,#12985);
#10810=AXIS2_PLACEMENT_3D('',#15730,#12987,#12988);
#10811=AXIS2_PLACEMENT_3D('',#15731,#12989,#12990);
#10812=AXIS2_PLACEMENT_3D('',#15737,#12994,#12995);
#10813=AXIS2_PLACEMENT_3D('',#15743,#12999,#13000);
#10814=AXIS2_PLACEMENT_3D('',#15744,#13001,#13002);
#10815=AXIS2_PLACEMENT_3D('',#15746,#13003,#13004);
#10816=AXIS2_PLACEMENT_3D('',#15749,#13006,#13007);
#10817=AXIS2_PLACEMENT_3D('',#15750,#13008,#13009);
#10818=AXIS2_PLACEMENT_3D('',#15754,#13011,#13012);
#10819=AXIS2_PLACEMENT_3D('',#15755,#13013,#13014);
#10820=AXIS2_PLACEMENT_3D('',#15756,#13015,#13016);
#10821=AXIS2_PLACEMENT_3D('',#15760,#13018,#13019);
#10822=AXIS2_PLACEMENT_3D('',#15761,#13020,#13021);
#10823=AXIS2_PLACEMENT_3D('',#15762,#13022,#13023);
#10824=AXIS2_PLACEMENT_3D('',#15766,#13025,#13026);
#10825=AXIS2_PLACEMENT_3D('',#15767,#13027,#13028);
#10826=AXIS2_PLACEMENT_3D('',#15769,#13030,#13031);
#10827=AXIS2_PLACEMENT_3D('',#15771,#13033,#13034);
#10828=AXIS2_PLACEMENT_3D('',#15772,#13035,#13036);
#10829=AXIS2_PLACEMENT_3D('',#15773,#13037,#13038);
#10830=AXIS2_PLACEMENT_3D('',#15774,#13039,#13040);
#10831=AXIS2_PLACEMENT_3D('',#15776,#13041,#13042);
#10832=AXIS2_PLACEMENT_3D('',#15789,#13049,#13050);
#10833=AXIS2_PLACEMENT_3D('',#15791,#13051,#13052);
#10834=AXIS2_PLACEMENT_3D('',#15797,#13056,#13057);
#10835=AXIS2_PLACEMENT_3D('',#15801,#13060,#13061);
#10836=AXIS2_PLACEMENT_3D('',#15805,#13064,#13065);
#10837=AXIS2_PLACEMENT_3D('',#15809,#13068,#13069);
#10838=AXIS2_PLACEMENT_3D('',#15813,#13072,#13073);
#10839=AXIS2_PLACEMENT_3D('',#15815,#13075,#13076);
#10840=AXIS2_PLACEMENT_3D('',#15816,#13077,#13078);
#10841=AXIS2_PLACEMENT_3D('',#15818,#13079,#13080);
#10842=AXIS2_PLACEMENT_3D('',#15819,#13081,#13082);
#10843=AXIS2_PLACEMENT_3D('',#15821,#13083,#13084);
#10844=AXIS2_PLACEMENT_3D('',#15822,#13085,#13086);
#10845=AXIS2_PLACEMENT_3D('',#15823,#13087,#13088);
#10846=AXIS2_PLACEMENT_3D('',#15824,#13089,#13090);
#10847=AXIS2_PLACEMENT_3D('',#15825,#13091,#13092);
#10848=AXIS2_PLACEMENT_3D('',#15827,#13093,#13094);
#10849=AXIS2_PLACEMENT_3D('',#15840,#13101,#13102);
#10850=AXIS2_PLACEMENT_3D('',#15842,#13103,#13104);
#10851=AXIS2_PLACEMENT_3D('',#15848,#13108,#13109);
#10852=AXIS2_PLACEMENT_3D('',#15852,#13112,#13113);
#10853=AXIS2_PLACEMENT_3D('',#15856,#13116,#13117);
#10854=AXIS2_PLACEMENT_3D('',#15860,#13120,#13121);
#10855=AXIS2_PLACEMENT_3D('',#15864,#13124,#13125);
#10856=AXIS2_PLACEMENT_3D('',#15866,#13127,#13128);
#10857=AXIS2_PLACEMENT_3D('',#15867,#13129,#13130);
#10858=AXIS2_PLACEMENT_3D('',#15869,#13131,#13132);
#10859=AXIS2_PLACEMENT_3D('',#15870,#13133,#13134);
#10860=AXIS2_PLACEMENT_3D('',#15872,#13135,#13136);
#10861=AXIS2_PLACEMENT_3D('',#15873,#13137,#13138);
#10862=AXIS2_PLACEMENT_3D('',#15874,#13139,#13140);
#10863=AXIS2_PLACEMENT_3D('',#15875,#13141,#13142);
#10864=AXIS2_PLACEMENT_3D('',#15876,#13143,#13144);
#10865=AXIS2_PLACEMENT_3D('',#15877,#13145,#13146);
#10866=AXIS2_PLACEMENT_3D('',#15879,#13147,#13148);
#10867=AXIS2_PLACEMENT_3D('',#15892,#13155,#13156);
#10868=AXIS2_PLACEMENT_3D('',#15894,#13157,#13158);
#10869=AXIS2_PLACEMENT_3D('',#15900,#13162,#13163);
#10870=AXIS2_PLACEMENT_3D('',#15904,#13166,#13167);
#10871=AXIS2_PLACEMENT_3D('',#15908,#13170,#13171);
#10872=AXIS2_PLACEMENT_3D('',#15912,#13174,#13175);
#10873=AXIS2_PLACEMENT_3D('',#15916,#13178,#13179);
#10874=AXIS2_PLACEMENT_3D('',#15918,#13181,#13182);
#10875=AXIS2_PLACEMENT_3D('',#15919,#13183,#13184);
#10876=AXIS2_PLACEMENT_3D('',#15921,#13185,#13186);
#10877=AXIS2_PLACEMENT_3D('',#15922,#13187,#13188);
#10878=AXIS2_PLACEMENT_3D('',#15924,#13189,#13190);
#10879=AXIS2_PLACEMENT_3D('',#15925,#13191,#13192);
#10880=AXIS2_PLACEMENT_3D('',#15926,#13193,#13194);
#10881=AXIS2_PLACEMENT_3D('',#15927,#13195,#13196);
#10882=AXIS2_PLACEMENT_3D('',#15928,#13197,#13198);
#10883=AXIS2_PLACEMENT_3D('',#15930,#13199,#13200);
#10884=AXIS2_PLACEMENT_3D('',#15943,#13207,#13208);
#10885=AXIS2_PLACEMENT_3D('',#15945,#13209,#13210);
#10886=AXIS2_PLACEMENT_3D('',#15951,#13214,#13215);
#10887=AXIS2_PLACEMENT_3D('',#15955,#13218,#13219);
#10888=AXIS2_PLACEMENT_3D('',#15959,#13222,#13223);
#10889=AXIS2_PLACEMENT_3D('',#15963,#13226,#13227);
#10890=AXIS2_PLACEMENT_3D('',#15967,#13230,#13231);
#10891=AXIS2_PLACEMENT_3D('',#15969,#13233,#13234);
#10892=AXIS2_PLACEMENT_3D('',#15970,#13235,#13236);
#10893=AXIS2_PLACEMENT_3D('',#15972,#13237,#13238);
#10894=AXIS2_PLACEMENT_3D('',#15973,#13239,#13240);
#10895=AXIS2_PLACEMENT_3D('',#15975,#13241,#13242);
#10896=AXIS2_PLACEMENT_3D('',#15976,#13243,#13244);
#10897=AXIS2_PLACEMENT_3D('',#15977,#13245,#13246);
#10898=AXIS2_PLACEMENT_3D('',#15978,#13247,#13248);
#10899=AXIS2_PLACEMENT_3D('',#15979,#13249,#13250);
#10900=AXIS2_PLACEMENT_3D('',#15981,#13251,#13252);
#10901=AXIS2_PLACEMENT_3D('',#15983,#13253,#13254);
#10902=AXIS2_PLACEMENT_3D('',#15984,#13255,#13256);
#10903=AXIS2_PLACEMENT_3D('',#15986,#13257,#13258);
#10904=AXIS2_PLACEMENT_3D('',#15988,#13259,#13260);
#10905=AXIS2_PLACEMENT_3D('',#15989,#13261,#13262);
#10906=AXIS2_PLACEMENT_3D('',#16002,#13269,#13270);
#10907=AXIS2_PLACEMENT_3D('',#16008,#13274,#13275);
#10908=AXIS2_PLACEMENT_3D('',#16012,#13278,#13279);
#10909=AXIS2_PLACEMENT_3D('',#16016,#13282,#13283);
#10910=AXIS2_PLACEMENT_3D('',#16020,#13286,#13287);
#10911=AXIS2_PLACEMENT_3D('',#16024,#13290,#13291);
#10912=AXIS2_PLACEMENT_3D('',#16026,#13293,#13294);
#10913=AXIS2_PLACEMENT_3D('',#16027,#13295,#13296);
#10914=AXIS2_PLACEMENT_3D('',#16028,#13297,#13298);
#10915=AXIS2_PLACEMENT_3D('',#16029,#13299,#13300);
#10916=AXIS2_PLACEMENT_3D('',#16030,#13301,#13302);
#10917=AXIS2_PLACEMENT_3D('',#16032,#13303,#13304);
#10918=AXIS2_PLACEMENT_3D('',#16034,#13305,#13306);
#10919=AXIS2_PLACEMENT_3D('',#16035,#13307,#13308);
#10920=AXIS2_PLACEMENT_3D('',#16037,#13309,#13310);
#10921=AXIS2_PLACEMENT_3D('',#16038,#13311,#13312);
#10922=AXIS2_PLACEMENT_3D('',#16040,#13313,#13314);
#10923=AXIS2_PLACEMENT_3D('',#16041,#13315,#13316);
#10924=AXIS2_PLACEMENT_3D('',#16043,#13317,#13318);
#10925=AXIS2_PLACEMENT_3D('',#16045,#13319,#13320);
#10926=AXIS2_PLACEMENT_3D('',#16046,#13321,#13322);
#10927=AXIS2_PLACEMENT_3D('',#16048,#13323,#13324);
#10928=AXIS2_PLACEMENT_3D('',#16049,#13325,#13326);
#10929=AXIS2_PLACEMENT_3D('',#16051,#13327,#13328);
#10930=AXIS2_PLACEMENT_3D('',#16052,#13329,#13330);
#10931=AXIS2_PLACEMENT_3D('',#16054,#13331,#13332);
#10932=AXIS2_PLACEMENT_3D('',#16056,#13333,#13334);
#10933=AXIS2_PLACEMENT_3D('',#16057,#13335,#13336);
#10934=AXIS2_PLACEMENT_3D('',#16059,#13337,#13338);
#10935=AXIS2_PLACEMENT_3D('',#16060,#13339,#13340);
#10936=AXIS2_PLACEMENT_3D('',#16062,#13341,#13342);
#10937=AXIS2_PLACEMENT_3D('',#16066,#13344,#13345);
#10938=AXIS2_PLACEMENT_3D('',#16070,#13347,#13348);
#10939=AXIS2_PLACEMENT_3D('',#16074,#13350,#13351);
#10940=AXIS2_PLACEMENT_3D('',#16078,#13353,#13354);
#10941=AXIS2_PLACEMENT_3D('',#16082,#13356,#13357);
#10942=AXIS2_PLACEMENT_3D('',#16086,#13359,#13360);
#10943=AXIS2_PLACEMENT_3D('',#16090,#13362,#13363);
#10944=AXIS2_PLACEMENT_3D('',#16094,#13365,#13366);
#10945=AXIS2_PLACEMENT_3D('',#16095,#13367,#13368);
#10946=AXIS2_PLACEMENT_3D('',#16101,#13372,#13373);
#10947=AXIS2_PLACEMENT_3D('',#16107,#13377,#13378);
#10948=AXIS2_PLACEMENT_3D('',#16113,#13382,#13383);
#10949=AXIS2_PLACEMENT_3D('',#16119,#13387,#13388);
#10950=AXIS2_PLACEMENT_3D('',#16120,#13389,#13390);
#10951=AXIS2_PLACEMENT_3D('',#16122,#13391,#13392);
#10952=AXIS2_PLACEMENT_3D('',#16123,#13393,#13394);
#10953=AXIS2_PLACEMENT_3D('',#16124,#13395,#13396);
#10954=AXIS2_PLACEMENT_3D('',#16125,#13397,#13398);
#10955=AXIS2_PLACEMENT_3D('',#16126,#13399,#13400);
#10956=AXIS2_PLACEMENT_3D('',#16132,#13404,#13405);
#10957=AXIS2_PLACEMENT_3D('',#16138,#13409,#13410);
#10958=AXIS2_PLACEMENT_3D('',#16144,#13414,#13415);
#10959=AXIS2_PLACEMENT_3D('',#16150,#13419,#13420);
#10960=AXIS2_PLACEMENT_3D('',#16151,#13421,#13422);
#10961=AXIS2_PLACEMENT_3D('',#16153,#13423,#13424);
#10962=AXIS2_PLACEMENT_3D('',#16154,#13425,#13426);
#10963=AXIS2_PLACEMENT_3D('',#16155,#13427,#13428);
#10964=AXIS2_PLACEMENT_3D('',#16156,#13429,#13430);
#10965=AXIS2_PLACEMENT_3D('',#16157,#13431,#13432);
#10966=AXIS2_PLACEMENT_3D('',#16158,#13433,#13434);
#10967=AXIS2_PLACEMENT_3D('',#16159,#13435,#13436);
#10968=AXIS2_PLACEMENT_3D('',#16160,#13437,#13438);
#10969=AXIS2_PLACEMENT_3D('',#16161,#13439,#13440);
#10970=AXIS2_PLACEMENT_3D('',#16162,#13441,#13442);
#10971=AXIS2_PLACEMENT_3D('',#16163,#13443,#13444);
#10972=AXIS2_PLACEMENT_3D('',#16164,#13445,#13446);
#10973=AXIS2_PLACEMENT_3D('',#16165,#13447,#13448);
#10974=AXIS2_PLACEMENT_3D('',#16166,#13449,#13450);
#10975=AXIS2_PLACEMENT_3D('',#16168,#13451,#13452);
#10976=AXIS2_PLACEMENT_3D('',#16169,#13453,#13454);
#10977=AXIS2_PLACEMENT_3D('',#16171,#13455,#13456);
#10978=AXIS2_PLACEMENT_3D('',#16172,#13457,#13458);
#10979=AXIS2_PLACEMENT_3D('',#16173,#13459,#13460);
#10980=AXIS2_PLACEMENT_3D('',#16174,#13461,#13462);
#10981=AXIS2_PLACEMENT_3D('',#16175,#13463,#13464);
#10982=AXIS2_PLACEMENT_3D('',#16177,#13465,#13466);
#10983=AXIS2_PLACEMENT_3D('',#16179,#13467,#13468);
#10984=AXIS2_PLACEMENT_3D('',#16180,#13469,#13470);
#10985=AXIS2_PLACEMENT_3D('',#16182,#13471,#13472);
#10986=AXIS2_PLACEMENT_3D('',#16184,#13473,#13474);
#10987=AXIS2_PLACEMENT_3D('',#16185,#13475,#13476);
#10988=AXIS2_PLACEMENT_3D('',#16187,#13477,#13478);
#10989=AXIS2_PLACEMENT_3D('',#16189,#13479,#13480);
#10990=AXIS2_PLACEMENT_3D('',#16190,#13481,#13482);
#10991=AXIS2_PLACEMENT_3D('',#16192,#13483,#13484);
#10992=AXIS2_PLACEMENT_3D('',#16194,#13485,#13486);
#10993=AXIS2_PLACEMENT_3D('',#16195,#13487,#13488);
#10994=AXIS2_PLACEMENT_3D('',#16200,#13490,#13491);
#10995=AXIS2_PLACEMENT_3D('',#16203,#13493,#13494);
#10996=AXIS2_PLACEMENT_3D('',#16204,#13495,#13496);
#10997=AXIS2_PLACEMENT_3D('',#16209,#13498,#13499);
#10998=AXIS2_PLACEMENT_3D('',#16212,#13501,#13502);
#10999=AXIS2_PLACEMENT_3D('',#16216,#13504,#13505);
#11000=AXIS2_PLACEMENT_3D('',#16217,#13506,#13507);
#11001=AXIS2_PLACEMENT_3D('',#16218,#13508,#13509);
#11002=AXIS2_PLACEMENT_3D('',#16224,#13513,#13514);
#11003=AXIS2_PLACEMENT_3D('',#16230,#13518,#13519);
#11004=AXIS2_PLACEMENT_3D('',#16234,#13521,#13522);
#11005=AXIS2_PLACEMENT_3D('',#16235,#13523,#13524);
#11006=AXIS2_PLACEMENT_3D('',#16236,#13525,#13526);
#11007=AXIS2_PLACEMENT_3D('',#16237,#13527,#13528);
#11008=AXIS2_PLACEMENT_3D('',#16238,#13529,#13530);
#11009=AXIS2_PLACEMENT_3D('',#16239,#13531,#13532);
#11010=AXIS2_PLACEMENT_3D('',#16245,#13536,#13537);
#11011=AXIS2_PLACEMENT_3D('',#16246,#13538,#13539);
#11012=AXIS2_PLACEMENT_3D('',#16250,#13541,#13542);
#11013=AXIS2_PLACEMENT_3D('',#16251,#13543,#13544);
#11014=AXIS2_PLACEMENT_3D('',#16252,#13545,#13546);
#11015=AXIS2_PLACEMENT_3D('',#16257,#13548,#13549);
#11016=AXIS2_PLACEMENT_3D('',#16260,#13551,#13552);
#11017=AXIS2_PLACEMENT_3D('',#16264,#13554,#13555);
#11018=AXIS2_PLACEMENT_3D('',#16265,#13556,#13557);
#11019=AXIS2_PLACEMENT_3D('',#16266,#13558,#13559);
#11020=AXIS2_PLACEMENT_3D('',#16272,#13563,#13564);
#11021=AXIS2_PLACEMENT_3D('',#16278,#13568,#13569);
#11022=AXIS2_PLACEMENT_3D('',#16282,#13571,#13572);
#11023=AXIS2_PLACEMENT_3D('',#16283,#13573,#13574);
#11024=AXIS2_PLACEMENT_3D('',#16284,#13575,#13576);
#11025=AXIS2_PLACEMENT_3D('',#16285,#13577,#13578);
#11026=AXIS2_PLACEMENT_3D('',#16286,#13579,#13580);
#11027=AXIS2_PLACEMENT_3D('',#16287,#13581,#13582);
#11028=AXIS2_PLACEMENT_3D('',#16293,#13586,#13587);
#11029=AXIS2_PLACEMENT_3D('',#16294,#13588,#13589);
#11030=AXIS2_PLACEMENT_3D('',#16298,#13591,#13592);
#11031=AXIS2_PLACEMENT_3D('',#16299,#13593,#13594);
#11032=AXIS2_PLACEMENT_3D('',#16300,#13595,#13596);
#11033=AXIS2_PLACEMENT_3D('',#16305,#13598,#13599);
#11034=AXIS2_PLACEMENT_3D('',#16308,#13601,#13602);
#11035=AXIS2_PLACEMENT_3D('',#16312,#13604,#13605);
#11036=AXIS2_PLACEMENT_3D('',#16313,#13606,#13607);
#11037=AXIS2_PLACEMENT_3D('',#16314,#13608,#13609);
#11038=AXIS2_PLACEMENT_3D('',#16320,#13613,#13614);
#11039=AXIS2_PLACEMENT_3D('',#16326,#13618,#13619);
#11040=AXIS2_PLACEMENT_3D('',#16327,#13620,#13621);
#11041=AXIS2_PLACEMENT_3D('',#16329,#13622,#13623);
#11042=AXIS2_PLACEMENT_3D('',#16332,#13625,#13626);
#11043=AXIS2_PLACEMENT_3D('',#16333,#13627,#13628);
#11044=AXIS2_PLACEMENT_3D('',#16334,#13629,#13630);
#11045=AXIS2_PLACEMENT_3D('',#16335,#13631,#13632);
#11046=AXIS2_PLACEMENT_3D('',#16341,#13636,#13637);
#11047=AXIS2_PLACEMENT_3D('',#16342,#13638,#13639);
#11048=AXIS2_PLACEMENT_3D('',#16346,#13641,#13642);
#11049=AXIS2_PLACEMENT_3D('',#16347,#13643,#13644);
#11050=AXIS2_PLACEMENT_3D('',#16353,#13648,#13649);
#11051=AXIS2_PLACEMENT_3D('',#16359,#13653,#13654);
#11052=AXIS2_PLACEMENT_3D('',#16360,#13655,#13656);
#11053=AXIS2_PLACEMENT_3D('',#16362,#13657,#13658);
#11054=AXIS2_PLACEMENT_3D('',#16365,#13660,#13661);
#11055=AXIS2_PLACEMENT_3D('',#16366,#13662,#13663);
#11056=AXIS2_PLACEMENT_3D('',#16370,#13665,#13666);
#11057=AXIS2_PLACEMENT_3D('',#16371,#13667,#13668);
#11058=AXIS2_PLACEMENT_3D('',#16372,#13669,#13670);
#11059=AXIS2_PLACEMENT_3D('',#16376,#13672,#13673);
#11060=AXIS2_PLACEMENT_3D('',#16377,#13674,#13675);
#11061=AXIS2_PLACEMENT_3D('',#16378,#13676,#13677);
#11062=AXIS2_PLACEMENT_3D('',#16382,#13679,#13680);
#11063=AXIS2_PLACEMENT_3D('',#16383,#13681,#13682);
#11064=AXIS2_PLACEMENT_3D('',#16385,#13684,#13685);
#11065=AXIS2_PLACEMENT_3D('',#16387,#13687,#13688);
#11066=AXIS2_PLACEMENT_3D('',#16388,#13689,#13690);
#11067=AXIS2_PLACEMENT_3D('',#16389,#13691,#13692);
#11068=AXIS2_PLACEMENT_3D('',#16390,#13693,#13694);
#11069=AXIS2_PLACEMENT_3D('',#16391,#13695,#13696);
#11070=AXIS2_PLACEMENT_3D('',#16393,#13697,#13698);
#11071=AXIS2_PLACEMENT_3D('',#16406,#13705,#13706);
#11072=AXIS2_PLACEMENT_3D('',#16408,#13707,#13708);
#11073=AXIS2_PLACEMENT_3D('',#16414,#13712,#13713);
#11074=AXIS2_PLACEMENT_3D('',#16418,#13716,#13717);
#11075=AXIS2_PLACEMENT_3D('',#16422,#13720,#13721);
#11076=AXIS2_PLACEMENT_3D('',#16426,#13724,#13725);
#11077=AXIS2_PLACEMENT_3D('',#16430,#13728,#13729);
#11078=AXIS2_PLACEMENT_3D('',#16432,#13731,#13732);
#11079=AXIS2_PLACEMENT_3D('',#16433,#13733,#13734);
#11080=AXIS2_PLACEMENT_3D('',#16435,#13735,#13736);
#11081=AXIS2_PLACEMENT_3D('',#16436,#13737,#13738);
#11082=AXIS2_PLACEMENT_3D('',#16438,#13739,#13740);
#11083=AXIS2_PLACEMENT_3D('',#16439,#13741,#13742);
#11084=AXIS2_PLACEMENT_3D('',#16440,#13743,#13744);
#11085=AXIS2_PLACEMENT_3D('',#16441,#13745,#13746);
#11086=AXIS2_PLACEMENT_3D('',#16442,#13747,#13748);
#11087=AXIS2_PLACEMENT_3D('',#16444,#13749,#13750);
#11088=AXIS2_PLACEMENT_3D('',#16457,#13757,#13758);
#11089=AXIS2_PLACEMENT_3D('',#16459,#13759,#13760);
#11090=AXIS2_PLACEMENT_3D('',#16465,#13764,#13765);
#11091=AXIS2_PLACEMENT_3D('',#16469,#13768,#13769);
#11092=AXIS2_PLACEMENT_3D('',#16473,#13772,#13773);
#11093=AXIS2_PLACEMENT_3D('',#16477,#13776,#13777);
#11094=AXIS2_PLACEMENT_3D('',#16481,#13780,#13781);
#11095=AXIS2_PLACEMENT_3D('',#16483,#13783,#13784);
#11096=AXIS2_PLACEMENT_3D('',#16484,#13785,#13786);
#11097=AXIS2_PLACEMENT_3D('',#16486,#13787,#13788);
#11098=AXIS2_PLACEMENT_3D('',#16487,#13789,#13790);
#11099=AXIS2_PLACEMENT_3D('',#16489,#13791,#13792);
#11100=AXIS2_PLACEMENT_3D('',#16490,#13793,#13794);
#11101=AXIS2_PLACEMENT_3D('',#16491,#13795,#13796);
#11102=AXIS2_PLACEMENT_3D('',#16492,#13797,#13798);
#11103=AXIS2_PLACEMENT_3D('',#16501,#13803,#13804);
#11104=AXIS2_PLACEMENT_3D('',#16507,#13808,#13809);
#11105=AXIS2_PLACEMENT_3D('',#16513,#13813,#13814);
#11106=AXIS2_PLACEMENT_3D('',#16516,#13817,#13818);
#11107=AXIS2_PLACEMENT_3D('',#16517,#13819,#13820);
#11108=AXIS2_PLACEMENT_3D('',#16518,#13821,#13822);
#11109=AXIS2_PLACEMENT_3D('',#16519,#13823,#13824);
#11110=AXIS2_PLACEMENT_3D('',#16528,#13829,#13830);
#11111=AXIS2_PLACEMENT_3D('',#16534,#13834,#13835);
#11112=AXIS2_PLACEMENT_3D('',#16540,#13839,#13840);
#11113=AXIS2_PLACEMENT_3D('',#16543,#13843,#13844);
#11114=AXIS2_PLACEMENT_3D('',#16544,#13845,#13846);
#11115=AXIS2_PLACEMENT_3D('',#16545,#13847,#13848);
#11116=AXIS2_PLACEMENT_3D('',#16546,#13849,#13850);
#11117=AXIS2_PLACEMENT_3D('',#16547,#13851,#13852);
#11118=AXIS2_PLACEMENT_3D('',#16549,#13853,#13854);
#11119=AXIS2_PLACEMENT_3D('',#16562,#13861,#13862);
#11120=AXIS2_PLACEMENT_3D('',#16564,#13863,#13864);
#11121=AXIS2_PLACEMENT_3D('',#16570,#13868,#13869);
#11122=AXIS2_PLACEMENT_3D('',#16574,#13872,#13873);
#11123=AXIS2_PLACEMENT_3D('',#16578,#13876,#13877);
#11124=AXIS2_PLACEMENT_3D('',#16582,#13880,#13881);
#11125=AXIS2_PLACEMENT_3D('',#16586,#13884,#13885);
#11126=AXIS2_PLACEMENT_3D('',#16588,#13887,#13888);
#11127=AXIS2_PLACEMENT_3D('',#16589,#13889,#13890);
#11128=AXIS2_PLACEMENT_3D('',#16591,#13891,#13892);
#11129=AXIS2_PLACEMENT_3D('',#16592,#13893,#13894);
#11130=AXIS2_PLACEMENT_3D('',#16594,#13895,#13896);
#11131=AXIS2_PLACEMENT_3D('',#16595,#13897,#13898);
#11132=AXIS2_PLACEMENT_3D('',#16596,#13899,#13900);
#11133=AXIS2_PLACEMENT_3D('',#16597,#13901,#13902);
#11134=AXIS2_PLACEMENT_3D('',#16606,#13907,#13908);
#11135=AXIS2_PLACEMENT_3D('',#16612,#13912,#13913);
#11136=AXIS2_PLACEMENT_3D('',#16616,#13916,#13917);
#11137=AXIS2_PLACEMENT_3D('',#16620,#13920,#13921);
#11138=AXIS2_PLACEMENT_3D('',#16622,#13923,#13924);
#11139=AXIS2_PLACEMENT_3D('',#16623,#13925,#13926);
#11140=AXIS2_PLACEMENT_3D('',#16624,#13927,#13928);
#11141=AXIS2_PLACEMENT_3D('',#16625,#13929,#13930);
#11142=AXIS2_PLACEMENT_3D('',#16634,#13935,#13936);
#11143=AXIS2_PLACEMENT_3D('',#16640,#13940,#13941);
#11144=AXIS2_PLACEMENT_3D('',#16646,#13945,#13946);
#11145=AXIS2_PLACEMENT_3D('',#16649,#13949,#13950);
#11146=AXIS2_PLACEMENT_3D('',#16650,#13951,#13952);
#11147=AXIS2_PLACEMENT_3D('',#16651,#13953,#13954);
#11148=AXIS2_PLACEMENT_3D('',#16652,#13955,#13956);
#11149=DIRECTION('',(0.,0.,1.));
#11150=DIRECTION('',(1.,0.,0.));
#11151=DIRECTION('',(0.,-1.,0.));
#11152=DIRECTION('',(0.,0.,-1.));
#11153=DIRECTION('',(-1.,0.,0.));
#11154=DIRECTION('',(0.,0.,-1.));
#11155=DIRECTION('',(-1.,0.,0.));
#11156=DIRECTION('',(0.,0.,-1.));
#11157=DIRECTION('',(1.,1.43365576527009E-16,0.));
#11158=DIRECTION('',(-1.43365576527009E-16,1.,0.));
#11159=DIRECTION('',(1.43365576527009E-16,-1.,0.));
#11160=DIRECTION('',(0.,0.,-1.));
#11161=DIRECTION('',(1.43365576527009E-16,-1.,0.));
#11162=DIRECTION('',(0.,-1.,0.));
#11163=DIRECTION('',(0.,0.,-1.));
#11164=DIRECTION('',(-1.,0.,0.));
#11165=DIRECTION('',(0.,0.,-1.));
#11166=DIRECTION('',(-1.,0.,0.));
#11167=DIRECTION('',(1.,1.38777878078145E-16,0.));
#11168=DIRECTION('',(-1.38777878078145E-16,1.,0.));
#11169=DIRECTION('',(1.38777878078145E-16,-1.,0.));
#11170=DIRECTION('',(0.,0.,-1.));
#11171=DIRECTION('',(1.38777878078145E-16,-1.,0.));
#11172=DIRECTION('',(0.,0.,-1.));
#11173=DIRECTION('',(0.,-1.,0.));
#11174=DIRECTION('',(0.,0.,-1.));
#11175=DIRECTION('',(-1.,0.,0.));
#11176=DIRECTION('',(0.,0.,-1.));
#11177=DIRECTION('',(-1.,0.,0.));
#11178=DIRECTION('',(0.,0.,-1.));
#11179=DIRECTION('',(1.,1.38777878078145E-16,0.));
#11180=DIRECTION('',(-1.38777878078145E-16,1.,0.));
#11181=DIRECTION('',(1.38777878078145E-16,-1.,0.));
#11182=DIRECTION('',(0.,0.,-1.));
#11183=DIRECTION('',(1.38777878078145E-16,-1.,0.));
#11184=DIRECTION('',(0.,0.,-1.));
#11185=DIRECTION('',(0.,-1.,0.));
#11186=DIRECTION('',(0.,0.,-1.));
#11187=DIRECTION('',(-1.,0.,0.));
#11188=DIRECTION('',(0.,0.,-1.));
#11189=DIRECTION('',(-1.,0.,0.));
#11190=DIRECTION('',(0.,0.,-1.));
#11191=DIRECTION('',(1.,1.43365576527009E-16,0.));
#11192=DIRECTION('',(-1.43365576527009E-16,1.,0.));
#11193=DIRECTION('',(1.43365576527009E-16,-1.,0.));
#11194=DIRECTION('',(1.43365576527009E-16,-1.,0.));
#11195=DIRECTION('',(0.,0.,1.));
#11196=DIRECTION('',(1.,0.,0.));
#11197=DIRECTION('',(0.,0.,1.));
#11198=DIRECTION('',(1.,0.,0.));
#11199=DIRECTION('',(0.,0.,1.));
#11200=DIRECTION('',(1.,0.,0.));
#11201=DIRECTION('',(0.,0.,1.));
#11202=DIRECTION('',(1.,0.,0.));
#11203=DIRECTION('',(0.,0.,1.));
#11204=DIRECTION('',(1.,0.,0.));
#11205=DIRECTION('',(0.,0.,1.));
#11206=DIRECTION('',(1.,0.,0.));
#11207=DIRECTION('',(0.,0.,1.));
#11208=DIRECTION('',(1.,0.,0.));
#11209=DIRECTION('',(0.,0.,1.));
#11210=DIRECTION('',(1.,0.,0.));
#11211=DIRECTION('',(0.,0.,1.));
#11212=DIRECTION('',(1.,0.,0.));
#11213=DIRECTION('',(0.,0.,1.));
#11214=DIRECTION('',(1.,0.,0.));
#11215=DIRECTION('',(0.,0.,-1.));
#11216=DIRECTION('',(-1.,0.,0.));
#11217=DIRECTION('',(0.,0.,1.));
#11218=DIRECTION('',(1.,0.,0.));
#11219=DIRECTION('',(0.,0.,1.));
#11220=DIRECTION('',(1.,0.,0.));
#11221=DIRECTION('',(0.,0.,-1.));
#11222=DIRECTION('',(-1.,0.,0.));
#11223=DIRECTION('',(0.,0.,1.));
#11224=DIRECTION('',(1.,0.,0.));
#11225=DIRECTION('',(0.,0.,1.));
#11226=DIRECTION('',(1.,0.,0.));
#11227=DIRECTION('',(0.,0.,1.));
#11228=DIRECTION('',(1.,0.,0.));
#11229=DIRECTION('',(0.,0.,1.));
#11230=DIRECTION('',(1.,0.,0.));
#11231=DIRECTION('',(0.,0.,1.));
#11232=DIRECTION('',(-1.,-3.21628574468E-16,0.));
#11233=DIRECTION('',(0.,0.,1.));
#11234=DIRECTION('',(1.,0.,0.));
#11235=DIRECTION('',(0.,0.,1.));
#11236=DIRECTION('',(1.,0.,0.));
#11237=DIRECTION('',(0.,0.,1.));
#11238=DIRECTION('',(-1.,-3.21628574468E-16,0.));
#11239=DIRECTION('',(0.,0.,1.));
#11240=DIRECTION('',(1.,0.,0.));
#11241=DIRECTION('',(0.,0.,1.));
#11242=DIRECTION('',(1.,0.,0.));
#11243=DIRECTION('',(0.,0.,1.));
#11244=DIRECTION('',(1.,0.,0.));
#11245=DIRECTION('',(0.,0.,1.));
#11246=DIRECTION('',(1.,0.,0.));
#11247=DIRECTION('',(0.,0.,1.));
#11248=DIRECTION('',(1.,0.,0.));
#11249=DIRECTION('',(0.,0.,1.));
#11250=DIRECTION('',(1.,-1.83690953073E-16,0.));
#11251=DIRECTION('',(0.,0.,1.));
#11252=DIRECTION('',(1.,0.,0.));
#11253=DIRECTION('',(0.,0.,1.));
#11254=DIRECTION('',(0.,0.,1.));
#11255=DIRECTION('',(1.,0.,0.));
#11256=DIRECTION('',(0.,0.,1.));
#11257=DIRECTION('',(0.,0.,1.));
#11258=DIRECTION('',(1.,-1.83690953073E-16,0.));
#11259=DIRECTION('',(0.,0.,1.));
#11260=DIRECTION('',(1.,0.,0.));
#11261=DIRECTION('',(0.,0.,1.));
#11262=DIRECTION('',(0.,0.,1.));
#11263=DIRECTION('',(1.,0.,0.));
#11264=DIRECTION('',(0.,0.,-1.));
#11265=DIRECTION('',(0.,0.,-1.));
#11266=DIRECTION('',(-0.166666666667035,-0.986013297183207,0.));
#11267=DIRECTION('',(0.,0.,1.));
#11268=DIRECTION('',(0.,0.,-1.));
#11269=DIRECTION('',(-1.,0.,0.));
#11270=DIRECTION('',(0.,0.,-1.));
#11271=DIRECTION('',(-1.,0.,0.));
#11272=DIRECTION('',(-1.,0.,0.));
#11273=DIRECTION('',(0.,-1.,0.));
#11274=DIRECTION('',(0.,0.,1.));
#11275=DIRECTION('',(0.,1.,0.));
#11276=DIRECTION('',(0.,-1.,0.));
#11277=DIRECTION('',(-1.,0.,0.));
#11278=DIRECTION('',(0.,-1.,0.));
#11279=DIRECTION('',(0.,0.,-1.));
#11280=DIRECTION('',(0.,-1.,0.));
#11281=DIRECTION('',(0.,1.,0.));
#11282=DIRECTION('',(0.,0.,1.));
#11283=DIRECTION('',(0.,1.,0.));
#11284=DIRECTION('',(0.,0.,1.));
#11285=DIRECTION('',(0.,0.,1.));
#11286=DIRECTION('',(1.,0.,0.));
#11287=DIRECTION('',(0.,0.,1.));
#11288=DIRECTION('',(1.,0.,0.));
#11289=DIRECTION('',(0.,0.,-1.));
#11290=DIRECTION('',(1.,0.,0.));
#11291=DIRECTION('',(0.,0.,-1.));
#11292=DIRECTION('',(-1.,0.,0.));
#11293=DIRECTION('',(0.,0.,-1.));
#11294=DIRECTION('',(-1.,0.,0.));
#11295=DIRECTION('',(-1.,0.,0.));
#11296=DIRECTION('',(0.,-1.,0.));
#11297=DIRECTION('',(0.,0.,1.));
#11298=DIRECTION('',(0.,-1.,0.));
#11299=DIRECTION('',(0.,1.,0.));
#11300=DIRECTION('',(0.,0.,1.));
#11301=DIRECTION('',(-1.83690953073E-16,-1.,0.));
#11302=DIRECTION('',(0.,0.,1.));
#11303=DIRECTION('',(1.,0.,0.));
#11304=DIRECTION('',(0.,0.,1.));
#11305=DIRECTION('',(0.,0.,1.));
#11306=DIRECTION('',(1.,0.,0.));
#11307=DIRECTION('',(0.,0.,1.));
#11308=DIRECTION('',(-1.83690953073E-16,-1.,0.));
#11309=DIRECTION('',(0.,0.,1.));
#11310=DIRECTION('',(1.,0.,0.));
#11311=DIRECTION('',(0.,0.,1.));
#11312=DIRECTION('',(0.,0.,1.));
#11313=DIRECTION('',(1.,0.,0.));
#11314=DIRECTION('',(0.,0.,1.));
#11315=DIRECTION('',(0.,0.,1.));
#11316=DIRECTION('',(0.,1.,0.));
#11317=DIRECTION('',(0.,0.,1.));
#11318=DIRECTION('',(0.,0.,1.));
#11319=DIRECTION('',(1.,0.,0.));
#11320=DIRECTION('',(0.,0.,1.));
#11321=DIRECTION('',(1.,0.,0.));
#11322=DIRECTION('',(0.,-1.,0.));
#11323=DIRECTION('',(1.,0.,0.));
#11324=DIRECTION('',(1.,0.,0.));
#11325=DIRECTION('',(1.,0.,0.));
#11326=DIRECTION('',(0.,0.,1.));
#11327=DIRECTION('',(0.,-1.,0.));
#11328=DIRECTION('',(1.,0.,0.));
#11329=DIRECTION('',(1.,0.,0.));
#11330=DIRECTION('',(1.,0.,0.));
#11331=DIRECTION('',(0.,0.,1.));
#11332=DIRECTION('',(0.,0.,1.));
#11333=DIRECTION('',(1.,0.,0.));
#11334=DIRECTION('',(0.,0.,1.));
#11335=DIRECTION('',(0.,0.,1.));
#11336=DIRECTION('',(1.,0.,0.));
#11337=DIRECTION('',(0.,0.,1.));
#11338=DIRECTION('',(1.,0.,0.));
#11339=DIRECTION('',(0.,0.,1.));
#11340=DIRECTION('',(-0.986013297183207,-0.166666666667035,0.));
#11341=DIRECTION('',(0.,0.,1.));
#11342=DIRECTION('',(1.,0.,0.));
#11343=DIRECTION('',(0.,0.,1.));
#11344=DIRECTION('',(1.,0.,0.));
#11345=DIRECTION('',(0.,-1.,0.));
#11346=DIRECTION('',(1.,0.,0.));
#11347=DIRECTION('',(1.,0.,0.));
#11348=DIRECTION('',(1.,0.,0.));
#11349=DIRECTION('',(0.,0.,1.));
#11350=DIRECTION('',(0.,0.,1.));
#11351=DIRECTION('',(-1.,1.83690953073E-16,0.));
#11352=DIRECTION('',(0.,0.,1.));
#11353=DIRECTION('',(1.,0.,0.));
#11354=DIRECTION('',(0.,0.,1.));
#11355=DIRECTION('',(0.,0.,1.));
#11356=DIRECTION('',(1.,0.,0.));
#11357=DIRECTION('',(0.,0.,1.));
#11358=DIRECTION('',(-1.,1.83690953073E-16,0.));
#11359=DIRECTION('',(0.,0.,1.));
#11360=DIRECTION('',(1.,0.,0.));
#11361=DIRECTION('',(0.,0.,1.));
#11362=DIRECTION('',(0.,0.,1.));
#11363=DIRECTION('',(1.,0.,0.));
#11364=DIRECTION('',(0.,0.,1.));
#11365=DIRECTION('',(0.,0.,1.));
#11366=DIRECTION('',(1.,0.,0.));
#11367=DIRECTION('',(0.,0.,1.));
#11368=DIRECTION('',(0.,0.,1.));
#11369=DIRECTION('',(1.,0.,0.));
#11370=DIRECTION('',(0.,0.,1.));
#11371=DIRECTION('',(1.,0.,0.));
#11372=DIRECTION('',(1.,0.,0.));
#11373=DIRECTION('',(0.,1.,0.));
#11374=DIRECTION('',(0.,0.,1.));
#11375=DIRECTION('',(0.,1.,0.));
#11376=DIRECTION('',(0.,1.,0.));
#11377=DIRECTION('',(-1.,0.,0.));
#11378=DIRECTION('',(0.,-1.,0.));
#11379=DIRECTION('',(0.,1.,0.));
#11380=DIRECTION('',(0.,-1.,0.));
#11381=DIRECTION('',(0.,0.,1.));
#11382=DIRECTION('',(0.,0.,1.));
#11383=DIRECTION('',(1.83690953073E-16,1.,0.));
#11384=DIRECTION('',(0.,0.,1.));
#11385=DIRECTION('',(1.,0.,0.));
#11386=DIRECTION('',(0.,0.,1.));
#11387=DIRECTION('',(1.,0.,0.));
#11388=DIRECTION('',(0.,0.,1.));
#11389=DIRECTION('',(0.,0.,1.));
#11390=DIRECTION('',(0.166666666667035,-0.986013297183207,0.));
#11391=DIRECTION('',(0.,0.,1.));
#11392=DIRECTION('',(1.,0.,0.));
#11393=DIRECTION('',(0.,0.,1.));
#11394=DIRECTION('',(1.,0.,0.));
#11395=DIRECTION('',(1.,0.,0.));
#11396=DIRECTION('',(0.,1.,0.));
#11397=DIRECTION('',(0.,0.,1.));
#11398=DIRECTION('',(0.,1.,0.));
#11399=DIRECTION('',(0.,1.,0.));
#11400=DIRECTION('',(0.,0.,1.));
#11401=DIRECTION('',(1.83690953073E-16,1.,0.));
#11402=DIRECTION('',(0.,0.,1.));
#11403=DIRECTION('',(1.,0.,0.));
#11404=DIRECTION('',(0.,0.,1.));
#11405=DIRECTION('',(0.,0.,1.));
#11406=DIRECTION('',(1.,0.,0.));
#11407=DIRECTION('',(0.,-1.,0.));
#11408=DIRECTION('',(1.,0.,0.));
#11409=DIRECTION('',(0.,0.,1.));
#11410=DIRECTION('',(1.,0.,0.));
#11411=DIRECTION('',(1.,0.,0.));
#11412=DIRECTION('',(0.,-1.,0.));
#11413=DIRECTION('',(1.,0.,0.));
#11414=DIRECTION('',(0.,0.,1.));
#11415=DIRECTION('',(1.,0.,0.));
#11416=DIRECTION('',(1.,0.,0.));
#11417=DIRECTION('',(0.,0.,1.));
#11418=DIRECTION('',(1.,-1.83690953073E-16,0.));
#11419=DIRECTION('',(0.,0.,1.));
#11420=DIRECTION('',(1.,0.,0.));
#11421=DIRECTION('',(0.,0.,1.));
#11422=DIRECTION('',(1.,0.,0.));
#11423=DIRECTION('',(0.,0.,1.));
#11424=DIRECTION('',(0.,0.,-1.));
#11425=DIRECTION('',(3.33066907388E-16,-1.,0.));
#11426=DIRECTION('',(0.,0.,-1.));
#11427=DIRECTION('',(-1.,0.,0.));
#11428=DIRECTION('',(0.,0.,-1.));
#11429=DIRECTION('',(0.,0.,-1.));
#11430=DIRECTION('',(-1.,0.,0.));
#11431=DIRECTION('',(0.,0.,1.));
#11432=DIRECTION('',(1.,0.,0.));
#11433=DIRECTION('',(0.,0.,-1.));
#11434=DIRECTION('',(-1.,0.,0.));
#11435=DIRECTION('',(1.,0.,0.));
#11436=DIRECTION('',(0.,0.,1.));
#11437=DIRECTION('',(1.,0.,0.));
#11438=DIRECTION('',(0.,0.,1.));
#11439=DIRECTION('',(1.,0.,0.));
#11440=DIRECTION('',(0.,0.,1.));
#11441=DIRECTION('',(1.,0.,0.));
#11442=DIRECTION('',(1.,0.,0.));
#11443=DIRECTION('',(0.,0.,-1.));
#11444=DIRECTION('',(-1.,0.,0.));
#11445=DIRECTION('',(0.,0.,1.));
#11446=DIRECTION('',(1.83690953073E-16,1.,0.));
#11447=DIRECTION('',(0.,0.,-1.));
#11448=DIRECTION('',(0.,-1.,0.));
#11449=DIRECTION('',(1.,0.,0.));
#11450=DIRECTION('',(0.,0.,1.));
#11451=DIRECTION('',(0.,0.,-1.));
#11452=DIRECTION('',(0.986013297183207,-0.166666666667035,0.));
#11453=DIRECTION('',(0.,0.,1.));
#11454=DIRECTION('',(1.,0.,0.));
#11455=DIRECTION('',(0.,0.,-1.));
#11456=DIRECTION('',(1.,0.,0.));
#11457=DIRECTION('',(0.,0.,-1.));
#11458=DIRECTION('',(-1.,0.,0.));
#11459=DIRECTION('',(0.,0.,1.));
#11460=DIRECTION('',(1.,0.,0.));
#11461=DIRECTION('',(0.,1.,0.));
#11462=DIRECTION('',(-0.866025403783548,0.500000000001542,0.));
#11463=DIRECTION('',(-0.866025403783548,-0.500000000001542,0.));
#11464=DIRECTION('',(0.,1.,0.));
#11465=DIRECTION('',(0.866025403783548,-0.500000000001542,0.));
#11466=DIRECTION('',(0.866025403783548,0.500000000001542,0.));
#11467=DIRECTION('',(0.,0.,-1.));
#11468=DIRECTION('',(-1.,0.,0.));
#11469=DIRECTION('',(1.,0.,0.));
#11470=DIRECTION('',(0.,1.,0.));
#11471=DIRECTION('',(0.,0.,1.));
#11472=DIRECTION('',(0.,1.,0.));
#11473=DIRECTION('',(0.,0.,1.));
#11474=DIRECTION('',(0.50000000000019,0.866025403784329,0.));
#11475=DIRECTION('',(-0.866025403784329,0.50000000000019,0.));
#11476=DIRECTION('',(-0.866025403784329,0.50000000000019,0.));
#11477=DIRECTION('',(0.,0.,1.));
#11478=DIRECTION('',(-0.50000000000019,0.866025403784329,0.));
#11479=DIRECTION('',(-0.866025403784329,-0.50000000000019,0.));
#11480=DIRECTION('',(-0.866025403784329,-0.50000000000019,0.));
#11481=DIRECTION('',(0.,0.,1.));
#11482=DIRECTION('',(-1.,-1.53837014911E-16,0.));
#11483=DIRECTION('',(1.53837014911E-16,-1.,0.));
#11484=DIRECTION('',(1.53837014911E-16,-1.,0.));
#11485=DIRECTION('',(0.,0.,1.));
#11486=DIRECTION('',(-0.50000000000019,-0.866025403784329,0.));
#11487=DIRECTION('',(0.866025403784329,-0.50000000000019,0.));
#11488=DIRECTION('',(0.866025403784329,-0.50000000000019,0.));
#11489=DIRECTION('',(0.,0.,1.));
#11490=DIRECTION('',(0.50000000000019,-0.866025403784329,0.));
#11491=DIRECTION('',(0.866025403784329,0.50000000000019,0.));
#11492=DIRECTION('',(0.866025403784329,0.50000000000019,0.));
#11493=DIRECTION('',(0.,0.,1.));
#11494=DIRECTION('',(1.,0.,0.));
#11495=DIRECTION('',(0.,0.,-1.));
#11496=DIRECTION('',(-1.,0.,0.));
#11497=DIRECTION('',(0.,0.,-1.));
#11498=DIRECTION('',(1.,0.,0.));
#11499=DIRECTION('',(0.,0.,-1.));
#11500=DIRECTION('',(-1.,0.,0.));
#11501=DIRECTION('',(0.,0.,-1.));
#11502=DIRECTION('',(1.,0.,0.));
#11503=DIRECTION('',(0.,0.,-1.));
#11504=DIRECTION('',(0.877582561890372,-0.479425538604204,0.));
#11505=DIRECTION('',(0.,0.,1.));
#11506=DIRECTION('',(1.,0.,0.));
#11507=DIRECTION('',(-1.,0.,0.));
#11508=DIRECTION('',(0.,-1.,0.));
#11509=DIRECTION('',(0.,0.,1.));
#11510=DIRECTION('',(0.,-1.,0.));
#11511=DIRECTION('',(0.,0.,1.));
#11512=DIRECTION('',(0.,1.,0.));
#11513=DIRECTION('',(0.,1.,0.));
#11514=DIRECTION('',(-1.,0.,0.));
#11515=DIRECTION('',(-1.,0.,0.));
#11516=DIRECTION('',(0.,0.,1.));
#11517=DIRECTION('',(1.,0.,0.));
#11518=DIRECTION('',(1.,0.,0.));
#11519=DIRECTION('',(0.,1.,0.));
#11520=DIRECTION('',(0.,1.,0.));
#11521=DIRECTION('',(0.,0.,1.));
#11522=DIRECTION('',(0.,1.,0.));
#11523=DIRECTION('',(0.,-1.,0.));
#11524=DIRECTION('',(1.,0.,0.));
#11525=DIRECTION('',(1.,0.,0.));
#11526=DIRECTION('',(1.,0.,0.));
#11527=DIRECTION('',(0.,0.,1.));
#11528=DIRECTION('',(1.,0.,0.));
#11529=DIRECTION('',(0.,0.,1.));
#11530=DIRECTION('',(1.,0.,0.));
#11531=DIRECTION('',(0.,0.,1.));
#11532=DIRECTION('',(1.,0.,0.));
#11533=DIRECTION('',(0.,0.,-1.));
#11534=DIRECTION('',(1.,0.,0.));
#11535=DIRECTION('',(0.,0.,-1.));
#11536=DIRECTION('',(-1.,0.,0.));
#11537=DIRECTION('',(0.,0.,1.));
#11538=DIRECTION('',(1.,0.,0.));
#11539=DIRECTION('',(0.,1.,0.));
#11540=DIRECTION('',(-0.866025403783548,0.500000000001542,0.));
#11541=DIRECTION('',(-0.866025403783548,-0.500000000001542,0.));
#11542=DIRECTION('',(0.,1.,0.));
#11543=DIRECTION('',(0.866025403783548,-0.500000000001542,0.));
#11544=DIRECTION('',(0.866025403783548,0.500000000001542,0.));
#11545=DIRECTION('',(0.,0.,-1.));
#11546=DIRECTION('',(-1.,0.,0.));
#11547=DIRECTION('',(1.,0.,0.));
#11548=DIRECTION('',(0.,1.,0.));
#11549=DIRECTION('',(0.,0.,1.));
#11550=DIRECTION('',(0.,1.,0.));
#11551=DIRECTION('',(0.,0.,1.));
#11552=DIRECTION('',(0.50000000000019,0.866025403784329,0.));
#11553=DIRECTION('',(-0.866025403784329,0.50000000000019,0.));
#11554=DIRECTION('',(-0.866025403784329,0.50000000000019,0.));
#11555=DIRECTION('',(0.,0.,1.));
#11556=DIRECTION('',(-0.50000000000019,0.866025403784329,0.));
#11557=DIRECTION('',(-0.866025403784329,-0.50000000000019,0.));
#11558=DIRECTION('',(-0.866025403784329,-0.50000000000019,0.));
#11559=DIRECTION('',(0.,0.,1.));
#11560=DIRECTION('',(-1.,-1.53837014911E-16,0.));
#11561=DIRECTION('',(1.53837014911E-16,-1.,0.));
#11562=DIRECTION('',(1.53837014911E-16,-1.,0.));
#11563=DIRECTION('',(0.,0.,1.));
#11564=DIRECTION('',(-0.50000000000019,-0.866025403784329,0.));
#11565=DIRECTION('',(0.866025403784329,-0.50000000000019,0.));
#11566=DIRECTION('',(0.866025403784329,-0.50000000000019,0.));
#11567=DIRECTION('',(0.,0.,1.));
#11568=DIRECTION('',(0.50000000000019,-0.866025403784329,0.));
#11569=DIRECTION('',(0.866025403784329,0.50000000000019,0.));
#11570=DIRECTION('',(0.866025403784329,0.50000000000019,0.));
#11571=DIRECTION('',(0.,0.,1.));
#11572=DIRECTION('',(1.,0.,0.));
#11573=DIRECTION('',(0.,0.,-1.));
#11574=DIRECTION('',(-1.,0.,0.));
#11575=DIRECTION('',(0.,0.,-1.));
#11576=DIRECTION('',(1.,0.,0.));
#11577=DIRECTION('',(0.,0.,-1.));
#11578=DIRECTION('',(-1.,0.,0.));
#11579=DIRECTION('',(0.,0.,-1.));
#11580=DIRECTION('',(1.,0.,0.));
#11581=DIRECTION('',(0.,0.,-1.));
#11582=DIRECTION('',(0.877582561890372,-0.479425538604204,0.));
#11583=DIRECTION('',(0.,0.,1.));
#11584=DIRECTION('',(1.,0.,0.));
#11585=DIRECTION('',(0.,-1.,0.));
#11586=DIRECTION('',(1.,0.,0.));
#11587=DIRECTION('',(0.,0.,1.));
#11588=DIRECTION('',(1.,0.,0.));
#11589=DIRECTION('',(0.,0.,1.));
#11590=DIRECTION('',(1.,0.,0.));
#11591=DIRECTION('',(1.,0.,0.));
#11592=DIRECTION('',(0.,1.,0.));
#11593=DIRECTION('',(0.,1.,0.));
#11594=DIRECTION('',(0.,0.,1.));
#11595=DIRECTION('',(0.,1.,0.));
#11596=DIRECTION('',(0.,1.,0.));
#11597=DIRECTION('',(-1.,0.,0.));
#11598=DIRECTION('',(-1.,0.,0.));
#11599=DIRECTION('',(0.,0.,1.));
#11600=DIRECTION('',(1.,0.,0.));
#11601=DIRECTION('',(-1.,0.,0.));
#11602=DIRECTION('',(0.,-1.,0.));
#11603=DIRECTION('',(0.,-1.,0.));
#11604=DIRECTION('',(0.,1.,0.));
#11605=DIRECTION('',(0.,0.,1.));
#11606=DIRECTION('',(1.,0.,0.));
#11607=DIRECTION('',(0.,0.,1.));
#11608=DIRECTION('',(1.,0.,0.));
#11609=DIRECTION('',(0.,0.,1.));
#11610=DIRECTION('',(1.,0.,0.));
#11611=DIRECTION('',(0.,0.,-1.));
#11612=DIRECTION('',(1.,0.,0.));
#11613=DIRECTION('',(0.,0.,-1.));
#11614=DIRECTION('',(-1.,0.,0.));
#11615=DIRECTION('',(0.,0.,1.));
#11616=DIRECTION('',(1.,0.,0.));
#11617=DIRECTION('',(0.,1.,0.));
#11618=DIRECTION('',(-0.866025403783548,0.500000000001542,0.));
#11619=DIRECTION('',(-0.866025403783548,-0.500000000001542,0.));
#11620=DIRECTION('',(0.,1.,0.));
#11621=DIRECTION('',(0.866025403783548,-0.500000000001542,0.));
#11622=DIRECTION('',(0.866025403783548,0.500000000001542,0.));
#11623=DIRECTION('',(0.,0.,-1.));
#11624=DIRECTION('',(-1.,0.,0.));
#11625=DIRECTION('',(1.,0.,0.));
#11626=DIRECTION('',(0.,1.,0.));
#11627=DIRECTION('',(0.,0.,1.));
#11628=DIRECTION('',(0.,1.,0.));
#11629=DIRECTION('',(0.,0.,1.));
#11630=DIRECTION('',(0.50000000000019,0.866025403784329,0.));
#11631=DIRECTION('',(-0.866025403784329,0.50000000000019,0.));
#11632=DIRECTION('',(-0.866025403784329,0.50000000000019,0.));
#11633=DIRECTION('',(0.,0.,1.));
#11634=DIRECTION('',(-0.50000000000019,0.866025403784329,0.));
#11635=DIRECTION('',(-0.866025403784329,-0.50000000000019,0.));
#11636=DIRECTION('',(-0.866025403784329,-0.50000000000019,0.));
#11637=DIRECTION('',(0.,0.,1.));
#11638=DIRECTION('',(-1.,-1.53837014911E-16,0.));
#11639=DIRECTION('',(1.53837014911E-16,-1.,0.));
#11640=DIRECTION('',(1.53837014911E-16,-1.,0.));
#11641=DIRECTION('',(0.,0.,1.));
#11642=DIRECTION('',(-0.50000000000019,-0.866025403784329,0.));
#11643=DIRECTION('',(0.866025403784329,-0.50000000000019,0.));
#11644=DIRECTION('',(0.866025403784329,-0.50000000000019,0.));
#11645=DIRECTION('',(0.,0.,1.));
#11646=DIRECTION('',(0.50000000000019,-0.866025403784329,0.));
#11647=DIRECTION('',(0.866025403784329,0.50000000000019,0.));
#11648=DIRECTION('',(0.866025403784329,0.50000000000019,0.));
#11649=DIRECTION('',(0.,0.,1.));
#11650=DIRECTION('',(1.,0.,0.));
#11651=DIRECTION('',(0.,0.,-1.));
#11652=DIRECTION('',(-1.,0.,0.));
#11653=DIRECTION('',(0.,0.,-1.));
#11654=DIRECTION('',(1.,0.,0.));
#11655=DIRECTION('',(0.,0.,-1.));
#11656=DIRECTION('',(-1.,0.,0.));
#11657=DIRECTION('',(0.,0.,-1.));
#11658=DIRECTION('',(1.,0.,0.));
#11659=DIRECTION('',(0.,0.,-1.));
#11660=DIRECTION('',(0.877582561890372,-0.479425538604204,0.));
#11661=DIRECTION('',(0.,0.,1.));
#11662=DIRECTION('',(1.,0.,0.));
#11663=DIRECTION('',(0.,0.,1.));
#11664=DIRECTION('',(1.,0.,0.));
#11665=DIRECTION('',(0.,0.,1.));
#11666=DIRECTION('',(1.,0.,0.));
#11667=DIRECTION('',(0.,0.,1.));
#11668=DIRECTION('',(1.,0.,0.));
#11669=DIRECTION('',(0.,0.,1.));
#11670=DIRECTION('',(-1.,-3.21628574468E-16,0.));
#11671=DIRECTION('',(0.,0.,1.));
#11672=DIRECTION('',(1.,0.,0.));
#11673=DIRECTION('',(0.,0.,1.));
#11674=DIRECTION('',(1.,0.,0.));
#11675=DIRECTION('',(0.,0.,1.));
#11676=DIRECTION('',(-1.,-3.21628574468E-16,0.));
#11677=DIRECTION('',(0.,0.,1.));
#11678=DIRECTION('',(1.,0.,0.));
#11679=DIRECTION('',(0.,0.,1.));
#11680=DIRECTION('',(1.,0.,0.));
#11681=DIRECTION('',(0.,0.,1.));
#11682=DIRECTION('',(1.,0.,0.));
#11683=DIRECTION('',(0.,0.,1.));
#11684=DIRECTION('',(1.,0.,0.));
#11685=DIRECTION('',(0.,0.,1.));
#11686=DIRECTION('',(1.,0.,0.));
#11687=DIRECTION('',(0.,0.,1.));
#11688=DIRECTION('',(1.,-1.83690953073E-16,0.));
#11689=DIRECTION('',(0.,0.,1.));
#11690=DIRECTION('',(1.,0.,0.));
#11691=DIRECTION('',(0.,0.,1.));
#11692=DIRECTION('',(0.,0.,1.));
#11693=DIRECTION('',(1.,0.,0.));
#11694=DIRECTION('',(0.,0.,1.));
#11695=DIRECTION('',(0.,0.,1.));
#11696=DIRECTION('',(1.,-1.83690953073E-16,0.));
#11697=DIRECTION('',(0.,0.,1.));
#11698=DIRECTION('',(1.,0.,0.));
#11699=DIRECTION('',(0.,0.,1.));
#11700=DIRECTION('',(0.,0.,1.));
#11701=DIRECTION('',(1.,0.,0.));
#11702=DIRECTION('',(0.,0.,-1.));
#11703=DIRECTION('',(0.,0.,-1.));
#11704=DIRECTION('',(-0.166666666667035,-0.986013297183207,0.));
#11705=DIRECTION('',(0.,0.,1.));
#11706=DIRECTION('',(0.,0.,-1.));
#11707=DIRECTION('',(-1.,0.,0.));
#11708=DIRECTION('',(0.,0.,-1.));
#11709=DIRECTION('',(-1.,0.,0.));
#11710=DIRECTION('',(-1.,0.,0.));
#11711=DIRECTION('',(0.,-1.,0.));
#11712=DIRECTION('',(0.,0.,1.));
#11713=DIRECTION('',(0.,1.,0.));
#11714=DIRECTION('',(0.,-1.,0.));
#11715=DIRECTION('',(-1.,0.,0.));
#11716=DIRECTION('',(0.,-1.,0.));
#11717=DIRECTION('',(0.,0.,-1.));
#11718=DIRECTION('',(0.,-1.,0.));
#11719=DIRECTION('',(0.,1.,0.));
#11720=DIRECTION('',(0.,0.,1.));
#11721=DIRECTION('',(0.,1.,0.));
#11722=DIRECTION('',(0.,0.,1.));
#11723=DIRECTION('',(0.,0.,1.));
#11724=DIRECTION('',(1.,0.,0.));
#11725=DIRECTION('',(0.,0.,1.));
#11726=DIRECTION('',(1.,0.,0.));
#11727=DIRECTION('',(0.,0.,-1.));
#11728=DIRECTION('',(1.,0.,0.));
#11729=DIRECTION('',(0.,0.,-1.));
#11730=DIRECTION('',(-1.,0.,0.));
#11731=DIRECTION('',(0.,0.,-1.));
#11732=DIRECTION('',(-1.,0.,0.));
#11733=DIRECTION('',(-1.,0.,0.));
#11734=DIRECTION('',(0.,-1.,0.));
#11735=DIRECTION('',(0.,0.,1.));
#11736=DIRECTION('',(0.,-1.,0.));
#11737=DIRECTION('',(0.,1.,0.));
#11738=DIRECTION('',(0.,0.,1.));
#11739=DIRECTION('',(-1.83690953073E-16,-1.,0.));
#11740=DIRECTION('',(0.,0.,1.));
#11741=DIRECTION('',(1.,0.,0.));
#11742=DIRECTION('',(0.,0.,1.));
#11743=DIRECTION('',(0.,0.,1.));
#11744=DIRECTION('',(1.,0.,0.));
#11745=DIRECTION('',(0.,0.,1.));
#11746=DIRECTION('',(-1.83690953073E-16,-1.,0.));
#11747=DIRECTION('',(0.,0.,1.));
#11748=DIRECTION('',(1.,0.,0.));
#11749=DIRECTION('',(0.,0.,1.));
#11750=DIRECTION('',(0.,0.,1.));
#11751=DIRECTION('',(1.,0.,0.));
#11752=DIRECTION('',(0.,0.,1.));
#11753=DIRECTION('',(0.,0.,1.));
#11754=DIRECTION('',(0.,1.,0.));
#11755=DIRECTION('',(0.,0.,1.));
#11756=DIRECTION('',(0.,0.,1.));
#11757=DIRECTION('',(1.,0.,0.));
#11758=DIRECTION('',(0.,0.,1.));
#11759=DIRECTION('',(1.,0.,0.));
#11760=DIRECTION('',(0.,-1.,0.));
#11761=DIRECTION('',(1.,0.,0.));
#11762=DIRECTION('',(1.,0.,0.));
#11763=DIRECTION('',(1.,0.,0.));
#11764=DIRECTION('',(0.,0.,1.));
#11765=DIRECTION('',(0.,-1.,0.));
#11766=DIRECTION('',(1.,0.,0.));
#11767=DIRECTION('',(1.,0.,0.));
#11768=DIRECTION('',(1.,0.,0.));
#11769=DIRECTION('',(0.,0.,1.));
#11770=DIRECTION('',(0.,0.,1.));
#11771=DIRECTION('',(1.,0.,0.));
#11772=DIRECTION('',(0.,0.,1.));
#11773=DIRECTION('',(0.,0.,1.));
#11774=DIRECTION('',(1.,0.,0.));
#11775=DIRECTION('',(0.,0.,1.));
#11776=DIRECTION('',(1.,0.,0.));
#11777=DIRECTION('',(0.,0.,1.));
#11778=DIRECTION('',(-0.986013297183207,-0.166666666667035,0.));
#11779=DIRECTION('',(0.,0.,1.));
#11780=DIRECTION('',(1.,0.,0.));
#11781=DIRECTION('',(0.,0.,1.));
#11782=DIRECTION('',(1.,0.,0.));
#11783=DIRECTION('',(0.,-1.,0.));
#11784=DIRECTION('',(1.,0.,0.));
#11785=DIRECTION('',(1.,0.,0.));
#11786=DIRECTION('',(1.,0.,0.));
#11787=DIRECTION('',(0.,0.,1.));
#11788=DIRECTION('',(0.,0.,1.));
#11789=DIRECTION('',(-1.,1.83690953073E-16,0.));
#11790=DIRECTION('',(0.,0.,1.));
#11791=DIRECTION('',(1.,0.,0.));
#11792=DIRECTION('',(0.,0.,1.));
#11793=DIRECTION('',(0.,0.,1.));
#11794=DIRECTION('',(1.,0.,0.));
#11795=DIRECTION('',(0.,0.,1.));
#11796=DIRECTION('',(-1.,1.83690953073E-16,0.));
#11797=DIRECTION('',(0.,0.,1.));
#11798=DIRECTION('',(1.,0.,0.));
#11799=DIRECTION('',(0.,0.,1.));
#11800=DIRECTION('',(0.,0.,1.));
#11801=DIRECTION('',(1.,0.,0.));
#11802=DIRECTION('',(0.,0.,1.));
#11803=DIRECTION('',(0.,0.,1.));
#11804=DIRECTION('',(1.,0.,0.));
#11805=DIRECTION('',(0.,0.,1.));
#11806=DIRECTION('',(0.,0.,1.));
#11807=DIRECTION('',(1.,0.,0.));
#11808=DIRECTION('',(0.,0.,1.));
#11809=DIRECTION('',(1.,0.,0.));
#11810=DIRECTION('',(1.,0.,0.));
#11811=DIRECTION('',(0.,1.,0.));
#11812=DIRECTION('',(0.,0.,1.));
#11813=DIRECTION('',(0.,1.,0.));
#11814=DIRECTION('',(0.,1.,0.));
#11815=DIRECTION('',(-1.,0.,0.));
#11816=DIRECTION('',(0.,-1.,0.));
#11817=DIRECTION('',(0.,1.,0.));
#11818=DIRECTION('',(0.,-1.,0.));
#11819=DIRECTION('',(0.,0.,1.));
#11820=DIRECTION('',(0.,0.,1.));
#11821=DIRECTION('',(1.83690953073E-16,1.,0.));
#11822=DIRECTION('',(0.,0.,1.));
#11823=DIRECTION('',(1.,0.,0.));
#11824=DIRECTION('',(0.,0.,1.));
#11825=DIRECTION('',(1.,0.,0.));
#11826=DIRECTION('',(0.,0.,1.));
#11827=DIRECTION('',(0.,0.,1.));
#11828=DIRECTION('',(0.166666666667035,-0.986013297183207,0.));
#11829=DIRECTION('',(0.,0.,1.));
#11830=DIRECTION('',(1.,0.,0.));
#11831=DIRECTION('',(0.,0.,1.));
#11832=DIRECTION('',(1.,0.,0.));
#11833=DIRECTION('',(1.,0.,0.));
#11834=DIRECTION('',(0.,1.,0.));
#11835=DIRECTION('',(0.,0.,1.));
#11836=DIRECTION('',(0.,1.,0.));
#11837=DIRECTION('',(0.,1.,0.));
#11838=DIRECTION('',(0.,0.,1.));
#11839=DIRECTION('',(1.83690953073E-16,1.,0.));
#11840=DIRECTION('',(0.,0.,1.));
#11841=DIRECTION('',(1.,0.,0.));
#11842=DIRECTION('',(0.,0.,1.));
#11843=DIRECTION('',(0.,0.,1.));
#11844=DIRECTION('',(1.,0.,0.));
#11845=DIRECTION('',(0.,-1.,0.));
#11846=DIRECTION('',(1.,0.,0.));
#11847=DIRECTION('',(0.,0.,1.));
#11848=DIRECTION('',(1.,0.,0.));
#11849=DIRECTION('',(1.,0.,0.));
#11850=DIRECTION('',(0.,-1.,0.));
#11851=DIRECTION('',(1.,0.,0.));
#11852=DIRECTION('',(0.,0.,1.));
#11853=DIRECTION('',(1.,0.,0.));
#11854=DIRECTION('',(1.,0.,0.));
#11855=DIRECTION('',(0.,0.,1.));
#11856=DIRECTION('',(1.,-1.83690953073E-16,0.));
#11857=DIRECTION('',(0.,0.,1.));
#11858=DIRECTION('',(1.,0.,0.));
#11859=DIRECTION('',(0.,0.,1.));
#11860=DIRECTION('',(1.,0.,0.));
#11861=DIRECTION('',(0.,0.,1.));
#11862=DIRECTION('',(0.,0.,-1.));
#11863=DIRECTION('',(3.33066907388E-16,-1.,0.));
#11864=DIRECTION('',(0.,0.,-1.));
#11865=DIRECTION('',(-1.,0.,0.));
#11866=DIRECTION('',(0.,0.,-1.));
#11867=DIRECTION('',(0.,0.,-1.));
#11868=DIRECTION('',(-1.,0.,0.));
#11869=DIRECTION('',(0.,0.,1.));
#11870=DIRECTION('',(1.,0.,0.));
#11871=DIRECTION('',(0.,0.,-1.));
#11872=DIRECTION('',(-1.,0.,0.));
#11873=DIRECTION('',(1.,0.,0.));
#11874=DIRECTION('',(0.,0.,1.));
#11875=DIRECTION('',(1.,0.,0.));
#11876=DIRECTION('',(0.,0.,1.));
#11877=DIRECTION('',(1.,0.,0.));
#11878=DIRECTION('',(0.,0.,1.));
#11879=DIRECTION('',(1.,0.,0.));
#11880=DIRECTION('',(1.,0.,0.));
#11881=DIRECTION('',(0.,0.,-1.));
#11882=DIRECTION('',(-1.,0.,0.));
#11883=DIRECTION('',(0.,0.,1.));
#11884=DIRECTION('',(1.83690953073E-16,1.,0.));
#11885=DIRECTION('',(0.,0.,-1.));
#11886=DIRECTION('',(0.,-1.,0.));
#11887=DIRECTION('',(1.,0.,0.));
#11888=DIRECTION('',(0.,0.,1.));
#11889=DIRECTION('',(0.,0.,-1.));
#11890=DIRECTION('',(0.986013297183207,-0.166666666667035,0.));
#11891=DIRECTION('',(0.,0.,1.));
#11892=DIRECTION('',(1.,0.,0.));
#11893=DIRECTION('',(0.,0.,-1.));
#11894=DIRECTION('',(0.877582561890372,-0.479425538604204,0.));
#11895=DIRECTION('',(0.,0.,-1.));
#11896=DIRECTION('',(-1.,0.,0.));
#11897=DIRECTION('',(0.,0.,1.));
#11898=DIRECTION('',(1.,0.,0.));
#11899=DIRECTION('',(0.,0.,-1.));
#11900=DIRECTION('',(1.,0.,0.));
#11901=DIRECTION('',(0.,0.,-1.));
#11902=DIRECTION('',(-1.,0.,0.));
#11903=DIRECTION('',(0.,0.,1.));
#11904=DIRECTION('',(1.,0.,0.));
#11905=DIRECTION('',(0.,0.,-1.));
#11906=DIRECTION('',(1.,0.,0.));
#11907=DIRECTION('',(0.,0.,1.));
#11908=DIRECTION('',(1.,0.,0.));
#11909=DIRECTION('',(0.866025403784329,0.50000000000019,0.));
#11910=DIRECTION('',(0.866025403784329,-0.50000000000019,0.));
#11911=DIRECTION('',(1.53837014911E-16,-1.,0.));
#11912=DIRECTION('',(-0.866025403784329,-0.50000000000019,0.));
#11913=DIRECTION('',(-0.866025403784329,0.50000000000019,0.));
#11914=DIRECTION('',(0.,1.,0.));
#11915=DIRECTION('',(0.50000000000019,-0.866025403784329,0.));
#11916=DIRECTION('',(0.866025403784329,0.50000000000019,0.));
#11917=DIRECTION('',(0.,0.,1.));
#11918=DIRECTION('',(0.,0.,1.));
#11919=DIRECTION('',(0.866025403784329,0.50000000000019,0.));
#11920=DIRECTION('',(-0.50000000000019,-0.866025403784329,0.));
#11921=DIRECTION('',(0.866025403784329,-0.50000000000019,0.));
#11922=DIRECTION('',(0.,0.,1.));
#11923=DIRECTION('',(0.866025403784329,-0.50000000000019,0.));
#11924=DIRECTION('',(-1.,0.,0.));
#11925=DIRECTION('',(0.,-1.,0.));
#11926=DIRECTION('',(0.,0.,1.));
#11927=DIRECTION('',(0.,-1.,0.));
#11928=DIRECTION('',(-0.50000000000019,0.866025403784329,0.));
#11929=DIRECTION('',(-0.866025403784329,-0.50000000000019,0.));
#11930=DIRECTION('',(0.,0.,1.));
#11931=DIRECTION('',(-0.866025403784329,-0.50000000000019,0.));
#11932=DIRECTION('',(0.50000000000019,0.866025403784329,0.));
#11933=DIRECTION('',(-0.866025403784329,0.50000000000019,0.));
#11934=DIRECTION('',(0.,0.,1.));
#11935=DIRECTION('',(-0.866025403784329,0.50000000000019,0.));
#11936=DIRECTION('',(1.,0.,0.));
#11937=DIRECTION('',(0.,1.,0.));
#11938=DIRECTION('',(0.,1.,0.));
#11939=DIRECTION('',(0.,0.,1.));
#11940=DIRECTION('',(1.,0.,0.));
#11941=DIRECTION('',(0.,0.,-1.));
#11942=DIRECTION('',(1.,0.,0.));
#11943=DIRECTION('',(0.,0.,1.));
#11944=DIRECTION('',(1.,0.,0.));
#11945=DIRECTION('',(0.,0.,-1.));
#11946=DIRECTION('',(1.,0.,0.));
#11947=DIRECTION('',(0.,0.,-1.));
#11948=DIRECTION('',(-1.,0.,0.));
#11949=DIRECTION('',(0.,0.,1.));
#11950=DIRECTION('',(1.,0.,0.));
#11951=DIRECTION('',(0.,1.,0.));
#11952=DIRECTION('',(-0.866025403783548,0.500000000001542,0.));
#11953=DIRECTION('',(-0.866025403783548,-0.500000000001542,0.));
#11954=DIRECTION('',(0.,1.,0.));
#11955=DIRECTION('',(0.866025403783548,-0.500000000001542,0.));
#11956=DIRECTION('',(0.866025403783548,0.500000000001542,0.));
#11957=DIRECTION('',(0.,0.,-1.));
#11958=DIRECTION('',(-1.,0.,0.));
#11959=DIRECTION('',(1.,0.,0.));
#11960=DIRECTION('',(0.,1.,0.));
#11961=DIRECTION('',(0.,0.,1.));
#11962=DIRECTION('',(0.,1.,0.));
#11963=DIRECTION('',(0.,0.,1.));
#11964=DIRECTION('',(0.50000000000019,0.866025403784329,0.));
#11965=DIRECTION('',(-0.866025403784329,0.50000000000019,0.));
#11966=DIRECTION('',(-0.866025403784329,0.50000000000019,0.));
#11967=DIRECTION('',(0.,0.,1.));
#11968=DIRECTION('',(-0.50000000000019,0.866025403784329,0.));
#11969=DIRECTION('',(-0.866025403784329,-0.50000000000019,0.));
#11970=DIRECTION('',(-0.866025403784329,-0.50000000000019,0.));
#11971=DIRECTION('',(0.,0.,1.));
#11972=DIRECTION('',(-1.,-1.53837014911E-16,0.));
#11973=DIRECTION('',(1.53837014911E-16,-1.,0.));
#11974=DIRECTION('',(1.53837014911E-16,-1.,0.));
#11975=DIRECTION('',(0.,0.,1.));
#11976=DIRECTION('',(-0.50000000000019,-0.866025403784329,0.));
#11977=DIRECTION('',(0.866025403784329,-0.50000000000019,0.));
#11978=DIRECTION('',(0.866025403784329,-0.50000000000019,0.));
#11979=DIRECTION('',(0.,0.,1.));
#11980=DIRECTION('',(0.50000000000019,-0.866025403784329,0.));
#11981=DIRECTION('',(0.866025403784329,0.50000000000019,0.));
#11982=DIRECTION('',(0.866025403784329,0.50000000000019,0.));
#11983=DIRECTION('',(0.,0.,1.));
#11984=DIRECTION('',(1.,0.,0.));
#11985=DIRECTION('',(0.,0.,-1.));
#11986=DIRECTION('',(-1.,0.,0.));
#11987=DIRECTION('',(0.,0.,-1.));
#11988=DIRECTION('',(1.,0.,0.));
#11989=DIRECTION('',(0.,0.,-1.));
#11990=DIRECTION('',(-1.,0.,0.));
#11991=DIRECTION('',(0.,0.,-1.));
#11992=DIRECTION('',(1.,0.,0.));
#11993=DIRECTION('',(0.,0.,-1.));
#11994=DIRECTION('',(0.877582561890372,-0.479425538604204,0.));
#11995=DIRECTION('',(0.,0.,1.));
#11996=DIRECTION('',(1.,0.,0.));
#11997=DIRECTION('',(0.,0.,-1.));
#11998=DIRECTION('',(0.877582561890372,-0.479425538604204,0.));
#11999=DIRECTION('',(0.,0.,-1.));
#12000=DIRECTION('',(-1.,0.,0.));
#12001=DIRECTION('',(0.,0.,1.));
#12002=DIRECTION('',(1.,0.,0.));
#12003=DIRECTION('',(0.,0.,-1.));
#12004=DIRECTION('',(1.,0.,0.));
#12005=DIRECTION('',(0.,0.,-1.));
#12006=DIRECTION('',(-1.,0.,0.));
#12007=DIRECTION('',(0.,0.,1.));
#12008=DIRECTION('',(1.,0.,0.));
#12009=DIRECTION('',(0.,0.,-1.));
#12010=DIRECTION('',(1.,0.,0.));
#12011=DIRECTION('',(0.,0.,1.));
#12012=DIRECTION('',(1.,0.,0.));
#12013=DIRECTION('',(0.866025403784329,0.50000000000019,0.));
#12014=DIRECTION('',(0.866025403784329,-0.50000000000019,0.));
#12015=DIRECTION('',(1.53837014911E-16,-1.,0.));
#12016=DIRECTION('',(-0.866025403784329,-0.50000000000019,0.));
#12017=DIRECTION('',(-0.866025403784329,0.50000000000019,0.));
#12018=DIRECTION('',(0.,1.,0.));
#12019=DIRECTION('',(0.50000000000019,-0.866025403784329,0.));
#12020=DIRECTION('',(0.866025403784329,0.50000000000019,0.));
#12021=DIRECTION('',(0.,0.,1.));
#12022=DIRECTION('',(0.,0.,1.));
#12023=DIRECTION('',(0.866025403784329,0.50000000000019,0.));
#12024=DIRECTION('',(-0.50000000000019,-0.866025403784329,0.));
#12025=DIRECTION('',(0.866025403784329,-0.50000000000019,0.));
#12026=DIRECTION('',(0.,0.,1.));
#12027=DIRECTION('',(0.866025403784329,-0.50000000000019,0.));
#12028=DIRECTION('',(-1.,0.,0.));
#12029=DIRECTION('',(0.,-1.,0.));
#12030=DIRECTION('',(0.,0.,1.));
#12031=DIRECTION('',(0.,-1.,0.));
#12032=DIRECTION('',(-0.50000000000019,0.866025403784329,0.));
#12033=DIRECTION('',(-0.866025403784329,-0.50000000000019,0.));
#12034=DIRECTION('',(0.,0.,1.));
#12035=DIRECTION('',(-0.866025403784329,-0.50000000000019,0.));
#12036=DIRECTION('',(0.50000000000019,0.866025403784329,0.));
#12037=DIRECTION('',(-0.866025403784329,0.50000000000019,0.));
#12038=DIRECTION('',(0.,0.,1.));
#12039=DIRECTION('',(-0.866025403784329,0.50000000000019,0.));
#12040=DIRECTION('',(1.,0.,0.));
#12041=DIRECTION('',(0.,1.,0.));
#12042=DIRECTION('',(0.,1.,0.));
#12043=DIRECTION('',(0.,0.,1.));
#12044=DIRECTION('',(1.,0.,0.));
#12045=DIRECTION('',(0.,0.,-1.));
#12046=DIRECTION('',(1.,0.,0.));
#12047=DIRECTION('',(0.,0.,1.));
#12048=DIRECTION('',(1.,0.,0.));
#12049=DIRECTION('',(-1.,0.,0.));
#12050=DIRECTION('',(0.,-1.,0.));
#12051=DIRECTION('',(0.,0.,1.));
#12052=DIRECTION('',(0.,-1.,0.));
#12053=DIRECTION('',(0.,0.,1.));
#12054=DIRECTION('',(0.,1.,0.));
#12055=DIRECTION('',(0.,1.,0.));
#12056=DIRECTION('',(-1.,0.,0.));
#12057=DIRECTION('',(-1.,0.,0.));
#12058=DIRECTION('',(0.,0.,1.));
#12059=DIRECTION('',(1.,0.,0.));
#12060=DIRECTION('',(1.,0.,0.));
#12061=DIRECTION('',(0.,1.,0.));
#12062=DIRECTION('',(0.,1.,0.));
#12063=DIRECTION('',(0.,0.,1.));
#12064=DIRECTION('',(0.,1.,0.));
#12065=DIRECTION('',(0.,-1.,0.));
#12066=DIRECTION('',(1.,0.,0.));
#12067=DIRECTION('',(1.,0.,0.));
#12068=DIRECTION('',(1.,0.,0.));
#12069=DIRECTION('',(0.,0.,1.));
#12070=DIRECTION('',(1.,0.,0.));
#12071=DIRECTION('',(0.,0.,1.));
#12072=DIRECTION('',(1.,0.,0.));
#12073=DIRECTION('',(0.,0.,1.));
#12074=DIRECTION('',(1.,0.,0.));
#12075=DIRECTION('',(0.,-1.,0.));
#12076=DIRECTION('',(1.,0.,0.));
#12077=DIRECTION('',(0.,0.,1.));
#12078=DIRECTION('',(1.,0.,0.));
#12079=DIRECTION('',(0.,0.,1.));
#12080=DIRECTION('',(1.,0.,0.));
#12081=DIRECTION('',(1.,0.,0.));
#12082=DIRECTION('',(0.,1.,0.));
#12083=DIRECTION('',(0.,1.,0.));
#12084=DIRECTION('',(0.,0.,1.));
#12085=DIRECTION('',(0.,1.,0.));
#12086=DIRECTION('',(0.,1.,0.));
#12087=DIRECTION('',(-1.,0.,0.));
#12088=DIRECTION('',(-1.,0.,0.));
#12089=DIRECTION('',(0.,0.,1.));
#12090=DIRECTION('',(1.,0.,0.));
#12091=DIRECTION('',(-1.,0.,0.));
#12092=DIRECTION('',(0.,-1.,0.));
#12093=DIRECTION('',(0.,-1.,0.));
#12094=DIRECTION('',(0.,1.,0.));
#12095=DIRECTION('',(0.,0.,1.));
#12096=DIRECTION('',(1.,0.,0.));
#12097=DIRECTION('',(0.,0.,1.));
#12098=DIRECTION('',(1.,0.,0.));
#12099=DIRECTION('',(0.,0.,1.));
#12100=DIRECTION('',(1.,0.,0.));
#12101=DIRECTION('',(0.,0.,-1.));
#12102=DIRECTION('',(0.877582561890372,-0.479425538604204,0.));
#12103=DIRECTION('',(0.,0.,-1.));
#12104=DIRECTION('',(-1.,0.,0.));
#12105=DIRECTION('',(0.,0.,1.));
#12106=DIRECTION('',(1.,0.,0.));
#12107=DIRECTION('',(0.,0.,-1.));
#12108=DIRECTION('',(1.,0.,0.));
#12109=DIRECTION('',(0.,0.,-1.));
#12110=DIRECTION('',(-1.,0.,0.));
#12111=DIRECTION('',(0.,0.,1.));
#12112=DIRECTION('',(1.,0.,0.));
#12113=DIRECTION('',(0.,0.,-1.));
#12114=DIRECTION('',(1.,0.,0.));
#12115=DIRECTION('',(0.,0.,1.));
#12116=DIRECTION('',(1.,0.,0.));
#12117=DIRECTION('',(0.866025403784329,0.50000000000019,0.));
#12118=DIRECTION('',(0.866025403784329,-0.50000000000019,0.));
#12119=DIRECTION('',(1.53837014911E-16,-1.,0.));
#12120=DIRECTION('',(-0.866025403784329,-0.50000000000019,0.));
#12121=DIRECTION('',(-0.866025403784329,0.50000000000019,0.));
#12122=DIRECTION('',(0.,1.,0.));
#12123=DIRECTION('',(0.50000000000019,-0.866025403784329,0.));
#12124=DIRECTION('',(0.866025403784329,0.50000000000019,0.));
#12125=DIRECTION('',(0.,0.,1.));
#12126=DIRECTION('',(0.,0.,1.));
#12127=DIRECTION('',(0.866025403784329,0.50000000000019,0.));
#12128=DIRECTION('',(-0.50000000000019,-0.866025403784329,0.));
#12129=DIRECTION('',(0.866025403784329,-0.50000000000019,0.));
#12130=DIRECTION('',(0.,0.,1.));
#12131=DIRECTION('',(0.866025403784329,-0.50000000000019,0.));
#12132=DIRECTION('',(-1.,0.,0.));
#12133=DIRECTION('',(0.,-1.,0.));
#12134=DIRECTION('',(0.,0.,1.));
#12135=DIRECTION('',(0.,-1.,0.));
#12136=DIRECTION('',(-0.50000000000019,0.866025403784329,0.));
#12137=DIRECTION('',(-0.866025403784329,-0.50000000000019,0.));
#12138=DIRECTION('',(0.,0.,1.));
#12139=DIRECTION('',(-0.866025403784329,-0.50000000000019,0.));
#12140=DIRECTION('',(0.50000000000019,0.866025403784329,0.));
#12141=DIRECTION('',(-0.866025403784329,0.50000000000019,0.));
#12142=DIRECTION('',(0.,0.,1.));
#12143=DIRECTION('',(-0.866025403784329,0.50000000000019,0.));
#12144=DIRECTION('',(1.,0.,0.));
#12145=DIRECTION('',(0.,1.,0.));
#12146=DIRECTION('',(0.,1.,0.));
#12147=DIRECTION('',(0.,0.,1.));
#12148=DIRECTION('',(1.,0.,0.));
#12149=DIRECTION('',(0.,0.,-1.));
#12150=DIRECTION('',(1.,0.,0.));
#12151=DIRECTION('',(0.,0.,1.));
#12152=DIRECTION('',(1.,0.,0.));
#12153=DIRECTION('',(0.,0.,-1.));
#12154=DIRECTION('',(1.,0.,0.));
#12155=DIRECTION('',(0.,0.,-1.));
#12156=DIRECTION('',(-1.,0.,0.));
#12157=DIRECTION('',(0.,0.,1.));
#12158=DIRECTION('',(1.,0.,0.));
#12159=DIRECTION('',(0.,1.,0.));
#12160=DIRECTION('',(-0.866025403783548,0.500000000001542,0.));
#12161=DIRECTION('',(-0.866025403783548,-0.500000000001542,0.));
#12162=DIRECTION('',(0.,1.,0.));
#12163=DIRECTION('',(0.866025403783548,-0.500000000001542,0.));
#12164=DIRECTION('',(0.866025403783548,0.500000000001542,0.));
#12165=DIRECTION('',(0.,0.,-1.));
#12166=DIRECTION('',(-1.,0.,0.));
#12167=DIRECTION('',(1.,0.,0.));
#12168=DIRECTION('',(0.,1.,0.));
#12169=DIRECTION('',(0.,0.,1.));
#12170=DIRECTION('',(0.,1.,0.));
#12171=DIRECTION('',(0.,0.,1.));
#12172=DIRECTION('',(0.50000000000019,0.866025403784329,0.));
#12173=DIRECTION('',(-0.866025403784329,0.50000000000019,0.));
#12174=DIRECTION('',(-0.866025403784329,0.50000000000019,0.));
#12175=DIRECTION('',(0.,0.,1.));
#12176=DIRECTION('',(-0.50000000000019,0.866025403784329,0.));
#12177=DIRECTION('',(-0.866025403784329,-0.50000000000019,0.));
#12178=DIRECTION('',(-0.866025403784329,-0.50000000000019,0.));
#12179=DIRECTION('',(0.,0.,1.));
#12180=DIRECTION('',(-1.,-1.53837014911E-16,0.));
#12181=DIRECTION('',(1.53837014911E-16,-1.,0.));
#12182=DIRECTION('',(1.53837014911E-16,-1.,0.));
#12183=DIRECTION('',(0.,0.,1.));
#12184=DIRECTION('',(-0.50000000000019,-0.866025403784329,0.));
#12185=DIRECTION('',(0.866025403784329,-0.50000000000019,0.));
#12186=DIRECTION('',(0.866025403784329,-0.50000000000019,0.));
#12187=DIRECTION('',(0.,0.,1.));
#12188=DIRECTION('',(0.50000000000019,-0.866025403784329,0.));
#12189=DIRECTION('',(0.866025403784329,0.50000000000019,0.));
#12190=DIRECTION('',(0.866025403784329,0.50000000000019,0.));
#12191=DIRECTION('',(0.,0.,1.));
#12192=DIRECTION('',(1.,0.,0.));
#12193=DIRECTION('',(0.,0.,-1.));
#12194=DIRECTION('',(-1.,0.,0.));
#12195=DIRECTION('',(0.,0.,-1.));
#12196=DIRECTION('',(1.,0.,0.));
#12197=DIRECTION('',(0.,0.,-1.));
#12198=DIRECTION('',(-1.,0.,0.));
#12199=DIRECTION('',(0.,0.,-1.));
#12200=DIRECTION('',(1.,0.,0.));
#12201=DIRECTION('',(0.,0.,-1.));
#12202=DIRECTION('',(0.877582561890372,-0.479425538604204,0.));
#12203=DIRECTION('',(0.,0.,1.));
#12204=DIRECTION('',(1.,0.,0.));
#12205=DIRECTION('',(0.,0.,-1.));
#12206=DIRECTION('',(0.877582561890372,-0.479425538604204,0.));
#12207=DIRECTION('',(0.,0.,-1.));
#12208=DIRECTION('',(-1.,0.,0.));
#12209=DIRECTION('',(0.,0.,1.));
#12210=DIRECTION('',(1.,0.,0.));
#12211=DIRECTION('',(0.,0.,-1.));
#12212=DIRECTION('',(1.,0.,0.));
#12213=DIRECTION('',(0.,0.,-1.));
#12214=DIRECTION('',(-1.,0.,0.));
#12215=DIRECTION('',(0.,0.,1.));
#12216=DIRECTION('',(1.,0.,0.));
#12217=DIRECTION('',(0.,0.,-1.));
#12218=DIRECTION('',(1.,0.,0.));
#12219=DIRECTION('',(0.,0.,1.));
#12220=DIRECTION('',(1.,0.,0.));
#12221=DIRECTION('',(0.866025403784329,0.50000000000019,0.));
#12222=DIRECTION('',(0.866025403784329,-0.50000000000019,0.));
#12223=DIRECTION('',(1.53837014911E-16,-1.,0.));
#12224=DIRECTION('',(-0.866025403784329,-0.50000000000019,0.));
#12225=DIRECTION('',(-0.866025403784329,0.50000000000019,0.));
#12226=DIRECTION('',(0.,1.,0.));
#12227=DIRECTION('',(0.50000000000019,-0.866025403784329,0.));
#12228=DIRECTION('',(0.866025403784329,0.50000000000019,0.));
#12229=DIRECTION('',(0.,0.,1.));
#12230=DIRECTION('',(0.,0.,1.));
#12231=DIRECTION('',(0.866025403784329,0.50000000000019,0.));
#12232=DIRECTION('',(-0.50000000000019,-0.866025403784329,0.));
#12233=DIRECTION('',(0.866025403784329,-0.50000000000019,0.));
#12234=DIRECTION('',(0.,0.,1.));
#12235=DIRECTION('',(0.866025403784329,-0.50000000000019,0.));
#12236=DIRECTION('',(-1.,0.,0.));
#12237=DIRECTION('',(0.,-1.,0.));
#12238=DIRECTION('',(0.,0.,1.));
#12239=DIRECTION('',(0.,-1.,0.));
#12240=DIRECTION('',(-0.50000000000019,0.866025403784329,0.));
#12241=DIRECTION('',(-0.866025403784329,-0.50000000000019,0.));
#12242=DIRECTION('',(0.,0.,1.));
#12243=DIRECTION('',(-0.866025403784329,-0.50000000000019,0.));
#12244=DIRECTION('',(0.50000000000019,0.866025403784329,0.));
#12245=DIRECTION('',(-0.866025403784329,0.50000000000019,0.));
#12246=DIRECTION('',(0.,0.,1.));
#12247=DIRECTION('',(-0.866025403784329,0.50000000000019,0.));
#12248=DIRECTION('',(1.,0.,0.));
#12249=DIRECTION('',(0.,1.,0.));
#12250=DIRECTION('',(0.,1.,0.));
#12251=DIRECTION('',(0.,0.,1.));
#12252=DIRECTION('',(1.,0.,0.));
#12253=DIRECTION('',(0.,0.,-1.));
#12254=DIRECTION('',(1.,0.,0.));
#12255=DIRECTION('',(0.,0.,1.));
#12256=DIRECTION('',(1.,0.,0.));
#12257=DIRECTION('',(0.,0.,-1.));
#12258=DIRECTION('',(0.877582561890372,-0.479425538604204,0.));
#12259=DIRECTION('',(0.,0.,-1.));
#12260=DIRECTION('',(-1.,0.,0.));
#12261=DIRECTION('',(0.,0.,1.));
#12262=DIRECTION('',(1.,0.,0.));
#12263=DIRECTION('',(0.,0.,-1.));
#12264=DIRECTION('',(1.,0.,0.));
#12265=DIRECTION('',(0.,0.,-1.));
#12266=DIRECTION('',(-1.,0.,0.));
#12267=DIRECTION('',(0.,0.,1.));
#12268=DIRECTION('',(1.,0.,0.));
#12269=DIRECTION('',(0.,0.,-1.));
#12270=DIRECTION('',(1.,0.,0.));
#12271=DIRECTION('',(0.,0.,1.));
#12272=DIRECTION('',(1.,0.,0.));
#12273=DIRECTION('',(0.866025403784329,0.50000000000019,0.));
#12274=DIRECTION('',(0.866025403784329,-0.50000000000019,0.));
#12275=DIRECTION('',(1.53837014911E-16,-1.,0.));
#12276=DIRECTION('',(-0.866025403784329,-0.50000000000019,0.));
#12277=DIRECTION('',(-0.866025403784329,0.50000000000019,0.));
#12278=DIRECTION('',(0.,1.,0.));
#12279=DIRECTION('',(0.50000000000019,-0.866025403784329,0.));
#12280=DIRECTION('',(0.866025403784329,0.50000000000019,0.));
#12281=DIRECTION('',(0.,0.,1.));
#12282=DIRECTION('',(0.,0.,1.));
#12283=DIRECTION('',(0.866025403784329,0.50000000000019,0.));
#12284=DIRECTION('',(-0.50000000000019,-0.866025403784329,0.));
#12285=DIRECTION('',(0.866025403784329,-0.50000000000019,0.));
#12286=DIRECTION('',(0.,0.,1.));
#12287=DIRECTION('',(0.866025403784329,-0.50000000000019,0.));
#12288=DIRECTION('',(-1.,0.,0.));
#12289=DIRECTION('',(0.,-1.,0.));
#12290=DIRECTION('',(0.,0.,1.));
#12291=DIRECTION('',(0.,-1.,0.));
#12292=DIRECTION('',(-0.50000000000019,0.866025403784329,0.));
#12293=DIRECTION('',(-0.866025403784329,-0.50000000000019,0.));
#12294=DIRECTION('',(0.,0.,1.));
#12295=DIRECTION('',(-0.866025403784329,-0.50000000000019,0.));
#12296=DIRECTION('',(0.50000000000019,0.866025403784329,0.));
#12297=DIRECTION('',(-0.866025403784329,0.50000000000019,0.));
#12298=DIRECTION('',(0.,0.,1.));
#12299=DIRECTION('',(-0.866025403784329,0.50000000000019,0.));
#12300=DIRECTION('',(1.,0.,0.));
#12301=DIRECTION('',(0.,1.,0.));
#12302=DIRECTION('',(0.,1.,0.));
#12303=DIRECTION('',(0.,0.,1.));
#12304=DIRECTION('',(1.,0.,0.));
#12305=DIRECTION('',(0.,0.,-1.));
#12306=DIRECTION('',(1.,0.,0.));
#12307=DIRECTION('',(0.,0.,1.));
#12308=DIRECTION('',(1.,0.,0.));
#12309=DIRECTION('',(0.,0.,-1.));
#12310=DIRECTION('',(1.,0.,0.));
#12311=DIRECTION('',(0.,0.,-1.));
#12312=DIRECTION('',(-1.,0.,0.));
#12313=DIRECTION('',(0.,0.,1.));
#12314=DIRECTION('',(1.,0.,0.));
#12315=DIRECTION('',(0.,1.,0.));
#12316=DIRECTION('',(-0.866025403783548,0.500000000001542,0.));
#12317=DIRECTION('',(-0.866025403783548,-0.500000000001542,0.));
#12318=DIRECTION('',(0.,1.,0.));
#12319=DIRECTION('',(0.866025403783548,-0.500000000001542,0.));
#12320=DIRECTION('',(0.866025403783548,0.500000000001542,0.));
#12321=DIRECTION('',(0.,0.,-1.));
#12322=DIRECTION('',(-1.,0.,0.));
#12323=DIRECTION('',(1.,0.,0.));
#12324=DIRECTION('',(0.,1.,0.));
#12325=DIRECTION('',(0.,0.,1.));
#12326=DIRECTION('',(0.,1.,0.));
#12327=DIRECTION('',(0.,0.,1.));
#12328=DIRECTION('',(0.50000000000019,0.866025403784329,0.));
#12329=DIRECTION('',(-0.866025403784329,0.50000000000019,0.));
#12330=DIRECTION('',(-0.866025403784329,0.50000000000019,0.));
#12331=DIRECTION('',(0.,0.,1.));
#12332=DIRECTION('',(-0.50000000000019,0.866025403784329,0.));
#12333=DIRECTION('',(-0.866025403784329,-0.50000000000019,0.));
#12334=DIRECTION('',(-0.866025403784329,-0.50000000000019,0.));
#12335=DIRECTION('',(0.,0.,1.));
#12336=DIRECTION('',(-1.,-1.53837014911E-16,0.));
#12337=DIRECTION('',(1.53837014911E-16,-1.,0.));
#12338=DIRECTION('',(1.53837014911E-16,-1.,0.));
#12339=DIRECTION('',(0.,0.,1.));
#12340=DIRECTION('',(-0.50000000000019,-0.866025403784329,0.));
#12341=DIRECTION('',(0.866025403784329,-0.50000000000019,0.));
#12342=DIRECTION('',(0.866025403784329,-0.50000000000019,0.));
#12343=DIRECTION('',(0.,0.,1.));
#12344=DIRECTION('',(0.50000000000019,-0.866025403784329,0.));
#12345=DIRECTION('',(0.866025403784329,0.50000000000019,0.));
#12346=DIRECTION('',(0.866025403784329,0.50000000000019,0.));
#12347=DIRECTION('',(0.,0.,1.));
#12348=DIRECTION('',(1.,0.,0.));
#12349=DIRECTION('',(0.,0.,-1.));
#12350=DIRECTION('',(-1.,0.,0.));
#12351=DIRECTION('',(0.,0.,-1.));
#12352=DIRECTION('',(1.,0.,0.));
#12353=DIRECTION('',(0.,0.,-1.));
#12354=DIRECTION('',(-1.,0.,0.));
#12355=DIRECTION('',(0.,0.,-1.));
#12356=DIRECTION('',(1.,0.,0.));
#12357=DIRECTION('',(0.,0.,-1.));
#12358=DIRECTION('',(0.877582561890372,-0.479425538604204,0.));
#12359=DIRECTION('',(0.,0.,1.));
#12360=DIRECTION('',(1.,0.,0.));
#12361=DIRECTION('',(0.,0.,-1.));
#12362=DIRECTION('',(1.,0.,0.));
#12363=DIRECTION('',(0.,0.,-1.));
#12364=DIRECTION('',(-1.,0.,0.));
#12365=DIRECTION('',(0.,0.,1.));
#12366=DIRECTION('',(1.,0.,0.));
#12367=DIRECTION('',(0.,1.,0.));
#12368=DIRECTION('',(-0.866025403783548,0.500000000001542,0.));
#12369=DIRECTION('',(-0.866025403783548,-0.500000000001542,0.));
#12370=DIRECTION('',(0.,1.,0.));
#12371=DIRECTION('',(0.866025403783548,-0.500000000001542,0.));
#12372=DIRECTION('',(0.866025403783548,0.500000000001542,0.));
#12373=DIRECTION('',(0.,0.,-1.));
#12374=DIRECTION('',(-1.,0.,0.));
#12375=DIRECTION('',(1.,0.,0.));
#12376=DIRECTION('',(0.,1.,0.));
#12377=DIRECTION('',(0.,0.,1.));
#12378=DIRECTION('',(0.,1.,0.));
#12379=DIRECTION('',(0.,0.,1.));
#12380=DIRECTION('',(0.50000000000019,0.866025403784329,0.));
#12381=DIRECTION('',(-0.866025403784329,0.50000000000019,0.));
#12382=DIRECTION('',(-0.866025403784329,0.50000000000019,0.));
#12383=DIRECTION('',(0.,0.,1.));
#12384=DIRECTION('',(-0.50000000000019,0.866025403784329,0.));
#12385=DIRECTION('',(-0.866025403784329,-0.50000000000019,0.));
#12386=DIRECTION('',(-0.866025403784329,-0.50000000000019,0.));
#12387=DIRECTION('',(0.,0.,1.));
#12388=DIRECTION('',(-1.,-1.53837014911E-16,0.));
#12389=DIRECTION('',(1.53837014911E-16,-1.,0.));
#12390=DIRECTION('',(1.53837014911E-16,-1.,0.));
#12391=DIRECTION('',(0.,0.,1.));
#12392=DIRECTION('',(-0.50000000000019,-0.866025403784329,0.));
#12393=DIRECTION('',(0.866025403784329,-0.50000000000019,0.));
#12394=DIRECTION('',(0.866025403784329,-0.50000000000019,0.));
#12395=DIRECTION('',(0.,0.,1.));
#12396=DIRECTION('',(0.50000000000019,-0.866025403784329,0.));
#12397=DIRECTION('',(0.866025403784329,0.50000000000019,0.));
#12398=DIRECTION('',(0.866025403784329,0.50000000000019,0.));
#12399=DIRECTION('',(0.,0.,1.));
#12400=DIRECTION('',(1.,0.,0.));
#12401=DIRECTION('',(0.,0.,-1.));
#12402=DIRECTION('',(-1.,0.,0.));
#12403=DIRECTION('',(0.,0.,-1.));
#12404=DIRECTION('',(1.,0.,0.));
#12405=DIRECTION('',(0.,0.,-1.));
#12406=DIRECTION('',(-1.,0.,0.));
#12407=DIRECTION('',(0.,0.,-1.));
#12408=DIRECTION('',(1.,0.,0.));
#12409=DIRECTION('',(0.,0.,-1.));
#12410=DIRECTION('',(0.877582561890372,-0.479425538604204,0.));
#12411=DIRECTION('',(0.,0.,1.));
#12412=DIRECTION('',(1.,0.,0.));
#12413=DIRECTION('',(-1.,0.,0.));
#12414=DIRECTION('',(0.,-1.,0.));
#12415=DIRECTION('',(0.,0.,1.));
#12416=DIRECTION('',(0.,-1.,0.));
#12417=DIRECTION('',(0.,0.,1.));
#12418=DIRECTION('',(0.,1.,0.));
#12419=DIRECTION('',(0.,1.,0.));
#12420=DIRECTION('',(-1.,0.,0.));
#12421=DIRECTION('',(-1.,0.,0.));
#12422=DIRECTION('',(0.,0.,1.));
#12423=DIRECTION('',(1.,0.,0.));
#12424=DIRECTION('',(1.,0.,0.));
#12425=DIRECTION('',(0.,1.,0.));
#12426=DIRECTION('',(0.,1.,0.));
#12427=DIRECTION('',(0.,0.,1.));
#12428=DIRECTION('',(0.,1.,0.));
#12429=DIRECTION('',(0.,-1.,0.));
#12430=DIRECTION('',(1.,0.,0.));
#12431=DIRECTION('',(1.,0.,0.));
#12432=DIRECTION('',(1.,0.,0.));
#12433=DIRECTION('',(0.,0.,1.));
#12434=DIRECTION('',(1.,0.,0.));
#12435=DIRECTION('',(0.,0.,1.));
#12436=DIRECTION('',(1.,0.,0.));
#12437=DIRECTION('',(0.,0.,1.));
#12438=DIRECTION('',(1.,0.,0.));
#12439=DIRECTION('',(0.,0.,-1.));
#12440=DIRECTION('',(1.,0.,0.));
#12441=DIRECTION('',(0.,0.,-1.));
#12442=DIRECTION('',(-1.,0.,0.));
#12443=DIRECTION('',(0.,0.,1.));
#12444=DIRECTION('',(1.,0.,0.));
#12445=DIRECTION('',(0.,1.,0.));
#12446=DIRECTION('',(-0.866025403783548,0.500000000001542,0.));
#12447=DIRECTION('',(-0.866025403783548,-0.500000000001542,0.));
#12448=DIRECTION('',(0.,1.,0.));
#12449=DIRECTION('',(0.866025403783548,-0.500000000001542,0.));
#12450=DIRECTION('',(0.866025403783548,0.500000000001542,0.));
#12451=DIRECTION('',(0.,0.,-1.));
#12452=DIRECTION('',(-1.,0.,0.));
#12453=DIRECTION('',(1.,0.,0.));
#12454=DIRECTION('',(0.,1.,0.));
#12455=DIRECTION('',(0.,0.,1.));
#12456=DIRECTION('',(0.,1.,0.));
#12457=DIRECTION('',(0.,0.,1.));
#12458=DIRECTION('',(0.50000000000019,0.866025403784329,0.));
#12459=DIRECTION('',(-0.866025403784329,0.50000000000019,0.));
#12460=DIRECTION('',(-0.866025403784329,0.50000000000019,0.));
#12461=DIRECTION('',(0.,0.,1.));
#12462=DIRECTION('',(-0.50000000000019,0.866025403784329,0.));
#12463=DIRECTION('',(-0.866025403784329,-0.50000000000019,0.));
#12464=DIRECTION('',(-0.866025403784329,-0.50000000000019,0.));
#12465=DIRECTION('',(0.,0.,1.));
#12466=DIRECTION('',(-1.,-1.53837014911E-16,0.));
#12467=DIRECTION('',(1.53837014911E-16,-1.,0.));
#12468=DIRECTION('',(1.53837014911E-16,-1.,0.));
#12469=DIRECTION('',(0.,0.,1.));
#12470=DIRECTION('',(-0.50000000000019,-0.866025403784329,0.));
#12471=DIRECTION('',(0.866025403784329,-0.50000000000019,0.));
#12472=DIRECTION('',(0.866025403784329,-0.50000000000019,0.));
#12473=DIRECTION('',(0.,0.,1.));
#12474=DIRECTION('',(0.50000000000019,-0.866025403784329,0.));
#12475=DIRECTION('',(0.866025403784329,0.50000000000019,0.));
#12476=DIRECTION('',(0.866025403784329,0.50000000000019,0.));
#12477=DIRECTION('',(0.,0.,1.));
#12478=DIRECTION('',(1.,0.,0.));
#12479=DIRECTION('',(0.,0.,-1.));
#12480=DIRECTION('',(-1.,0.,0.));
#12481=DIRECTION('',(0.,0.,-1.));
#12482=DIRECTION('',(1.,0.,0.));
#12483=DIRECTION('',(0.,0.,-1.));
#12484=DIRECTION('',(-1.,0.,0.));
#12485=DIRECTION('',(0.,0.,-1.));
#12486=DIRECTION('',(1.,0.,0.));
#12487=DIRECTION('',(0.,0.,-1.));
#12488=DIRECTION('',(0.877582561890372,-0.479425538604204,0.));
#12489=DIRECTION('',(0.,0.,1.));
#12490=DIRECTION('',(1.,0.,0.));
#12491=DIRECTION('',(0.,0.,-1.));
#12492=DIRECTION('',(0.877582561890372,-0.479425538604204,0.));
#12493=DIRECTION('',(0.,0.,-1.));
#12494=DIRECTION('',(-1.,0.,0.));
#12495=DIRECTION('',(0.,0.,1.));
#12496=DIRECTION('',(1.,0.,0.));
#12497=DIRECTION('',(0.,0.,-1.));
#12498=DIRECTION('',(1.,0.,0.));
#12499=DIRECTION('',(0.,0.,-1.));
#12500=DIRECTION('',(-1.,0.,0.));
#12501=DIRECTION('',(0.,0.,1.));
#12502=DIRECTION('',(1.,0.,0.));
#12503=DIRECTION('',(0.,0.,-1.));
#12504=DIRECTION('',(1.,0.,0.));
#12505=DIRECTION('',(0.,0.,1.));
#12506=DIRECTION('',(1.,0.,0.));
#12507=DIRECTION('',(0.866025403784329,0.50000000000019,0.));
#12508=DIRECTION('',(0.866025403784329,-0.50000000000019,0.));
#12509=DIRECTION('',(1.53837014911E-16,-1.,0.));
#12510=DIRECTION('',(-0.866025403784329,-0.50000000000019,0.));
#12511=DIRECTION('',(-0.866025403784329,0.50000000000019,0.));
#12512=DIRECTION('',(0.,1.,0.));
#12513=DIRECTION('',(0.50000000000019,-0.866025403784329,0.));
#12514=DIRECTION('',(0.866025403784329,0.50000000000019,0.));
#12515=DIRECTION('',(0.,0.,1.));
#12516=DIRECTION('',(0.,0.,1.));
#12517=DIRECTION('',(0.866025403784329,0.50000000000019,0.));
#12518=DIRECTION('',(-0.50000000000019,-0.866025403784329,0.));
#12519=DIRECTION('',(0.866025403784329,-0.50000000000019,0.));
#12520=DIRECTION('',(0.,0.,1.));
#12521=DIRECTION('',(0.866025403784329,-0.50000000000019,0.));
#12522=DIRECTION('',(-1.,0.,0.));
#12523=DIRECTION('',(0.,-1.,0.));
#12524=DIRECTION('',(0.,0.,1.));
#12525=DIRECTION('',(0.,-1.,0.));
#12526=DIRECTION('',(-0.50000000000019,0.866025403784329,0.));
#12527=DIRECTION('',(-0.866025403784329,-0.50000000000019,0.));
#12528=DIRECTION('',(0.,0.,1.));
#12529=DIRECTION('',(-0.866025403784329,-0.50000000000019,0.));
#12530=DIRECTION('',(0.50000000000019,0.866025403784329,0.));
#12531=DIRECTION('',(-0.866025403784329,0.50000000000019,0.));
#12532=DIRECTION('',(0.,0.,1.));
#12533=DIRECTION('',(-0.866025403784329,0.50000000000019,0.));
#12534=DIRECTION('',(1.,0.,0.));
#12535=DIRECTION('',(0.,1.,0.));
#12536=DIRECTION('',(0.,1.,0.));
#12537=DIRECTION('',(0.,0.,1.));
#12538=DIRECTION('',(1.,0.,0.));
#12539=DIRECTION('',(0.,0.,-1.));
#12540=DIRECTION('',(1.,0.,0.));
#12541=DIRECTION('',(0.,0.,1.));
#12542=DIRECTION('',(1.,0.,0.));
#12543=DIRECTION('',(0.,0.,1.));
#12544=DIRECTION('',(-1.,1.22460635382E-16,0.));
#12545=DIRECTION('',(0.,0.,-1.));
#12546=DIRECTION('',(-1.,0.,0.));
#12547=DIRECTION('',(0.,0.,-1.));
#12548=DIRECTION('',(1.,0.,0.));
#12549=DIRECTION('',(0.,0.,1.));
#12550=DIRECTION('',(-1.,0.,0.));
#12551=DIRECTION('',(0.,0.,-1.));
#12552=DIRECTION('',(-1.,0.,0.));
#12553=DIRECTION('',(0.,0.,-1.));
#12554=DIRECTION('',(1.,0.,0.));
#12555=DIRECTION('',(0.,0.,1.));
#12556=DIRECTION('',(-1.,1.22460635382E-16,0.));
#12557=DIRECTION('',(0.,0.,1.));
#12558=DIRECTION('',(1.,0.,0.));
#12559=DIRECTION('',(0.,0.,1.));
#12560=DIRECTION('',(1.,0.,0.));
#12561=DIRECTION('',(0.,0.,-1.));
#12562=DIRECTION('',(1.,1.22460635382E-16,0.));
#12563=DIRECTION('',(0.,0.,1.));
#12564=DIRECTION('',(1.,0.,0.));
#12565=DIRECTION('',(0.,0.,-1.));
#12566=DIRECTION('',(0.,0.,1.));
#12567=DIRECTION('',(1.,0.,0.));
#12568=DIRECTION('',(0.,0.,-1.));
#12569=DIRECTION('',(1.,0.,0.));
#12570=DIRECTION('',(0.,1.,0.));
#12571=DIRECTION('',(0.,-1.,0.));
#12572=DIRECTION('',(0.,0.,1.));
#12573=DIRECTION('',(0.,-1.,0.));
#12574=DIRECTION('',(0.,0.,1.));
#12575=DIRECTION('',(1.,0.,0.));
#12576=DIRECTION('',(0.,0.,1.));
#12577=DIRECTION('',(1.,0.,0.));
#12578=DIRECTION('',(0.,0.,1.));
#12579=DIRECTION('',(1.,0.,0.));
#12580=DIRECTION('',(0.,0.,-1.));
#12581=DIRECTION('',(0.,-1.,0.));
#12582=DIRECTION('',(0.,0.,-1.));
#12583=DIRECTION('',(-1.,0.,0.));
#12584=DIRECTION('',(0.,0.,-1.));
#12585=DIRECTION('',(-1.,0.,0.));
#12586=DIRECTION('',(0.,0.,-1.));
#12587=DIRECTION('',(-1.,0.,0.));
#12588=DIRECTION('',(0.,0.,1.));
#12589=DIRECTION('',(1.,0.,0.));
#12590=DIRECTION('',(0.,0.,1.));
#12591=DIRECTION('',(1.,0.,0.));
#12592=DIRECTION('',(0.,0.,-1.));
#12593=DIRECTION('',(1.,0.,0.));
#12594=DIRECTION('',(0.,1.,0.));
#12595=DIRECTION('',(0.,-1.,0.));
#12596=DIRECTION('',(0.,0.,1.));
#12597=DIRECTION('',(0.,-1.,0.));
#12598=DIRECTION('',(0.,0.,1.));
#12599=DIRECTION('',(-1.,1.22460635382E-16,0.));
#12600=DIRECTION('',(0.,0.,1.));
#12601=DIRECTION('',(1.,0.,0.));
#12602=DIRECTION('',(0.,0.,1.));
#12603=DIRECTION('',(1.,0.,0.));
#12604=DIRECTION('',(0.,0.,-1.));
#12605=DIRECTION('',(0.,-1.,0.));
#12606=DIRECTION('',(0.,0.,-1.));
#12607=DIRECTION('',(-1.,0.,0.));
#12608=DIRECTION('',(-1.,0.,0.));
#12609=DIRECTION('',(0.,0.,1.));
#12610=DIRECTION('',(1.,0.,0.));
#12611=DIRECTION('',(0.,0.,1.));
#12612=DIRECTION('',(1.,0.,0.));
#12613=DIRECTION('',(0.,0.,1.));
#12614=DIRECTION('',(1.,0.,0.));
#12615=DIRECTION('',(0.,0.,1.));
#12616=DIRECTION('',(1.,0.,0.));
#12617=DIRECTION('',(0.,0.,1.));
#12618=DIRECTION('',(1.,0.,0.));
#12619=DIRECTION('',(0.,0.,1.));
#12620=DIRECTION('',(1.,0.,0.));
#12621=DIRECTION('',(0.,0.,1.));
#12622=DIRECTION('',(1.,0.,0.));
#12623=DIRECTION('',(-1.,0.,0.));
#12624=DIRECTION('',(0.,0.,1.));
#12625=DIRECTION('',(1.,0.,0.));
#12626=DIRECTION('',(1.53134210292E-16,-1.,0.));
#12627=DIRECTION('',(0.,0.,-1.));
#12628=DIRECTION('',(-1.,0.,0.));
#12629=DIRECTION('',(-1.,0.,0.));
#12630=DIRECTION('',(0.,0.,1.));
#12631=DIRECTION('',(1.,0.,0.));
#12632=DIRECTION('',(1.53134210292E-16,-1.,0.));
#12633=DIRECTION('',(0.,0.,-1.));
#12634=DIRECTION('',(-1.,0.,0.));
#12635=DIRECTION('',(0.,0.,1.));
#12636=DIRECTION('',(1.,0.,0.));
#12637=DIRECTION('',(0.,0.,1.));
#12638=DIRECTION('',(1.,0.,0.));
#12639=DIRECTION('',(0.,0.,1.));
#12640=DIRECTION('',(-1.,1.22460635382E-16,0.));
#12641=DIRECTION('',(0.,0.,-1.));
#12642=DIRECTION('',(1.,0.,0.));
#12643=DIRECTION('',(0.,0.,1.));
#12644=DIRECTION('',(-1.,0.,0.));
#12645=DIRECTION('',(0.,0.,-1.));
#12646=DIRECTION('',(1.,0.,0.));
#12647=DIRECTION('',(0.,0.,1.));
#12648=DIRECTION('',(-1.,1.22460635382E-16,0.));
#12649=DIRECTION('',(0.,0.,1.));
#12650=DIRECTION('',(1.,0.,0.));
#12651=DIRECTION('',(0.,0.,-1.));
#12652=DIRECTION('',(-1.,0.,0.));
#12653=DIRECTION('',(0.,0.,1.));
#12654=DIRECTION('',(1.,0.,0.));
#12655=DIRECTION('',(0.,0.,-1.));
#12656=DIRECTION('',(0.,0.,-1.));
#12657=DIRECTION('',(0.,-1.,0.));
#12658=DIRECTION('',(0.,0.,-1.));
#12659=DIRECTION('',(-1.,0.,0.));
#12660=DIRECTION('',(0.,0.,1.));
#12661=DIRECTION('',(0.,0.,1.));
#12662=DIRECTION('',(1.,0.,0.));
#12663=DIRECTION('',(0.,0.,1.));
#12664=DIRECTION('',(1.,0.,0.));
#12665=DIRECTION('',(0.,0.,-1.));
#12666=DIRECTION('',(1.,0.,0.));
#12667=DIRECTION('',(0.,1.,0.));
#12668=DIRECTION('',(0.,-1.,0.));
#12669=DIRECTION('',(0.,0.,-1.));
#12670=DIRECTION('',(0.,0.,-1.));
#12671=DIRECTION('',(1.,1.22460635382E-16,0.));
#12672=DIRECTION('',(0.,0.,1.));
#12673=DIRECTION('',(1.,0.,0.));
#12674=DIRECTION('',(0.,0.,-1.));
#12675=DIRECTION('',(0.,-1.,0.));
#12676=DIRECTION('',(0.,0.,-1.));
#12677=DIRECTION('',(-1.,0.,0.));
#12678=DIRECTION('',(0.,0.,1.));
#12679=DIRECTION('',(0.,0.,1.));
#12680=DIRECTION('',(-1.,1.22460635382E-16,0.));
#12681=DIRECTION('',(0.,0.,1.));
#12682=DIRECTION('',(1.,0.,0.));
#12683=DIRECTION('',(0.,0.,-1.));
#12684=DIRECTION('',(1.,0.,0.));
#12685=DIRECTION('',(0.,1.,0.));
#12686=DIRECTION('',(0.,-1.,0.));
#12687=DIRECTION('',(0.,0.,1.));
#12688=DIRECTION('',(-1.,0.,0.));
#12689=DIRECTION('',(0.,0.,1.));
#12690=DIRECTION('',(1.,0.,0.));
#12691=DIRECTION('',(0.,0.,1.));
#12692=DIRECTION('',(1.,0.,0.));
#12693=DIRECTION('',(0.,0.,1.));
#12694=DIRECTION('',(1.,0.,0.));
#12695=DIRECTION('',(0.,0.,1.));
#12696=DIRECTION('',(1.,0.,0.));
#12697=DIRECTION('',(0.,0.,1.));
#12698=DIRECTION('',(1.,0.,0.));
#12699=DIRECTION('',(0.,0.,1.));
#12700=DIRECTION('',(-1.,0.,0.));
#12701=DIRECTION('',(0.,0.,1.));
#12702=DIRECTION('',(1.,0.,0.));
#12703=DIRECTION('',(0.,0.,-1.));
#12704=DIRECTION('',(1.,0.,0.));
#12705=DIRECTION('',(0.,0.,-1.));
#12706=DIRECTION('',(-1.,0.,0.));
#12707=DIRECTION('',(0.,0.,1.));
#12708=DIRECTION('',(1.,0.,0.));
#12709=DIRECTION('',(0.,1.,0.));
#12710=DIRECTION('',(-0.866025403783548,0.500000000001542,0.));
#12711=DIRECTION('',(-0.866025403783548,-0.500000000001542,0.));
#12712=DIRECTION('',(0.,1.,0.));
#12713=DIRECTION('',(0.866025403783548,-0.500000000001542,0.));
#12714=DIRECTION('',(0.866025403783548,0.500000000001542,0.));
#12715=DIRECTION('',(0.,0.,-1.));
#12716=DIRECTION('',(-1.,0.,0.));
#12717=DIRECTION('',(1.,0.,0.));
#12718=DIRECTION('',(0.,1.,0.));
#12719=DIRECTION('',(0.,0.,1.));
#12720=DIRECTION('',(0.,1.,0.));
#12721=DIRECTION('',(0.,0.,1.));
#12722=DIRECTION('',(0.50000000000019,0.866025403784329,0.));
#12723=DIRECTION('',(-0.866025403784329,0.50000000000019,0.));
#12724=DIRECTION('',(-0.866025403784329,0.50000000000019,0.));
#12725=DIRECTION('',(0.,0.,1.));
#12726=DIRECTION('',(-0.50000000000019,0.866025403784329,0.));
#12727=DIRECTION('',(-0.866025403784329,-0.50000000000019,0.));
#12728=DIRECTION('',(-0.866025403784329,-0.50000000000019,0.));
#12729=DIRECTION('',(0.,0.,1.));
#12730=DIRECTION('',(-1.,-1.53837014911E-16,0.));
#12731=DIRECTION('',(1.53837014911E-16,-1.,0.));
#12732=DIRECTION('',(1.53837014911E-16,-1.,0.));
#12733=DIRECTION('',(0.,0.,1.));
#12734=DIRECTION('',(-0.50000000000019,-0.866025403784329,0.));
#12735=DIRECTION('',(0.866025403784329,-0.50000000000019,0.));
#12736=DIRECTION('',(0.866025403784329,-0.50000000000019,0.));
#12737=DIRECTION('',(0.,0.,1.));
#12738=DIRECTION('',(0.50000000000019,-0.866025403784329,0.));
#12739=DIRECTION('',(0.866025403784329,0.50000000000019,0.));
#12740=DIRECTION('',(0.866025403784329,0.50000000000019,0.));
#12741=DIRECTION('',(0.,0.,1.));
#12742=DIRECTION('',(1.,0.,0.));
#12743=DIRECTION('',(0.,0.,-1.));
#12744=DIRECTION('',(-1.,0.,0.));
#12745=DIRECTION('',(0.,0.,-1.));
#12746=DIRECTION('',(1.,0.,0.));
#12747=DIRECTION('',(0.,0.,-1.));
#12748=DIRECTION('',(-1.,0.,0.));
#12749=DIRECTION('',(0.,0.,-1.));
#12750=DIRECTION('',(1.,0.,0.));
#12751=DIRECTION('',(0.,0.,-1.));
#12752=DIRECTION('',(0.877582561890372,-0.479425538604204,0.));
#12753=DIRECTION('',(0.,0.,1.));
#12754=DIRECTION('',(1.,0.,0.));
#12755=DIRECTION('',(0.,0.,-1.));
#12756=DIRECTION('',(0.877582561890372,-0.479425538604204,0.));
#12757=DIRECTION('',(0.,0.,-1.));
#12758=DIRECTION('',(-1.,0.,0.));
#12759=DIRECTION('',(0.,0.,1.));
#12760=DIRECTION('',(1.,0.,0.));
#12761=DIRECTION('',(0.,0.,-1.));
#12762=DIRECTION('',(1.,0.,0.));
#12763=DIRECTION('',(0.,0.,-1.));
#12764=DIRECTION('',(-1.,0.,0.));
#12765=DIRECTION('',(0.,0.,1.));
#12766=DIRECTION('',(1.,0.,0.));
#12767=DIRECTION('',(0.,0.,-1.));
#12768=DIRECTION('',(1.,0.,0.));
#12769=DIRECTION('',(0.,0.,1.));
#12770=DIRECTION('',(1.,0.,0.));
#12771=DIRECTION('',(0.866025403784329,0.50000000000019,0.));
#12772=DIRECTION('',(0.866025403784329,-0.50000000000019,0.));
#12773=DIRECTION('',(1.53837014911E-16,-1.,0.));
#12774=DIRECTION('',(-0.866025403784329,-0.50000000000019,0.));
#12775=DIRECTION('',(-0.866025403784329,0.50000000000019,0.));
#12776=DIRECTION('',(0.,1.,0.));
#12777=DIRECTION('',(0.50000000000019,-0.866025403784329,0.));
#12778=DIRECTION('',(0.866025403784329,0.50000000000019,0.));
#12779=DIRECTION('',(0.,0.,1.));
#12780=DIRECTION('',(0.,0.,1.));
#12781=DIRECTION('',(0.866025403784329,0.50000000000019,0.));
#12782=DIRECTION('',(-0.50000000000019,-0.866025403784329,0.));
#12783=DIRECTION('',(0.866025403784329,-0.50000000000019,0.));
#12784=DIRECTION('',(0.,0.,1.));
#12785=DIRECTION('',(0.866025403784329,-0.50000000000019,0.));
#12786=DIRECTION('',(-1.,0.,0.));
#12787=DIRECTION('',(0.,-1.,0.));
#12788=DIRECTION('',(0.,0.,1.));
#12789=DIRECTION('',(0.,-1.,0.));
#12790=DIRECTION('',(-0.50000000000019,0.866025403784329,0.));
#12791=DIRECTION('',(-0.866025403784329,-0.50000000000019,0.));
#12792=DIRECTION('',(0.,0.,1.));
#12793=DIRECTION('',(-0.866025403784329,-0.50000000000019,0.));
#12794=DIRECTION('',(0.50000000000019,0.866025403784329,0.));
#12795=DIRECTION('',(-0.866025403784329,0.50000000000019,0.));
#12796=DIRECTION('',(0.,0.,1.));
#12797=DIRECTION('',(-0.866025403784329,0.50000000000019,0.));
#12798=DIRECTION('',(1.,0.,0.));
#12799=DIRECTION('',(0.,1.,0.));
#12800=DIRECTION('',(0.,1.,0.));
#12801=DIRECTION('',(0.,0.,1.));
#12802=DIRECTION('',(1.,0.,0.));
#12803=DIRECTION('',(0.,0.,-1.));
#12804=DIRECTION('',(1.,0.,0.));
#12805=DIRECTION('',(0.,0.,1.));
#12806=DIRECTION('',(1.,0.,0.));
#12807=DIRECTION('',(0.,0.,1.));
#12808=DIRECTION('',(1.,0.,0.));
#12809=DIRECTION('',(0.,0.,1.));
#12810=DIRECTION('',(1.,0.,0.));
#12811=DIRECTION('',(0.,0.,1.));
#12812=DIRECTION('',(1.,0.,0.));
#12813=DIRECTION('',(0.,0.,1.));
#12814=DIRECTION('',(-1.,-3.21628574468E-16,0.));
#12815=DIRECTION('',(0.,0.,1.));
#12816=DIRECTION('',(1.,0.,0.));
#12817=DIRECTION('',(0.,0.,1.));
#12818=DIRECTION('',(1.,0.,0.));
#12819=DIRECTION('',(0.,0.,1.));
#12820=DIRECTION('',(-1.,-3.21628574468E-16,0.));
#12821=DIRECTION('',(0.,0.,1.));
#12822=DIRECTION('',(1.,0.,0.));
#12823=DIRECTION('',(0.,0.,1.));
#12824=DIRECTION('',(1.,0.,0.));
#12825=DIRECTION('',(0.,0.,1.));
#12826=DIRECTION('',(1.,0.,0.));
#12827=DIRECTION('',(0.,0.,1.));
#12828=DIRECTION('',(1.,0.,0.));
#12829=DIRECTION('',(0.,0.,1.));
#12830=DIRECTION('',(1.,0.,0.));
#12831=DIRECTION('',(0.,0.,1.));
#12832=DIRECTION('',(1.,-1.83690953073E-16,0.));
#12833=DIRECTION('',(0.,0.,1.));
#12834=DIRECTION('',(1.,0.,0.));
#12835=DIRECTION('',(0.,0.,1.));
#12836=DIRECTION('',(0.,0.,1.));
#12837=DIRECTION('',(1.,0.,0.));
#12838=DIRECTION('',(0.,0.,1.));
#12839=DIRECTION('',(0.,0.,1.));
#12840=DIRECTION('',(1.,-1.83690953073E-16,0.));
#12841=DIRECTION('',(0.,0.,1.));
#12842=DIRECTION('',(1.,0.,0.));
#12843=DIRECTION('',(0.,0.,1.));
#12844=DIRECTION('',(0.,0.,1.));
#12845=DIRECTION('',(1.,0.,0.));
#12846=DIRECTION('',(0.,0.,-1.));
#12847=DIRECTION('',(0.,0.,-1.));
#12848=DIRECTION('',(-0.166666666667035,-0.986013297183207,0.));
#12849=DIRECTION('',(0.,0.,1.));
#12850=DIRECTION('',(0.,0.,-1.));
#12851=DIRECTION('',(-1.,0.,0.));
#12852=DIRECTION('',(0.,0.,-1.));
#12853=DIRECTION('',(-1.,0.,0.));
#12854=DIRECTION('',(-1.,0.,0.));
#12855=DIRECTION('',(0.,-1.,0.));
#12856=DIRECTION('',(0.,0.,1.));
#12857=DIRECTION('',(0.,1.,0.));
#12858=DIRECTION('',(0.,-1.,0.));
#12859=DIRECTION('',(-1.,0.,0.));
#12860=DIRECTION('',(0.,-1.,0.));
#12861=DIRECTION('',(0.,0.,-1.));
#12862=DIRECTION('',(0.,-1.,0.));
#12863=DIRECTION('',(0.,1.,0.));
#12864=DIRECTION('',(0.,0.,1.));
#12865=DIRECTION('',(0.,1.,0.));
#12866=DIRECTION('',(0.,0.,1.));
#12867=DIRECTION('',(0.,0.,1.));
#12868=DIRECTION('',(1.,0.,0.));
#12869=DIRECTION('',(0.,0.,1.));
#12870=DIRECTION('',(1.,0.,0.));
#12871=DIRECTION('',(0.,0.,-1.));
#12872=DIRECTION('',(1.,0.,0.));
#12873=DIRECTION('',(0.,0.,-1.));
#12874=DIRECTION('',(-1.,0.,0.));
#12875=DIRECTION('',(0.,0.,-1.));
#12876=DIRECTION('',(-1.,0.,0.));
#12877=DIRECTION('',(-1.,0.,0.));
#12878=DIRECTION('',(0.,-1.,0.));
#12879=DIRECTION('',(0.,0.,1.));
#12880=DIRECTION('',(0.,-1.,0.));
#12881=DIRECTION('',(0.,1.,0.));
#12882=DIRECTION('',(0.,0.,1.));
#12883=DIRECTION('',(-1.83690953073E-16,-1.,0.));
#12884=DIRECTION('',(0.,0.,1.));
#12885=DIRECTION('',(1.,0.,0.));
#12886=DIRECTION('',(0.,0.,1.));
#12887=DIRECTION('',(0.,0.,1.));
#12888=DIRECTION('',(1.,0.,0.));
#12889=DIRECTION('',(0.,0.,1.));
#12890=DIRECTION('',(-1.83690953073E-16,-1.,0.));
#12891=DIRECTION('',(0.,0.,1.));
#12892=DIRECTION('',(1.,0.,0.));
#12893=DIRECTION('',(0.,0.,1.));
#12894=DIRECTION('',(0.,0.,1.));
#12895=DIRECTION('',(1.,0.,0.));
#12896=DIRECTION('',(0.,0.,1.));
#12897=DIRECTION('',(0.,0.,1.));
#12898=DIRECTION('',(0.,1.,0.));
#12899=DIRECTION('',(0.,0.,1.));
#12900=DIRECTION('',(0.,0.,1.));
#12901=DIRECTION('',(1.,0.,0.));
#12902=DIRECTION('',(0.,0.,1.));
#12903=DIRECTION('',(1.,0.,0.));
#12904=DIRECTION('',(0.,-1.,0.));
#12905=DIRECTION('',(1.,0.,0.));
#12906=DIRECTION('',(1.,0.,0.));
#12907=DIRECTION('',(1.,0.,0.));
#12908=DIRECTION('',(0.,0.,1.));
#12909=DIRECTION('',(0.,-1.,0.));
#12910=DIRECTION('',(1.,0.,0.));
#12911=DIRECTION('',(1.,0.,0.));
#12912=DIRECTION('',(1.,0.,0.));
#12913=DIRECTION('',(0.,0.,1.));
#12914=DIRECTION('',(0.,0.,1.));
#12915=DIRECTION('',(1.,0.,0.));
#12916=DIRECTION('',(0.,0.,1.));
#12917=DIRECTION('',(0.,0.,1.));
#12918=DIRECTION('',(1.,0.,0.));
#12919=DIRECTION('',(0.,0.,1.));
#12920=DIRECTION('',(1.,0.,0.));
#12921=DIRECTION('',(0.,0.,1.));
#12922=DIRECTION('',(-0.986013297183207,-0.166666666667035,0.));
#12923=DIRECTION('',(0.,0.,1.));
#12924=DIRECTION('',(1.,0.,0.));
#12925=DIRECTION('',(0.,0.,1.));
#12926=DIRECTION('',(1.,0.,0.));
#12927=DIRECTION('',(0.,-1.,0.));
#12928=DIRECTION('',(1.,0.,0.));
#12929=DIRECTION('',(1.,0.,0.));
#12930=DIRECTION('',(1.,0.,0.));
#12931=DIRECTION('',(0.,0.,1.));
#12932=DIRECTION('',(0.,0.,1.));
#12933=DIRECTION('',(-1.,1.83690953073E-16,0.));
#12934=DIRECTION('',(0.,0.,1.));
#12935=DIRECTION('',(1.,0.,0.));
#12936=DIRECTION('',(0.,0.,1.));
#12937=DIRECTION('',(0.,0.,1.));
#12938=DIRECTION('',(1.,0.,0.));
#12939=DIRECTION('',(0.,0.,1.));
#12940=DIRECTION('',(-1.,1.83690953073E-16,0.));
#12941=DIRECTION('',(0.,0.,1.));
#12942=DIRECTION('',(1.,0.,0.));
#12943=DIRECTION('',(0.,0.,1.));
#12944=DIRECTION('',(0.,0.,1.));
#12945=DIRECTION('',(1.,0.,0.));
#12946=DIRECTION('',(0.,0.,1.));
#12947=DIRECTION('',(0.,0.,1.));
#12948=DIRECTION('',(1.,0.,0.));
#12949=DIRECTION('',(0.,0.,1.));
#12950=DIRECTION('',(0.,0.,1.));
#12951=DIRECTION('',(1.,0.,0.));
#12952=DIRECTION('',(0.,0.,1.));
#12953=DIRECTION('',(1.,0.,0.));
#12954=DIRECTION('',(1.,0.,0.));
#12955=DIRECTION('',(0.,1.,0.));
#12956=DIRECTION('',(0.,0.,1.));
#12957=DIRECTION('',(0.,1.,0.));
#12958=DIRECTION('',(0.,1.,0.));
#12959=DIRECTION('',(-1.,0.,0.));
#12960=DIRECTION('',(0.,-1.,0.));
#12961=DIRECTION('',(0.,1.,0.));
#12962=DIRECTION('',(0.,-1.,0.));
#12963=DIRECTION('',(0.,0.,1.));
#12964=DIRECTION('',(0.,0.,1.));
#12965=DIRECTION('',(1.83690953073E-16,1.,0.));
#12966=DIRECTION('',(0.,0.,1.));
#12967=DIRECTION('',(1.,0.,0.));
#12968=DIRECTION('',(0.,0.,1.));
#12969=DIRECTION('',(1.,0.,0.));
#12970=DIRECTION('',(0.,0.,1.));
#12971=DIRECTION('',(0.,0.,1.));
#12972=DIRECTION('',(0.166666666667035,-0.986013297183207,0.));
#12973=DIRECTION('',(0.,0.,1.));
#12974=DIRECTION('',(1.,0.,0.));
#12975=DIRECTION('',(0.,0.,1.));
#12976=DIRECTION('',(1.,0.,0.));
#12977=DIRECTION('',(1.,0.,0.));
#12978=DIRECTION('',(0.,1.,0.));
#12979=DIRECTION('',(0.,0.,1.));
#12980=DIRECTION('',(0.,1.,0.));
#12981=DIRECTION('',(0.,1.,0.));
#12982=DIRECTION('',(0.,0.,1.));
#12983=DIRECTION('',(1.83690953073E-16,1.,0.));
#12984=DIRECTION('',(0.,0.,1.));
#12985=DIRECTION('',(1.,0.,0.));
#12986=DIRECTION('',(0.,0.,1.));
#12987=DIRECTION('',(0.,0.,1.));
#12988=DIRECTION('',(1.,0.,0.));
#12989=DIRECTION('',(0.,-1.,0.));
#12990=DIRECTION('',(1.,0.,0.));
#12991=DIRECTION('',(0.,0.,1.));
#12992=DIRECTION('',(1.,0.,0.));
#12993=DIRECTION('',(1.,0.,0.));
#12994=DIRECTION('',(0.,-1.,0.));
#12995=DIRECTION('',(1.,0.,0.));
#12996=DIRECTION('',(0.,0.,1.));
#12997=DIRECTION('',(1.,0.,0.));
#12998=DIRECTION('',(1.,0.,0.));
#12999=DIRECTION('',(0.,0.,1.));
#13000=DIRECTION('',(1.,-1.83690953073E-16,0.));
#13001=DIRECTION('',(0.,0.,1.));
#13002=DIRECTION('',(1.,0.,0.));
#13003=DIRECTION('',(0.,0.,1.));
#13004=DIRECTION('',(1.,0.,0.));
#13005=DIRECTION('',(0.,0.,1.));
#13006=DIRECTION('',(0.,0.,-1.));
#13007=DIRECTION('',(3.33066907388E-16,-1.,0.));
#13008=DIRECTION('',(0.,0.,-1.));
#13009=DIRECTION('',(-1.,0.,0.));
#13010=DIRECTION('',(0.,0.,-1.));
#13011=DIRECTION('',(0.,0.,-1.));
#13012=DIRECTION('',(-1.,0.,0.));
#13013=DIRECTION('',(0.,0.,1.));
#13014=DIRECTION('',(1.,0.,0.));
#13015=DIRECTION('',(0.,0.,-1.));
#13016=DIRECTION('',(-1.,0.,0.));
#13017=DIRECTION('',(1.,0.,0.));
#13018=DIRECTION('',(0.,0.,1.));
#13019=DIRECTION('',(1.,0.,0.));
#13020=DIRECTION('',(0.,0.,1.));
#13021=DIRECTION('',(1.,0.,0.));
#13022=DIRECTION('',(0.,0.,1.));
#13023=DIRECTION('',(1.,0.,0.));
#13024=DIRECTION('',(1.,0.,0.));
#13025=DIRECTION('',(0.,0.,-1.));
#13026=DIRECTION('',(-1.,0.,0.));
#13027=DIRECTION('',(0.,0.,1.));
#13028=DIRECTION('',(1.83690953073E-16,1.,0.));
#13029=DIRECTION('',(0.,0.,-1.));
#13030=DIRECTION('',(0.,-1.,0.));
#13031=DIRECTION('',(1.,0.,0.));
#13032=DIRECTION('',(0.,0.,1.));
#13033=DIRECTION('',(0.,0.,-1.));
#13034=DIRECTION('',(0.986013297183207,-0.166666666667035,0.));
#13035=DIRECTION('',(0.,0.,1.));
#13036=DIRECTION('',(1.,0.,0.));
#13037=DIRECTION('',(0.,0.,-1.));
#13038=DIRECTION('',(1.,0.,0.));
#13039=DIRECTION('',(0.,0.,-1.));
#13040=DIRECTION('',(-1.,0.,0.));
#13041=DIRECTION('',(0.,0.,1.));
#13042=DIRECTION('',(1.,0.,0.));
#13043=DIRECTION('',(0.,1.,0.));
#13044=DIRECTION('',(-0.866025403783548,0.500000000001542,0.));
#13045=DIRECTION('',(-0.866025403783548,-0.500000000001542,0.));
#13046=DIRECTION('',(0.,1.,0.));
#13047=DIRECTION('',(0.866025403783548,-0.500000000001542,0.));
#13048=DIRECTION('',(0.866025403783548,0.500000000001542,0.));
#13049=DIRECTION('',(0.,0.,-1.));
#13050=DIRECTION('',(-1.,0.,0.));
#13051=DIRECTION('',(1.,0.,0.));
#13052=DIRECTION('',(0.,1.,0.));
#13053=DIRECTION('',(0.,0.,1.));
#13054=DIRECTION('',(0.,1.,0.));
#13055=DIRECTION('',(0.,0.,1.));
#13056=DIRECTION('',(0.50000000000019,0.866025403784329,0.));
#13057=DIRECTION('',(-0.866025403784329,0.50000000000019,0.));
#13058=DIRECTION('',(-0.866025403784329,0.50000000000019,0.));
#13059=DIRECTION('',(0.,0.,1.));
#13060=DIRECTION('',(-0.50000000000019,0.866025403784329,0.));
#13061=DIRECTION('',(-0.866025403784329,-0.50000000000019,0.));
#13062=DIRECTION('',(-0.866025403784329,-0.50000000000019,0.));
#13063=DIRECTION('',(0.,0.,1.));
#13064=DIRECTION('',(-1.,-1.53837014911E-16,0.));
#13065=DIRECTION('',(1.53837014911E-16,-1.,0.));
#13066=DIRECTION('',(1.53837014911E-16,-1.,0.));
#13067=DIRECTION('',(0.,0.,1.));
#13068=DIRECTION('',(-0.50000000000019,-0.866025403784329,0.));
#13069=DIRECTION('',(0.866025403784329,-0.50000000000019,0.));
#13070=DIRECTION('',(0.866025403784329,-0.50000000000019,0.));
#13071=DIRECTION('',(0.,0.,1.));
#13072=DIRECTION('',(0.50000000000019,-0.866025403784329,0.));
#13073=DIRECTION('',(0.866025403784329,0.50000000000019,0.));
#13074=DIRECTION('',(0.866025403784329,0.50000000000019,0.));
#13075=DIRECTION('',(0.,0.,1.));
#13076=DIRECTION('',(1.,0.,0.));
#13077=DIRECTION('',(0.,0.,-1.));
#13078=DIRECTION('',(-1.,0.,0.));
#13079=DIRECTION('',(0.,0.,-1.));
#13080=DIRECTION('',(1.,0.,0.));
#13081=DIRECTION('',(0.,0.,-1.));
#13082=DIRECTION('',(-1.,0.,0.));
#13083=DIRECTION('',(0.,0.,-1.));
#13084=DIRECTION('',(1.,0.,0.));
#13085=DIRECTION('',(0.,0.,-1.));
#13086=DIRECTION('',(0.877582561890372,-0.479425538604204,0.));
#13087=DIRECTION('',(0.,0.,1.));
#13088=DIRECTION('',(1.,0.,0.));
#13089=DIRECTION('',(0.,0.,-1.));
#13090=DIRECTION('',(1.,0.,0.));
#13091=DIRECTION('',(0.,0.,-1.));
#13092=DIRECTION('',(-1.,0.,0.));
#13093=DIRECTION('',(0.,0.,1.));
#13094=DIRECTION('',(1.,0.,0.));
#13095=DIRECTION('',(0.,1.,0.));
#13096=DIRECTION('',(-0.866025403783548,0.500000000001542,0.));
#13097=DIRECTION('',(-0.866025403783548,-0.500000000001542,0.));
#13098=DIRECTION('',(0.,1.,0.));
#13099=DIRECTION('',(0.866025403783548,-0.500000000001542,0.));
#13100=DIRECTION('',(0.866025403783548,0.500000000001542,0.));
#13101=DIRECTION('',(0.,0.,-1.));
#13102=DIRECTION('',(-1.,0.,0.));
#13103=DIRECTION('',(1.,0.,0.));
#13104=DIRECTION('',(0.,1.,0.));
#13105=DIRECTION('',(0.,0.,1.));
#13106=DIRECTION('',(0.,1.,0.));
#13107=DIRECTION('',(0.,0.,1.));
#13108=DIRECTION('',(0.50000000000019,0.866025403784329,0.));
#13109=DIRECTION('',(-0.866025403784329,0.50000000000019,0.));
#13110=DIRECTION('',(-0.866025403784329,0.50000000000019,0.));
#13111=DIRECTION('',(0.,0.,1.));
#13112=DIRECTION('',(-0.50000000000019,0.866025403784329,0.));
#13113=DIRECTION('',(-0.866025403784329,-0.50000000000019,0.));
#13114=DIRECTION('',(-0.866025403784329,-0.50000000000019,0.));
#13115=DIRECTION('',(0.,0.,1.));
#13116=DIRECTION('',(-1.,-1.53837014911E-16,0.));
#13117=DIRECTION('',(1.53837014911E-16,-1.,0.));
#13118=DIRECTION('',(1.53837014911E-16,-1.,0.));
#13119=DIRECTION('',(0.,0.,1.));
#13120=DIRECTION('',(-0.50000000000019,-0.866025403784329,0.));
#13121=DIRECTION('',(0.866025403784329,-0.50000000000019,0.));
#13122=DIRECTION('',(0.866025403784329,-0.50000000000019,0.));
#13123=DIRECTION('',(0.,0.,1.));
#13124=DIRECTION('',(0.50000000000019,-0.866025403784329,0.));
#13125=DIRECTION('',(0.866025403784329,0.50000000000019,0.));
#13126=DIRECTION('',(0.866025403784329,0.50000000000019,0.));
#13127=DIRECTION('',(0.,0.,1.));
#13128=DIRECTION('',(1.,0.,0.));
#13129=DIRECTION('',(0.,0.,-1.));
#13130=DIRECTION('',(-1.,0.,0.));
#13131=DIRECTION('',(0.,0.,-1.));
#13132=DIRECTION('',(1.,0.,0.));
#13133=DIRECTION('',(0.,0.,-1.));
#13134=DIRECTION('',(-1.,0.,0.));
#13135=DIRECTION('',(0.,0.,-1.));
#13136=DIRECTION('',(1.,0.,0.));
#13137=DIRECTION('',(0.,0.,-1.));
#13138=DIRECTION('',(0.877582561890372,-0.479425538604204,0.));
#13139=DIRECTION('',(0.,0.,1.));
#13140=DIRECTION('',(1.,0.,0.));
#13141=DIRECTION('',(0.,0.,1.));
#13142=DIRECTION('',(1.,0.,0.));
#13143=DIRECTION('',(0.,0.,-1.));
#13144=DIRECTION('',(1.,0.,0.));
#13145=DIRECTION('',(0.,0.,-1.));
#13146=DIRECTION('',(-1.,0.,0.));
#13147=DIRECTION('',(0.,0.,1.));
#13148=DIRECTION('',(1.,0.,0.));
#13149=DIRECTION('',(0.,1.,0.));
#13150=DIRECTION('',(-0.866025403783548,0.500000000001542,0.));
#13151=DIRECTION('',(-0.866025403783548,-0.500000000001542,0.));
#13152=DIRECTION('',(0.,1.,0.));
#13153=DIRECTION('',(0.866025403783548,-0.500000000001542,0.));
#13154=DIRECTION('',(0.866025403783548,0.500000000001542,0.));
#13155=DIRECTION('',(0.,0.,-1.));
#13156=DIRECTION('',(-1.,0.,0.));
#13157=DIRECTION('',(1.,0.,0.));
#13158=DIRECTION('',(0.,1.,0.));
#13159=DIRECTION('',(0.,0.,1.));
#13160=DIRECTION('',(0.,1.,0.));
#13161=DIRECTION('',(0.,0.,1.));
#13162=DIRECTION('',(0.50000000000019,0.866025403784329,0.));
#13163=DIRECTION('',(-0.866025403784329,0.50000000000019,0.));
#13164=DIRECTION('',(-0.866025403784329,0.50000000000019,0.));
#13165=DIRECTION('',(0.,0.,1.));
#13166=DIRECTION('',(-0.50000000000019,0.866025403784329,0.));
#13167=DIRECTION('',(-0.866025403784329,-0.50000000000019,0.));
#13168=DIRECTION('',(-0.866025403784329,-0.50000000000019,0.));
#13169=DIRECTION('',(0.,0.,1.));
#13170=DIRECTION('',(-1.,-1.53837014911E-16,0.));
#13171=DIRECTION('',(1.53837014911E-16,-1.,0.));
#13172=DIRECTION('',(1.53837014911E-16,-1.,0.));
#13173=DIRECTION('',(0.,0.,1.));
#13174=DIRECTION('',(-0.50000000000019,-0.866025403784329,0.));
#13175=DIRECTION('',(0.866025403784329,-0.50000000000019,0.));
#13176=DIRECTION('',(0.866025403784329,-0.50000000000019,0.));
#13177=DIRECTION('',(0.,0.,1.));
#13178=DIRECTION('',(0.50000000000019,-0.866025403784329,0.));
#13179=DIRECTION('',(0.866025403784329,0.50000000000019,0.));
#13180=DIRECTION('',(0.866025403784329,0.50000000000019,0.));
#13181=DIRECTION('',(0.,0.,1.));
#13182=DIRECTION('',(1.,0.,0.));
#13183=DIRECTION('',(0.,0.,-1.));
#13184=DIRECTION('',(-1.,0.,0.));
#13185=DIRECTION('',(0.,0.,-1.));
#13186=DIRECTION('',(1.,0.,0.));
#13187=DIRECTION('',(0.,0.,-1.));
#13188=DIRECTION('',(-1.,0.,0.));
#13189=DIRECTION('',(0.,0.,-1.));
#13190=DIRECTION('',(1.,0.,0.));
#13191=DIRECTION('',(0.,0.,-1.));
#13192=DIRECTION('',(0.877582561890372,-0.479425538604204,0.));
#13193=DIRECTION('',(0.,0.,1.));
#13194=DIRECTION('',(1.,0.,0.));
#13195=DIRECTION('',(0.,0.,-1.));
#13196=DIRECTION('',(1.,0.,0.));
#13197=DIRECTION('',(0.,0.,-1.));
#13198=DIRECTION('',(-1.,0.,0.));
#13199=DIRECTION('',(0.,0.,1.));
#13200=DIRECTION('',(1.,0.,0.));
#13201=DIRECTION('',(0.,1.,0.));
#13202=DIRECTION('',(-0.866025403783548,0.500000000001542,0.));
#13203=DIRECTION('',(-0.866025403783548,-0.500000000001542,0.));
#13204=DIRECTION('',(0.,1.,0.));
#13205=DIRECTION('',(0.866025403783548,-0.500000000001542,0.));
#13206=DIRECTION('',(0.866025403783548,0.500000000001542,0.));
#13207=DIRECTION('',(0.,0.,-1.));
#13208=DIRECTION('',(-1.,0.,0.));
#13209=DIRECTION('',(1.,0.,0.));
#13210=DIRECTION('',(0.,1.,0.));
#13211=DIRECTION('',(0.,0.,1.));
#13212=DIRECTION('',(0.,1.,0.));
#13213=DIRECTION('',(0.,0.,1.));
#13214=DIRECTION('',(0.50000000000019,0.866025403784329,0.));
#13215=DIRECTION('',(-0.866025403784329,0.50000000000019,0.));
#13216=DIRECTION('',(-0.866025403784329,0.50000000000019,0.));
#13217=DIRECTION('',(0.,0.,1.));
#13218=DIRECTION('',(-0.50000000000019,0.866025403784329,0.));
#13219=DIRECTION('',(-0.866025403784329,-0.50000000000019,0.));
#13220=DIRECTION('',(-0.866025403784329,-0.50000000000019,0.));
#13221=DIRECTION('',(0.,0.,1.));
#13222=DIRECTION('',(-1.,-1.53837014911E-16,0.));
#13223=DIRECTION('',(1.53837014911E-16,-1.,0.));
#13224=DIRECTION('',(1.53837014911E-16,-1.,0.));
#13225=DIRECTION('',(0.,0.,1.));
#13226=DIRECTION('',(-0.50000000000019,-0.866025403784329,0.));
#13227=DIRECTION('',(0.866025403784329,-0.50000000000019,0.));
#13228=DIRECTION('',(0.866025403784329,-0.50000000000019,0.));
#13229=DIRECTION('',(0.,0.,1.));
#13230=DIRECTION('',(0.50000000000019,-0.866025403784329,0.));
#13231=DIRECTION('',(0.866025403784329,0.50000000000019,0.));
#13232=DIRECTION('',(0.866025403784329,0.50000000000019,0.));
#13233=DIRECTION('',(0.,0.,1.));
#13234=DIRECTION('',(1.,0.,0.));
#13235=DIRECTION('',(0.,0.,-1.));
#13236=DIRECTION('',(-1.,0.,0.));
#13237=DIRECTION('',(0.,0.,-1.));
#13238=DIRECTION('',(1.,0.,0.));
#13239=DIRECTION('',(0.,0.,-1.));
#13240=DIRECTION('',(-1.,0.,0.));
#13241=DIRECTION('',(0.,0.,-1.));
#13242=DIRECTION('',(1.,0.,0.));
#13243=DIRECTION('',(0.,0.,-1.));
#13244=DIRECTION('',(0.877582561890372,-0.479425538604204,0.));
#13245=DIRECTION('',(0.,0.,1.));
#13246=DIRECTION('',(1.,0.,0.));
#13247=DIRECTION('',(0.,0.,-1.));
#13248=DIRECTION('',(0.877582561890372,-0.479425538604204,0.));
#13249=DIRECTION('',(0.,0.,-1.));
#13250=DIRECTION('',(-1.,0.,0.));
#13251=DIRECTION('',(0.,0.,1.));
#13252=DIRECTION('',(1.,0.,0.));
#13253=DIRECTION('',(0.,0.,-1.));
#13254=DIRECTION('',(1.,0.,0.));
#13255=DIRECTION('',(0.,0.,-1.));
#13256=DIRECTION('',(-1.,0.,0.));
#13257=DIRECTION('',(0.,0.,1.));
#13258=DIRECTION('',(1.,0.,0.));
#13259=DIRECTION('',(0.,0.,-1.));
#13260=DIRECTION('',(1.,0.,0.));
#13261=DIRECTION('',(0.,0.,1.));
#13262=DIRECTION('',(1.,0.,0.));
#13263=DIRECTION('',(0.866025403784329,0.50000000000019,0.));
#13264=DIRECTION('',(0.866025403784329,-0.50000000000019,0.));
#13265=DIRECTION('',(1.53837014911E-16,-1.,0.));
#13266=DIRECTION('',(-0.866025403784329,-0.50000000000019,0.));
#13267=DIRECTION('',(-0.866025403784329,0.50000000000019,0.));
#13268=DIRECTION('',(0.,1.,0.));
#13269=DIRECTION('',(0.50000000000019,-0.866025403784329,0.));
#13270=DIRECTION('',(0.866025403784329,0.50000000000019,0.));
#13271=DIRECTION('',(0.,0.,1.));
#13272=DIRECTION('',(0.,0.,1.));
#13273=DIRECTION('',(0.866025403784329,0.50000000000019,0.));
#13274=DIRECTION('',(-0.50000000000019,-0.866025403784329,0.));
#13275=DIRECTION('',(0.866025403784329,-0.50000000000019,0.));
#13276=DIRECTION('',(0.,0.,1.));
#13277=DIRECTION('',(0.866025403784329,-0.50000000000019,0.));
#13278=DIRECTION('',(-1.,0.,0.));
#13279=DIRECTION('',(0.,-1.,0.));
#13280=DIRECTION('',(0.,0.,1.));
#13281=DIRECTION('',(0.,-1.,0.));
#13282=DIRECTION('',(-0.50000000000019,0.866025403784329,0.));
#13283=DIRECTION('',(-0.866025403784329,-0.50000000000019,0.));
#13284=DIRECTION('',(0.,0.,1.));
#13285=DIRECTION('',(-0.866025403784329,-0.50000000000019,0.));
#13286=DIRECTION('',(0.50000000000019,0.866025403784329,0.));
#13287=DIRECTION('',(-0.866025403784329,0.50000000000019,0.));
#13288=DIRECTION('',(0.,0.,1.));
#13289=DIRECTION('',(-0.866025403784329,0.50000000000019,0.));
#13290=DIRECTION('',(1.,0.,0.));
#13291=DIRECTION('',(0.,1.,0.));
#13292=DIRECTION('',(0.,1.,0.));
#13293=DIRECTION('',(0.,0.,1.));
#13294=DIRECTION('',(1.,0.,0.));
#13295=DIRECTION('',(0.,0.,-1.));
#13296=DIRECTION('',(1.,0.,0.));
#13297=DIRECTION('',(0.,0.,1.));
#13298=DIRECTION('',(1.,0.,0.));
#13299=DIRECTION('',(0.,0.,1.));
#13300=DIRECTION('',(-1.,0.,0.));
#13301=DIRECTION('',(0.,0.,1.));
#13302=DIRECTION('',(-1.,0.,0.));
#13303=DIRECTION('',(0.,0.,1.));
#13304=DIRECTION('',(-1.,0.,0.));
#13305=DIRECTION('',(0.,0.,-1.));
#13306=DIRECTION('',(1.,0.,0.));
#13307=DIRECTION('',(0.,0.,1.));
#13308=DIRECTION('',(-1.,0.,0.));
#13309=DIRECTION('',(0.,0.,1.));
#13310=DIRECTION('',(-1.,0.,0.));
#13311=DIRECTION('',(0.,0.,1.));
#13312=DIRECTION('',(-1.,0.,0.));
#13313=DIRECTION('',(0.,0.,1.));
#13314=DIRECTION('',(1.,0.,0.));
#13315=DIRECTION('',(0.,0.,-1.));
#13316=DIRECTION('',(1.,0.,0.));
#13317=DIRECTION('',(0.,0.,-1.));
#13318=DIRECTION('',(1.,0.,0.));
#13319=DIRECTION('',(0.,0.,-1.));
#13320=DIRECTION('',(-1.,0.,0.));
#13321=DIRECTION('',(0.,0.,-1.));
#13322=DIRECTION('',(1.,0.,0.));
#13323=DIRECTION('',(0.,0.,1.));
#13324=DIRECTION('',(1.,0.,0.));
#13325=DIRECTION('',(0.,0.,-1.));
#13326=DIRECTION('',(1.,0.,0.));
#13327=DIRECTION('',(0.,0.,1.));
#13328=DIRECTION('',(-1.,0.,0.));
#13329=DIRECTION('',(0.,0.,-1.));
#13330=DIRECTION('',(-1.,0.,0.));
#13331=DIRECTION('',(0.,0.,-1.));
#13332=DIRECTION('',(-1.,0.,0.));
#13333=DIRECTION('',(0.,0.,-1.));
#13334=DIRECTION('',(1.,0.,0.));
#13335=DIRECTION('',(0.,0.,-1.));
#13336=DIRECTION('',(-1.,0.,0.));
#13337=DIRECTION('',(0.,0.,1.));
#13338=DIRECTION('',(-1.,0.,0.));
#13339=DIRECTION('',(0.,0.,-1.));
#13340=DIRECTION('',(-1.,0.,0.));
#13341=DIRECTION('',(0.,0.,1.));
#13342=DIRECTION('',(1.,0.,0.));
#13343=DIRECTION('',(1.38777878078145E-16,-1.,0.));
#13344=DIRECTION('',(0.,0.,1.));
#13345=DIRECTION('',(1.,0.,0.));
#13346=DIRECTION('',(-1.,0.,0.));
#13347=DIRECTION('',(0.,0.,1.));
#13348=DIRECTION('',(1.,0.,0.));
#13349=DIRECTION('',(1.38777878078145E-16,-1.,0.));
#13350=DIRECTION('',(0.,0.,1.));
#13351=DIRECTION('',(1.,0.,0.));
#13352=DIRECTION('',(-1.,0.,0.));
#13353=DIRECTION('',(0.,0.,1.));
#13354=DIRECTION('',(1.,0.,0.));
#13355=DIRECTION('',(-1.,0.,0.));
#13356=DIRECTION('',(0.,0.,1.));
#13357=DIRECTION('',(1.,0.,0.));
#13358=DIRECTION('',(1.43365576527009E-16,-1.,0.));
#13359=DIRECTION('',(0.,0.,1.));
#13360=DIRECTION('',(1.,0.,0.));
#13361=DIRECTION('',(-1.,0.,0.));
#13362=DIRECTION('',(0.,0.,1.));
#13363=DIRECTION('',(1.,0.,0.));
#13364=DIRECTION('',(1.43365576527009E-16,-1.,0.));
#13365=DIRECTION('',(0.,0.,1.));
#13366=DIRECTION('',(1.,0.,0.));
#13367=DIRECTION('',(1.,1.38777878078145E-16,0.));
#13368=DIRECTION('',(-1.38777878078145E-16,1.,0.));
#13369=DIRECTION('',(1.38777878078145E-16,-1.,0.));
#13370=DIRECTION('',(0.,0.,-1.));
#13371=DIRECTION('',(0.,0.,-1.));
#13372=DIRECTION('',(0.,-1.,0.));
#13373=DIRECTION('',(0.,0.,-1.));
#13374=DIRECTION('',(-1.,0.,0.));
#13375=DIRECTION('',(0.,0.,-1.));
#13376=DIRECTION('',(0.,0.,-1.));
#13377=DIRECTION('',(1.,1.38777878078145E-16,0.));
#13378=DIRECTION('',(-1.38777878078145E-16,1.,0.));
#13379=DIRECTION('',(1.38777878078145E-16,-1.,0.));
#13380=DIRECTION('',(0.,0.,-1.));
#13381=DIRECTION('',(0.,0.,-1.));
#13382=DIRECTION('',(0.,-1.,0.));
#13383=DIRECTION('',(0.,0.,-1.));
#13384=DIRECTION('',(0.,0.,-1.));
#13385=DIRECTION('',(-1.,0.,0.));
#13386=DIRECTION('',(0.,0.,-1.));
#13387=DIRECTION('',(0.,0.,1.));
#13388=DIRECTION('',(1.,0.,0.));
#13389=DIRECTION('',(0.,0.,1.));
#13390=DIRECTION('',(1.,0.,0.));
#13391=DIRECTION('',(0.,0.,1.));
#13392=DIRECTION('',(1.,0.,0.));
#13393=DIRECTION('',(0.,0.,1.));
#13394=DIRECTION('',(1.,0.,0.));
#13395=DIRECTION('',(0.,0.,1.));
#13396=DIRECTION('',(1.,0.,0.));
#13397=DIRECTION('',(0.,0.,1.));
#13398=DIRECTION('',(1.,0.,0.));
#13399=DIRECTION('',(1.,1.43365576527009E-16,0.));
#13400=DIRECTION('',(-1.43365576527009E-16,1.,0.));
#13401=DIRECTION('',(0.,0.,-1.));
#13402=DIRECTION('',(1.43365576527009E-16,-1.,0.));
#13403=DIRECTION('',(0.,0.,-1.));
#13404=DIRECTION('',(0.,-1.,0.));
#13405=DIRECTION('',(0.,0.,-1.));
#13406=DIRECTION('',(0.,0.,-1.));
#13407=DIRECTION('',(-1.,0.,0.));
#13408=DIRECTION('',(0.,0.,-1.));
#13409=DIRECTION('',(1.,1.43365576527009E-16,0.));
#13410=DIRECTION('',(-1.43365576527009E-16,1.,0.));
#13411=DIRECTION('',(0.,0.,-1.));
#13412=DIRECTION('',(1.43365576527009E-16,-1.,0.));
#13413=DIRECTION('',(0.,0.,-1.));
#13414=DIRECTION('',(0.,-1.,0.));
#13415=DIRECTION('',(0.,0.,-1.));
#13416=DIRECTION('',(-1.,0.,0.));
#13417=DIRECTION('',(0.,0.,-1.));
#13418=DIRECTION('',(0.,0.,-1.));
#13419=DIRECTION('',(0.,0.,1.));
#13420=DIRECTION('',(1.,0.,0.));
#13421=DIRECTION('',(0.,0.,1.));
#13422=DIRECTION('',(1.,0.,0.));
#13423=DIRECTION('',(0.,0.,1.));
#13424=DIRECTION('',(1.,0.,0.));
#13425=DIRECTION('',(0.,0.,1.));
#13426=DIRECTION('',(1.,0.,0.));
#13427=DIRECTION('',(0.,0.,1.));
#13428=DIRECTION('',(1.,0.,0.));
#13429=DIRECTION('',(0.,0.,1.));
#13430=DIRECTION('',(1.,0.,0.));
#13431=DIRECTION('',(0.,0.,1.));
#13432=DIRECTION('',(1.,0.,0.));
#13433=DIRECTION('',(0.,0.,1.));
#13434=DIRECTION('',(1.,0.,0.));
#13435=DIRECTION('',(0.,0.,-1.));
#13436=DIRECTION('',(-1.,0.,0.));
#13437=DIRECTION('',(0.,0.,-1.));
#13438=DIRECTION('',(-1.,0.,0.));
#13439=DIRECTION('',(0.,0.,1.));
#13440=DIRECTION('',(1.,0.,0.));
#13441=DIRECTION('',(0.,0.,1.));
#13442=DIRECTION('',(1.,0.,0.));
#13443=DIRECTION('',(0.,0.,-1.));
#13444=DIRECTION('',(-1.,0.,0.));
#13445=DIRECTION('',(0.,0.,-1.));
#13446=DIRECTION('',(-1.,0.,0.));
#13447=DIRECTION('',(0.,0.,1.));
#13448=DIRECTION('',(1.,0.,0.));
#13449=DIRECTION('',(0.,0.,1.));
#13450=DIRECTION('',(1.,0.,0.));
#13451=DIRECTION('',(0.,0.,-1.));
#13452=DIRECTION('',(-1.,0.,0.));
#13453=DIRECTION('',(0.,0.,1.));
#13454=DIRECTION('',(1.,0.,0.));
#13455=DIRECTION('',(0.,0.,1.));
#13456=DIRECTION('',(1.,0.,0.));
#13457=DIRECTION('',(0.,0.,-1.));
#13458=DIRECTION('',(-1.,0.,0.));
#13459=DIRECTION('',(0.,0.,1.));
#13460=DIRECTION('',(1.,0.,0.));
#13461=DIRECTION('',(0.,0.,1.));
#13462=DIRECTION('',(1.,0.,0.));
#13463=DIRECTION('',(0.,0.,1.));
#13464=DIRECTION('',(1.,0.,0.));
#13465=DIRECTION('',(0.,0.,1.));
#13466=DIRECTION('',(1.,0.,0.));
#13467=DIRECTION('',(0.,0.,1.));
#13468=DIRECTION('',(-1.,-3.21628574468E-16,0.));
#13469=DIRECTION('',(0.,0.,1.));
#13470=DIRECTION('',(1.,0.,0.));
#13471=DIRECTION('',(0.,0.,1.));
#13472=DIRECTION('',(1.,0.,0.));
#13473=DIRECTION('',(0.,0.,1.));
#13474=DIRECTION('',(-1.,-3.21628574468E-16,0.));
#13475=DIRECTION('',(0.,0.,1.));
#13476=DIRECTION('',(1.,0.,0.));
#13477=DIRECTION('',(0.,0.,1.));
#13478=DIRECTION('',(1.,0.,0.));
#13479=DIRECTION('',(0.,0.,1.));
#13480=DIRECTION('',(1.,0.,0.));
#13481=DIRECTION('',(0.,0.,1.));
#13482=DIRECTION('',(1.,0.,0.));
#13483=DIRECTION('',(0.,0.,1.));
#13484=DIRECTION('',(1.,0.,0.));
#13485=DIRECTION('',(0.,0.,1.));
#13486=DIRECTION('',(1.,-1.83690953073E-16,0.));
#13487=DIRECTION('',(0.,0.,1.));
#13488=DIRECTION('',(1.,0.,0.));
#13489=DIRECTION('',(0.,0.,1.));
#13490=DIRECTION('',(0.,0.,1.));
#13491=DIRECTION('',(1.,0.,0.));
#13492=DIRECTION('',(0.,0.,1.));
#13493=DIRECTION('',(0.,0.,1.));
#13494=DIRECTION('',(1.,-1.83690953073E-16,0.));
#13495=DIRECTION('',(0.,0.,1.));
#13496=DIRECTION('',(1.,0.,0.));
#13497=DIRECTION('',(0.,0.,1.));
#13498=DIRECTION('',(0.,0.,1.));
#13499=DIRECTION('',(1.,0.,0.));
#13500=DIRECTION('',(0.,0.,-1.));
#13501=DIRECTION('',(0.,0.,-1.));
#13502=DIRECTION('',(-0.166666666667035,-0.986013297183207,0.));
#13503=DIRECTION('',(0.,0.,1.));
#13504=DIRECTION('',(0.,0.,-1.));
#13505=DIRECTION('',(-1.,0.,0.));
#13506=DIRECTION('',(0.,0.,-1.));
#13507=DIRECTION('',(-1.,0.,0.));
#13508=DIRECTION('',(-1.,0.,0.));
#13509=DIRECTION('',(0.,-1.,0.));
#13510=DIRECTION('',(0.,0.,1.));
#13511=DIRECTION('',(0.,1.,0.));
#13512=DIRECTION('',(0.,-1.,0.));
#13513=DIRECTION('',(-1.,0.,0.));
#13514=DIRECTION('',(0.,-1.,0.));
#13515=DIRECTION('',(0.,0.,-1.));
#13516=DIRECTION('',(0.,-1.,0.));
#13517=DIRECTION('',(0.,1.,0.));
#13518=DIRECTION('',(0.,0.,1.));
#13519=DIRECTION('',(0.,1.,0.));
#13520=DIRECTION('',(0.,0.,1.));
#13521=DIRECTION('',(0.,0.,1.));
#13522=DIRECTION('',(1.,0.,0.));
#13523=DIRECTION('',(0.,0.,1.));
#13524=DIRECTION('',(1.,0.,0.));
#13525=DIRECTION('',(0.,0.,-1.));
#13526=DIRECTION('',(1.,0.,0.));
#13527=DIRECTION('',(0.,0.,-1.));
#13528=DIRECTION('',(-1.,0.,0.));
#13529=DIRECTION('',(0.,0.,-1.));
#13530=DIRECTION('',(-1.,0.,0.));
#13531=DIRECTION('',(-1.,0.,0.));
#13532=DIRECTION('',(0.,-1.,0.));
#13533=DIRECTION('',(0.,0.,1.));
#13534=DIRECTION('',(0.,-1.,0.));
#13535=DIRECTION('',(0.,1.,0.));
#13536=DIRECTION('',(0.,0.,1.));
#13537=DIRECTION('',(-1.83690953073E-16,-1.,0.));
#13538=DIRECTION('',(0.,0.,1.));
#13539=DIRECTION('',(1.,0.,0.));
#13540=DIRECTION('',(0.,0.,1.));
#13541=DIRECTION('',(0.,0.,1.));
#13542=DIRECTION('',(1.,0.,0.));
#13543=DIRECTION('',(0.,0.,1.));
#13544=DIRECTION('',(-1.83690953073E-16,-1.,0.));
#13545=DIRECTION('',(0.,0.,1.));
#13546=DIRECTION('',(1.,0.,0.));
#13547=DIRECTION('',(0.,0.,1.));
#13548=DIRECTION('',(0.,0.,1.));
#13549=DIRECTION('',(1.,0.,0.));
#13550=DIRECTION('',(0.,0.,1.));
#13551=DIRECTION('',(0.,0.,1.));
#13552=DIRECTION('',(0.,1.,0.));
#13553=DIRECTION('',(0.,0.,1.));
#13554=DIRECTION('',(0.,0.,1.));
#13555=DIRECTION('',(1.,0.,0.));
#13556=DIRECTION('',(0.,0.,1.));
#13557=DIRECTION('',(1.,0.,0.));
#13558=DIRECTION('',(0.,-1.,0.));
#13559=DIRECTION('',(1.,0.,0.));
#13560=DIRECTION('',(1.,0.,0.));
#13561=DIRECTION('',(1.,0.,0.));
#13562=DIRECTION('',(0.,0.,1.));
#13563=DIRECTION('',(0.,-1.,0.));
#13564=DIRECTION('',(1.,0.,0.));
#13565=DIRECTION('',(1.,0.,0.));
#13566=DIRECTION('',(1.,0.,0.));
#13567=DIRECTION('',(0.,0.,1.));
#13568=DIRECTION('',(0.,0.,1.));
#13569=DIRECTION('',(1.,0.,0.));
#13570=DIRECTION('',(0.,0.,1.));
#13571=DIRECTION('',(0.,0.,1.));
#13572=DIRECTION('',(1.,0.,0.));
#13573=DIRECTION('',(0.,0.,1.));
#13574=DIRECTION('',(1.,0.,0.));
#13575=DIRECTION('',(0.,0.,1.));
#13576=DIRECTION('',(-0.986013297183207,-0.166666666667035,0.));
#13577=DIRECTION('',(0.,0.,1.));
#13578=DIRECTION('',(1.,0.,0.));
#13579=DIRECTION('',(0.,0.,1.));
#13580=DIRECTION('',(1.,0.,0.));
#13581=DIRECTION('',(0.,-1.,0.));
#13582=DIRECTION('',(1.,0.,0.));
#13583=DIRECTION('',(1.,0.,0.));
#13584=DIRECTION('',(1.,0.,0.));
#13585=DIRECTION('',(0.,0.,1.));
#13586=DIRECTION('',(0.,0.,1.));
#13587=DIRECTION('',(-1.,1.83690953073E-16,0.));
#13588=DIRECTION('',(0.,0.,1.));
#13589=DIRECTION('',(1.,0.,0.));
#13590=DIRECTION('',(0.,0.,1.));
#13591=DIRECTION('',(0.,0.,1.));
#13592=DIRECTION('',(1.,0.,0.));
#13593=DIRECTION('',(0.,0.,1.));
#13594=DIRECTION('',(-1.,1.83690953073E-16,0.));
#13595=DIRECTION('',(0.,0.,1.));
#13596=DIRECTION('',(1.,0.,0.));
#13597=DIRECTION('',(0.,0.,1.));
#13598=DIRECTION('',(0.,0.,1.));
#13599=DIRECTION('',(1.,0.,0.));
#13600=DIRECTION('',(0.,0.,1.));
#13601=DIRECTION('',(0.,0.,1.));
#13602=DIRECTION('',(1.,0.,0.));
#13603=DIRECTION('',(0.,0.,1.));
#13604=DIRECTION('',(0.,0.,1.));
#13605=DIRECTION('',(1.,0.,0.));
#13606=DIRECTION('',(0.,0.,1.));
#13607=DIRECTION('',(1.,0.,0.));
#13608=DIRECTION('',(1.,0.,0.));
#13609=DIRECTION('',(0.,1.,0.));
#13610=DIRECTION('',(0.,0.,1.));
#13611=DIRECTION('',(0.,1.,0.));
#13612=DIRECTION('',(0.,1.,0.));
#13613=DIRECTION('',(-1.,0.,0.));
#13614=DIRECTION('',(0.,-1.,0.));
#13615=DIRECTION('',(0.,1.,0.));
#13616=DIRECTION('',(0.,-1.,0.));
#13617=DIRECTION('',(0.,0.,1.));
#13618=DIRECTION('',(0.,0.,1.));
#13619=DIRECTION('',(1.83690953073E-16,1.,0.));
#13620=DIRECTION('',(0.,0.,1.));
#13621=DIRECTION('',(1.,0.,0.));
#13622=DIRECTION('',(0.,0.,1.));
#13623=DIRECTION('',(1.,0.,0.));
#13624=DIRECTION('',(0.,0.,1.));
#13625=DIRECTION('',(0.,0.,1.));
#13626=DIRECTION('',(0.166666666667035,-0.986013297183207,0.));
#13627=DIRECTION('',(0.,0.,1.));
#13628=DIRECTION('',(1.,0.,0.));
#13629=DIRECTION('',(0.,0.,1.));
#13630=DIRECTION('',(1.,0.,0.));
#13631=DIRECTION('',(1.,0.,0.));
#13632=DIRECTION('',(0.,1.,0.));
#13633=DIRECTION('',(0.,0.,1.));
#13634=DIRECTION('',(0.,1.,0.));
#13635=DIRECTION('',(0.,1.,0.));
#13636=DIRECTION('',(0.,0.,1.));
#13637=DIRECTION('',(1.83690953073E-16,1.,0.));
#13638=DIRECTION('',(0.,0.,1.));
#13639=DIRECTION('',(1.,0.,0.));
#13640=DIRECTION('',(0.,0.,1.));
#13641=DIRECTION('',(0.,0.,1.));
#13642=DIRECTION('',(1.,0.,0.));
#13643=DIRECTION('',(0.,-1.,0.));
#13644=DIRECTION('',(1.,0.,0.));
#13645=DIRECTION('',(0.,0.,1.));
#13646=DIRECTION('',(1.,0.,0.));
#13647=DIRECTION('',(1.,0.,0.));
#13648=DIRECTION('',(0.,-1.,0.));
#13649=DIRECTION('',(1.,0.,0.));
#13650=DIRECTION('',(0.,0.,1.));
#13651=DIRECTION('',(1.,0.,0.));
#13652=DIRECTION('',(1.,0.,0.));
#13653=DIRECTION('',(0.,0.,1.));
#13654=DIRECTION('',(1.,-1.83690953073E-16,0.));
#13655=DIRECTION('',(0.,0.,1.));
#13656=DIRECTION('',(1.,0.,0.));
#13657=DIRECTION('',(0.,0.,1.));
#13658=DIRECTION('',(1.,0.,0.));
#13659=DIRECTION('',(0.,0.,1.));
#13660=DIRECTION('',(0.,0.,-1.));
#13661=DIRECTION('',(3.33066907388E-16,-1.,0.));
#13662=DIRECTION('',(0.,0.,-1.));
#13663=DIRECTION('',(-1.,0.,0.));
#13664=DIRECTION('',(0.,0.,-1.));
#13665=DIRECTION('',(0.,0.,-1.));
#13666=DIRECTION('',(-1.,0.,0.));
#13667=DIRECTION('',(0.,0.,1.));
#13668=DIRECTION('',(1.,0.,0.));
#13669=DIRECTION('',(0.,0.,-1.));
#13670=DIRECTION('',(-1.,0.,0.));
#13671=DIRECTION('',(1.,0.,0.));
#13672=DIRECTION('',(0.,0.,1.));
#13673=DIRECTION('',(1.,0.,0.));
#13674=DIRECTION('',(0.,0.,1.));
#13675=DIRECTION('',(1.,0.,0.));
#13676=DIRECTION('',(0.,0.,1.));
#13677=DIRECTION('',(1.,0.,0.));
#13678=DIRECTION('',(1.,0.,0.));
#13679=DIRECTION('',(0.,0.,-1.));
#13680=DIRECTION('',(-1.,0.,0.));
#13681=DIRECTION('',(0.,0.,1.));
#13682=DIRECTION('',(1.83690953073E-16,1.,0.));
#13683=DIRECTION('',(0.,0.,-1.));
#13684=DIRECTION('',(0.,-1.,0.));
#13685=DIRECTION('',(1.,0.,0.));
#13686=DIRECTION('',(0.,0.,1.));
#13687=DIRECTION('',(0.,0.,-1.));
#13688=DIRECTION('',(0.986013297183207,-0.166666666667035,0.));
#13689=DIRECTION('',(0.,0.,1.));
#13690=DIRECTION('',(1.,0.,0.));
#13691=DIRECTION('',(0.,0.,1.));
#13692=DIRECTION('',(1.,0.,0.));
#13693=DIRECTION('',(0.,0.,-1.));
#13694=DIRECTION('',(1.,0.,0.));
#13695=DIRECTION('',(0.,0.,-1.));
#13696=DIRECTION('',(-1.,0.,0.));
#13697=DIRECTION('',(0.,0.,1.));
#13698=DIRECTION('',(1.,0.,0.));
#13699=DIRECTION('',(0.,1.,0.));
#13700=DIRECTION('',(-0.866025403783548,0.500000000001542,0.));
#13701=DIRECTION('',(-0.866025403783548,-0.500000000001542,0.));
#13702=DIRECTION('',(0.,1.,0.));
#13703=DIRECTION('',(0.866025403783548,-0.500000000001542,0.));
#13704=DIRECTION('',(0.866025403783548,0.500000000001542,0.));
#13705=DIRECTION('',(0.,0.,-1.));
#13706=DIRECTION('',(-1.,0.,0.));
#13707=DIRECTION('',(1.,0.,0.));
#13708=DIRECTION('',(0.,1.,0.));
#13709=DIRECTION('',(0.,0.,1.));
#13710=DIRECTION('',(0.,1.,0.));
#13711=DIRECTION('',(0.,0.,1.));
#13712=DIRECTION('',(0.50000000000019,0.866025403784329,0.));
#13713=DIRECTION('',(-0.866025403784329,0.50000000000019,0.));
#13714=DIRECTION('',(-0.866025403784329,0.50000000000019,0.));
#13715=DIRECTION('',(0.,0.,1.));
#13716=DIRECTION('',(-0.50000000000019,0.866025403784329,0.));
#13717=DIRECTION('',(-0.866025403784329,-0.50000000000019,0.));
#13718=DIRECTION('',(-0.866025403784329,-0.50000000000019,0.));
#13719=DIRECTION('',(0.,0.,1.));
#13720=DIRECTION('',(-1.,-1.53837014911E-16,0.));
#13721=DIRECTION('',(1.53837014911E-16,-1.,0.));
#13722=DIRECTION('',(1.53837014911E-16,-1.,0.));
#13723=DIRECTION('',(0.,0.,1.));
#13724=DIRECTION('',(-0.50000000000019,-0.866025403784329,0.));
#13725=DIRECTION('',(0.866025403784329,-0.50000000000019,0.));
#13726=DIRECTION('',(0.866025403784329,-0.50000000000019,0.));
#13727=DIRECTION('',(0.,0.,1.));
#13728=DIRECTION('',(0.50000000000019,-0.866025403784329,0.));
#13729=DIRECTION('',(0.866025403784329,0.50000000000019,0.));
#13730=DIRECTION('',(0.866025403784329,0.50000000000019,0.));
#13731=DIRECTION('',(0.,0.,1.));
#13732=DIRECTION('',(1.,0.,0.));
#13733=DIRECTION('',(0.,0.,-1.));
#13734=DIRECTION('',(-1.,0.,0.));
#13735=DIRECTION('',(0.,0.,-1.));
#13736=DIRECTION('',(1.,0.,0.));
#13737=DIRECTION('',(0.,0.,-1.));
#13738=DIRECTION('',(-1.,0.,0.));
#13739=DIRECTION('',(0.,0.,-1.));
#13740=DIRECTION('',(1.,0.,0.));
#13741=DIRECTION('',(0.,0.,-1.));
#13742=DIRECTION('',(0.877582561890372,-0.479425538604204,0.));
#13743=DIRECTION('',(0.,0.,1.));
#13744=DIRECTION('',(1.,0.,0.));
#13745=DIRECTION('',(0.,0.,-1.));
#13746=DIRECTION('',(1.,0.,0.));
#13747=DIRECTION('',(0.,0.,-1.));
#13748=DIRECTION('',(-1.,0.,0.));
#13749=DIRECTION('',(0.,0.,1.));
#13750=DIRECTION('',(1.,0.,0.));
#13751=DIRECTION('',(0.,1.,0.));
#13752=DIRECTION('',(-0.866025403783548,0.500000000001542,0.));
#13753=DIRECTION('',(-0.866025403783548,-0.500000000001542,0.));
#13754=DIRECTION('',(0.,1.,0.));
#13755=DIRECTION('',(0.866025403783548,-0.500000000001542,0.));
#13756=DIRECTION('',(0.866025403783548,0.500000000001542,0.));
#13757=DIRECTION('',(0.,0.,-1.));
#13758=DIRECTION('',(-1.,0.,0.));
#13759=DIRECTION('',(1.,0.,0.));
#13760=DIRECTION('',(0.,1.,0.));
#13761=DIRECTION('',(0.,0.,1.));
#13762=DIRECTION('',(0.,1.,0.));
#13763=DIRECTION('',(0.,0.,1.));
#13764=DIRECTION('',(0.50000000000019,0.866025403784329,0.));
#13765=DIRECTION('',(-0.866025403784329,0.50000000000019,0.));
#13766=DIRECTION('',(-0.866025403784329,0.50000000000019,0.));
#13767=DIRECTION('',(0.,0.,1.));
#13768=DIRECTION('',(-0.50000000000019,0.866025403784329,0.));
#13769=DIRECTION('',(-0.866025403784329,-0.50000000000019,0.));
#13770=DIRECTION('',(-0.866025403784329,-0.50000000000019,0.));
#13771=DIRECTION('',(0.,0.,1.));
#13772=DIRECTION('',(-1.,-1.53837014911E-16,0.));
#13773=DIRECTION('',(1.53837014911E-16,-1.,0.));
#13774=DIRECTION('',(1.53837014911E-16,-1.,0.));
#13775=DIRECTION('',(0.,0.,1.));
#13776=DIRECTION('',(-0.50000000000019,-0.866025403784329,0.));
#13777=DIRECTION('',(0.866025403784329,-0.50000000000019,0.));
#13778=DIRECTION('',(0.866025403784329,-0.50000000000019,0.));
#13779=DIRECTION('',(0.,0.,1.));
#13780=DIRECTION('',(0.50000000000019,-0.866025403784329,0.));
#13781=DIRECTION('',(0.866025403784329,0.50000000000019,0.));
#13782=DIRECTION('',(0.866025403784329,0.50000000000019,0.));
#13783=DIRECTION('',(0.,0.,1.));
#13784=DIRECTION('',(1.,0.,0.));
#13785=DIRECTION('',(0.,0.,-1.));
#13786=DIRECTION('',(-1.,0.,0.));
#13787=DIRECTION('',(0.,0.,-1.));
#13788=DIRECTION('',(1.,0.,0.));
#13789=DIRECTION('',(0.,0.,-1.));
#13790=DIRECTION('',(-1.,0.,0.));
#13791=DIRECTION('',(0.,0.,-1.));
#13792=DIRECTION('',(1.,0.,0.));
#13793=DIRECTION('',(0.,0.,-1.));
#13794=DIRECTION('',(0.877582561890372,-0.479425538604204,0.));
#13795=DIRECTION('',(0.,0.,1.));
#13796=DIRECTION('',(1.,0.,0.));
#13797=DIRECTION('',(-1.,0.,0.));
#13798=DIRECTION('',(0.,-1.,0.));
#13799=DIRECTION('',(0.,0.,1.));
#13800=DIRECTION('',(0.,-1.,0.));
#13801=DIRECTION('',(0.,0.,1.));
#13802=DIRECTION('',(0.,1.,0.));
#13803=DIRECTION('',(0.,1.,0.));
#13804=DIRECTION('',(-1.,0.,0.));
#13805=DIRECTION('',(-1.,0.,0.));
#13806=DIRECTION('',(0.,0.,1.));
#13807=DIRECTION('',(1.,0.,0.));
#13808=DIRECTION('',(1.,0.,0.));
#13809=DIRECTION('',(0.,1.,0.));
#13810=DIRECTION('',(0.,1.,0.));
#13811=DIRECTION('',(0.,0.,1.));
#13812=DIRECTION('',(0.,1.,0.));
#13813=DIRECTION('',(0.,-1.,0.));
#13814=DIRECTION('',(1.,0.,0.));
#13815=DIRECTION('',(1.,0.,0.));
#13816=DIRECTION('',(1.,0.,0.));
#13817=DIRECTION('',(0.,0.,1.));
#13818=DIRECTION('',(1.,0.,0.));
#13819=DIRECTION('',(0.,0.,1.));
#13820=DIRECTION('',(1.,0.,0.));
#13821=DIRECTION('',(0.,0.,1.));
#13822=DIRECTION('',(1.,0.,0.));
#13823=DIRECTION('',(0.,-1.,0.));
#13824=DIRECTION('',(1.,0.,0.));
#13825=DIRECTION('',(0.,0.,1.));
#13826=DIRECTION('',(1.,0.,0.));
#13827=DIRECTION('',(0.,0.,1.));
#13828=DIRECTION('',(1.,0.,0.));
#13829=DIRECTION('',(1.,0.,0.));
#13830=DIRECTION('',(0.,1.,0.));
#13831=DIRECTION('',(0.,1.,0.));
#13832=DIRECTION('',(0.,0.,1.));
#13833=DIRECTION('',(0.,1.,0.));
#13834=DIRECTION('',(0.,1.,0.));
#13835=DIRECTION('',(-1.,0.,0.));
#13836=DIRECTION('',(-1.,0.,0.));
#13837=DIRECTION('',(0.,0.,1.));
#13838=DIRECTION('',(1.,0.,0.));
#13839=DIRECTION('',(-1.,0.,0.));
#13840=DIRECTION('',(0.,-1.,0.));
#13841=DIRECTION('',(0.,-1.,0.));
#13842=DIRECTION('',(0.,1.,0.));
#13843=DIRECTION('',(0.,0.,1.));
#13844=DIRECTION('',(1.,0.,0.));
#13845=DIRECTION('',(0.,0.,1.));
#13846=DIRECTION('',(1.,0.,0.));
#13847=DIRECTION('',(0.,0.,1.));
#13848=DIRECTION('',(1.,0.,0.));
#13849=DIRECTION('',(0.,0.,-1.));
#13850=DIRECTION('',(1.,0.,0.));
#13851=DIRECTION('',(0.,0.,-1.));
#13852=DIRECTION('',(-1.,0.,0.));
#13853=DIRECTION('',(0.,0.,1.));
#13854=DIRECTION('',(1.,0.,0.));
#13855=DIRECTION('',(0.,1.,0.));
#13856=DIRECTION('',(-0.866025403783548,0.500000000001542,0.));
#13857=DIRECTION('',(-0.866025403783548,-0.500000000001542,0.));
#13858=DIRECTION('',(0.,1.,0.));
#13859=DIRECTION('',(0.866025403783548,-0.500000000001542,0.));
#13860=DIRECTION('',(0.866025403783548,0.500000000001542,0.));
#13861=DIRECTION('',(0.,0.,-1.));
#13862=DIRECTION('',(-1.,0.,0.));
#13863=DIRECTION('',(1.,0.,0.));
#13864=DIRECTION('',(0.,1.,0.));
#13865=DIRECTION('',(0.,0.,1.));
#13866=DIRECTION('',(0.,1.,0.));
#13867=DIRECTION('',(0.,0.,1.));
#13868=DIRECTION('',(0.50000000000019,0.866025403784329,0.));
#13869=DIRECTION('',(-0.866025403784329,0.50000000000019,0.));
#13870=DIRECTION('',(-0.866025403784329,0.50000000000019,0.));
#13871=DIRECTION('',(0.,0.,1.));
#13872=DIRECTION('',(-0.50000000000019,0.866025403784329,0.));
#13873=DIRECTION('',(-0.866025403784329,-0.50000000000019,0.));
#13874=DIRECTION('',(-0.866025403784329,-0.50000000000019,0.));
#13875=DIRECTION('',(0.,0.,1.));
#13876=DIRECTION('',(-1.,-1.53837014911E-16,0.));
#13877=DIRECTION('',(1.53837014911E-16,-1.,0.));
#13878=DIRECTION('',(1.53837014911E-16,-1.,0.));
#13879=DIRECTION('',(0.,0.,1.));
#13880=DIRECTION('',(-0.50000000000019,-0.866025403784329,0.));
#13881=DIRECTION('',(0.866025403784329,-0.50000000000019,0.));
#13882=DIRECTION('',(0.866025403784329,-0.50000000000019,0.));
#13883=DIRECTION('',(0.,0.,1.));
#13884=DIRECTION('',(0.50000000000019,-0.866025403784329,0.));
#13885=DIRECTION('',(0.866025403784329,0.50000000000019,0.));
#13886=DIRECTION('',(0.866025403784329,0.50000000000019,0.));
#13887=DIRECTION('',(0.,0.,1.));
#13888=DIRECTION('',(1.,0.,0.));
#13889=DIRECTION('',(0.,0.,-1.));
#13890=DIRECTION('',(-1.,0.,0.));
#13891=DIRECTION('',(0.,0.,-1.));
#13892=DIRECTION('',(1.,0.,0.));
#13893=DIRECTION('',(0.,0.,-1.));
#13894=DIRECTION('',(-1.,0.,0.));
#13895=DIRECTION('',(0.,0.,-1.));
#13896=DIRECTION('',(1.,0.,0.));
#13897=DIRECTION('',(0.,0.,-1.));
#13898=DIRECTION('',(0.877582561890372,-0.479425538604204,0.));
#13899=DIRECTION('',(0.,0.,1.));
#13900=DIRECTION('',(1.,0.,0.));
#13901=DIRECTION('',(0.,0.707106781187048,0.707106781186048));
#13902=DIRECTION('',(0.,-0.707106781186048,0.707106781187048));
#13903=DIRECTION('',(1.,0.,0.));
#13904=DIRECTION('',(0.,-0.707106781186048,0.707106781187048));
#13905=DIRECTION('',(1.,0.,0.));
#13906=DIRECTION('',(0.,-0.707106781186548,0.707106781186548));
#13907=DIRECTION('',(1.,0.,0.));
#13908=DIRECTION('',(0.,1.,0.));
#13909=DIRECTION('',(0.,1.,0.));
#13910=DIRECTION('',(0.,0.,1.));
#13911=DIRECTION('',(0.,1.,0.));
#13912=DIRECTION('',(0.,0.,1.));
#13913=DIRECTION('',(1.,0.,0.));
#13914=DIRECTION('',(1.,0.,0.));
#13915=DIRECTION('',(0.,1.,0.));
#13916=DIRECTION('',(0.,1.,0.));
#13917=DIRECTION('',(-1.,0.,0.));
#13918=DIRECTION('',(-1.,0.,0.));
#13919=DIRECTION('',(0.,0.,1.));
#13920=DIRECTION('',(-1.,0.,0.));
#13921=DIRECTION('',(0.,-1.,0.));
#13922=DIRECTION('',(0.,-1.,0.));
#13923=DIRECTION('',(0.,0.,1.));
#13924=DIRECTION('',(1.,0.,0.));
#13925=DIRECTION('',(0.,0.,1.));
#13926=DIRECTION('',(1.,0.,0.));
#13927=DIRECTION('',(0.,0.,1.));
#13928=DIRECTION('',(1.,0.,0.));
#13929=DIRECTION('',(0.,-1.,0.));
#13930=DIRECTION('',(1.,0.,0.));
#13931=DIRECTION('',(0.,0.,1.));
#13932=DIRECTION('',(1.,0.,0.));
#13933=DIRECTION('',(0.,0.,1.));
#13934=DIRECTION('',(1.,0.,0.));
#13935=DIRECTION('',(1.,0.,0.));
#13936=DIRECTION('',(0.,1.,0.));
#13937=DIRECTION('',(0.,1.,0.));
#13938=DIRECTION('',(0.,0.,1.));
#13939=DIRECTION('',(0.,1.,0.));
#13940=DIRECTION('',(0.,1.,0.));
#13941=DIRECTION('',(-1.,0.,0.));
#13942=DIRECTION('',(-1.,0.,0.));
#13943=DIRECTION('',(0.,0.,1.));
#13944=DIRECTION('',(1.,0.,0.));
#13945=DIRECTION('',(-1.,0.,0.));
#13946=DIRECTION('',(0.,-1.,0.));
#13947=DIRECTION('',(0.,-1.,0.));
#13948=DIRECTION('',(0.,1.,0.));
#13949=DIRECTION('',(0.,0.,1.));
#13950=DIRECTION('',(1.,0.,0.));
#13951=DIRECTION('',(0.,0.,1.));
#13952=DIRECTION('',(1.,0.,0.));
#13953=DIRECTION('',(0.,0.,1.));
#13954=DIRECTION('',(1.,0.,0.));
#13955=DIRECTION('',(0.,0.,1.));
#13956=DIRECTION('',(1.,0.,0.));
#13957=CARTESIAN_POINT('',(0.,0.,0.));
#13958=CARTESIAN_POINT('',(-6.93889390390723E-18,0.0484,0.098));
#13959=CARTESIAN_POINT('',(-6.93889390390723E-18,0.0484,0.));
#13960=CARTESIAN_POINT('',(0.0484,0.0484,0.));
#13961=CARTESIAN_POINT('',(-0.0484,0.0484,0.));
#13962=CARTESIAN_POINT('',(0.0484,0.0484,0.098));
#13963=CARTESIAN_POINT('',(0.0484,0.0484,0.098));
#13964=CARTESIAN_POINT('',(-6.93889390390723E-18,0.0484,0.098));
#13965=CARTESIAN_POINT('',(-0.0484,0.0484,0.098));
#13966=CARTESIAN_POINT('',(-0.0484,0.0484,0.098));
#13967=CARTESIAN_POINT('',(0.0484,0.,0.098));
#13968=CARTESIAN_POINT('',(0.0484,0.,0.));
#13969=CARTESIAN_POINT('',(0.0484,-0.0484,0.));
#13970=CARTESIAN_POINT('',(0.0484,-0.0484,0.098));
#13971=CARTESIAN_POINT('',(0.0484,-0.0484,0.098));
#13972=CARTESIAN_POINT('',(0.0484,0.,0.098));
#13973=CARTESIAN_POINT('',(6.93889390390723E-18,-0.0484,0.098));
#13974=CARTESIAN_POINT('',(6.93889390390723E-18,-0.0484,0.));
#13975=CARTESIAN_POINT('',(-0.0484,-0.0484,0.));
#13976=CARTESIAN_POINT('',(-0.0484,-0.0484,0.098));
#13977=CARTESIAN_POINT('',(-0.0484,-0.0484,0.098));
#13978=CARTESIAN_POINT('',(6.93889390390723E-18,-0.0484,0.098));
#13979=CARTESIAN_POINT('',(0.05,0.,0.098));
#13980=CARTESIAN_POINT('',(0.05,0.,0.));
#13981=CARTESIAN_POINT('',(0.05,0.048,0.));
#13982=CARTESIAN_POINT('',(0.05,-0.048,0.));
#13983=CARTESIAN_POINT('',(0.05,0.048,0.098));
#13984=CARTESIAN_POINT('',(0.05,0.048,0.098));
#13985=CARTESIAN_POINT('',(0.05,0.,0.098));
#13986=CARTESIAN_POINT('',(0.05,-0.048,0.098));
#13987=CARTESIAN_POINT('',(0.05,-0.048,0.098));
#13988=CARTESIAN_POINT('',(-6.93889390390723E-18,0.05,0.098));
#13989=CARTESIAN_POINT('',(-6.93889390390723E-18,0.05,0.));
#13990=CARTESIAN_POINT('',(0.048,0.05,0.));
#13991=CARTESIAN_POINT('',(-0.048,0.05,0.));
#13992=CARTESIAN_POINT('',(-0.048,0.05,0.098));
#13993=CARTESIAN_POINT('',(-0.048,0.05,0.098));
#13994=CARTESIAN_POINT('',(-6.93889390390723E-18,0.05,0.098));
#13995=CARTESIAN_POINT('',(0.048,0.05,0.098));
#13996=CARTESIAN_POINT('',(0.048,0.05,0.));
#13997=CARTESIAN_POINT('',(-0.05,0.,0.098));
#13998=CARTESIAN_POINT('',(-0.05,0.,0.098));
#13999=CARTESIAN_POINT('',(-0.05,0.048,0.098));
#14000=CARTESIAN_POINT('',(-0.05,-0.048,0.098));
#14001=CARTESIAN_POINT('',(-0.05,0.048,0.098));
#14002=CARTESIAN_POINT('',(-0.05,0.048,0.));
#14003=CARTESIAN_POINT('',(-0.05,0.,0.));
#14004=CARTESIAN_POINT('',(-0.05,-0.048,0.));
#14005=CARTESIAN_POINT('',(-0.05,-0.048,0.098));
#14006=CARTESIAN_POINT('',(6.93889390390723E-18,-0.05,0.098));
#14007=CARTESIAN_POINT('',(6.93889390390723E-18,-0.05,0.098));
#14008=CARTESIAN_POINT('',(0.048,-0.05,0.098));
#14009=CARTESIAN_POINT('',(-0.048,-0.05,0.098));
#14010=CARTESIAN_POINT('',(-0.048,-0.05,0.));
#14011=CARTESIAN_POINT('',(-0.048,-0.05,0.));
#14012=CARTESIAN_POINT('',(6.93889390390723E-18,-0.05,0.));
#14013=CARTESIAN_POINT('',(0.048,-0.05,0.));
#14014=CARTESIAN_POINT('',(0.048,-0.05,0.098));
#14015=CARTESIAN_POINT('',(-0.0484,0.,0.098));
#14016=CARTESIAN_POINT('',(-0.0484,0.,0.));
#14017=CARTESIAN_POINT('',(-0.0484,0.,0.098));
#14018=CARTESIAN_POINT('',(0.,0.,0.098));
#14019=CARTESIAN_POINT('',(-0.048,0.048,0.098));
#14020=CARTESIAN_POINT('',(-0.048,-0.048,0.098));
#14021=CARTESIAN_POINT('',(0.048,-0.048,0.098));
#14022=CARTESIAN_POINT('',(0.048,0.048,0.098));
#14023=CARTESIAN_POINT('',(0.,0.,0.));
#14024=CARTESIAN_POINT('',(-0.048,0.048,0.));
#14025=CARTESIAN_POINT('',(0.048,0.048,0.));
#14026=CARTESIAN_POINT('',(0.048,-0.048,0.));
#14027=CARTESIAN_POINT('',(-0.048,-0.048,0.));
#14028=CARTESIAN_POINT('',(-0.048,0.048,0.098));
#14029=CARTESIAN_POINT('',(-0.048,-0.048,0.098));
#14030=CARTESIAN_POINT('',(0.048,0.048,0.098));
#14031=CARTESIAN_POINT('',(0.048,-0.048,0.098));
#14032=CARTESIAN_POINT('',(0.043439719825983,0.0477697608331604,-0.015094015340805));
#14033=CARTESIAN_POINT('',(-0.039,-0.039,0.0559727734726));
#14034=CARTESIAN_POINT('',(-0.039,-0.039,0.0567727734726));
#14035=CARTESIAN_POINT('',(-0.0374,-0.039,0.0567727734726));
#14036=CARTESIAN_POINT('',(-0.039,-0.039,0.0551727734726));
#14037=CARTESIAN_POINT('',(-0.0374,-0.039,0.0551727734726));
#14038=CARTESIAN_POINT('',(0.039,-0.039,0.0559727734726));
#14039=CARTESIAN_POINT('',(0.039,-0.039,0.0567727734726));
#14040=CARTESIAN_POINT('',(0.0406,-0.039,0.0567727734726));
#14041=CARTESIAN_POINT('',(0.039,-0.039,0.0551727734726));
#14042=CARTESIAN_POINT('',(0.0406,-0.039,0.0551727734726));
#14043=CARTESIAN_POINT('',(0.039,0.039,0.0559727734726));
#14044=CARTESIAN_POINT('',(0.039,0.039,0.0567727734726));
#14045=CARTESIAN_POINT('',(0.0406,0.039,0.0567727734726));
#14046=CARTESIAN_POINT('',(0.039,0.039,0.0551727734726));
#14047=CARTESIAN_POINT('',(0.0406,0.039,0.0551727734726));
#14048=CARTESIAN_POINT('',(-0.039,0.039,0.0559727734726));
#14049=CARTESIAN_POINT('',(-0.039,0.039,0.0567727734726));
#14050=CARTESIAN_POINT('',(-0.0374,0.039,0.0567727734726));
#14051=CARTESIAN_POINT('',(-0.039,0.039,0.0551727734726));
#14052=CARTESIAN_POINT('',(-0.0374,0.039,0.0551727734726));
#14053=CARTESIAN_POINT('',(0.0438,0.0438,0.0559727734726));
#14054=CARTESIAN_POINT('',(0.0438,0.0438,0.0567727734726));
#14055=CARTESIAN_POINT('',(0.0438,0.045,0.0567727734726));
#14056=CARTESIAN_POINT('',(0.045,0.0438,0.0567727734726));
#14057=CARTESIAN_POINT('',(0.045,0.0438,0.0551727734726));
#14058=CARTESIAN_POINT('',(0.045,0.0438,0.0551727734726));
#14059=CARTESIAN_POINT('',(0.0438,0.0438,0.0551727734726));
#14060=CARTESIAN_POINT('',(0.0438,0.045,0.0551727734726));
#14061=CARTESIAN_POINT('',(0.0438,0.045,0.0559727734726));
#14062=CARTESIAN_POINT('',(0.0438,-0.0112,0.0559727734726));
#14063=CARTESIAN_POINT('',(0.0438,-0.0112,0.0567727734726));
#14064=CARTESIAN_POINT('',(0.044,-0.0100167840433799,0.0567727734726));
#14065=CARTESIAN_POINT('',(0.045,-0.0112,0.0567727734726));
#14066=CARTESIAN_POINT('',(0.045,-0.0112,0.0551727734726));
#14067=CARTESIAN_POINT('',(0.045,-0.0112,0.0551727734726));
#14068=CARTESIAN_POINT('',(0.0438,-0.0112,0.0551727734726));
#14069=CARTESIAN_POINT('',(0.044,-0.0100167840433799,0.0551727734726));
#14070=CARTESIAN_POINT('',(0.0439999999999996,-0.0100167840433798,0.0559727734726));
#14071=CARTESIAN_POINT('',(0.0442,-0.00883356808676,0.0559727734726));
#14072=CARTESIAN_POINT('',(0.043,-0.00883356808676,0.0551727734726));
#14073=CARTESIAN_POINT('',(0.043,-0.00883356808676,0.0567727734726));
#14074=CARTESIAN_POINT('',(0.043,-0.00883356808676,0.0551727734726));
#14075=CARTESIAN_POINT('',(0.0442,-0.00883356808676,0.0567727734726));
#14076=CARTESIAN_POINT('',(0.0442,-0.00883356808676,0.0551727734726));
#14077=CARTESIAN_POINT('',(0.043,0.01,0.0551727734726));
#14078=CARTESIAN_POINT('',(0.043,0.0088,0.0559727734726));
#14079=CARTESIAN_POINT('',(0.043,0.0088,0.0567727734726));
#14080=CARTESIAN_POINT('',(0.043,0.0088,0.0551727734726));
#14081=CARTESIAN_POINT('',(0.043,0.,0.0567727734726));
#14082=CARTESIAN_POINT('',(0.043,0.01,0.0551727734726));
#14083=CARTESIAN_POINT('',(0.045,-0.01,0.0551727734726));
#14084=CARTESIAN_POINT('',(0.045,0.0111664319132,0.0559727734726));
#14085=CARTESIAN_POINT('',(0.045,0.0111664319132,0.0551727734726));
#14086=CARTESIAN_POINT('',(0.045,0.0111664319132,0.0567727734726));
#14087=CARTESIAN_POINT('',(0.045,-0.01,0.0551727734726));
#14088=CARTESIAN_POINT('',(0.045,0.,0.0567727734726));
#14089=CARTESIAN_POINT('',(0.0442,0.0088,0.0559727734726));
#14090=CARTESIAN_POINT('',(0.044,0.00998321595661993,0.0559727734726));
#14091=CARTESIAN_POINT('',(0.044,0.00998321595660996,0.0551727734726));
#14092=CARTESIAN_POINT('',(0.044,0.00998321595660996,0.0567727734726));
#14093=CARTESIAN_POINT('',(0.0442,0.0088,0.0567727734726));
#14094=CARTESIAN_POINT('',(0.0442,0.0088,0.0551727734726));
#14095=CARTESIAN_POINT('',(0.0438,0.0111664319132,0.0559727734726));
#14096=CARTESIAN_POINT('',(0.0438,0.0111664319132,0.0567727734726));
#14097=CARTESIAN_POINT('',(0.0438,0.0111664319132,0.0551727734726));
#14098=CARTESIAN_POINT('',(0.045,-0.01,0.0551727734726));
#14099=CARTESIAN_POINT('',(0.045,-0.0438,0.0559727734726));
#14100=CARTESIAN_POINT('',(0.045,-0.0438,0.0551727734726));
#14101=CARTESIAN_POINT('',(0.045,-0.0438,0.0567727734726));
#14102=CARTESIAN_POINT('',(0.045,-0.01,0.0551727734726));
#14103=CARTESIAN_POINT('',(0.045,0.,0.0567727734726));
#14104=CARTESIAN_POINT('',(0.0438,-0.0438,0.0559727734726));
#14105=CARTESIAN_POINT('',(0.0438,-0.0438,0.0567727734726));
#14106=CARTESIAN_POINT('',(0.0438,-0.045,0.0567727734726));
#14107=CARTESIAN_POINT('',(0.0438,-0.045,0.0551727734726));
#14108=CARTESIAN_POINT('',(0.0438,-0.045,0.0551727734726));
#14109=CARTESIAN_POINT('',(0.0438,-0.0438,0.0551727734726));
#14110=CARTESIAN_POINT('',(-0.0112,-0.0438,0.0559727734726));
#14111=CARTESIAN_POINT('',(-0.0112,-0.0438,0.0567727734726));
#14112=CARTESIAN_POINT('',(-0.0100167840433802,-0.0440000000000016,0.0567727734726));
#14113=CARTESIAN_POINT('',(-0.0112,-0.045,0.0567727734726));
#14114=CARTESIAN_POINT('',(-0.0112,-0.045,0.0551727734726));
#14115=CARTESIAN_POINT('',(-0.0112,-0.045,0.0551727734726));
#14116=CARTESIAN_POINT('',(-0.0112,-0.0438,0.0551727734726));
#14117=CARTESIAN_POINT('',(-0.0100167840433802,-0.0440000000000016,0.0551727734726));
#14118=CARTESIAN_POINT('',(-0.0100167840433805,-0.0440000000000033,0.0559727734726));
#14119=CARTESIAN_POINT('',(-0.00883356808676,-0.0442,0.0559727734726));
#14120=CARTESIAN_POINT('',(-0.00883356808676,-0.043,0.0551727734726));
#14121=CARTESIAN_POINT('',(-0.00883356808676,-0.043,0.0567727734726));
#14122=CARTESIAN_POINT('',(-0.00883356808676,-0.043,0.0551727734726));
#14123=CARTESIAN_POINT('',(-0.00883356808676,-0.0442,0.0567727734726));
#14124=CARTESIAN_POINT('',(-0.00883356808676,-0.0442,0.0551727734726));
#14125=CARTESIAN_POINT('',(-0.01,-0.043,0.0551727734726));
#14126=CARTESIAN_POINT('',(0.,-0.043,0.0567727734726));
#14127=CARTESIAN_POINT('',(0.0088,-0.043,0.0567727734726));
#14128=CARTESIAN_POINT('',(-0.01,-0.043,0.0551727734726));
#14129=CARTESIAN_POINT('',(0.0088,-0.043,0.0551727734726));
#14130=CARTESIAN_POINT('',(0.0088,-0.043,0.0559727734726));
#14131=CARTESIAN_POINT('',(-0.045,-0.045,0.0551727734726));
#14132=CARTESIAN_POINT('',(-0.045,-0.045,0.0551727734726));
#14133=CARTESIAN_POINT('',(0.0111664319132,-0.045,0.0551727734726));
#14134=CARTESIAN_POINT('',(0.,-0.045,0.0567727734726));
#14135=CARTESIAN_POINT('',(0.0111664319132,-0.045,0.0567727734726));
#14136=CARTESIAN_POINT('',(0.0111664319132,-0.045,0.0559727734726));
#14137=CARTESIAN_POINT('',(0.0088,-0.0442,0.0559727734726));
#14138=CARTESIAN_POINT('',(0.00998321595661993,-0.044,0.0559727734726));
#14139=CARTESIAN_POINT('',(0.00998321595660996,-0.044,0.0551727734726));
#14140=CARTESIAN_POINT('',(0.00998321595660996,-0.044,0.0567727734726));
#14141=CARTESIAN_POINT('',(0.0088,-0.0442,0.0567727734726));
#14142=CARTESIAN_POINT('',(0.0088,-0.0442,0.0551727734726));
#14143=CARTESIAN_POINT('',(0.0111664319132,-0.0438,0.0559727734726));
#14144=CARTESIAN_POINT('',(0.0111664319132,-0.0438,0.0567727734726));
#14145=CARTESIAN_POINT('',(0.0111664319132,-0.0438,0.0551727734726));
#14146=CARTESIAN_POINT('',(-0.045,-0.045,0.0551727734726));
#14147=CARTESIAN_POINT('',(-0.045,-0.045,0.0551727734726));
#14148=CARTESIAN_POINT('',(-0.0438,-0.045,0.0551727734726));
#14149=CARTESIAN_POINT('',(0.,-0.045,0.0567727734726));
#14150=CARTESIAN_POINT('',(-0.0438,-0.045,0.0567727734726));
#14151=CARTESIAN_POINT('',(-0.0438,-0.045,0.0559727734726));
#14152=CARTESIAN_POINT('',(-0.0438,-0.0438,0.0559727734726));
#14153=CARTESIAN_POINT('',(-0.0438,-0.0438,0.0567727734726));
#14154=CARTESIAN_POINT('',(-0.045,-0.0438,0.0567727734726));
#14155=CARTESIAN_POINT('',(-0.045,-0.0438,0.0551727734726));
#14156=CARTESIAN_POINT('',(-0.045,-0.0438,0.0551727734726));
#14157=CARTESIAN_POINT('',(-0.0438,-0.0438,0.0551727734726));
#14158=CARTESIAN_POINT('',(-0.0438,0.0112,0.0559727734726));
#14159=CARTESIAN_POINT('',(-0.0438,0.0112,0.0567727734726));
#14160=CARTESIAN_POINT('',(-0.0440000000000016,0.0100167840433802,0.0567727734726));
#14161=CARTESIAN_POINT('',(-0.045,0.0112,0.0567727734726));
#14162=CARTESIAN_POINT('',(-0.045,0.0112,0.0551727734726));
#14163=CARTESIAN_POINT('',(-0.045,0.0112,0.0551727734726));
#14164=CARTESIAN_POINT('',(-0.0438,0.0112,0.0551727734726));
#14165=CARTESIAN_POINT('',(-0.0440000000000016,0.0100167840433802,0.0551727734726));
#14166=CARTESIAN_POINT('',(-0.0440000000000033,0.0100167840433805,0.0559727734726));
#14167=CARTESIAN_POINT('',(-0.0442,0.00883356808676,0.0559727734726));
#14168=CARTESIAN_POINT('',(-0.043,0.00883356808676,0.0551727734726));
#14169=CARTESIAN_POINT('',(-0.043,0.00883356808676,0.0567727734726));
#14170=CARTESIAN_POINT('',(-0.043,0.00883356808676,0.0551727734726));
#14171=CARTESIAN_POINT('',(-0.0442,0.00883356808676,0.0567727734726));
#14172=CARTESIAN_POINT('',(-0.0442,0.00883356808676,0.0551727734726));
#14173=CARTESIAN_POINT('',(-0.045,-0.045,0.0551727734726));
#14174=CARTESIAN_POINT('',(-0.045,-0.0112,0.0559727734726));
#14175=CARTESIAN_POINT('',(-0.045,-0.0112,0.0551727734726));
#14176=CARTESIAN_POINT('',(-0.045,-0.0112,0.0567727734726));
#14177=CARTESIAN_POINT('',(-0.045,-0.045,0.0551727734726));
#14178=CARTESIAN_POINT('',(-0.045,0.,0.0567727734726));
#14179=CARTESIAN_POINT('',(-0.043,0.01,0.0551727734726));
#14180=CARTESIAN_POINT('',(-0.043,0.,0.0567727734726));
#14181=CARTESIAN_POINT('',(-0.043,-0.00883356808676,0.0567727734726));
#14182=CARTESIAN_POINT('',(-0.043,0.01,0.0551727734726));
#14183=CARTESIAN_POINT('',(-0.043,-0.00883356808676,0.0551727734726));
#14184=CARTESIAN_POINT('',(-0.043,-0.00883356808676,0.0559727734726));
#14185=CARTESIAN_POINT('',(-0.0438,-0.0112,0.0559727734726));
#14186=CARTESIAN_POINT('',(-0.0438,-0.0112,0.0551727734726));
#14187=CARTESIAN_POINT('',(-0.0440000000000016,-0.0100167840433803,0.0551727734726));
#14188=CARTESIAN_POINT('',(-0.0438,-0.0112,0.0567727734726));
#14189=CARTESIAN_POINT('',(-0.0440000000000016,-0.0100167840433803,0.0567727734726));
#14190=CARTESIAN_POINT('',(-0.0440000000000033,-0.0100167840433806,0.0559727734726));
#14191=CARTESIAN_POINT('',(-0.0442,-0.00883356808676,0.0559727734726));
#14192=CARTESIAN_POINT('',(-0.0442,-0.00883356808676,0.0567727734726));
#14193=CARTESIAN_POINT('',(-0.0442,-0.00883356808676,0.0551727734726));
#14194=CARTESIAN_POINT('',(-0.045,-0.045,0.0551727734726));
#14195=CARTESIAN_POINT('',(-0.045,0.0438,0.0559727734726));
#14196=CARTESIAN_POINT('',(-0.045,0.0438,0.0551727734726));
#14197=CARTESIAN_POINT('',(-0.045,0.0438,0.0567727734726));
#14198=CARTESIAN_POINT('',(-0.045,-0.045,0.0551727734726));
#14199=CARTESIAN_POINT('',(-0.045,0.,0.0567727734726));
#14200=CARTESIAN_POINT('',(-0.0438,0.0438,0.0559727734726));
#14201=CARTESIAN_POINT('',(-0.0438,0.0438,0.0567727734726));
#14202=CARTESIAN_POINT('',(-0.0438,0.045,0.0567727734726));
#14203=CARTESIAN_POINT('',(-0.0438,0.045,0.0551727734726));
#14204=CARTESIAN_POINT('',(-0.0438,0.045,0.0551727734726));
#14205=CARTESIAN_POINT('',(-0.0438,0.0438,0.0551727734726));
#14206=CARTESIAN_POINT('',(0.01,0.045,0.0551727734726));
#14207=CARTESIAN_POINT('',(0.0112,0.045,0.0551727734726));
#14208=CARTESIAN_POINT('',(0.0112,0.045,0.0551727734726));
#14209=CARTESIAN_POINT('',(0.0112,0.045,0.0567727734726));
#14210=CARTESIAN_POINT('',(0.,0.045,0.0567727734726));
#14211=CARTESIAN_POINT('',(0.01,0.045,0.0551727734726));
#14212=CARTESIAN_POINT('',(0.01,0.045,0.0551727734726));
#14213=CARTESIAN_POINT('',(-0.0112,0.045,0.0559727734726));
#14214=CARTESIAN_POINT('',(-0.0112,0.045,0.0551727734726));
#14215=CARTESIAN_POINT('',(-0.0112,0.045,0.0567727734726));
#14216=CARTESIAN_POINT('',(0.01,0.045,0.0551727734726));
#14217=CARTESIAN_POINT('',(0.,0.045,0.0567727734726));
#14218=CARTESIAN_POINT('',(-0.0112,0.0438,0.0559727734726));
#14219=CARTESIAN_POINT('',(-0.0112,0.0438,0.0551727734726));
#14220=CARTESIAN_POINT('',(-0.0100167840433803,0.0440000000000016,0.0551727734726));
#14221=CARTESIAN_POINT('',(-0.0112,0.0438,0.0567727734726));
#14222=CARTESIAN_POINT('',(-0.0100167840433803,0.0440000000000016,0.0567727734726));
#14223=CARTESIAN_POINT('',(-0.0100167840433806,0.0440000000000033,0.0559727734726));
#14224=CARTESIAN_POINT('',(-0.00883356808676,0.0442,0.0559727734726));
#14225=CARTESIAN_POINT('',(-0.00883356808676,0.0442,0.0567727734726));
#14226=CARTESIAN_POINT('',(-0.00883356808676,0.043,0.0567727734726));
#14227=CARTESIAN_POINT('',(-0.00883356808676,0.043,0.0559727734726));
#14228=CARTESIAN_POINT('',(-0.00883356808676,0.043,0.0551727734726));
#14229=CARTESIAN_POINT('',(-0.00883356808676,0.0442,0.0551727734726));
#14230=CARTESIAN_POINT('',(0.,0.,0.0567727734726));
#14231=CARTESIAN_POINT('',(0.00883356808676,0.0442,0.0567727734726));
#14232=CARTESIAN_POINT('',(0.0100167840433799,0.044,0.0567727734726));
#14233=CARTESIAN_POINT('',(0.00883356808676,0.043,0.0567727734726));
#14234=CARTESIAN_POINT('',(0.,0.043,0.0567727734726));
#14235=CARTESIAN_POINT('',(0.0112,0.0438,0.0567727734726));
#14236=CARTESIAN_POINT('',(0.,0.,0.0551727734726));
#14237=CARTESIAN_POINT('',(0.0112,0.0438,0.0551727734726));
#14238=CARTESIAN_POINT('',(0.0100167840433799,0.044,0.0551727734726));
#14239=CARTESIAN_POINT('',(-0.01,0.043,0.0551727734726));
#14240=CARTESIAN_POINT('',(0.00883356808676,0.043,0.0551727734726));
#14241=CARTESIAN_POINT('',(0.00883356808676,0.0442,0.0551727734726));
#14242=CARTESIAN_POINT('',(0.0112,0.0438,0.0559727734726));
#14243=CARTESIAN_POINT('',(0.0100167840433798,0.0439999999999996,0.0559727734726));
#14244=CARTESIAN_POINT('',(-0.01,0.043,0.0551727734726));
#14245=CARTESIAN_POINT('',(0.00883356808676,0.043,0.0551727734726));
#14246=CARTESIAN_POINT('',(0.00883356808676,0.0442,0.0559727734726));
#14247=CARTESIAN_POINT('',(0.043439719825983,0.0477901831007297,-0.00146678881340506));
#14248=CARTESIAN_POINT('',(0.039,-0.0389654447958127,0.0169727734726));
#14249=CARTESIAN_POINT('',(0.039,-0.0389654447958127,0.0169727734726));
#14250=CARTESIAN_POINT('',(0.0374,-0.0389654447958127,0.0169727734726));
#14251=CARTESIAN_POINT('',(0.039,-0.0389308895916,0.0279727734726));
#14252=CARTESIAN_POINT('',(0.0415,-0.0389308895916,0.0279727734726));
#14253=CARTESIAN_POINT('',(0.0415000000000006,-0.040374265264572,0.0279727734726));
#14254=CARTESIAN_POINT('',(0.0415,-0.03748751391863,0.0279727734726));
#14255=CARTESIAN_POINT('',(0.0415,-0.03748751391863,0.0279727734726));
#14256=CARTESIAN_POINT('',(0.0389999999999986,-0.0360441382456514,0.0279727734726));
#14257=CARTESIAN_POINT('',(0.039,-0.03604413824565,0.0279727734726));
#14258=CARTESIAN_POINT('',(0.0364999999999995,-0.037487513918628,0.0279727734726));
#14259=CARTESIAN_POINT('',(0.0365,-0.0389308895916,0.0279727734726));
#14260=CARTESIAN_POINT('',(0.0365,-0.04037426526457,0.0279727734726));
#14261=CARTESIAN_POINT('',(0.0365,-0.04037426526457,0.0279727734726));
#14262=CARTESIAN_POINT('',(0.0390000000000014,-0.0418176409375485,0.0279727734726));
#14263=CARTESIAN_POINT('',(0.039,-0.04181764093755,0.0279727734726));
#14264=CARTESIAN_POINT('',(0.039,-0.0389654447958127,0.0279727734726));
#14265=CARTESIAN_POINT('',(0.0374,-0.0389654447958127,0.0279727734726));
#14266=CARTESIAN_POINT('',(0.0415,-0.04037426526457,0.0159727734726));
#14267=CARTESIAN_POINT('',(0.0415000000000023,-0.0403742652645739,0.0159727734726));
#14268=CARTESIAN_POINT('',(0.0415000000000012,-0.0403742652645745,0.0159727734726));
#14269=CARTESIAN_POINT('',(0.0415,-0.04037426526457,0.0159727734726));
#14270=CARTESIAN_POINT('',(0.0415,-0.03748751391863,0.0159727734726));
#14271=CARTESIAN_POINT('',(0.0415,-0.03748751391863,0.0159727734726));
#14272=CARTESIAN_POINT('',(0.0415,-0.03748751391863,0.0159727734726));
#14273=CARTESIAN_POINT('',(0.0415,-0.03748751391863,0.0159727734726));
#14274=CARTESIAN_POINT('',(0.0389999999999966,-0.0360441382456533,0.0159727734726));
#14275=CARTESIAN_POINT('',(0.0389999999999978,-0.0360441382456539,0.0159727734726));
#14276=CARTESIAN_POINT('',(0.039,-0.03604413824565,0.0159727734726));
#14277=CARTESIAN_POINT('',(0.039,-0.03604413824565,0.0159727734726));
#14278=CARTESIAN_POINT('',(0.0364999999999989,-0.0374875139186254,0.0159727734726));
#14279=CARTESIAN_POINT('',(0.0364999999999978,-0.0374875139186261,0.0159727734726));
#14280=CARTESIAN_POINT('',(0.0365,-0.03748751391863,0.0159727734726));
#14281=CARTESIAN_POINT('',(0.0365,-0.03748751391863,0.0159727734726));
#14282=CARTESIAN_POINT('',(0.0365,-0.04037426526457,0.0159727734726));
#14283=CARTESIAN_POINT('',(0.0365,-0.04037426526457,0.0159727734726));
#14284=CARTESIAN_POINT('',(0.0365,-0.04037426526457,0.0159727734726));
#14285=CARTESIAN_POINT('',(0.0365,-0.04037426526457,0.0159727734726));
#14286=CARTESIAN_POINT('',(0.0390000000000034,-0.0418176409375468,0.0159727734726));
#14287=CARTESIAN_POINT('',(0.0390000000000022,-0.0418176409375461,0.0159727734726));
#14288=CARTESIAN_POINT('',(0.039,-0.04181764093755,0.0159727734726));
#14289=CARTESIAN_POINT('',(0.039,-0.04181764093755,0.0159727734726));
#14290=CARTESIAN_POINT('',(0.039,-0.0389308895916,0.0159727734726));
#14291=CARTESIAN_POINT('',(0.039,-0.0389308895916,0.0159727734726));
#14292=CARTESIAN_POINT('',(0.0374,-0.0389308895916,0.0159727734726));
#14293=CARTESIAN_POINT('',(0.039,-0.0389308895916,0.0099727734726));
#14294=CARTESIAN_POINT('',(0.039,-0.0389308895916,0.0099727734726));
#14295=CARTESIAN_POINT('',(0.0374,-0.0389308895916,0.0099727734726));
#14296=CARTESIAN_POINT('',(0.039,-0.0389308895916,0.0129727734726));
#14297=CARTESIAN_POINT('',(0.039,-0.0389654447958127,0.0278727734726));
#14298=CARTESIAN_POINT('',(0.043439719825983,0.0477901831007297,-0.00146678881340506));
#14299=CARTESIAN_POINT('',(-0.0005,0.041,0.0431727734726));
#14300=CARTESIAN_POINT('',(-0.0005,0.036,0.0431727734726));
#14301=CARTESIAN_POINT('',(-0.0005,0.036,0.0431727734726));
#14302=CARTESIAN_POINT('',(-0.0005,0.036,0.0521727734726));
#14303=CARTESIAN_POINT('',(-0.0005,0.041,0.0431727734726));
#14304=CARTESIAN_POINT('',(-0.0005,0.041,0.0431727734726));
#14305=CARTESIAN_POINT('',(-0.0005,0.041,0.0431727734726));
#14306=CARTESIAN_POINT('',(-0.0005,0.041,0.0521727734726));
#14307=CARTESIAN_POINT('',(-0.0005,0.036,0.0521727734726));
#14308=CARTESIAN_POINT('',(0.0265,0.041,0.0431727734726));
#14309=CARTESIAN_POINT('',(0.0265,0.041,0.0431727734726));
#14310=CARTESIAN_POINT('',(-0.0265,0.041,0.0431727734726));
#14311=CARTESIAN_POINT('',(-0.0265,0.041,0.0431727734726));
#14312=CARTESIAN_POINT('',(-0.0265,0.041,0.0521727734726));
#14313=CARTESIAN_POINT('',(0.,0.041,0.0521727734726));
#14314=CARTESIAN_POINT('',(-0.0265,0.036,0.0431727734726));
#14315=CARTESIAN_POINT('',(-0.0265,0.036,0.0431727734726));
#14316=CARTESIAN_POINT('',(-0.0265,0.036,0.0431727734726));
#14317=CARTESIAN_POINT('',(-0.0265,0.036,0.0431727734726));
#14318=CARTESIAN_POINT('',(-0.0265,0.036,0.0521727734726));
#14319=CARTESIAN_POINT('',(-0.0265,0.036,0.0521727734726));
#14320=CARTESIAN_POINT('',(0.0005,0.036,0.0431727734726));
#14321=CARTESIAN_POINT('',(0.0005,0.036,0.0431727734726));
#14322=CARTESIAN_POINT('',(0.,0.036,0.0521727734726));
#14323=CARTESIAN_POINT('',(0.,0.036,0.0431727734726));
#14324=CARTESIAN_POINT('',(0.,0.036,0.0521727734726));
#14325=CARTESIAN_POINT('',(0.043439719825983,0.0477901831007297,-0.00146678881340506));
#14326=CARTESIAN_POINT('',(0.039,0.0389654447957873,0.0305727734726));
#14327=CARTESIAN_POINT('',(0.039,0.0389654447957873,0.0305727734726));
#14328=CARTESIAN_POINT('',(0.0374,0.0389654447957873,0.0305727734726));
#14329=CARTESIAN_POINT('',(0.039,0.039,0.0415727734726));
#14330=CARTESIAN_POINT('',(0.0415,0.039,0.0415727734726));
#14331=CARTESIAN_POINT('',(0.0415000000000006,0.0375566243270281,0.0415727734726));
#14332=CARTESIAN_POINT('',(0.0415,0.04044337567297,0.0415727734726));
#14333=CARTESIAN_POINT('',(0.0415,0.04044337567297,0.0415727734726));
#14334=CARTESIAN_POINT('',(0.0389999999999986,0.0418867513459485,0.0415727734726));
#14335=CARTESIAN_POINT('',(0.039,0.04188675134595,0.0415727734726));
#14336=CARTESIAN_POINT('',(0.0364999999999995,0.0404433756729719,0.0415727734726));
#14337=CARTESIAN_POINT('',(0.0365,0.039,0.0415727734726));
#14338=CARTESIAN_POINT('',(0.0365,0.03755662432703,0.0415727734726));
#14339=CARTESIAN_POINT('',(0.0365,0.03755662432703,0.0415727734726));
#14340=CARTESIAN_POINT('',(0.0390000000000014,0.0361132486540515,0.0415727734726));
#14341=CARTESIAN_POINT('',(0.039,0.03611324865405,0.0415727734726));
#14342=CARTESIAN_POINT('',(0.039,0.0389654447957873,0.0415727734726));
#14343=CARTESIAN_POINT('',(0.0374,0.0389654447957873,0.0415727734726));
#14344=CARTESIAN_POINT('',(0.0415,0.03755662432703,0.0295727734726));
#14345=CARTESIAN_POINT('',(0.0415000000000023,0.0375566243270261,0.0295727734726));
#14346=CARTESIAN_POINT('',(0.0415000000000012,0.0375566243270255,0.0295727734726));
#14347=CARTESIAN_POINT('',(0.0415,0.03755662432703,0.0295727734726));
#14348=CARTESIAN_POINT('',(0.0415,0.04044337567297,0.0295727734726));
#14349=CARTESIAN_POINT('',(0.0415,0.04044337567297,0.0295727734726));
#14350=CARTESIAN_POINT('',(0.0415,0.04044337567297,0.0295727734726));
#14351=CARTESIAN_POINT('',(0.0415,0.04044337567297,0.0295727734726));
#14352=CARTESIAN_POINT('',(0.0389999999999966,0.0418867513459468,0.0295727734726));
#14353=CARTESIAN_POINT('',(0.0389999999999978,0.0418867513459461,0.0295727734726));
#14354=CARTESIAN_POINT('',(0.039,0.04188675134595,0.0295727734726));
#14355=CARTESIAN_POINT('',(0.039,0.04188675134595,0.0295727734726));
#14356=CARTESIAN_POINT('',(0.0364999999999989,0.0404433756729745,0.0295727734726));
#14357=CARTESIAN_POINT('',(0.0364999999999978,0.0404433756729739,0.0295727734726));
#14358=CARTESIAN_POINT('',(0.0365,0.04044337567297,0.0295727734726));
#14359=CARTESIAN_POINT('',(0.0365,0.04044337567297,0.0295727734726));
#14360=CARTESIAN_POINT('',(0.0365,0.03755662432703,0.0295727734726));
#14361=CARTESIAN_POINT('',(0.0365,0.03755662432703,0.0295727734726));
#14362=CARTESIAN_POINT('',(0.0365,0.03755662432703,0.0295727734726));
#14363=CARTESIAN_POINT('',(0.0365,0.03755662432703,0.0295727734726));
#14364=CARTESIAN_POINT('',(0.0390000000000034,0.0361132486540532,0.0295727734726));
#14365=CARTESIAN_POINT('',(0.0390000000000022,0.0361132486540539,0.0295727734726));
#14366=CARTESIAN_POINT('',(0.039,0.03611324865405,0.0295727734726));
#14367=CARTESIAN_POINT('',(0.039,0.03611324865405,0.0295727734726));
#14368=CARTESIAN_POINT('',(0.039,0.039,0.0295727734726));
#14369=CARTESIAN_POINT('',(0.039,0.039,0.0295727734726));
#14370=CARTESIAN_POINT('',(0.0374,0.039,0.0295727734726));
#14371=CARTESIAN_POINT('',(0.039,0.039,0.0235727734726));
#14372=CARTESIAN_POINT('',(0.039,0.039,0.0235727734726));
#14373=CARTESIAN_POINT('',(0.0374,0.039,0.0235727734726));
#14374=CARTESIAN_POINT('',(0.039,0.039,0.0265727734726));
#14375=CARTESIAN_POINT('',(0.039,0.0389654447957873,0.0414727734726));
#14376=CARTESIAN_POINT('',(0.043439719825983,0.0477901831007297,-0.00146678881340506));
#14377=CARTESIAN_POINT('',(0.0005,0.036,0.0431727734726));
#14378=CARTESIAN_POINT('',(0.0005,0.036,0.0431727734726));
#14379=CARTESIAN_POINT('',(0.0005,0.036,0.0431727734726));
#14380=CARTESIAN_POINT('',(0.0005,0.036,0.0521727734726));
#14381=CARTESIAN_POINT('',(0.0005,0.036,0.0431727734726));
#14382=CARTESIAN_POINT('',(0.0265,0.036,0.0431727734726));
#14383=CARTESIAN_POINT('',(0.0265,0.036,0.0431727734726));
#14384=CARTESIAN_POINT('',(0.0265,0.036,0.0521727734726));
#14385=CARTESIAN_POINT('',(0.,0.036,0.0521727734726));
#14386=CARTESIAN_POINT('',(0.0265,0.036,0.0431727734726));
#14387=CARTESIAN_POINT('',(0.0265,0.036,0.0431727734726));
#14388=CARTESIAN_POINT('',(0.0265,0.041,0.0431727734726));
#14389=CARTESIAN_POINT('',(0.0265,0.041,0.0431727734726));
#14390=CARTESIAN_POINT('',(0.0265,0.041,0.0521727734726));
#14391=CARTESIAN_POINT('',(0.0265,0.036,0.0521727734726));
#14392=CARTESIAN_POINT('',(0.0265,0.041,0.0431727734726));
#14393=CARTESIAN_POINT('',(0.0265,0.041,0.0431727734726));
#14394=CARTESIAN_POINT('',(0.0005,0.041,0.0431727734726));
#14395=CARTESIAN_POINT('',(0.0005,0.041,0.0431727734726));
#14396=CARTESIAN_POINT('',(0.0005,0.041,0.0521727734726));
#14397=CARTESIAN_POINT('',(0.,0.041,0.0521727734726));
#14398=CARTESIAN_POINT('',(0.0005,0.041,0.0431727734726));
#14399=CARTESIAN_POINT('',(0.0005,0.041,0.0431727734726));
#14400=CARTESIAN_POINT('',(0.0005,0.036,0.0521727734726));
#14401=CARTESIAN_POINT('',(0.,0.036,0.0431727734726));
#14402=CARTESIAN_POINT('',(0.,0.036,0.0521727734726));
#14403=CARTESIAN_POINT('',(0.043439719825983,0.0477901831007297,-0.00146678881340506));
#14404=CARTESIAN_POINT('',(-0.039,0.0390345552041873,0.0169727734726));
#14405=CARTESIAN_POINT('',(-0.039,0.0390345552041873,0.0169727734726));
#14406=CARTESIAN_POINT('',(-0.0406,0.0390345552041873,0.0169727734726));
#14407=CARTESIAN_POINT('',(-0.039,0.0390691104084,0.0279727734726));
#14408=CARTESIAN_POINT('',(-0.0365,0.0390691104084,0.0279727734726));
#14409=CARTESIAN_POINT('',(-0.0364999999999995,0.0376257347354281,0.0279727734726));
#14410=CARTESIAN_POINT('',(-0.0365,0.04051248608137,0.0279727734726));
#14411=CARTESIAN_POINT('',(-0.0365,0.04051248608137,0.0279727734726));
#14412=CARTESIAN_POINT('',(-0.0390000000000014,0.0419558617543486,0.0279727734726));
#14413=CARTESIAN_POINT('',(-0.039,0.04195586175435,0.0279727734726));
#14414=CARTESIAN_POINT('',(-0.0415000000000006,0.040512486081372,0.0279727734726));
#14415=CARTESIAN_POINT('',(-0.0415,0.0390691104084,0.0279727734726));
#14416=CARTESIAN_POINT('',(-0.0415,0.03762573473543,0.0279727734726));
#14417=CARTESIAN_POINT('',(-0.0415,0.03762573473543,0.0279727734726));
#14418=CARTESIAN_POINT('',(-0.0389999999999986,0.0361823590624514,0.0279727734726));
#14419=CARTESIAN_POINT('',(-0.039,0.03618235906245,0.0279727734726));
#14420=CARTESIAN_POINT('',(-0.039,0.0390345552041873,0.0279727734726));
#14421=CARTESIAN_POINT('',(-0.0406,0.0390345552041873,0.0279727734726));
#14422=CARTESIAN_POINT('',(-0.0365,0.03762573473543,0.0159727734726));
#14423=CARTESIAN_POINT('',(-0.0364999999999978,0.0376257347354261,0.0159727734726));
#14424=CARTESIAN_POINT('',(-0.0364999999999989,0.0376257347354255,0.0159727734726));
#14425=CARTESIAN_POINT('',(-0.0365,0.03762573473543,0.0159727734726));
#14426=CARTESIAN_POINT('',(-0.0365,0.04051248608137,0.0159727734726));
#14427=CARTESIAN_POINT('',(-0.0365,0.04051248608137,0.0159727734726));
#14428=CARTESIAN_POINT('',(-0.0365,0.04051248608137,0.0159727734726));
#14429=CARTESIAN_POINT('',(-0.0365,0.04051248608137,0.0159727734726));
#14430=CARTESIAN_POINT('',(-0.0390000000000034,0.0419558617543467,0.0159727734726));
#14431=CARTESIAN_POINT('',(-0.0390000000000022,0.0419558617543461,0.0159727734726));
#14432=CARTESIAN_POINT('',(-0.039,0.04195586175435,0.0159727734726));
#14433=CARTESIAN_POINT('',(-0.039,0.04195586175435,0.0159727734726));
#14434=CARTESIAN_POINT('',(-0.0415000000000012,0.0405124860813746,0.0159727734726));
#14435=CARTESIAN_POINT('',(-0.0415000000000023,0.0405124860813739,0.0159727734726));
#14436=CARTESIAN_POINT('',(-0.0415,0.04051248608137,0.0159727734726));
#14437=CARTESIAN_POINT('',(-0.0415,0.04051248608137,0.0159727734726));
#14438=CARTESIAN_POINT('',(-0.0415,0.03762573473543,0.0159727734726));
#14439=CARTESIAN_POINT('',(-0.0415,0.03762573473543,0.0159727734726));
#14440=CARTESIAN_POINT('',(-0.0415,0.03762573473543,0.0159727734726));
#14441=CARTESIAN_POINT('',(-0.0415,0.03762573473543,0.0159727734726));
#14442=CARTESIAN_POINT('',(-0.0389999999999966,0.0361823590624532,0.0159727734726));
#14443=CARTESIAN_POINT('',(-0.0389999999999978,0.0361823590624539,0.0159727734726));
#14444=CARTESIAN_POINT('',(-0.039,0.03618235906245,0.0159727734726));
#14445=CARTESIAN_POINT('',(-0.039,0.03618235906245,0.0159727734726));
#14446=CARTESIAN_POINT('',(-0.039,0.0390691104084,0.0159727734726));
#14447=CARTESIAN_POINT('',(-0.039,0.0390691104084,0.0159727734726));
#14448=CARTESIAN_POINT('',(-0.0406,0.0390691104084,0.0159727734726));
#14449=CARTESIAN_POINT('',(-0.039,0.0390691104084,0.0099727734726));
#14450=CARTESIAN_POINT('',(-0.039,0.0390691104084,0.0099727734726));
#14451=CARTESIAN_POINT('',(-0.0406,0.0390691104084,0.0099727734726));
#14452=CARTESIAN_POINT('',(-0.039,0.0390691104084,0.0129727734726));
#14453=CARTESIAN_POINT('',(-0.039,0.0390345552041873,0.0278727734726));
#14454=CARTESIAN_POINT('',(0.043439719825983,0.0477901831007297,-0.00146678881340506));
#14455=CARTESIAN_POINT('',(-0.039,-0.0389654447958,0.0151727734726));
#14456=CARTESIAN_POINT('',(-0.039,-0.0389654447958,0.0159727734726));
#14457=CARTESIAN_POINT('',(-0.0374,-0.0389654447958,0.0159727734726));
#14458=CARTESIAN_POINT('',(-0.039,-0.0389654447958,0.0143727734726));
#14459=CARTESIAN_POINT('',(-0.0374,-0.0389654447958,0.0143727734726));
#14460=CARTESIAN_POINT('',(0.039,-0.0389654447958,0.0151727734726));
#14461=CARTESIAN_POINT('',(0.039,-0.0389654447958,0.0159727734726));
#14462=CARTESIAN_POINT('',(0.0406,-0.0389654447958,0.0159727734726));
#14463=CARTESIAN_POINT('',(0.039,-0.0389654447958,0.0143727734726));
#14464=CARTESIAN_POINT('',(0.0406,-0.0389654447958,0.0143727734726));
#14465=CARTESIAN_POINT('',(0.039,0.0390345552042,0.0151727734726));
#14466=CARTESIAN_POINT('',(0.039,0.0390345552042,0.0159727734726));
#14467=CARTESIAN_POINT('',(0.0406,0.0390345552042,0.0159727734726));
#14468=CARTESIAN_POINT('',(0.039,0.0390345552042,0.0143727734726));
#14469=CARTESIAN_POINT('',(0.0406,0.0390345552042,0.0143727734726));
#14470=CARTESIAN_POINT('',(-0.039,0.0390345552042,0.0151727734726));
#14471=CARTESIAN_POINT('',(-0.039,0.0390345552042,0.0159727734726));
#14472=CARTESIAN_POINT('',(-0.0374,0.0390345552042,0.0159727734726));
#14473=CARTESIAN_POINT('',(-0.039,0.0390345552042,0.0143727734726));
#14474=CARTESIAN_POINT('',(-0.0374,0.0390345552042,0.0143727734726));
#14475=CARTESIAN_POINT('',(0.0438,0.0438345552042,0.0151727734726));
#14476=CARTESIAN_POINT('',(0.0438,0.0438345552042,0.0159727734726));
#14477=CARTESIAN_POINT('',(0.0438,0.0450345552042,0.0159727734726));
#14478=CARTESIAN_POINT('',(0.045,0.0438345552042,0.0159727734726));
#14479=CARTESIAN_POINT('',(0.045,0.0438345552042,0.0143727734726));
#14480=CARTESIAN_POINT('',(0.045,0.0438345552042,0.0143727734726));
#14481=CARTESIAN_POINT('',(0.0438,0.0438345552042,0.0143727734726));
#14482=CARTESIAN_POINT('',(0.0438,0.0450345552042,0.0143727734726));
#14483=CARTESIAN_POINT('',(0.0438,0.0450345552042,0.0151727734726));
#14484=CARTESIAN_POINT('',(0.0438,-0.0111654447958,0.0151727734726));
#14485=CARTESIAN_POINT('',(0.0438,-0.0111654447958,0.0159727734726));
#14486=CARTESIAN_POINT('',(0.044,-0.00998222883917992,0.0159727734726));
#14487=CARTESIAN_POINT('',(0.045,-0.0111654447958,0.0159727734726));
#14488=CARTESIAN_POINT('',(0.045,-0.0111654447958,0.0143727734726));
#14489=CARTESIAN_POINT('',(0.045,-0.0111654447958,0.0143727734726));
#14490=CARTESIAN_POINT('',(0.0438,-0.0111654447958,0.0143727734726));
#14491=CARTESIAN_POINT('',(0.044,-0.00998222883917992,0.0143727734726));
#14492=CARTESIAN_POINT('',(0.0439999999999996,-0.00998222883917984,0.0151727734726));
#14493=CARTESIAN_POINT('',(0.0442,-0.00879901288256,0.0151727734726));
#14494=CARTESIAN_POINT('',(0.043,-0.00879901288256,0.0143727734726));
#14495=CARTESIAN_POINT('',(0.043,-0.00879901288256,0.0159727734726));
#14496=CARTESIAN_POINT('',(0.043,-0.00879901288256,0.0143727734726));
#14497=CARTESIAN_POINT('',(0.0442,-0.00879901288256,0.0159727734726));
#14498=CARTESIAN_POINT('',(0.0442,-0.00879901288256,0.0143727734726));
#14499=CARTESIAN_POINT('',(0.043,0.0100345552042,0.0143727734726));
#14500=CARTESIAN_POINT('',(0.043,0.0088345552042,0.0151727734726));
#14501=CARTESIAN_POINT('',(0.043,0.0088345552042,0.0159727734726));
#14502=CARTESIAN_POINT('',(0.043,0.0088345552042,0.0143727734726));
#14503=CARTESIAN_POINT('',(0.043,3.45552041999993E-5,0.0159727734726));
#14504=CARTESIAN_POINT('',(0.043,0.0100345552042,0.0143727734726));
#14505=CARTESIAN_POINT('',(0.045,-0.0099654447958,0.0143727734726));
#14506=CARTESIAN_POINT('',(0.045,0.0112009871174,0.0151727734726));
#14507=CARTESIAN_POINT('',(0.045,0.0112009871174,0.0143727734726));
#14508=CARTESIAN_POINT('',(0.045,0.0112009871174,0.0159727734726));
#14509=CARTESIAN_POINT('',(0.045,-0.0099654447958,0.0143727734726));
#14510=CARTESIAN_POINT('',(0.045,3.45552041999993E-5,0.0159727734726));
#14511=CARTESIAN_POINT('',(0.0442,0.0088345552042,0.0151727734726));
#14512=CARTESIAN_POINT('',(0.044,0.0100177711608199,0.0151727734726));
#14513=CARTESIAN_POINT('',(0.044,0.01001777116081,0.0143727734726));
#14514=CARTESIAN_POINT('',(0.044,0.01001777116081,0.0159727734726));
#14515=CARTESIAN_POINT('',(0.0442,0.0088345552042,0.0159727734726));
#14516=CARTESIAN_POINT('',(0.0442,0.0088345552042,0.0143727734726));
#14517=CARTESIAN_POINT('',(0.0438,0.0112009871174,0.0151727734726));
#14518=CARTESIAN_POINT('',(0.0438,0.0112009871174,0.0159727734726));
#14519=CARTESIAN_POINT('',(0.0438,0.0112009871174,0.0143727734726));
#14520=CARTESIAN_POINT('',(0.045,-0.0099654447958,0.0143727734726));
#14521=CARTESIAN_POINT('',(0.045,-0.0437654447958,0.0151727734726));
#14522=CARTESIAN_POINT('',(0.045,-0.0437654447958,0.0143727734726));
#14523=CARTESIAN_POINT('',(0.045,-0.0437654447958,0.0159727734726));
#14524=CARTESIAN_POINT('',(0.045,-0.0099654447958,0.0143727734726));
#14525=CARTESIAN_POINT('',(0.045,3.45552041999993E-5,0.0159727734726));
#14526=CARTESIAN_POINT('',(0.0438,-0.0437654447958,0.0151727734726));
#14527=CARTESIAN_POINT('',(0.0438,-0.0437654447958,0.0159727734726));
#14528=CARTESIAN_POINT('',(0.0438,-0.0449654447958,0.0159727734726));
#14529=CARTESIAN_POINT('',(0.0438,-0.0449654447958,0.0143727734726));
#14530=CARTESIAN_POINT('',(0.0438,-0.0449654447958,0.0143727734726));
#14531=CARTESIAN_POINT('',(0.0438,-0.0437654447958,0.0143727734726));
#14532=CARTESIAN_POINT('',(-0.0112,-0.0437654447958,0.0151727734726));
#14533=CARTESIAN_POINT('',(-0.0112,-0.0437654447958,0.0159727734726));
#14534=CARTESIAN_POINT('',(-0.0100167840433802,-0.0439654447958017,0.0159727734726));
#14535=CARTESIAN_POINT('',(-0.0112,-0.0449654447958,0.0159727734726));
#14536=CARTESIAN_POINT('',(-0.0112,-0.0449654447958,0.0143727734726));
#14537=CARTESIAN_POINT('',(-0.0112,-0.0449654447958,0.0143727734726));
#14538=CARTESIAN_POINT('',(-0.0112,-0.0437654447958,0.0143727734726));
#14539=CARTESIAN_POINT('',(-0.0100167840433802,-0.0439654447958017,0.0143727734726));
#14540=CARTESIAN_POINT('',(-0.0100167840433805,-0.0439654447958033,0.0151727734726));
#14541=CARTESIAN_POINT('',(-0.00883356808676,-0.0441654447958,0.0151727734726));
#14542=CARTESIAN_POINT('',(-0.00883356808676,-0.0429654447958,0.0143727734726));
#14543=CARTESIAN_POINT('',(-0.00883356808676,-0.0429654447958,0.0159727734726));
#14544=CARTESIAN_POINT('',(-0.00883356808676,-0.0429654447958,0.0143727734726));
#14545=CARTESIAN_POINT('',(-0.00883356808676,-0.0441654447958,0.0159727734726));
#14546=CARTESIAN_POINT('',(-0.00883356808676,-0.0441654447958,0.0143727734726));
#14547=CARTESIAN_POINT('',(-0.01,-0.0429654447958,0.0143727734726));
#14548=CARTESIAN_POINT('',(0.,-0.0429654447958,0.0159727734726));
#14549=CARTESIAN_POINT('',(0.0088,-0.0429654447958,0.0159727734726));
#14550=CARTESIAN_POINT('',(-0.01,-0.0429654447958,0.0143727734726));
#14551=CARTESIAN_POINT('',(0.0088,-0.0429654447958,0.0143727734726));
#14552=CARTESIAN_POINT('',(0.0088,-0.0429654447958,0.0151727734726));
#14553=CARTESIAN_POINT('',(-0.045,-0.0449654447958,0.0143727734726));
#14554=CARTESIAN_POINT('',(-0.045,-0.0449654447958,0.0143727734726));
#14555=CARTESIAN_POINT('',(0.0111664319132,-0.0449654447958,0.0143727734726));
#14556=CARTESIAN_POINT('',(0.,-0.0449654447958,0.0159727734726));
#14557=CARTESIAN_POINT('',(0.0111664319132,-0.0449654447958,0.0159727734726));
#14558=CARTESIAN_POINT('',(0.0111664319132,-0.0449654447958,0.0151727734726));
#14559=CARTESIAN_POINT('',(0.0088,-0.0441654447958,0.0151727734726));
#14560=CARTESIAN_POINT('',(0.00998321595661993,-0.0439654447958,0.0151727734726));
#14561=CARTESIAN_POINT('',(0.00998321595660996,-0.0439654447958,0.0143727734726));
#14562=CARTESIAN_POINT('',(0.00998321595660996,-0.0439654447958,0.0159727734726));
#14563=CARTESIAN_POINT('',(0.0088,-0.0441654447958,0.0159727734726));
#14564=CARTESIAN_POINT('',(0.0088,-0.0441654447958,0.0143727734726));
#14565=CARTESIAN_POINT('',(0.0111664319132,-0.0437654447958,0.0151727734726));
#14566=CARTESIAN_POINT('',(0.0111664319132,-0.0437654447958,0.0159727734726));
#14567=CARTESIAN_POINT('',(0.0111664319132,-0.0437654447958,0.0143727734726));
#14568=CARTESIAN_POINT('',(-0.045,-0.0449654447958,0.0143727734726));
#14569=CARTESIAN_POINT('',(-0.045,-0.0449654447958,0.0143727734726));
#14570=CARTESIAN_POINT('',(-0.0438,-0.0449654447958,0.0143727734726));
#14571=CARTESIAN_POINT('',(0.,-0.0449654447958,0.0159727734726));
#14572=CARTESIAN_POINT('',(-0.0438,-0.0449654447958,0.0159727734726));
#14573=CARTESIAN_POINT('',(-0.0438,-0.0449654447958,0.0151727734726));
#14574=CARTESIAN_POINT('',(-0.0438,-0.0437654447958,0.0151727734726));
#14575=CARTESIAN_POINT('',(-0.0438,-0.0437654447958,0.0159727734726));
#14576=CARTESIAN_POINT('',(-0.045,-0.0437654447958,0.0159727734726));
#14577=CARTESIAN_POINT('',(-0.045,-0.0437654447958,0.0143727734726));
#14578=CARTESIAN_POINT('',(-0.045,-0.0437654447958,0.0143727734726));
#14579=CARTESIAN_POINT('',(-0.0438,-0.0437654447958,0.0143727734726));
#14580=CARTESIAN_POINT('',(-0.0438,0.0112345552042,0.0151727734726));
#14581=CARTESIAN_POINT('',(-0.0438,0.0112345552042,0.0159727734726));
#14582=CARTESIAN_POINT('',(-0.0440000000000016,0.0100513392475802,0.0159727734726));
#14583=CARTESIAN_POINT('',(-0.045,0.0112345552042,0.0159727734726));
#14584=CARTESIAN_POINT('',(-0.045,0.0112345552042,0.0143727734726));
#14585=CARTESIAN_POINT('',(-0.045,0.0112345552042,0.0143727734726));
#14586=CARTESIAN_POINT('',(-0.0438,0.0112345552042,0.0143727734726));
#14587=CARTESIAN_POINT('',(-0.0440000000000016,0.0100513392475802,0.0143727734726));
#14588=CARTESIAN_POINT('',(-0.0440000000000033,0.0100513392475805,0.0151727734726));
#14589=CARTESIAN_POINT('',(-0.0442,0.00886812329096,0.0151727734726));
#14590=CARTESIAN_POINT('',(-0.043,0.00886812329096,0.0143727734726));
#14591=CARTESIAN_POINT('',(-0.043,0.00886812329096,0.0159727734726));
#14592=CARTESIAN_POINT('',(-0.043,0.00886812329096,0.0143727734726));
#14593=CARTESIAN_POINT('',(-0.0442,0.00886812329096,0.0159727734726));
#14594=CARTESIAN_POINT('',(-0.0442,0.00886812329096,0.0143727734726));
#14595=CARTESIAN_POINT('',(-0.045,-0.0449654447958,0.0143727734726));
#14596=CARTESIAN_POINT('',(-0.045,-0.0111654447958,0.0151727734726));
#14597=CARTESIAN_POINT('',(-0.045,-0.0111654447958,0.0143727734726));
#14598=CARTESIAN_POINT('',(-0.045,-0.0111654447958,0.0159727734726));
#14599=CARTESIAN_POINT('',(-0.045,-0.0449654447958,0.0143727734726));
#14600=CARTESIAN_POINT('',(-0.045,3.45552041999993E-5,0.0159727734726));
#14601=CARTESIAN_POINT('',(-0.043,0.0100345552042,0.0143727734726));
#14602=CARTESIAN_POINT('',(-0.043,3.45552041999993E-5,0.0159727734726));
#14603=CARTESIAN_POINT('',(-0.043,-0.00879901288256,0.0159727734726));
#14604=CARTESIAN_POINT('',(-0.043,0.0100345552042,0.0143727734726));
#14605=CARTESIAN_POINT('',(-0.043,-0.00879901288256,0.0143727734726));
#14606=CARTESIAN_POINT('',(-0.043,-0.00879901288256,0.0151727734726));
#14607=CARTESIAN_POINT('',(-0.0438,-0.0111654447958,0.0151727734726));
#14608=CARTESIAN_POINT('',(-0.0438,-0.0111654447958,0.0143727734726));
#14609=CARTESIAN_POINT('',(-0.0440000000000016,-0.0099822288391803,0.0143727734726));
#14610=CARTESIAN_POINT('',(-0.0438,-0.0111654447958,0.0159727734726));
#14611=CARTESIAN_POINT('',(-0.0440000000000016,-0.0099822288391803,0.0159727734726));
#14612=CARTESIAN_POINT('',(-0.0440000000000033,-0.00998222883918062,0.0151727734726));
#14613=CARTESIAN_POINT('',(-0.0442,-0.00879901288256,0.0151727734726));
#14614=CARTESIAN_POINT('',(-0.0442,-0.00879901288256,0.0159727734726));
#14615=CARTESIAN_POINT('',(-0.0442,-0.00879901288256,0.0143727734726));
#14616=CARTESIAN_POINT('',(-0.045,-0.0449654447958,0.0143727734726));
#14617=CARTESIAN_POINT('',(-0.045,0.0438345552042,0.0151727734726));
#14618=CARTESIAN_POINT('',(-0.045,0.0438345552042,0.0143727734726));
#14619=CARTESIAN_POINT('',(-0.045,0.0438345552042,0.0159727734726));
#14620=CARTESIAN_POINT('',(-0.045,-0.0449654447958,0.0143727734726));
#14621=CARTESIAN_POINT('',(-0.045,3.45552041999993E-5,0.0159727734726));
#14622=CARTESIAN_POINT('',(-0.0438,0.0438345552042,0.0151727734726));
#14623=CARTESIAN_POINT('',(-0.0438,0.0438345552042,0.0159727734726));
#14624=CARTESIAN_POINT('',(-0.0438,0.0450345552042,0.0159727734726));
#14625=CARTESIAN_POINT('',(-0.0438,0.0450345552042,0.0143727734726));
#14626=CARTESIAN_POINT('',(-0.0438,0.0450345552042,0.0143727734726));
#14627=CARTESIAN_POINT('',(-0.0438,0.0438345552042,0.0143727734726));
#14628=CARTESIAN_POINT('',(0.01,0.0450345552042,0.0143727734726));
#14629=CARTESIAN_POINT('',(0.0112,0.0450345552042,0.0143727734726));
#14630=CARTESIAN_POINT('',(0.0112,0.0450345552042,0.0143727734726));
#14631=CARTESIAN_POINT('',(0.0112,0.0450345552042,0.0159727734726));
#14632=CARTESIAN_POINT('',(0.,0.0450345552042,0.0159727734726));
#14633=CARTESIAN_POINT('',(0.01,0.0450345552042,0.0143727734726));
#14634=CARTESIAN_POINT('',(0.01,0.0450345552042,0.0143727734726));
#14635=CARTESIAN_POINT('',(-0.0112,0.0450345552042,0.0151727734726));
#14636=CARTESIAN_POINT('',(-0.0112,0.0450345552042,0.0143727734726));
#14637=CARTESIAN_POINT('',(-0.0112,0.0450345552042,0.0159727734726));
#14638=CARTESIAN_POINT('',(0.01,0.0450345552042,0.0143727734726));
#14639=CARTESIAN_POINT('',(0.,0.0450345552042,0.0159727734726));
#14640=CARTESIAN_POINT('',(-0.0112,0.0438345552042,0.0151727734726));
#14641=CARTESIAN_POINT('',(-0.0112,0.0438345552042,0.0143727734726));
#14642=CARTESIAN_POINT('',(-0.0100167840433803,0.0440345552042017,0.0143727734726));
#14643=CARTESIAN_POINT('',(-0.0112,0.0438345552042,0.0159727734726));
#14644=CARTESIAN_POINT('',(-0.0100167840433803,0.0440345552042017,0.0159727734726));
#14645=CARTESIAN_POINT('',(-0.0100167840433806,0.0440345552042033,0.0151727734726));
#14646=CARTESIAN_POINT('',(-0.00883356808676,0.0442345552042,0.0151727734726));
#14647=CARTESIAN_POINT('',(-0.00883356808676,0.0442345552042,0.0159727734726));
#14648=CARTESIAN_POINT('',(-0.00883356808676,0.0430345552042,0.0159727734726));
#14649=CARTESIAN_POINT('',(-0.00883356808676,0.0430345552042,0.0151727734726));
#14650=CARTESIAN_POINT('',(-0.00883356808676,0.0430345552042,0.0143727734726));
#14651=CARTESIAN_POINT('',(-0.00883356808676,0.0442345552042,0.0143727734726));
#14652=CARTESIAN_POINT('',(0.,3.45552041999993E-5,0.0159727734726));
#14653=CARTESIAN_POINT('',(0.00883356808676,0.0442345552042,0.0159727734726));
#14654=CARTESIAN_POINT('',(0.0100167840433799,0.0440345552042,0.0159727734726));
#14655=CARTESIAN_POINT('',(0.00883356808676,0.0430345552042,0.0159727734726));
#14656=CARTESIAN_POINT('',(0.,0.0430345552042,0.0159727734726));
#14657=CARTESIAN_POINT('',(0.0112,0.0438345552042,0.0159727734726));
#14658=CARTESIAN_POINT('',(0.,3.45552041999993E-5,0.0143727734726));
#14659=CARTESIAN_POINT('',(0.0112,0.0438345552042,0.0143727734726));
#14660=CARTESIAN_POINT('',(0.0100167840433799,0.0440345552042,0.0143727734726));
#14661=CARTESIAN_POINT('',(-0.01,0.0430345552042,0.0143727734726));
#14662=CARTESIAN_POINT('',(0.00883356808676,0.0430345552042,0.0143727734726));
#14663=CARTESIAN_POINT('',(0.00883356808676,0.0442345552042,0.0143727734726));
#14664=CARTESIAN_POINT('',(0.0112,0.0438345552042,0.0151727734726));
#14665=CARTESIAN_POINT('',(0.0100167840433798,0.0440345552041995,0.0151727734726));
#14666=CARTESIAN_POINT('',(-0.01,0.0430345552042,0.0143727734726));
#14667=CARTESIAN_POINT('',(0.00883356808676,0.0430345552042,0.0143727734726));
#14668=CARTESIAN_POINT('',(0.00883356808676,0.0442345552042,0.0151727734726));
#14669=CARTESIAN_POINT('',(0.043439719825983,0.0477901831007297,-0.00146678881340506));
#14670=CARTESIAN_POINT('',(0.039,-0.0390000000000127,0.0179));
#14671=CARTESIAN_POINT('',(0.039,-0.0390000000000127,0.007));
#14672=CARTESIAN_POINT('',(0.0374,-0.0390000000000127,0.007));
#14673=CARTESIAN_POINT('',(0.039,-0.0390000000000127,0.018));
#14674=CARTESIAN_POINT('',(0.0406,-0.0390000000000127,0.018));
#14675=CARTESIAN_POINT('',(0.039,-0.0389654447958,0.003));
#14676=CARTESIAN_POINT('',(0.039,-0.0389654447958,0.));
#14677=CARTESIAN_POINT('',(0.0374,-0.0389654447958,0.));
#14678=CARTESIAN_POINT('',(0.039,-0.0389654447958,0.006));
#14679=CARTESIAN_POINT('',(0.0406,-0.0389654447958,0.006));
#14680=CARTESIAN_POINT('',(0.039,-0.0389654447958,0.));
#14681=CARTESIAN_POINT('',(0.039,-0.0389654447958,0.006));
#14682=CARTESIAN_POINT('',(0.04025,-0.04113050830526,0.006));
#14683=CARTESIAN_POINT('',(0.039,-0.04185219614175,0.006));
#14684=CARTESIAN_POINT('',(0.0415,-0.04040882046877,0.006));
#14685=CARTESIAN_POINT('',(0.03775,-0.04113050830526,0.006));
#14686=CARTESIAN_POINT('',(0.0365,-0.0404088204687713,0.006));
#14687=CARTESIAN_POINT('',(0.0365,-0.0389654447958,0.006));
#14688=CARTESIAN_POINT('',(0.0365,-0.0375220691228283,0.006));
#14689=CARTESIAN_POINT('',(0.03775,-0.03680038128634,0.006));
#14690=CARTESIAN_POINT('',(0.039,-0.03607869344985,0.006));
#14691=CARTESIAN_POINT('',(0.04025,-0.03680038128634,0.006));
#14692=CARTESIAN_POINT('',(0.0415,-0.03752206912283,0.006));
#14693=CARTESIAN_POINT('',(0.0415,-0.0389654447958,0.006));
#14694=CARTESIAN_POINT('',(0.039,-0.04185219614175,0.006));
#14695=CARTESIAN_POINT('',(0.039,-0.04185219614175,0.012));
#14696=CARTESIAN_POINT('',(0.039,-0.04185219614175,0.018));
#14697=CARTESIAN_POINT('',(0.0415,-0.04040882046877,0.012));
#14698=CARTESIAN_POINT('',(0.0415,-0.04040882046877,0.018));
#14699=CARTESIAN_POINT('',(0.04025,-0.04113050830526,0.018));
#14700=CARTESIAN_POINT('',(0.0365,-0.04040882046877,0.006));
#14701=CARTESIAN_POINT('',(0.0365,-0.04040882046877,0.012));
#14702=CARTESIAN_POINT('',(0.0365,-0.0404088204687718,0.018));
#14703=CARTESIAN_POINT('',(0.03775,-0.04113050830526,0.018));
#14704=CARTESIAN_POINT('',(0.0365,-0.03752206912283,0.006));
#14705=CARTESIAN_POINT('',(0.0365,-0.03752206912283,0.012));
#14706=CARTESIAN_POINT('',(0.0365,-0.0375220691228283,0.018));
#14707=CARTESIAN_POINT('',(0.0365,-0.0389654447958,0.018));
#14708=CARTESIAN_POINT('',(0.039,-0.03607869344985,0.006));
#14709=CARTESIAN_POINT('',(0.039,-0.03607869344985,0.012));
#14710=CARTESIAN_POINT('',(0.039,-0.03607869344985,0.018));
#14711=CARTESIAN_POINT('',(0.03775,-0.03680038128634,0.018));
#14712=CARTESIAN_POINT('',(0.0415,-0.03752206912283,0.006));
#14713=CARTESIAN_POINT('',(0.0415,-0.03752206912283,0.012));
#14714=CARTESIAN_POINT('',(0.0415,-0.03752206912283,0.018));
#14715=CARTESIAN_POINT('',(0.04025,-0.03680038128634,0.018));
#14716=CARTESIAN_POINT('',(0.0415,-0.04040882046877,0.006));
#14717=CARTESIAN_POINT('',(0.0415,-0.0389654447958,0.018));
#14718=CARTESIAN_POINT('',(0.039,-0.0389654447958,0.018));
#14719=CARTESIAN_POINT('',(0.039,-0.0390000000000127,0.007));
#14720=CARTESIAN_POINT('',(0.043439719825983,0.0478106053682989,0.061305984659195));
#14721=CARTESIAN_POINT('',(0.039,-0.0390000000000127,0.0577727734726));
#14722=CARTESIAN_POINT('',(0.039,-0.0390000000000127,0.0577727734726));
#14723=CARTESIAN_POINT('',(0.0374,-0.0390000000000127,0.0577727734726));
#14724=CARTESIAN_POINT('',(0.039,-0.0389654447958,0.0687727734726));
#14725=CARTESIAN_POINT('',(0.0415,-0.0389654447958,0.0687727734726));
#14726=CARTESIAN_POINT('',(0.0415000000000006,-0.040408820468772,0.0687727734726));
#14727=CARTESIAN_POINT('',(0.0415,-0.03752206912283,0.0687727734726));
#14728=CARTESIAN_POINT('',(0.0415,-0.03752206912283,0.0687727734726));
#14729=CARTESIAN_POINT('',(0.0389999999999986,-0.0360786934498514,0.0687727734726));
#14730=CARTESIAN_POINT('',(0.039,-0.03607869344985,0.0687727734726));
#14731=CARTESIAN_POINT('',(0.0364999999999995,-0.0375220691228281,0.0687727734726));
#14732=CARTESIAN_POINT('',(0.0365,-0.0389654447958,0.0687727734726));
#14733=CARTESIAN_POINT('',(0.0365,-0.04040882046877,0.0687727734726));
#14734=CARTESIAN_POINT('',(0.0365,-0.04040882046877,0.0687727734726));
#14735=CARTESIAN_POINT('',(0.0390000000000014,-0.0418521961417486,0.0687727734726));
#14736=CARTESIAN_POINT('',(0.039,-0.04185219614175,0.0687727734726));
#14737=CARTESIAN_POINT('',(0.039,-0.0390000000000127,0.0687727734726));
#14738=CARTESIAN_POINT('',(0.0374,-0.0390000000000127,0.0687727734726));
#14739=CARTESIAN_POINT('',(0.0415,-0.04040882046877,0.0567727734726));
#14740=CARTESIAN_POINT('',(0.0415000000000023,-0.0404088204687739,0.0567727734726));
#14741=CARTESIAN_POINT('',(0.0415000000000012,-0.0404088204687746,0.0567727734726));
#14742=CARTESIAN_POINT('',(0.0415,-0.04040882046877,0.0567727734726));
#14743=CARTESIAN_POINT('',(0.0415,-0.03752206912283,0.0567727734726));
#14744=CARTESIAN_POINT('',(0.0415,-0.03752206912283,0.0567727734726));
#14745=CARTESIAN_POINT('',(0.0415,-0.03752206912283,0.0567727734726));
#14746=CARTESIAN_POINT('',(0.0415,-0.03752206912283,0.0567727734726));
#14747=CARTESIAN_POINT('',(0.0389999999999966,-0.0360786934498532,0.0567727734726));
#14748=CARTESIAN_POINT('',(0.0389999999999978,-0.0360786934498539,0.0567727734726));
#14749=CARTESIAN_POINT('',(0.039,-0.03607869344985,0.0567727734726));
#14750=CARTESIAN_POINT('',(0.039,-0.03607869344985,0.0567727734726));
#14751=CARTESIAN_POINT('',(0.0364999999999989,-0.0375220691228254,0.0567727734726));
#14752=CARTESIAN_POINT('',(0.0364999999999978,-0.0375220691228261,0.0567727734726));
#14753=CARTESIAN_POINT('',(0.0365,-0.03752206912283,0.0567727734726));
#14754=CARTESIAN_POINT('',(0.0365,-0.03752206912283,0.0567727734726));
#14755=CARTESIAN_POINT('',(0.0365,-0.04040882046877,0.0567727734726));
#14756=CARTESIAN_POINT('',(0.0365,-0.04040882046877,0.0567727734726));
#14757=CARTESIAN_POINT('',(0.0365,-0.04040882046877,0.0567727734726));
#14758=CARTESIAN_POINT('',(0.0365,-0.04040882046877,0.0567727734726));
#14759=CARTESIAN_POINT('',(0.0390000000000034,-0.0418521961417468,0.0567727734726));
#14760=CARTESIAN_POINT('',(0.0390000000000022,-0.0418521961417461,0.0567727734726));
#14761=CARTESIAN_POINT('',(0.039,-0.04185219614175,0.0567727734726));
#14762=CARTESIAN_POINT('',(0.039,-0.04185219614175,0.0567727734726));
#14763=CARTESIAN_POINT('',(0.039,-0.0389654447958,0.0567727734726));
#14764=CARTESIAN_POINT('',(0.039,-0.0389654447958,0.0567727734726));
#14765=CARTESIAN_POINT('',(0.0374,-0.0389654447958,0.0567727734726));
#14766=CARTESIAN_POINT('',(0.039,-0.0389654447958,0.0507727734726));
#14767=CARTESIAN_POINT('',(0.039,-0.0389654447958,0.0507727734726));
#14768=CARTESIAN_POINT('',(0.0374,-0.0389654447958,0.0507727734726));
#14769=CARTESIAN_POINT('',(0.039,-0.0389654447958,0.0537727734726));
#14770=CARTESIAN_POINT('',(0.039,-0.0390000000000127,0.0686727734726));
#14771=CARTESIAN_POINT('',(0.043439719825983,0.0477901831007297,-0.00146678881340506));
#14772=CARTESIAN_POINT('',(-0.039,-0.0390000000000127,0.0179));
#14773=CARTESIAN_POINT('',(-0.039,-0.0390000000000127,0.007));
#14774=CARTESIAN_POINT('',(-0.0406,-0.0390000000000127,0.007));
#14775=CARTESIAN_POINT('',(-0.039,-0.0390000000000127,0.018));
#14776=CARTESIAN_POINT('',(-0.0374,-0.0390000000000127,0.018));
#14777=CARTESIAN_POINT('',(-0.039,-0.0389654447958,0.003));
#14778=CARTESIAN_POINT('',(-0.039,-0.0389654447958,0.));
#14779=CARTESIAN_POINT('',(-0.0406,-0.0389654447958,0.));
#14780=CARTESIAN_POINT('',(-0.039,-0.0389654447958,0.006));
#14781=CARTESIAN_POINT('',(-0.0374,-0.0389654447958,0.006));
#14782=CARTESIAN_POINT('',(-0.039,-0.0389654447958,0.));
#14783=CARTESIAN_POINT('',(-0.039,-0.0389654447958,0.006));
#14784=CARTESIAN_POINT('',(-0.03775,-0.04113050830526,0.006));
#14785=CARTESIAN_POINT('',(-0.039,-0.04185219614175,0.006));
#14786=CARTESIAN_POINT('',(-0.0365,-0.04040882046877,0.006));
#14787=CARTESIAN_POINT('',(-0.04025,-0.04113050830526,0.006));
#14788=CARTESIAN_POINT('',(-0.0415,-0.0404088204687713,0.006));
#14789=CARTESIAN_POINT('',(-0.0415,-0.0389654447958,0.006));
#14790=CARTESIAN_POINT('',(-0.0415,-0.0375220691228283,0.006));
#14791=CARTESIAN_POINT('',(-0.04025,-0.03680038128634,0.006));
#14792=CARTESIAN_POINT('',(-0.039,-0.03607869344985,0.006));
#14793=CARTESIAN_POINT('',(-0.03775,-0.03680038128634,0.006));
#14794=CARTESIAN_POINT('',(-0.0365,-0.03752206912283,0.006));
#14795=CARTESIAN_POINT('',(-0.0365,-0.0389654447958,0.006));
#14796=CARTESIAN_POINT('',(-0.039,-0.04185219614175,0.006));
#14797=CARTESIAN_POINT('',(-0.039,-0.04185219614175,0.012));
#14798=CARTESIAN_POINT('',(-0.039,-0.04185219614175,0.018));
#14799=CARTESIAN_POINT('',(-0.0365,-0.04040882046877,0.012));
#14800=CARTESIAN_POINT('',(-0.0365,-0.04040882046877,0.018));
#14801=CARTESIAN_POINT('',(-0.03775,-0.04113050830526,0.018));
#14802=CARTESIAN_POINT('',(-0.0415,-0.04040882046877,0.006));
#14803=CARTESIAN_POINT('',(-0.0415,-0.04040882046877,0.012));
#14804=CARTESIAN_POINT('',(-0.0415,-0.0404088204687718,0.018));
#14805=CARTESIAN_POINT('',(-0.04025,-0.04113050830526,0.018));
#14806=CARTESIAN_POINT('',(-0.0415,-0.03752206912283,0.006));
#14807=CARTESIAN_POINT('',(-0.0415,-0.03752206912283,0.012));
#14808=CARTESIAN_POINT('',(-0.0415,-0.0375220691228283,0.018));
#14809=CARTESIAN_POINT('',(-0.0415,-0.0389654447958,0.018));
#14810=CARTESIAN_POINT('',(-0.039,-0.03607869344985,0.006));
#14811=CARTESIAN_POINT('',(-0.039,-0.03607869344985,0.012));
#14812=CARTESIAN_POINT('',(-0.039,-0.03607869344985,0.018));
#14813=CARTESIAN_POINT('',(-0.04025,-0.03680038128634,0.018));
#14814=CARTESIAN_POINT('',(-0.0365,-0.03752206912283,0.006));
#14815=CARTESIAN_POINT('',(-0.0365,-0.03752206912283,0.012));
#14816=CARTESIAN_POINT('',(-0.0365,-0.03752206912283,0.018));
#14817=CARTESIAN_POINT('',(-0.03775,-0.03680038128634,0.018));
#14818=CARTESIAN_POINT('',(-0.0365,-0.04040882046877,0.006));
#14819=CARTESIAN_POINT('',(-0.0365,-0.0389654447958,0.018));
#14820=CARTESIAN_POINT('',(-0.039,-0.0389654447958,0.018));
#14821=CARTESIAN_POINT('',(-0.039,-0.0390000000000127,0.007));
#14822=CARTESIAN_POINT('',(0.043439719825983,0.0477697608331605,-0.0170940153408051));
#14823=CARTESIAN_POINT('',(-0.0005,0.0410345552042,0.0159727734726));
#14824=CARTESIAN_POINT('',(-0.0005,0.0360345552042,0.0159727734726));
#14825=CARTESIAN_POINT('',(-0.0005,0.0360345552042,0.0159727734726));
#14826=CARTESIAN_POINT('',(-0.0005,0.0360345552042,0.0249727734726));
#14827=CARTESIAN_POINT('',(-0.0005,0.0410345552042,0.0159727734726));
#14828=CARTESIAN_POINT('',(-0.0005,0.0410345552042,0.0159727734726));
#14829=CARTESIAN_POINT('',(-0.0005,0.0410345552042,0.0159727734726));
#14830=CARTESIAN_POINT('',(-0.0005,0.0410345552042,0.0249727734726));
#14831=CARTESIAN_POINT('',(-0.0005,0.0360345552042,0.0249727734726));
#14832=CARTESIAN_POINT('',(0.0265,0.0410345552042,0.0159727734726));
#14833=CARTESIAN_POINT('',(0.0265,0.0410345552042,0.0159727734726));
#14834=CARTESIAN_POINT('',(-0.0265,0.0410345552042,0.0159727734726));
#14835=CARTESIAN_POINT('',(-0.0265,0.0410345552042,0.0159727734726));
#14836=CARTESIAN_POINT('',(-0.0265,0.0410345552042,0.0249727734726));
#14837=CARTESIAN_POINT('',(0.,0.0410345552042,0.0249727734726));
#14838=CARTESIAN_POINT('',(-0.0265,0.0360345552042,0.0159727734726));
#14839=CARTESIAN_POINT('',(-0.0265,0.0360345552042,0.0159727734726));
#14840=CARTESIAN_POINT('',(-0.0265,0.0360345552042,0.0159727734726));
#14841=CARTESIAN_POINT('',(-0.0265,0.0360345552042,0.0159727734726));
#14842=CARTESIAN_POINT('',(-0.0265,0.0360345552042,0.0249727734726));
#14843=CARTESIAN_POINT('',(-0.0265,0.0360345552042,0.0249727734726));
#14844=CARTESIAN_POINT('',(0.0005,0.0360345552042,0.0159727734726));
#14845=CARTESIAN_POINT('',(0.0005,0.0360345552042,0.0159727734726));
#14846=CARTESIAN_POINT('',(0.,0.0360345552042,0.0249727734726));
#14847=CARTESIAN_POINT('',(0.,0.0360345552042,0.0159727734726));
#14848=CARTESIAN_POINT('',(0.,0.0360345552042,0.0249727734726));
#14849=CARTESIAN_POINT('',(0.043439719825983,0.0477901831007297,-0.00146678881340506));
#14850=CARTESIAN_POINT('',(0.0005,0.036,0.0567727734726));
#14851=CARTESIAN_POINT('',(0.0005,0.036,0.0567727734726));
#14852=CARTESIAN_POINT('',(0.0005,0.036,0.0567727734726));
#14853=CARTESIAN_POINT('',(0.0005,0.036,0.0657727734726));
#14854=CARTESIAN_POINT('',(0.0005,0.036,0.0567727734726));
#14855=CARTESIAN_POINT('',(0.0265,0.036,0.0567727734726));
#14856=CARTESIAN_POINT('',(0.0265,0.036,0.0567727734726));
#14857=CARTESIAN_POINT('',(0.0265,0.036,0.0657727734726));
#14858=CARTESIAN_POINT('',(0.,0.036,0.0657727734726));
#14859=CARTESIAN_POINT('',(0.0265,0.036,0.0567727734726));
#14860=CARTESIAN_POINT('',(0.0265,0.036,0.0567727734726));
#14861=CARTESIAN_POINT('',(0.0265,0.041,0.0567727734726));
#14862=CARTESIAN_POINT('',(0.0265,0.041,0.0567727734726));
#14863=CARTESIAN_POINT('',(0.0265,0.041,0.0657727734726));
#14864=CARTESIAN_POINT('',(0.0265,0.036,0.0657727734726));
#14865=CARTESIAN_POINT('',(0.0265,0.041,0.0567727734726));
#14866=CARTESIAN_POINT('',(0.0265,0.041,0.0567727734726));
#14867=CARTESIAN_POINT('',(0.0005,0.041,0.0567727734726));
#14868=CARTESIAN_POINT('',(0.0005,0.041,0.0567727734726));
#14869=CARTESIAN_POINT('',(0.0005,0.041,0.0657727734726));
#14870=CARTESIAN_POINT('',(0.,0.041,0.0657727734726));
#14871=CARTESIAN_POINT('',(0.0005,0.041,0.0567727734726));
#14872=CARTESIAN_POINT('',(0.0005,0.041,0.0567727734726));
#14873=CARTESIAN_POINT('',(0.0005,0.036,0.0657727734726));
#14874=CARTESIAN_POINT('',(0.,0.036,0.0567727734726));
#14875=CARTESIAN_POINT('',(0.,0.036,0.0657727734726));
#14876=CARTESIAN_POINT('',(0.043439719825983,0.0477901831007297,-0.00146678881340506));
#14877=CARTESIAN_POINT('',(-0.039,0.0389999999999873,0.0179));
#14878=CARTESIAN_POINT('',(-0.039,0.0389999999999873,0.007));
#14879=CARTESIAN_POINT('',(-0.0406,0.0389999999999873,0.007));
#14880=CARTESIAN_POINT('',(-0.039,0.0389999999999873,0.018));
#14881=CARTESIAN_POINT('',(-0.0374,0.0389999999999873,0.018));
#14882=CARTESIAN_POINT('',(-0.039,0.0390345552042,0.003));
#14883=CARTESIAN_POINT('',(-0.039,0.0390345552042,0.));
#14884=CARTESIAN_POINT('',(-0.0406,0.0390345552042,0.));
#14885=CARTESIAN_POINT('',(-0.039,0.0390345552042,0.006));
#14886=CARTESIAN_POINT('',(-0.0374,0.0390345552042,0.006));
#14887=CARTESIAN_POINT('',(-0.039,0.0390345552042,0.));
#14888=CARTESIAN_POINT('',(-0.039,0.0390345552042,0.006));
#14889=CARTESIAN_POINT('',(-0.03775,0.03686949169474,0.006));
#14890=CARTESIAN_POINT('',(-0.039,0.03614780385825,0.006));
#14891=CARTESIAN_POINT('',(-0.0365,0.03759117953123,0.006));
#14892=CARTESIAN_POINT('',(-0.04025,0.03686949169474,0.006));
#14893=CARTESIAN_POINT('',(-0.0415,0.0375911795312287,0.006));
#14894=CARTESIAN_POINT('',(-0.0415,0.0390345552042,0.006));
#14895=CARTESIAN_POINT('',(-0.0415,0.0404779308771717,0.006));
#14896=CARTESIAN_POINT('',(-0.04025,0.04119961871366,0.006));
#14897=CARTESIAN_POINT('',(-0.039,0.04192130655015,0.006));
#14898=CARTESIAN_POINT('',(-0.03775,0.04119961871366,0.006));
#14899=CARTESIAN_POINT('',(-0.0365,0.04047793087717,0.006));
#14900=CARTESIAN_POINT('',(-0.0365,0.0390345552042,0.006));
#14901=CARTESIAN_POINT('',(-0.039,0.03614780385825,0.006));
#14902=CARTESIAN_POINT('',(-0.039,0.03614780385825,0.012));
#14903=CARTESIAN_POINT('',(-0.039,0.03614780385825,0.018));
#14904=CARTESIAN_POINT('',(-0.0365,0.03759117953123,0.012));
#14905=CARTESIAN_POINT('',(-0.0365,0.03759117953123,0.018));
#14906=CARTESIAN_POINT('',(-0.03775,0.03686949169474,0.018));
#14907=CARTESIAN_POINT('',(-0.0415,0.03759117953123,0.006));
#14908=CARTESIAN_POINT('',(-0.0415,0.03759117953123,0.012));
#14909=CARTESIAN_POINT('',(-0.0415,0.0375911795312283,0.018));
#14910=CARTESIAN_POINT('',(-0.04025,0.03686949169474,0.018));
#14911=CARTESIAN_POINT('',(-0.0415,0.04047793087717,0.006));
#14912=CARTESIAN_POINT('',(-0.0415,0.04047793087717,0.012));
#14913=CARTESIAN_POINT('',(-0.0415,0.0404779308771717,0.018));
#14914=CARTESIAN_POINT('',(-0.0415,0.0390345552042,0.018));
#14915=CARTESIAN_POINT('',(-0.039,0.04192130655015,0.006));
#14916=CARTESIAN_POINT('',(-0.039,0.04192130655015,0.012));
#14917=CARTESIAN_POINT('',(-0.039,0.04192130655015,0.018));
#14918=CARTESIAN_POINT('',(-0.04025,0.04119961871366,0.018));
#14919=CARTESIAN_POINT('',(-0.0365,0.04047793087717,0.006));
#14920=CARTESIAN_POINT('',(-0.0365,0.04047793087717,0.012));
#14921=CARTESIAN_POINT('',(-0.0365,0.04047793087717,0.018));
#14922=CARTESIAN_POINT('',(-0.03775,0.04119961871366,0.018));
#14923=CARTESIAN_POINT('',(-0.0365,0.03759117953123,0.006));
#14924=CARTESIAN_POINT('',(-0.0365,0.0390345552042,0.018));
#14925=CARTESIAN_POINT('',(-0.039,0.0390345552042,0.018));
#14926=CARTESIAN_POINT('',(-0.039,0.0389999999999873,0.007));
#14927=CARTESIAN_POINT('',(0.043439719825983,0.0477697608331605,-0.0170940153408051));
#14928=CARTESIAN_POINT('',(0.039,-0.0390000000000127,0.0305727734726));
#14929=CARTESIAN_POINT('',(0.039,-0.0390000000000127,0.0305727734726));
#14930=CARTESIAN_POINT('',(0.0374,-0.0390000000000127,0.0305727734726));
#14931=CARTESIAN_POINT('',(0.039,-0.0389654447958,0.0415727734726));
#14932=CARTESIAN_POINT('',(0.0415,-0.0389654447958,0.0415727734726));
#14933=CARTESIAN_POINT('',(0.0415000000000006,-0.040408820468772,0.0415727734726));
#14934=CARTESIAN_POINT('',(0.0415,-0.03752206912283,0.0415727734726));
#14935=CARTESIAN_POINT('',(0.0415,-0.03752206912283,0.0415727734726));
#14936=CARTESIAN_POINT('',(0.0389999999999986,-0.0360786934498514,0.0415727734726));
#14937=CARTESIAN_POINT('',(0.039,-0.03607869344985,0.0415727734726));
#14938=CARTESIAN_POINT('',(0.0364999999999995,-0.0375220691228281,0.0415727734726));
#14939=CARTESIAN_POINT('',(0.0365,-0.0389654447958,0.0415727734726));
#14940=CARTESIAN_POINT('',(0.0365,-0.04040882046877,0.0415727734726));
#14941=CARTESIAN_POINT('',(0.0365,-0.04040882046877,0.0415727734726));
#14942=CARTESIAN_POINT('',(0.0390000000000014,-0.0418521961417486,0.0415727734726));
#14943=CARTESIAN_POINT('',(0.039,-0.04185219614175,0.0415727734726));
#14944=CARTESIAN_POINT('',(0.039,-0.0390000000000127,0.0415727734726));
#14945=CARTESIAN_POINT('',(0.0374,-0.0390000000000127,0.0415727734726));
#14946=CARTESIAN_POINT('',(0.0415,-0.04040882046877,0.0295727734726));
#14947=CARTESIAN_POINT('',(0.0415000000000023,-0.0404088204687739,0.0295727734726));
#14948=CARTESIAN_POINT('',(0.0415000000000012,-0.0404088204687746,0.0295727734726));
#14949=CARTESIAN_POINT('',(0.0415,-0.04040882046877,0.0295727734726));
#14950=CARTESIAN_POINT('',(0.0415,-0.03752206912283,0.0295727734726));
#14951=CARTESIAN_POINT('',(0.0415,-0.03752206912283,0.0295727734726));
#14952=CARTESIAN_POINT('',(0.0415,-0.03752206912283,0.0295727734726));
#14953=CARTESIAN_POINT('',(0.0415,-0.03752206912283,0.0295727734726));
#14954=CARTESIAN_POINT('',(0.0389999999999966,-0.0360786934498532,0.0295727734726));
#14955=CARTESIAN_POINT('',(0.0389999999999978,-0.0360786934498539,0.0295727734726));
#14956=CARTESIAN_POINT('',(0.039,-0.03607869344985,0.0295727734726));
#14957=CARTESIAN_POINT('',(0.039,-0.03607869344985,0.0295727734726));
#14958=CARTESIAN_POINT('',(0.0364999999999989,-0.0375220691228254,0.0295727734726));
#14959=CARTESIAN_POINT('',(0.0364999999999978,-0.0375220691228261,0.0295727734726));
#14960=CARTESIAN_POINT('',(0.0365,-0.03752206912283,0.0295727734726));
#14961=CARTESIAN_POINT('',(0.0365,-0.03752206912283,0.0295727734726));
#14962=CARTESIAN_POINT('',(0.0365,-0.04040882046877,0.0295727734726));
#14963=CARTESIAN_POINT('',(0.0365,-0.04040882046877,0.0295727734726));
#14964=CARTESIAN_POINT('',(0.0365,-0.04040882046877,0.0295727734726));
#14965=CARTESIAN_POINT('',(0.0365,-0.04040882046877,0.0295727734726));
#14966=CARTESIAN_POINT('',(0.0390000000000034,-0.0418521961417468,0.0295727734726));
#14967=CARTESIAN_POINT('',(0.0390000000000022,-0.0418521961417461,0.0295727734726));
#14968=CARTESIAN_POINT('',(0.039,-0.04185219614175,0.0295727734726));
#14969=CARTESIAN_POINT('',(0.039,-0.04185219614175,0.0295727734726));
#14970=CARTESIAN_POINT('',(0.039,-0.0389654447958,0.0295727734726));
#14971=CARTESIAN_POINT('',(0.039,-0.0389654447958,0.0295727734726));
#14972=CARTESIAN_POINT('',(0.0374,-0.0389654447958,0.0295727734726));
#14973=CARTESIAN_POINT('',(0.039,-0.0389654447958,0.0235727734726));
#14974=CARTESIAN_POINT('',(0.039,-0.0389654447958,0.0235727734726));
#14975=CARTESIAN_POINT('',(0.0374,-0.0389654447958,0.0235727734726));
#14976=CARTESIAN_POINT('',(0.039,-0.0389654447958,0.0265727734726));
#14977=CARTESIAN_POINT('',(0.039,-0.0390000000000127,0.0414727734726));
#14978=CARTESIAN_POINT('',(0.043439719825983,0.0477901831007297,-0.00146678881340506));
#14979=CARTESIAN_POINT('',(0.039,0.0389999999999873,0.0299));
#14980=CARTESIAN_POINT('',(0.039,0.0389999999999873,0.019));
#14981=CARTESIAN_POINT('',(0.0374,0.0389999999999873,0.019));
#14982=CARTESIAN_POINT('',(0.039,0.0389999999999873,0.03));
#14983=CARTESIAN_POINT('',(0.0406,0.0389999999999873,0.03));
#14984=CARTESIAN_POINT('',(0.039,0.0390345552042,0.015));
#14985=CARTESIAN_POINT('',(0.039,0.0390345552042,0.012));
#14986=CARTESIAN_POINT('',(0.0374,0.0390345552042,0.012));
#14987=CARTESIAN_POINT('',(0.039,0.0390345552042,0.018));
#14988=CARTESIAN_POINT('',(0.0406,0.0390345552042,0.018));
#14989=CARTESIAN_POINT('',(0.039,0.0390345552042,0.012));
#14990=CARTESIAN_POINT('',(0.039,0.0390345552042,0.018));
#14991=CARTESIAN_POINT('',(0.04025,0.03686949169474,0.018));
#14992=CARTESIAN_POINT('',(0.039,0.03614780385825,0.018));
#14993=CARTESIAN_POINT('',(0.0415,0.03759117953123,0.018));
#14994=CARTESIAN_POINT('',(0.03775,0.03686949169474,0.018));
#14995=CARTESIAN_POINT('',(0.0365,0.0375911795312287,0.018));
#14996=CARTESIAN_POINT('',(0.0365,0.0390345552042,0.018));
#14997=CARTESIAN_POINT('',(0.0365,0.0404779308771717,0.018));
#14998=CARTESIAN_POINT('',(0.03775,0.04119961871366,0.018));
#14999=CARTESIAN_POINT('',(0.039,0.04192130655015,0.018));
#15000=CARTESIAN_POINT('',(0.04025,0.04119961871366,0.018));
#15001=CARTESIAN_POINT('',(0.0415,0.04047793087717,0.018));
#15002=CARTESIAN_POINT('',(0.0415,0.0390345552042,0.018));
#15003=CARTESIAN_POINT('',(0.039,0.03614780385825,0.018));
#15004=CARTESIAN_POINT('',(0.039,0.03614780385825,0.024));
#15005=CARTESIAN_POINT('',(0.039,0.03614780385825,0.03));
#15006=CARTESIAN_POINT('',(0.0415,0.03759117953123,0.024));
#15007=CARTESIAN_POINT('',(0.0415,0.03759117953123,0.03));
#15008=CARTESIAN_POINT('',(0.04025,0.03686949169474,0.03));
#15009=CARTESIAN_POINT('',(0.0365,0.03759117953123,0.018));
#15010=CARTESIAN_POINT('',(0.0365,0.03759117953123,0.024));
#15011=CARTESIAN_POINT('',(0.0365,0.0375911795312283,0.03));
#15012=CARTESIAN_POINT('',(0.03775,0.03686949169474,0.03));
#15013=CARTESIAN_POINT('',(0.0365,0.04047793087717,0.018));
#15014=CARTESIAN_POINT('',(0.0365,0.04047793087717,0.024));
#15015=CARTESIAN_POINT('',(0.0365,0.0404779308771717,0.03));
#15016=CARTESIAN_POINT('',(0.0365,0.0390345552042,0.03));
#15017=CARTESIAN_POINT('',(0.039,0.04192130655015,0.018));
#15018=CARTESIAN_POINT('',(0.039,0.04192130655015,0.024));
#15019=CARTESIAN_POINT('',(0.039,0.04192130655015,0.03));
#15020=CARTESIAN_POINT('',(0.03775,0.04119961871366,0.03));
#15021=CARTESIAN_POINT('',(0.0415,0.04047793087717,0.018));
#15022=CARTESIAN_POINT('',(0.0415,0.04047793087717,0.024));
#15023=CARTESIAN_POINT('',(0.0415,0.04047793087717,0.03));
#15024=CARTESIAN_POINT('',(0.04025,0.04119961871366,0.03));
#15025=CARTESIAN_POINT('',(0.0415,0.03759117953123,0.018));
#15026=CARTESIAN_POINT('',(0.0415,0.0390345552042,0.03));
#15027=CARTESIAN_POINT('',(0.039,0.0390345552042,0.03));
#15028=CARTESIAN_POINT('',(0.039,0.0389999999999873,0.019));
#15029=CARTESIAN_POINT('',(0.043439719825983,0.0477697608331605,-0.0170940153408051));
#15030=CARTESIAN_POINT('',(0.039,-0.0390000000000127,0.0299));
#15031=CARTESIAN_POINT('',(0.039,-0.0390000000000127,0.019));
#15032=CARTESIAN_POINT('',(0.0374,-0.0390000000000127,0.019));
#15033=CARTESIAN_POINT('',(0.039,-0.0390000000000127,0.03));
#15034=CARTESIAN_POINT('',(0.0406,-0.0390000000000127,0.03));
#15035=CARTESIAN_POINT('',(0.039,-0.0389654447958,0.015));
#15036=CARTESIAN_POINT('',(0.039,-0.0389654447958,0.012));
#15037=CARTESIAN_POINT('',(0.0374,-0.0389654447958,0.012));
#15038=CARTESIAN_POINT('',(0.039,-0.0389654447958,0.018));
#15039=CARTESIAN_POINT('',(0.0406,-0.0389654447958,0.018));
#15040=CARTESIAN_POINT('',(0.039,-0.0389654447958,0.012));
#15041=CARTESIAN_POINT('',(0.039,-0.0389654447958,0.018));
#15042=CARTESIAN_POINT('',(0.04025,-0.04113050830526,0.018));
#15043=CARTESIAN_POINT('',(0.039,-0.04185219614175,0.018));
#15044=CARTESIAN_POINT('',(0.0415,-0.04040882046877,0.018));
#15045=CARTESIAN_POINT('',(0.03775,-0.04113050830526,0.018));
#15046=CARTESIAN_POINT('',(0.0365,-0.0404088204687713,0.018));
#15047=CARTESIAN_POINT('',(0.0365,-0.0389654447958,0.018));
#15048=CARTESIAN_POINT('',(0.0365,-0.0375220691228283,0.018));
#15049=CARTESIAN_POINT('',(0.03775,-0.03680038128634,0.018));
#15050=CARTESIAN_POINT('',(0.039,-0.03607869344985,0.018));
#15051=CARTESIAN_POINT('',(0.04025,-0.03680038128634,0.018));
#15052=CARTESIAN_POINT('',(0.0415,-0.03752206912283,0.018));
#15053=CARTESIAN_POINT('',(0.0415,-0.0389654447958,0.018));
#15054=CARTESIAN_POINT('',(0.039,-0.04185219614175,0.018));
#15055=CARTESIAN_POINT('',(0.039,-0.04185219614175,0.024));
#15056=CARTESIAN_POINT('',(0.039,-0.04185219614175,0.03));
#15057=CARTESIAN_POINT('',(0.0415,-0.04040882046877,0.024));
#15058=CARTESIAN_POINT('',(0.0415,-0.04040882046877,0.03));
#15059=CARTESIAN_POINT('',(0.04025,-0.04113050830526,0.03));
#15060=CARTESIAN_POINT('',(0.0365,-0.04040882046877,0.018));
#15061=CARTESIAN_POINT('',(0.0365,-0.04040882046877,0.024));
#15062=CARTESIAN_POINT('',(0.0365,-0.0404088204687718,0.03));
#15063=CARTESIAN_POINT('',(0.03775,-0.04113050830526,0.03));
#15064=CARTESIAN_POINT('',(0.0365,-0.03752206912283,0.018));
#15065=CARTESIAN_POINT('',(0.0365,-0.03752206912283,0.024));
#15066=CARTESIAN_POINT('',(0.0365,-0.0375220691228283,0.03));
#15067=CARTESIAN_POINT('',(0.0365,-0.0389654447958,0.03));
#15068=CARTESIAN_POINT('',(0.039,-0.03607869344985,0.018));
#15069=CARTESIAN_POINT('',(0.039,-0.03607869344985,0.024));
#15070=CARTESIAN_POINT('',(0.039,-0.03607869344985,0.03));
#15071=CARTESIAN_POINT('',(0.03775,-0.03680038128634,0.03));
#15072=CARTESIAN_POINT('',(0.0415,-0.03752206912283,0.018));
#15073=CARTESIAN_POINT('',(0.0415,-0.03752206912283,0.024));
#15074=CARTESIAN_POINT('',(0.0415,-0.03752206912283,0.03));
#15075=CARTESIAN_POINT('',(0.04025,-0.03680038128634,0.03));
#15076=CARTESIAN_POINT('',(0.0415,-0.04040882046877,0.018));
#15077=CARTESIAN_POINT('',(0.0415,-0.0389654447958,0.03));
#15078=CARTESIAN_POINT('',(0.039,-0.0389654447958,0.03));
#15079=CARTESIAN_POINT('',(0.039,-0.0390000000000127,0.019));
#15080=CARTESIAN_POINT('',(0.043439719825983,0.0477697608331605,-0.0170940153408051));
#15081=CARTESIAN_POINT('',(-0.039,-0.0390000000000127,0.0305727734726));
#15082=CARTESIAN_POINT('',(-0.039,-0.0390000000000127,0.0305727734726));
#15083=CARTESIAN_POINT('',(-0.0406,-0.0390000000000127,0.0305727734726));
#15084=CARTESIAN_POINT('',(-0.039,-0.0389654447958,0.0415727734726));
#15085=CARTESIAN_POINT('',(-0.0365,-0.0389654447958,0.0415727734726));
#15086=CARTESIAN_POINT('',(-0.0364999999999995,-0.040408820468772,0.0415727734726));
#15087=CARTESIAN_POINT('',(-0.0365,-0.03752206912283,0.0415727734726));
#15088=CARTESIAN_POINT('',(-0.0365,-0.03752206912283,0.0415727734726));
#15089=CARTESIAN_POINT('',(-0.0390000000000014,-0.0360786934498514,0.0415727734726));
#15090=CARTESIAN_POINT('',(-0.039,-0.03607869344985,0.0415727734726));
#15091=CARTESIAN_POINT('',(-0.0415000000000006,-0.0375220691228281,0.0415727734726));
#15092=CARTESIAN_POINT('',(-0.0415,-0.0389654447958,0.0415727734726));
#15093=CARTESIAN_POINT('',(-0.0415,-0.04040882046877,0.0415727734726));
#15094=CARTESIAN_POINT('',(-0.0415,-0.04040882046877,0.0415727734726));
#15095=CARTESIAN_POINT('',(-0.0389999999999986,-0.0418521961417486,0.0415727734726));
#15096=CARTESIAN_POINT('',(-0.039,-0.04185219614175,0.0415727734726));
#15097=CARTESIAN_POINT('',(-0.039,-0.0390000000000127,0.0415727734726));
#15098=CARTESIAN_POINT('',(-0.0406,-0.0390000000000127,0.0415727734726));
#15099=CARTESIAN_POINT('',(-0.0365,-0.04040882046877,0.0295727734726));
#15100=CARTESIAN_POINT('',(-0.0364999999999978,-0.0404088204687739,0.0295727734726));
#15101=CARTESIAN_POINT('',(-0.0364999999999989,-0.0404088204687746,0.0295727734726));
#15102=CARTESIAN_POINT('',(-0.0365,-0.04040882046877,0.0295727734726));
#15103=CARTESIAN_POINT('',(-0.0365,-0.03752206912283,0.0295727734726));
#15104=CARTESIAN_POINT('',(-0.0365,-0.03752206912283,0.0295727734726));
#15105=CARTESIAN_POINT('',(-0.0365,-0.03752206912283,0.0295727734726));
#15106=CARTESIAN_POINT('',(-0.0365,-0.03752206912283,0.0295727734726));
#15107=CARTESIAN_POINT('',(-0.0390000000000034,-0.0360786934498532,0.0295727734726));
#15108=CARTESIAN_POINT('',(-0.0390000000000022,-0.0360786934498539,0.0295727734726));
#15109=CARTESIAN_POINT('',(-0.039,-0.03607869344985,0.0295727734726));
#15110=CARTESIAN_POINT('',(-0.039,-0.03607869344985,0.0295727734726));
#15111=CARTESIAN_POINT('',(-0.0415000000000012,-0.0375220691228254,0.0295727734726));
#15112=CARTESIAN_POINT('',(-0.0415000000000023,-0.0375220691228261,0.0295727734726));
#15113=CARTESIAN_POINT('',(-0.0415,-0.03752206912283,0.0295727734726));
#15114=CARTESIAN_POINT('',(-0.0415,-0.03752206912283,0.0295727734726));
#15115=CARTESIAN_POINT('',(-0.0415,-0.04040882046877,0.0295727734726));
#15116=CARTESIAN_POINT('',(-0.0415,-0.04040882046877,0.0295727734726));
#15117=CARTESIAN_POINT('',(-0.0415,-0.04040882046877,0.0295727734726));
#15118=CARTESIAN_POINT('',(-0.0415,-0.04040882046877,0.0295727734726));
#15119=CARTESIAN_POINT('',(-0.0389999999999966,-0.0418521961417468,0.0295727734726));
#15120=CARTESIAN_POINT('',(-0.0389999999999978,-0.0418521961417461,0.0295727734726));
#15121=CARTESIAN_POINT('',(-0.039,-0.04185219614175,0.0295727734726));
#15122=CARTESIAN_POINT('',(-0.039,-0.04185219614175,0.0295727734726));
#15123=CARTESIAN_POINT('',(-0.039,-0.0389654447958,0.0295727734726));
#15124=CARTESIAN_POINT('',(-0.039,-0.0389654447958,0.0295727734726));
#15125=CARTESIAN_POINT('',(-0.0406,-0.0389654447958,0.0295727734726));
#15126=CARTESIAN_POINT('',(-0.039,-0.0389654447958,0.0235727734726));
#15127=CARTESIAN_POINT('',(-0.039,-0.0389654447958,0.0235727734726));
#15128=CARTESIAN_POINT('',(-0.0406,-0.0389654447958,0.0235727734726));
#15129=CARTESIAN_POINT('',(-0.039,-0.0389654447958,0.0265727734726));
#15130=CARTESIAN_POINT('',(-0.039,-0.0390000000000127,0.0414727734726));
#15131=CARTESIAN_POINT('',(0.043439719825983,0.0477901831007297,-0.00146678881340506));
#15132=CARTESIAN_POINT('',(0.039,0.0389654447957873,0.0577727734726));
#15133=CARTESIAN_POINT('',(0.039,0.0389654447957873,0.0577727734726));
#15134=CARTESIAN_POINT('',(0.0374,0.0389654447957873,0.0577727734726));
#15135=CARTESIAN_POINT('',(0.039,0.039,0.0687727734726));
#15136=CARTESIAN_POINT('',(0.0415,0.039,0.0687727734726));
#15137=CARTESIAN_POINT('',(0.0415000000000006,0.0375566243270281,0.0687727734726));
#15138=CARTESIAN_POINT('',(0.0415,0.04044337567297,0.0687727734726));
#15139=CARTESIAN_POINT('',(0.0415,0.04044337567297,0.0687727734726));
#15140=CARTESIAN_POINT('',(0.0389999999999986,0.0418867513459485,0.0687727734726));
#15141=CARTESIAN_POINT('',(0.039,0.04188675134595,0.0687727734726));
#15142=CARTESIAN_POINT('',(0.0364999999999995,0.0404433756729719,0.0687727734726));
#15143=CARTESIAN_POINT('',(0.0365,0.039,0.0687727734726));
#15144=CARTESIAN_POINT('',(0.0365,0.03755662432703,0.0687727734726));
#15145=CARTESIAN_POINT('',(0.0365,0.03755662432703,0.0687727734726));
#15146=CARTESIAN_POINT('',(0.0390000000000014,0.0361132486540515,0.0687727734726));
#15147=CARTESIAN_POINT('',(0.039,0.03611324865405,0.0687727734726));
#15148=CARTESIAN_POINT('',(0.039,0.0389654447957873,0.0687727734726));
#15149=CARTESIAN_POINT('',(0.0374,0.0389654447957873,0.0687727734726));
#15150=CARTESIAN_POINT('',(0.0415,0.03755662432703,0.0567727734726));
#15151=CARTESIAN_POINT('',(0.0415000000000023,0.0375566243270261,0.0567727734726));
#15152=CARTESIAN_POINT('',(0.0415000000000012,0.0375566243270255,0.0567727734726));
#15153=CARTESIAN_POINT('',(0.0415,0.03755662432703,0.0567727734726));
#15154=CARTESIAN_POINT('',(0.0415,0.04044337567297,0.0567727734726));
#15155=CARTESIAN_POINT('',(0.0415,0.04044337567297,0.0567727734726));
#15156=CARTESIAN_POINT('',(0.0415,0.04044337567297,0.0567727734726));
#15157=CARTESIAN_POINT('',(0.0415,0.04044337567297,0.0567727734726));
#15158=CARTESIAN_POINT('',(0.0389999999999966,0.0418867513459468,0.0567727734726));
#15159=CARTESIAN_POINT('',(0.0389999999999978,0.0418867513459461,0.0567727734726));
#15160=CARTESIAN_POINT('',(0.039,0.04188675134595,0.0567727734726));
#15161=CARTESIAN_POINT('',(0.039,0.04188675134595,0.0567727734726));
#15162=CARTESIAN_POINT('',(0.0364999999999989,0.0404433756729745,0.0567727734726));
#15163=CARTESIAN_POINT('',(0.0364999999999978,0.0404433756729739,0.0567727734726));
#15164=CARTESIAN_POINT('',(0.0365,0.04044337567297,0.0567727734726));
#15165=CARTESIAN_POINT('',(0.0365,0.04044337567297,0.0567727734726));
#15166=CARTESIAN_POINT('',(0.0365,0.03755662432703,0.0567727734726));
#15167=CARTESIAN_POINT('',(0.0365,0.03755662432703,0.0567727734726));
#15168=CARTESIAN_POINT('',(0.0365,0.03755662432703,0.0567727734726));
#15169=CARTESIAN_POINT('',(0.0365,0.03755662432703,0.0567727734726));
#15170=CARTESIAN_POINT('',(0.0390000000000034,0.0361132486540532,0.0567727734726));
#15171=CARTESIAN_POINT('',(0.0390000000000022,0.0361132486540539,0.0567727734726));
#15172=CARTESIAN_POINT('',(0.039,0.03611324865405,0.0567727734726));
#15173=CARTESIAN_POINT('',(0.039,0.03611324865405,0.0567727734726));
#15174=CARTESIAN_POINT('',(0.039,0.039,0.0567727734726));
#15175=CARTESIAN_POINT('',(0.039,0.039,0.0567727734726));
#15176=CARTESIAN_POINT('',(0.0374,0.039,0.0567727734726));
#15177=CARTESIAN_POINT('',(0.039,0.039,0.0507727734726));
#15178=CARTESIAN_POINT('',(0.039,0.039,0.0507727734726));
#15179=CARTESIAN_POINT('',(0.0374,0.039,0.0507727734726));
#15180=CARTESIAN_POINT('',(0.039,0.039,0.0537727734726));
#15181=CARTESIAN_POINT('',(0.039,0.0389654447957873,0.0686727734726));
#15182=CARTESIAN_POINT('',(0.043439719825983,0.0477901831007297,-0.00146678881340506));
#15183=CARTESIAN_POINT('',(-0.0005,0.041,0.0567727734726));
#15184=CARTESIAN_POINT('',(-0.0005,0.036,0.0567727734726));
#15185=CARTESIAN_POINT('',(-0.0005,0.036,0.0567727734726));
#15186=CARTESIAN_POINT('',(-0.0005,0.036,0.0657727734726));
#15187=CARTESIAN_POINT('',(-0.0005,0.041,0.0567727734726));
#15188=CARTESIAN_POINT('',(-0.0005,0.041,0.0567727734726));
#15189=CARTESIAN_POINT('',(-0.0005,0.041,0.0567727734726));
#15190=CARTESIAN_POINT('',(-0.0005,0.041,0.0657727734726));
#15191=CARTESIAN_POINT('',(-0.0005,0.036,0.0657727734726));
#15192=CARTESIAN_POINT('',(0.0265,0.041,0.0567727734726));
#15193=CARTESIAN_POINT('',(0.0265,0.041,0.0567727734726));
#15194=CARTESIAN_POINT('',(-0.0265,0.041,0.0567727734726));
#15195=CARTESIAN_POINT('',(-0.0265,0.041,0.0567727734726));
#15196=CARTESIAN_POINT('',(-0.0265,0.041,0.0657727734726));
#15197=CARTESIAN_POINT('',(0.,0.041,0.0657727734726));
#15198=CARTESIAN_POINT('',(-0.0265,0.036,0.0567727734726));
#15199=CARTESIAN_POINT('',(-0.0265,0.036,0.0567727734726));
#15200=CARTESIAN_POINT('',(-0.0265,0.036,0.0567727734726));
#15201=CARTESIAN_POINT('',(-0.0265,0.036,0.0567727734726));
#15202=CARTESIAN_POINT('',(-0.0265,0.036,0.0657727734726));
#15203=CARTESIAN_POINT('',(-0.0265,0.036,0.0657727734726));
#15204=CARTESIAN_POINT('',(0.0005,0.036,0.0567727734726));
#15205=CARTESIAN_POINT('',(0.0005,0.036,0.0567727734726));
#15206=CARTESIAN_POINT('',(0.,0.036,0.0657727734726));
#15207=CARTESIAN_POINT('',(0.,0.036,0.0567727734726));
#15208=CARTESIAN_POINT('',(0.,0.036,0.0657727734726));
#15209=CARTESIAN_POINT('',(0.043439719825983,0.0477901831007297,-0.00146678881340506));
#15210=CARTESIAN_POINT('',(-0.039,0.0389999999999873,0.0305727734726));
#15211=CARTESIAN_POINT('',(-0.039,0.0389999999999873,0.0305727734726));
#15212=CARTESIAN_POINT('',(-0.0406,0.0389999999999873,0.0305727734726));
#15213=CARTESIAN_POINT('',(-0.039,0.0390345552042,0.0415727734726));
#15214=CARTESIAN_POINT('',(-0.0365,0.0390345552042,0.0415727734726));
#15215=CARTESIAN_POINT('',(-0.0364999999999995,0.0375911795312281,0.0415727734726));
#15216=CARTESIAN_POINT('',(-0.0365,0.04047793087717,0.0415727734726));
#15217=CARTESIAN_POINT('',(-0.0365,0.04047793087717,0.0415727734726));
#15218=CARTESIAN_POINT('',(-0.0390000000000014,0.0419213065501486,0.0415727734726));
#15219=CARTESIAN_POINT('',(-0.039,0.04192130655015,0.0415727734726));
#15220=CARTESIAN_POINT('',(-0.0415000000000006,0.0404779308771719,0.0415727734726));
#15221=CARTESIAN_POINT('',(-0.0415,0.0390345552042,0.0415727734726));
#15222=CARTESIAN_POINT('',(-0.0415,0.03759117953123,0.0415727734726));
#15223=CARTESIAN_POINT('',(-0.0415,0.03759117953123,0.0415727734726));
#15224=CARTESIAN_POINT('',(-0.0389999999999986,0.0361478038582515,0.0415727734726));
#15225=CARTESIAN_POINT('',(-0.039,0.03614780385825,0.0415727734726));
#15226=CARTESIAN_POINT('',(-0.039,0.0389999999999873,0.0415727734726));
#15227=CARTESIAN_POINT('',(-0.0406,0.0389999999999873,0.0415727734726));
#15228=CARTESIAN_POINT('',(-0.0365,0.03759117953123,0.0295727734726));
#15229=CARTESIAN_POINT('',(-0.0364999999999978,0.0375911795312261,0.0295727734726));
#15230=CARTESIAN_POINT('',(-0.0364999999999989,0.0375911795312255,0.0295727734726));
#15231=CARTESIAN_POINT('',(-0.0365,0.03759117953123,0.0295727734726));
#15232=CARTESIAN_POINT('',(-0.0365,0.04047793087717,0.0295727734726));
#15233=CARTESIAN_POINT('',(-0.0365,0.04047793087717,0.0295727734726));
#15234=CARTESIAN_POINT('',(-0.0365,0.04047793087717,0.0295727734726));
#15235=CARTESIAN_POINT('',(-0.0365,0.04047793087717,0.0295727734726));
#15236=CARTESIAN_POINT('',(-0.0390000000000034,0.0419213065501467,0.0295727734726));
#15237=CARTESIAN_POINT('',(-0.0390000000000022,0.0419213065501461,0.0295727734726));
#15238=CARTESIAN_POINT('',(-0.039,0.04192130655015,0.0295727734726));
#15239=CARTESIAN_POINT('',(-0.039,0.04192130655015,0.0295727734726));
#15240=CARTESIAN_POINT('',(-0.0415000000000012,0.0404779308771746,0.0295727734726));
#15241=CARTESIAN_POINT('',(-0.0415000000000023,0.0404779308771739,0.0295727734726));
#15242=CARTESIAN_POINT('',(-0.0415,0.04047793087717,0.0295727734726));
#15243=CARTESIAN_POINT('',(-0.0415,0.04047793087717,0.0295727734726));
#15244=CARTESIAN_POINT('',(-0.0415,0.03759117953123,0.0295727734726));
#15245=CARTESIAN_POINT('',(-0.0415,0.03759117953123,0.0295727734726));
#15246=CARTESIAN_POINT('',(-0.0415,0.03759117953123,0.0295727734726));
#15247=CARTESIAN_POINT('',(-0.0415,0.03759117953123,0.0295727734726));
#15248=CARTESIAN_POINT('',(-0.0389999999999966,0.0361478038582533,0.0295727734726));
#15249=CARTESIAN_POINT('',(-0.0389999999999978,0.0361478038582539,0.0295727734726));
#15250=CARTESIAN_POINT('',(-0.039,0.03614780385825,0.0295727734726));
#15251=CARTESIAN_POINT('',(-0.039,0.03614780385825,0.0295727734726));
#15252=CARTESIAN_POINT('',(-0.039,0.0390345552042,0.0295727734726));
#15253=CARTESIAN_POINT('',(-0.039,0.0390345552042,0.0295727734726));
#15254=CARTESIAN_POINT('',(-0.0406,0.0390345552042,0.0295727734726));
#15255=CARTESIAN_POINT('',(-0.039,0.0390345552042,0.0235727734726));
#15256=CARTESIAN_POINT('',(-0.039,0.0390345552042,0.0235727734726));
#15257=CARTESIAN_POINT('',(-0.0406,0.0390345552042,0.0235727734726));
#15258=CARTESIAN_POINT('',(-0.039,0.0390345552042,0.0265727734726));
#15259=CARTESIAN_POINT('',(-0.039,0.0389999999999873,0.0414727734726));
#15260=CARTESIAN_POINT('',(0.043439719825983,0.0477901831007297,-0.00146678881340506));
#15261=CARTESIAN_POINT('',(-0.039,-0.0390000000000127,0.0299));
#15262=CARTESIAN_POINT('',(-0.039,-0.0390000000000127,0.019));
#15263=CARTESIAN_POINT('',(-0.0406,-0.0390000000000127,0.019));
#15264=CARTESIAN_POINT('',(-0.039,-0.0390000000000127,0.03));
#15265=CARTESIAN_POINT('',(-0.0374,-0.0390000000000127,0.03));
#15266=CARTESIAN_POINT('',(-0.039,-0.0389654447958,0.015));
#15267=CARTESIAN_POINT('',(-0.039,-0.0389654447958,0.012));
#15268=CARTESIAN_POINT('',(-0.0406,-0.0389654447958,0.012));
#15269=CARTESIAN_POINT('',(-0.039,-0.0389654447958,0.018));
#15270=CARTESIAN_POINT('',(-0.0374,-0.0389654447958,0.018));
#15271=CARTESIAN_POINT('',(-0.039,-0.0389654447958,0.012));
#15272=CARTESIAN_POINT('',(-0.039,-0.0389654447958,0.018));
#15273=CARTESIAN_POINT('',(-0.03775,-0.04113050830526,0.018));
#15274=CARTESIAN_POINT('',(-0.039,-0.04185219614175,0.018));
#15275=CARTESIAN_POINT('',(-0.0365,-0.04040882046877,0.018));
#15276=CARTESIAN_POINT('',(-0.04025,-0.04113050830526,0.018));
#15277=CARTESIAN_POINT('',(-0.0415,-0.0404088204687713,0.018));
#15278=CARTESIAN_POINT('',(-0.0415,-0.0389654447958,0.018));
#15279=CARTESIAN_POINT('',(-0.0415,-0.0375220691228283,0.018));
#15280=CARTESIAN_POINT('',(-0.04025,-0.03680038128634,0.018));
#15281=CARTESIAN_POINT('',(-0.039,-0.03607869344985,0.018));
#15282=CARTESIAN_POINT('',(-0.03775,-0.03680038128634,0.018));
#15283=CARTESIAN_POINT('',(-0.0365,-0.03752206912283,0.018));
#15284=CARTESIAN_POINT('',(-0.0365,-0.0389654447958,0.018));
#15285=CARTESIAN_POINT('',(-0.039,-0.04185219614175,0.018));
#15286=CARTESIAN_POINT('',(-0.039,-0.04185219614175,0.024));
#15287=CARTESIAN_POINT('',(-0.039,-0.04185219614175,0.03));
#15288=CARTESIAN_POINT('',(-0.0365,-0.04040882046877,0.024));
#15289=CARTESIAN_POINT('',(-0.0365,-0.04040882046877,0.03));
#15290=CARTESIAN_POINT('',(-0.03775,-0.04113050830526,0.03));
#15291=CARTESIAN_POINT('',(-0.0415,-0.04040882046877,0.018));
#15292=CARTESIAN_POINT('',(-0.0415,-0.04040882046877,0.024));
#15293=CARTESIAN_POINT('',(-0.0415,-0.0404088204687718,0.03));
#15294=CARTESIAN_POINT('',(-0.04025,-0.04113050830526,0.03));
#15295=CARTESIAN_POINT('',(-0.0415,-0.03752206912283,0.018));
#15296=CARTESIAN_POINT('',(-0.0415,-0.03752206912283,0.024));
#15297=CARTESIAN_POINT('',(-0.0415,-0.0375220691228283,0.03));
#15298=CARTESIAN_POINT('',(-0.0415,-0.0389654447958,0.03));
#15299=CARTESIAN_POINT('',(-0.039,-0.03607869344985,0.018));
#15300=CARTESIAN_POINT('',(-0.039,-0.03607869344985,0.024));
#15301=CARTESIAN_POINT('',(-0.039,-0.03607869344985,0.03));
#15302=CARTESIAN_POINT('',(-0.04025,-0.03680038128634,0.03));
#15303=CARTESIAN_POINT('',(-0.0365,-0.03752206912283,0.018));
#15304=CARTESIAN_POINT('',(-0.0365,-0.03752206912283,0.024));
#15305=CARTESIAN_POINT('',(-0.0365,-0.03752206912283,0.03));
#15306=CARTESIAN_POINT('',(-0.03775,-0.03680038128634,0.03));
#15307=CARTESIAN_POINT('',(-0.0365,-0.04040882046877,0.018));
#15308=CARTESIAN_POINT('',(-0.0365,-0.0389654447958,0.03));
#15309=CARTESIAN_POINT('',(-0.039,-0.0389654447958,0.03));
#15310=CARTESIAN_POINT('',(-0.039,-0.0390000000000127,0.019));
#15311=CARTESIAN_POINT('',(0.043439719825983,0.0477697608331605,-0.0170940153408051));
#15312=CARTESIAN_POINT('',(-0.039,0.039,0.));
#15313=CARTESIAN_POINT('',(-0.039,0.039,0.002));
#15314=CARTESIAN_POINT('',(-0.0415,0.039,0.002));
#15315=CARTESIAN_POINT('',(-0.039,0.039,0.));
#15316=CARTESIAN_POINT('',(-0.0365,0.039,0.));
#15317=CARTESIAN_POINT('',(0.039,-0.039,0.));
#15318=CARTESIAN_POINT('',(0.039,-0.039,0.002));
#15319=CARTESIAN_POINT('',(0.0365,-0.039,0.002));
#15320=CARTESIAN_POINT('',(0.039,-0.039,0.));
#15321=CARTESIAN_POINT('',(0.0415,-0.039,0.));
#15322=CARTESIAN_POINT('',(-0.039,-0.039,0.));
#15323=CARTESIAN_POINT('',(-0.039,-0.039,0.002));
#15324=CARTESIAN_POINT('',(-0.0365,-0.039,0.002));
#15325=CARTESIAN_POINT('',(-0.039,-0.039,0.));
#15326=CARTESIAN_POINT('',(-0.0365,-0.039,0.));
#15327=CARTESIAN_POINT('',(0.048,-0.048,0.002));
#15328=CARTESIAN_POINT('',(0.048,-0.048,0.002));
#15329=CARTESIAN_POINT('',(0.048,-0.05,0.002));
#15330=CARTESIAN_POINT('',(0.0499999999999867,-0.048,0.002));
#15331=CARTESIAN_POINT('',(0.048,-0.05,0.001));
#15332=CARTESIAN_POINT('',(0.048,-0.05,0.));
#15333=CARTESIAN_POINT('',(0.048,-0.048,0.));
#15334=CARTESIAN_POINT('',(0.0499999999999867,-0.048,0.));
#15335=CARTESIAN_POINT('',(0.05,-0.048,0.001));
#15336=CARTESIAN_POINT('',(0.05,0.,0.002));
#15337=CARTESIAN_POINT('',(0.05,0.,0.));
#15338=CARTESIAN_POINT('',(0.0499999999999867,0.048,0.));
#15339=CARTESIAN_POINT('',(0.05,0.048,0.002));
#15340=CARTESIAN_POINT('',(0.0499999999999867,0.048,0.002));
#15341=CARTESIAN_POINT('',(0.05,0.,0.002));
#15342=CARTESIAN_POINT('',(0.048,0.048,0.002));
#15343=CARTESIAN_POINT('',(0.048,0.048,0.002));
#15344=CARTESIAN_POINT('',(0.048,0.05,0.002));
#15345=CARTESIAN_POINT('',(0.048,0.048,0.));
#15346=CARTESIAN_POINT('',(0.048,0.05,0.));
#15347=CARTESIAN_POINT('',(0.048,0.05,0.001));
#15348=CARTESIAN_POINT('',(-6.93889390391E-18,0.05,0.002));
#15349=CARTESIAN_POINT('',(0.,0.05,0.));
#15350=CARTESIAN_POINT('',(-0.048,0.05,0.));
#15351=CARTESIAN_POINT('',(-0.048,0.05,0.002));
#15352=CARTESIAN_POINT('',(-0.048,0.05,0.002));
#15353=CARTESIAN_POINT('',(0.,0.05,0.002));
#15354=CARTESIAN_POINT('',(-0.048,0.048,0.002));
#15355=CARTESIAN_POINT('',(-0.048,0.048,0.002));
#15356=CARTESIAN_POINT('',(-0.0499999999999867,0.048,0.002));
#15357=CARTESIAN_POINT('',(-0.048,0.048,0.));
#15358=CARTESIAN_POINT('',(-0.0499999999999867,0.048,0.));
#15359=CARTESIAN_POINT('',(-0.05,0.048,0.001));
#15360=CARTESIAN_POINT('',(-0.05,0.,0.002));
#15361=CARTESIAN_POINT('',(-0.05,0.,0.));
#15362=CARTESIAN_POINT('',(-0.0499999999999867,-0.048,0.));
#15363=CARTESIAN_POINT('',(-0.05,-0.048,0.002));
#15364=CARTESIAN_POINT('',(-0.0499999999999867,-0.048,0.002));
#15365=CARTESIAN_POINT('',(-0.05,0.,0.002));
#15366=CARTESIAN_POINT('',(-0.048,-0.048,0.002));
#15367=CARTESIAN_POINT('',(-0.048,-0.048,0.002));
#15368=CARTESIAN_POINT('',(-0.048,-0.05,0.002));
#15369=CARTESIAN_POINT('',(-0.048,-0.048,0.));
#15370=CARTESIAN_POINT('',(-0.048,-0.05,0.));
#15371=CARTESIAN_POINT('',(-0.048,-0.05,0.001));
#15372=CARTESIAN_POINT('',(6.93889390391E-18,-0.05,0.002));
#15373=CARTESIAN_POINT('',(0.,-0.05,0.002));
#15374=CARTESIAN_POINT('',(0.,-0.05,0.));
#15375=CARTESIAN_POINT('',(0.,0.,0.002));
#15376=CARTESIAN_POINT('',(-0.039,0.039,0.002));
#15377=CARTESIAN_POINT('',(-0.0374,0.039,0.002));
#15378=CARTESIAN_POINT('',(0.,0.,0.002));
#15379=CARTESIAN_POINT('',(0.039,-0.039,0.002));
#15380=CARTESIAN_POINT('',(0.0406,-0.039,0.002));
#15381=CARTESIAN_POINT('',(0.,0.,0.002));
#15382=CARTESIAN_POINT('',(-0.039,-0.039,0.002));
#15383=CARTESIAN_POINT('',(-0.0374,-0.039,0.002));
#15384=CARTESIAN_POINT('',(0.,0.,0.002));
#15385=CARTESIAN_POINT('',(-7.1054273576E-18,0.0484,0.002));
#15386=CARTESIAN_POINT('',(0.0464000000004,0.0484000000004,0.002));
#15387=CARTESIAN_POINT('',(-0.0464000000004,0.0484000000004,0.002));
#15388=CARTESIAN_POINT('',(0.0464,0.0464,0.002));
#15389=CARTESIAN_POINT('',(0.0484,0.0464000000001333,0.002));
#15390=CARTESIAN_POINT('',(0.0484,0.,0.002));
#15391=CARTESIAN_POINT('',(0.0484,-0.0464,0.002));
#15392=CARTESIAN_POINT('',(0.0464,-0.0464,0.002));
#15393=CARTESIAN_POINT('',(0.0464000000004,-0.0484000000004,0.002));
#15394=CARTESIAN_POINT('',(7.1054273576E-18,-0.0484,0.002));
#15395=CARTESIAN_POINT('',(-0.0464000000004,-0.0484000000004,0.002));
#15396=CARTESIAN_POINT('',(-0.0464,-0.0464,0.002));
#15397=CARTESIAN_POINT('',(-0.0484,-0.0464000000001333,0.002));
#15398=CARTESIAN_POINT('',(-0.0484,0.,0.002));
#15399=CARTESIAN_POINT('',(-0.0484,0.0464000000001333,0.002));
#15400=CARTESIAN_POINT('',(-0.0464,0.0464,0.002));
#15401=CARTESIAN_POINT('',(0.,0.,0.));
#15402=CARTESIAN_POINT('',(0.039,0.039,0.));
#15403=CARTESIAN_POINT('',(0.0415,0.039,0.));
#15404=CARTESIAN_POINT('',(-0.039,0.039,0.));
#15405=CARTESIAN_POINT('',(-0.039,0.039,0.006));
#15406=CARTESIAN_POINT('',(-0.0374,0.039,0.006));
#15407=CARTESIAN_POINT('',(0.039,-0.039,0.));
#15408=CARTESIAN_POINT('',(0.039,-0.039,0.006));
#15409=CARTESIAN_POINT('',(0.0406,-0.039,0.006));
#15410=CARTESIAN_POINT('',(-0.039,-0.039,0.));
#15411=CARTESIAN_POINT('',(-0.039,-0.039,0.006));
#15412=CARTESIAN_POINT('',(-0.03740000000037,-0.039,0.006));
#15413=CARTESIAN_POINT('',(-0.0464,0.0464,0.006));
#15414=CARTESIAN_POINT('',(-0.0464000000004,0.0464000000004,0.006));
#15415=CARTESIAN_POINT('',(-0.0464000000004,0.0484,0.006));
#15416=CARTESIAN_POINT('',(-0.0484000000002533,0.0464000000004,0.006));
#15417=CARTESIAN_POINT('',(-0.0464000000004,0.0484,0.004));
#15418=CARTESIAN_POINT('',(-0.0484,0.0464000000004,0.004));
#15419=CARTESIAN_POINT('',(-6.93889390391E-18,0.0484,0.006));
#15420=CARTESIAN_POINT('',(0.,0.0484000000004,0.006));
#15421=CARTESIAN_POINT('',(0.0464000000004,0.0484,0.006));
#15422=CARTESIAN_POINT('',(0.0464,0.0484,0.006));
#15423=CARTESIAN_POINT('',(0.0464,0.0464,0.006));
#15424=CARTESIAN_POINT('',(0.0464000000004,0.0464000000004,0.006));
#15425=CARTESIAN_POINT('',(0.0484000000002533,0.0464000000004,0.006));
#15426=CARTESIAN_POINT('',(0.0484,0.0464000000004,0.004));
#15427=CARTESIAN_POINT('',(0.0484,0.,0.006));
#15428=CARTESIAN_POINT('',(0.0484000000004,0.,0.006));
#15429=CARTESIAN_POINT('',(0.0484000000002533,-0.0464000000002667,0.006));
#15430=CARTESIAN_POINT('',(0.0484,-0.0464,0.006));
#15431=CARTESIAN_POINT('',(0.0464,-0.0464,0.006));
#15432=CARTESIAN_POINT('',(0.0464000000004,-0.0464000000004,0.006));
#15433=CARTESIAN_POINT('',(0.0464000000004,-0.0484,0.006));
#15434=CARTESIAN_POINT('',(0.0464000000004,-0.0484,0.004));
#15435=CARTESIAN_POINT('',(6.93889390391E-18,-0.0484,0.006));
#15436=CARTESIAN_POINT('',(0.,-0.0484000000004,0.006));
#15437=CARTESIAN_POINT('',(-0.0464000000004,-0.0484,0.006));
#15438=CARTESIAN_POINT('',(-0.0464,-0.0484,0.006));
#15439=CARTESIAN_POINT('',(-0.0464,-0.0464,0.006));
#15440=CARTESIAN_POINT('',(-0.0464000000004,-0.0464000000004,0.006));
#15441=CARTESIAN_POINT('',(-0.0484000000002533,-0.0464000000004,0.006));
#15442=CARTESIAN_POINT('',(-0.0484,-0.0464000000004,0.004));
#15443=CARTESIAN_POINT('',(-0.0484,0.,0.006));
#15444=CARTESIAN_POINT('',(-0.0484000000004,0.,0.006));
#15445=CARTESIAN_POINT('',(0.039,0.039,0.));
#15446=CARTESIAN_POINT('',(0.039,0.039,0.002));
#15447=CARTESIAN_POINT('',(0.0415,0.039,0.002));
#15448=CARTESIAN_POINT('',(0.,0.,0.006));
#15449=CARTESIAN_POINT('',(0.039,0.039,0.006));
#15450=CARTESIAN_POINT('',(0.0406,0.039,0.006));
#15451=CARTESIAN_POINT('',(0.,0.,0.002));
#15452=CARTESIAN_POINT('',(0.039,0.039,0.002));
#15453=CARTESIAN_POINT('',(0.0406,0.039,0.002));
#15454=CARTESIAN_POINT('',(0.039,0.039,0.));
#15455=CARTESIAN_POINT('',(0.043439719825983,0.0477697608331605,-0.0170940153408051));
#15456=CARTESIAN_POINT('',(-0.039,-0.0390000000000127,0.0577727734726));
#15457=CARTESIAN_POINT('',(-0.039,-0.0390000000000127,0.0577727734726));
#15458=CARTESIAN_POINT('',(-0.0406,-0.0390000000000127,0.0577727734726));
#15459=CARTESIAN_POINT('',(-0.039,-0.0389654447958,0.0687727734726));
#15460=CARTESIAN_POINT('',(-0.0365,-0.0389654447958,0.0687727734726));
#15461=CARTESIAN_POINT('',(-0.0364999999999995,-0.040408820468772,0.0687727734726));
#15462=CARTESIAN_POINT('',(-0.0365,-0.03752206912283,0.0687727734726));
#15463=CARTESIAN_POINT('',(-0.0365,-0.03752206912283,0.0687727734726));
#15464=CARTESIAN_POINT('',(-0.0390000000000014,-0.0360786934498514,0.0687727734726));
#15465=CARTESIAN_POINT('',(-0.039,-0.03607869344985,0.0687727734726));
#15466=CARTESIAN_POINT('',(-0.0415000000000006,-0.0375220691228281,0.0687727734726));
#15467=CARTESIAN_POINT('',(-0.0415,-0.0389654447958,0.0687727734726));
#15468=CARTESIAN_POINT('',(-0.0415,-0.04040882046877,0.0687727734726));
#15469=CARTESIAN_POINT('',(-0.0415,-0.04040882046877,0.0687727734726));
#15470=CARTESIAN_POINT('',(-0.0389999999999986,-0.0418521961417486,0.0687727734726));
#15471=CARTESIAN_POINT('',(-0.039,-0.04185219614175,0.0687727734726));
#15472=CARTESIAN_POINT('',(-0.039,-0.0390000000000127,0.0687727734726));
#15473=CARTESIAN_POINT('',(-0.0406,-0.0390000000000127,0.0687727734726));
#15474=CARTESIAN_POINT('',(-0.0365,-0.04040882046877,0.0567727734726));
#15475=CARTESIAN_POINT('',(-0.0364999999999978,-0.0404088204687739,0.0567727734726));
#15476=CARTESIAN_POINT('',(-0.0364999999999989,-0.0404088204687746,0.0567727734726));
#15477=CARTESIAN_POINT('',(-0.0365,-0.04040882046877,0.0567727734726));
#15478=CARTESIAN_POINT('',(-0.0365,-0.03752206912283,0.0567727734726));
#15479=CARTESIAN_POINT('',(-0.0365,-0.03752206912283,0.0567727734726));
#15480=CARTESIAN_POINT('',(-0.0365,-0.03752206912283,0.0567727734726));
#15481=CARTESIAN_POINT('',(-0.0365,-0.03752206912283,0.0567727734726));
#15482=CARTESIAN_POINT('',(-0.0390000000000034,-0.0360786934498532,0.0567727734726));
#15483=CARTESIAN_POINT('',(-0.0390000000000022,-0.0360786934498539,0.0567727734726));
#15484=CARTESIAN_POINT('',(-0.039,-0.03607869344985,0.0567727734726));
#15485=CARTESIAN_POINT('',(-0.039,-0.03607869344985,0.0567727734726));
#15486=CARTESIAN_POINT('',(-0.0415000000000012,-0.0375220691228254,0.0567727734726));
#15487=CARTESIAN_POINT('',(-0.0415000000000023,-0.0375220691228261,0.0567727734726));
#15488=CARTESIAN_POINT('',(-0.0415,-0.03752206912283,0.0567727734726));
#15489=CARTESIAN_POINT('',(-0.0415,-0.03752206912283,0.0567727734726));
#15490=CARTESIAN_POINT('',(-0.0415,-0.04040882046877,0.0567727734726));
#15491=CARTESIAN_POINT('',(-0.0415,-0.04040882046877,0.0567727734726));
#15492=CARTESIAN_POINT('',(-0.0415,-0.04040882046877,0.0567727734726));
#15493=CARTESIAN_POINT('',(-0.0415,-0.04040882046877,0.0567727734726));
#15494=CARTESIAN_POINT('',(-0.0389999999999966,-0.0418521961417468,0.0567727734726));
#15495=CARTESIAN_POINT('',(-0.0389999999999978,-0.0418521961417461,0.0567727734726));
#15496=CARTESIAN_POINT('',(-0.039,-0.04185219614175,0.0567727734726));
#15497=CARTESIAN_POINT('',(-0.039,-0.04185219614175,0.0567727734726));
#15498=CARTESIAN_POINT('',(-0.039,-0.0389654447958,0.0567727734726));
#15499=CARTESIAN_POINT('',(-0.039,-0.0389654447958,0.0567727734726));
#15500=CARTESIAN_POINT('',(-0.0406,-0.0389654447958,0.0567727734726));
#15501=CARTESIAN_POINT('',(-0.039,-0.0389654447958,0.0507727734726));
#15502=CARTESIAN_POINT('',(-0.039,-0.0389654447958,0.0507727734726));
#15503=CARTESIAN_POINT('',(-0.0406,-0.0389654447958,0.0507727734726));
#15504=CARTESIAN_POINT('',(-0.039,-0.0389654447958,0.0537727734726));
#15505=CARTESIAN_POINT('',(-0.039,-0.0390000000000127,0.0686727734726));
#15506=CARTESIAN_POINT('',(0.043439719825983,0.0477901831007297,-0.00146678881340506));
#15507=CARTESIAN_POINT('',(-0.039,0.0389999999999873,0.0299));
#15508=CARTESIAN_POINT('',(-0.039,0.0389999999999873,0.019));
#15509=CARTESIAN_POINT('',(-0.0406,0.0389999999999873,0.019));
#15510=CARTESIAN_POINT('',(-0.039,0.0389999999999873,0.03));
#15511=CARTESIAN_POINT('',(-0.0374,0.0389999999999873,0.03));
#15512=CARTESIAN_POINT('',(-0.039,0.0390345552042,0.015));
#15513=CARTESIAN_POINT('',(-0.039,0.0390345552042,0.012));
#15514=CARTESIAN_POINT('',(-0.0406,0.0390345552042,0.012));
#15515=CARTESIAN_POINT('',(-0.039,0.0390345552042,0.018));
#15516=CARTESIAN_POINT('',(-0.0374,0.0390345552042,0.018));
#15517=CARTESIAN_POINT('',(-0.039,0.0390345552042,0.012));
#15518=CARTESIAN_POINT('',(-0.039,0.0390345552042,0.018));
#15519=CARTESIAN_POINT('',(-0.03775,0.03686949169474,0.018));
#15520=CARTESIAN_POINT('',(-0.039,0.03614780385825,0.018));
#15521=CARTESIAN_POINT('',(-0.0365,0.03759117953123,0.018));
#15522=CARTESIAN_POINT('',(-0.04025,0.03686949169474,0.018));
#15523=CARTESIAN_POINT('',(-0.0415,0.0375911795312287,0.018));
#15524=CARTESIAN_POINT('',(-0.0415,0.0390345552042,0.018));
#15525=CARTESIAN_POINT('',(-0.0415,0.0404779308771717,0.018));
#15526=CARTESIAN_POINT('',(-0.04025,0.04119961871366,0.018));
#15527=CARTESIAN_POINT('',(-0.039,0.04192130655015,0.018));
#15528=CARTESIAN_POINT('',(-0.03775,0.04119961871366,0.018));
#15529=CARTESIAN_POINT('',(-0.0365,0.04047793087717,0.018));
#15530=CARTESIAN_POINT('',(-0.0365,0.0390345552042,0.018));
#15531=CARTESIAN_POINT('',(-0.039,0.03614780385825,0.018));
#15532=CARTESIAN_POINT('',(-0.039,0.03614780385825,0.024));
#15533=CARTESIAN_POINT('',(-0.039,0.03614780385825,0.03));
#15534=CARTESIAN_POINT('',(-0.0365,0.03759117953123,0.024));
#15535=CARTESIAN_POINT('',(-0.0365,0.03759117953123,0.03));
#15536=CARTESIAN_POINT('',(-0.03775,0.03686949169474,0.03));
#15537=CARTESIAN_POINT('',(-0.0415,0.03759117953123,0.018));
#15538=CARTESIAN_POINT('',(-0.0415,0.03759117953123,0.024));
#15539=CARTESIAN_POINT('',(-0.0415,0.0375911795312283,0.03));
#15540=CARTESIAN_POINT('',(-0.04025,0.03686949169474,0.03));
#15541=CARTESIAN_POINT('',(-0.0415,0.04047793087717,0.018));
#15542=CARTESIAN_POINT('',(-0.0415,0.04047793087717,0.024));
#15543=CARTESIAN_POINT('',(-0.0415,0.0404779308771717,0.03));
#15544=CARTESIAN_POINT('',(-0.0415,0.0390345552042,0.03));
#15545=CARTESIAN_POINT('',(-0.039,0.04192130655015,0.018));
#15546=CARTESIAN_POINT('',(-0.039,0.04192130655015,0.024));
#15547=CARTESIAN_POINT('',(-0.039,0.04192130655015,0.03));
#15548=CARTESIAN_POINT('',(-0.04025,0.04119961871366,0.03));
#15549=CARTESIAN_POINT('',(-0.0365,0.04047793087717,0.018));
#15550=CARTESIAN_POINT('',(-0.0365,0.04047793087717,0.024));
#15551=CARTESIAN_POINT('',(-0.0365,0.04047793087717,0.03));
#15552=CARTESIAN_POINT('',(-0.03775,0.04119961871366,0.03));
#15553=CARTESIAN_POINT('',(-0.0365,0.03759117953123,0.018));
#15554=CARTESIAN_POINT('',(-0.0365,0.0390345552042,0.03));
#15555=CARTESIAN_POINT('',(-0.039,0.0390345552042,0.03));
#15556=CARTESIAN_POINT('',(-0.039,0.0389999999999873,0.019));
#15557=CARTESIAN_POINT('',(0.043439719825983,0.0477697608331605,-0.0170940153408051));
#15558=CARTESIAN_POINT('',(-0.039,-0.039,0.0287727734726));
#15559=CARTESIAN_POINT('',(-0.039,-0.039,0.0295727734726));
#15560=CARTESIAN_POINT('',(-0.0374,-0.039,0.0295727734726));
#15561=CARTESIAN_POINT('',(-0.039,-0.039,0.0279727734726));
#15562=CARTESIAN_POINT('',(-0.0374,-0.039,0.0279727734726));
#15563=CARTESIAN_POINT('',(0.039,-0.039,0.0287727734726));
#15564=CARTESIAN_POINT('',(0.039,-0.039,0.0295727734726));
#15565=CARTESIAN_POINT('',(0.0406,-0.039,0.0295727734726));
#15566=CARTESIAN_POINT('',(0.039,-0.039,0.0279727734726));
#15567=CARTESIAN_POINT('',(0.0406,-0.039,0.0279727734726));
#15568=CARTESIAN_POINT('',(0.039,0.039,0.0287727734726));
#15569=CARTESIAN_POINT('',(0.039,0.039,0.0295727734726));
#15570=CARTESIAN_POINT('',(0.0406,0.039,0.0295727734726));
#15571=CARTESIAN_POINT('',(0.039,0.039,0.0279727734726));
#15572=CARTESIAN_POINT('',(0.0406,0.039,0.0279727734726));
#15573=CARTESIAN_POINT('',(-0.039,0.039,0.0287727734726));
#15574=CARTESIAN_POINT('',(-0.039,0.039,0.0295727734726));
#15575=CARTESIAN_POINT('',(-0.0374,0.039,0.0295727734726));
#15576=CARTESIAN_POINT('',(-0.039,0.039,0.0279727734726));
#15577=CARTESIAN_POINT('',(-0.0374,0.039,0.0279727734726));
#15578=CARTESIAN_POINT('',(0.0438,0.0438,0.0287727734726));
#15579=CARTESIAN_POINT('',(0.0438,0.0438,0.0295727734726));
#15580=CARTESIAN_POINT('',(0.0438,0.045,0.0295727734726));
#15581=CARTESIAN_POINT('',(0.045,0.0438,0.0295727734726));
#15582=CARTESIAN_POINT('',(0.045,0.0438,0.0279727734726));
#15583=CARTESIAN_POINT('',(0.045,0.0438,0.0279727734726));
#15584=CARTESIAN_POINT('',(0.0438,0.0438,0.0279727734726));
#15585=CARTESIAN_POINT('',(0.0438,0.045,0.0279727734726));
#15586=CARTESIAN_POINT('',(0.0438,0.045,0.0287727734726));
#15587=CARTESIAN_POINT('',(0.0438,-0.0112,0.0287727734726));
#15588=CARTESIAN_POINT('',(0.0438,-0.0112,0.0295727734726));
#15589=CARTESIAN_POINT('',(0.044,-0.0100167840433799,0.0295727734726));
#15590=CARTESIAN_POINT('',(0.045,-0.0112,0.0295727734726));
#15591=CARTESIAN_POINT('',(0.045,-0.0112,0.0279727734726));
#15592=CARTESIAN_POINT('',(0.045,-0.0112,0.0279727734726));
#15593=CARTESIAN_POINT('',(0.0438,-0.0112,0.0279727734726));
#15594=CARTESIAN_POINT('',(0.044,-0.0100167840433799,0.0279727734726));
#15595=CARTESIAN_POINT('',(0.0439999999999996,-0.0100167840433798,0.0287727734726));
#15596=CARTESIAN_POINT('',(0.0442,-0.00883356808676,0.0287727734726));
#15597=CARTESIAN_POINT('',(0.043,-0.00883356808676,0.0279727734726));
#15598=CARTESIAN_POINT('',(0.043,-0.00883356808676,0.0295727734726));
#15599=CARTESIAN_POINT('',(0.043,-0.00883356808676,0.0279727734726));
#15600=CARTESIAN_POINT('',(0.0442,-0.00883356808676,0.0295727734726));
#15601=CARTESIAN_POINT('',(0.0442,-0.00883356808676,0.0279727734726));
#15602=CARTESIAN_POINT('',(0.043,0.01,0.0279727734726));
#15603=CARTESIAN_POINT('',(0.043,0.0088,0.0287727734726));
#15604=CARTESIAN_POINT('',(0.043,0.0088,0.0295727734726));
#15605=CARTESIAN_POINT('',(0.043,0.0088,0.0279727734726));
#15606=CARTESIAN_POINT('',(0.043,0.,0.0295727734726));
#15607=CARTESIAN_POINT('',(0.043,0.01,0.0279727734726));
#15608=CARTESIAN_POINT('',(0.045,-0.01,0.0279727734726));
#15609=CARTESIAN_POINT('',(0.045,0.0111664319132,0.0287727734726));
#15610=CARTESIAN_POINT('',(0.045,0.0111664319132,0.0279727734726));
#15611=CARTESIAN_POINT('',(0.045,0.0111664319132,0.0295727734726));
#15612=CARTESIAN_POINT('',(0.045,-0.01,0.0279727734726));
#15613=CARTESIAN_POINT('',(0.045,0.,0.0295727734726));
#15614=CARTESIAN_POINT('',(0.0442,0.0088,0.0287727734726));
#15615=CARTESIAN_POINT('',(0.044,0.00998321595661993,0.0287727734726));
#15616=CARTESIAN_POINT('',(0.044,0.00998321595660996,0.0279727734726));
#15617=CARTESIAN_POINT('',(0.044,0.00998321595660996,0.0295727734726));
#15618=CARTESIAN_POINT('',(0.0442,0.0088,0.0295727734726));
#15619=CARTESIAN_POINT('',(0.0442,0.0088,0.0279727734726));
#15620=CARTESIAN_POINT('',(0.0438,0.0111664319132,0.0287727734726));
#15621=CARTESIAN_POINT('',(0.0438,0.0111664319132,0.0295727734726));
#15622=CARTESIAN_POINT('',(0.0438,0.0111664319132,0.0279727734726));
#15623=CARTESIAN_POINT('',(0.045,-0.01,0.0279727734726));
#15624=CARTESIAN_POINT('',(0.045,-0.0438,0.0287727734726));
#15625=CARTESIAN_POINT('',(0.045,-0.0438,0.0279727734726));
#15626=CARTESIAN_POINT('',(0.045,-0.0438,0.0295727734726));
#15627=CARTESIAN_POINT('',(0.045,-0.01,0.0279727734726));
#15628=CARTESIAN_POINT('',(0.045,0.,0.0295727734726));
#15629=CARTESIAN_POINT('',(0.0438,-0.0438,0.0287727734726));
#15630=CARTESIAN_POINT('',(0.0438,-0.0438,0.0295727734726));
#15631=CARTESIAN_POINT('',(0.0438,-0.045,0.0295727734726));
#15632=CARTESIAN_POINT('',(0.0438,-0.045,0.0279727734726));
#15633=CARTESIAN_POINT('',(0.0438,-0.045,0.0279727734726));
#15634=CARTESIAN_POINT('',(0.0438,-0.0438,0.0279727734726));
#15635=CARTESIAN_POINT('',(-0.0112,-0.0438,0.0287727734726));
#15636=CARTESIAN_POINT('',(-0.0112,-0.0438,0.0295727734726));
#15637=CARTESIAN_POINT('',(-0.0100167840433802,-0.0440000000000016,0.0295727734726));
#15638=CARTESIAN_POINT('',(-0.0112,-0.045,0.0295727734726));
#15639=CARTESIAN_POINT('',(-0.0112,-0.045,0.0279727734726));
#15640=CARTESIAN_POINT('',(-0.0112,-0.045,0.0279727734726));
#15641=CARTESIAN_POINT('',(-0.0112,-0.0438,0.0279727734726));
#15642=CARTESIAN_POINT('',(-0.0100167840433802,-0.0440000000000016,0.0279727734726));
#15643=CARTESIAN_POINT('',(-0.0100167840433805,-0.0440000000000033,0.0287727734726));
#15644=CARTESIAN_POINT('',(-0.00883356808676,-0.0442,0.0287727734726));
#15645=CARTESIAN_POINT('',(-0.00883356808676,-0.043,0.0279727734726));
#15646=CARTESIAN_POINT('',(-0.00883356808676,-0.043,0.0295727734726));
#15647=CARTESIAN_POINT('',(-0.00883356808676,-0.043,0.0279727734726));
#15648=CARTESIAN_POINT('',(-0.00883356808676,-0.0442,0.0295727734726));
#15649=CARTESIAN_POINT('',(-0.00883356808676,-0.0442,0.0279727734726));
#15650=CARTESIAN_POINT('',(-0.01,-0.043,0.0279727734726));
#15651=CARTESIAN_POINT('',(0.,-0.043,0.0295727734726));
#15652=CARTESIAN_POINT('',(0.0088,-0.043,0.0295727734726));
#15653=CARTESIAN_POINT('',(-0.01,-0.043,0.0279727734726));
#15654=CARTESIAN_POINT('',(0.0088,-0.043,0.0279727734726));
#15655=CARTESIAN_POINT('',(0.0088,-0.043,0.0287727734726));
#15656=CARTESIAN_POINT('',(-0.045,-0.045,0.0279727734726));
#15657=CARTESIAN_POINT('',(-0.045,-0.045,0.0279727734726));
#15658=CARTESIAN_POINT('',(0.0111664319132,-0.045,0.0279727734726));
#15659=CARTESIAN_POINT('',(0.,-0.045,0.0295727734726));
#15660=CARTESIAN_POINT('',(0.0111664319132,-0.045,0.0295727734726));
#15661=CARTESIAN_POINT('',(0.0111664319132,-0.045,0.0287727734726));
#15662=CARTESIAN_POINT('',(0.0088,-0.0442,0.0287727734726));
#15663=CARTESIAN_POINT('',(0.00998321595661993,-0.044,0.0287727734726));
#15664=CARTESIAN_POINT('',(0.00998321595660996,-0.044,0.0279727734726));
#15665=CARTESIAN_POINT('',(0.00998321595660996,-0.044,0.0295727734726));
#15666=CARTESIAN_POINT('',(0.0088,-0.0442,0.0295727734726));
#15667=CARTESIAN_POINT('',(0.0088,-0.0442,0.0279727734726));
#15668=CARTESIAN_POINT('',(0.0111664319132,-0.0438,0.0287727734726));
#15669=CARTESIAN_POINT('',(0.0111664319132,-0.0438,0.0295727734726));
#15670=CARTESIAN_POINT('',(0.0111664319132,-0.0438,0.0279727734726));
#15671=CARTESIAN_POINT('',(-0.045,-0.045,0.0279727734726));
#15672=CARTESIAN_POINT('',(-0.045,-0.045,0.0279727734726));
#15673=CARTESIAN_POINT('',(-0.0438,-0.045,0.0279727734726));
#15674=CARTESIAN_POINT('',(0.,-0.045,0.0295727734726));
#15675=CARTESIAN_POINT('',(-0.0438,-0.045,0.0295727734726));
#15676=CARTESIAN_POINT('',(-0.0438,-0.045,0.0287727734726));
#15677=CARTESIAN_POINT('',(-0.0438,-0.0438,0.0287727734726));
#15678=CARTESIAN_POINT('',(-0.0438,-0.0438,0.0295727734726));
#15679=CARTESIAN_POINT('',(-0.045,-0.0438,0.0295727734726));
#15680=CARTESIAN_POINT('',(-0.045,-0.0438,0.0279727734726));
#15681=CARTESIAN_POINT('',(-0.045,-0.0438,0.0279727734726));
#15682=CARTESIAN_POINT('',(-0.0438,-0.0438,0.0279727734726));
#15683=CARTESIAN_POINT('',(-0.0438,0.0112,0.0287727734726));
#15684=CARTESIAN_POINT('',(-0.0438,0.0112,0.0295727734726));
#15685=CARTESIAN_POINT('',(-0.0440000000000016,0.0100167840433802,0.0295727734726));
#15686=CARTESIAN_POINT('',(-0.045,0.0112,0.0295727734726));
#15687=CARTESIAN_POINT('',(-0.045,0.0112,0.0279727734726));
#15688=CARTESIAN_POINT('',(-0.045,0.0112,0.0279727734726));
#15689=CARTESIAN_POINT('',(-0.0438,0.0112,0.0279727734726));
#15690=CARTESIAN_POINT('',(-0.0440000000000016,0.0100167840433802,0.0279727734726));
#15691=CARTESIAN_POINT('',(-0.0440000000000033,0.0100167840433805,0.0287727734726));
#15692=CARTESIAN_POINT('',(-0.0442,0.00883356808676,0.0287727734726));
#15693=CARTESIAN_POINT('',(-0.043,0.00883356808676,0.0279727734726));
#15694=CARTESIAN_POINT('',(-0.043,0.00883356808676,0.0295727734726));
#15695=CARTESIAN_POINT('',(-0.043,0.00883356808676,0.0279727734726));
#15696=CARTESIAN_POINT('',(-0.0442,0.00883356808676,0.0295727734726));
#15697=CARTESIAN_POINT('',(-0.0442,0.00883356808676,0.0279727734726));
#15698=CARTESIAN_POINT('',(-0.045,-0.045,0.0279727734726));
#15699=CARTESIAN_POINT('',(-0.045,-0.0112,0.0287727734726));
#15700=CARTESIAN_POINT('',(-0.045,-0.0112,0.0279727734726));
#15701=CARTESIAN_POINT('',(-0.045,-0.0112,0.0295727734726));
#15702=CARTESIAN_POINT('',(-0.045,-0.045,0.0279727734726));
#15703=CARTESIAN_POINT('',(-0.045,0.,0.0295727734726));
#15704=CARTESIAN_POINT('',(-0.043,0.01,0.0279727734726));
#15705=CARTESIAN_POINT('',(-0.043,0.,0.0295727734726));
#15706=CARTESIAN_POINT('',(-0.043,-0.00883356808676,0.0295727734726));
#15707=CARTESIAN_POINT('',(-0.043,0.01,0.0279727734726));
#15708=CARTESIAN_POINT('',(-0.043,-0.00883356808676,0.0279727734726));
#15709=CARTESIAN_POINT('',(-0.043,-0.00883356808676,0.0287727734726));
#15710=CARTESIAN_POINT('',(-0.0438,-0.0112,0.0287727734726));
#15711=CARTESIAN_POINT('',(-0.0438,-0.0112,0.0279727734726));
#15712=CARTESIAN_POINT('',(-0.0440000000000016,-0.0100167840433803,0.0279727734726));
#15713=CARTESIAN_POINT('',(-0.0438,-0.0112,0.0295727734726));
#15714=CARTESIAN_POINT('',(-0.0440000000000016,-0.0100167840433803,0.0295727734726));
#15715=CARTESIAN_POINT('',(-0.0440000000000033,-0.0100167840433806,0.0287727734726));
#15716=CARTESIAN_POINT('',(-0.0442,-0.00883356808676,0.0287727734726));
#15717=CARTESIAN_POINT('',(-0.0442,-0.00883356808676,0.0295727734726));
#15718=CARTESIAN_POINT('',(-0.0442,-0.00883356808676,0.0279727734726));
#15719=CARTESIAN_POINT('',(-0.045,-0.045,0.0279727734726));
#15720=CARTESIAN_POINT('',(-0.045,0.0438,0.0287727734726));
#15721=CARTESIAN_POINT('',(-0.045,0.0438,0.0279727734726));
#15722=CARTESIAN_POINT('',(-0.045,0.0438,0.0295727734726));
#15723=CARTESIAN_POINT('',(-0.045,-0.045,0.0279727734726));
#15724=CARTESIAN_POINT('',(-0.045,0.,0.0295727734726));
#15725=CARTESIAN_POINT('',(-0.0438,0.0438,0.0287727734726));
#15726=CARTESIAN_POINT('',(-0.0438,0.0438,0.0295727734726));
#15727=CARTESIAN_POINT('',(-0.0438,0.045,0.0295727734726));
#15728=CARTESIAN_POINT('',(-0.0438,0.045,0.0279727734726));
#15729=CARTESIAN_POINT('',(-0.0438,0.045,0.0279727734726));
#15730=CARTESIAN_POINT('',(-0.0438,0.0438,0.0279727734726));
#15731=CARTESIAN_POINT('',(0.01,0.045,0.0279727734726));
#15732=CARTESIAN_POINT('',(0.0112,0.045,0.0279727734726));
#15733=CARTESIAN_POINT('',(0.0112,0.045,0.0279727734726));
#15734=CARTESIAN_POINT('',(0.0112,0.045,0.0295727734726));
#15735=CARTESIAN_POINT('',(0.,0.045,0.0295727734726));
#15736=CARTESIAN_POINT('',(0.01,0.045,0.0279727734726));
#15737=CARTESIAN_POINT('',(0.01,0.045,0.0279727734726));
#15738=CARTESIAN_POINT('',(-0.0112,0.045,0.0287727734726));
#15739=CARTESIAN_POINT('',(-0.0112,0.045,0.0279727734726));
#15740=CARTESIAN_POINT('',(-0.0112,0.045,0.0295727734726));
#15741=CARTESIAN_POINT('',(0.01,0.045,0.0279727734726));
#15742=CARTESIAN_POINT('',(0.,0.045,0.0295727734726));
#15743=CARTESIAN_POINT('',(-0.0112,0.0438,0.0287727734726));
#15744=CARTESIAN_POINT('',(-0.0112,0.0438,0.0279727734726));
#15745=CARTESIAN_POINT('',(-0.0100167840433803,0.0440000000000016,0.0279727734726));
#15746=CARTESIAN_POINT('',(-0.0112,0.0438,0.0295727734726));
#15747=CARTESIAN_POINT('',(-0.0100167840433803,0.0440000000000016,0.0295727734726));
#15748=CARTESIAN_POINT('',(-0.0100167840433806,0.0440000000000033,0.0287727734726));
#15749=CARTESIAN_POINT('',(-0.00883356808676,0.0442,0.0287727734726));
#15750=CARTESIAN_POINT('',(-0.00883356808676,0.0442,0.0295727734726));
#15751=CARTESIAN_POINT('',(-0.00883356808676,0.043,0.0295727734726));
#15752=CARTESIAN_POINT('',(-0.00883356808676,0.043,0.0287727734726));
#15753=CARTESIAN_POINT('',(-0.00883356808676,0.043,0.0279727734726));
#15754=CARTESIAN_POINT('',(-0.00883356808676,0.0442,0.0279727734726));
#15755=CARTESIAN_POINT('',(0.,0.,0.0295727734726));
#15756=CARTESIAN_POINT('',(0.00883356808676,0.0442,0.0295727734726));
#15757=CARTESIAN_POINT('',(0.0100167840433799,0.044,0.0295727734726));
#15758=CARTESIAN_POINT('',(0.00883356808676,0.043,0.0295727734726));
#15759=CARTESIAN_POINT('',(0.,0.043,0.0295727734726));
#15760=CARTESIAN_POINT('',(0.0112,0.0438,0.0295727734726));
#15761=CARTESIAN_POINT('',(0.,0.,0.0279727734726));
#15762=CARTESIAN_POINT('',(0.0112,0.0438,0.0279727734726));
#15763=CARTESIAN_POINT('',(0.0100167840433799,0.044,0.0279727734726));
#15764=CARTESIAN_POINT('',(-0.01,0.043,0.0279727734726));
#15765=CARTESIAN_POINT('',(0.00883356808676,0.043,0.0279727734726));
#15766=CARTESIAN_POINT('',(0.00883356808676,0.0442,0.0279727734726));
#15767=CARTESIAN_POINT('',(0.0112,0.0438,0.0287727734726));
#15768=CARTESIAN_POINT('',(0.0100167840433798,0.0439999999999996,0.0287727734726));
#15769=CARTESIAN_POINT('',(-0.01,0.043,0.0279727734726));
#15770=CARTESIAN_POINT('',(0.00883356808676,0.043,0.0279727734726));
#15771=CARTESIAN_POINT('',(0.00883356808676,0.0442,0.0287727734726));
#15772=CARTESIAN_POINT('',(0.043439719825983,0.0477901831007297,-0.00146678881340506));
#15773=CARTESIAN_POINT('',(-0.039,-0.0389654447958127,0.0169727734726));
#15774=CARTESIAN_POINT('',(-0.039,-0.0389654447958127,0.0169727734726));
#15775=CARTESIAN_POINT('',(-0.0406,-0.0389654447958127,0.0169727734726));
#15776=CARTESIAN_POINT('',(-0.039,-0.0389308895916,0.0279727734726));
#15777=CARTESIAN_POINT('',(-0.0365,-0.0389308895916,0.0279727734726));
#15778=CARTESIAN_POINT('',(-0.0364999999999995,-0.040374265264572,0.0279727734726));
#15779=CARTESIAN_POINT('',(-0.0365,-0.03748751391863,0.0279727734726));
#15780=CARTESIAN_POINT('',(-0.0365,-0.03748751391863,0.0279727734726));
#15781=CARTESIAN_POINT('',(-0.0390000000000014,-0.0360441382456514,0.0279727734726));
#15782=CARTESIAN_POINT('',(-0.039,-0.03604413824565,0.0279727734726));
#15783=CARTESIAN_POINT('',(-0.0415000000000006,-0.037487513918628,0.0279727734726));
#15784=CARTESIAN_POINT('',(-0.0415,-0.0389308895916,0.0279727734726));
#15785=CARTESIAN_POINT('',(-0.0415,-0.04037426526457,0.0279727734726));
#15786=CARTESIAN_POINT('',(-0.0415,-0.04037426526457,0.0279727734726));
#15787=CARTESIAN_POINT('',(-0.0389999999999986,-0.0418176409375485,0.0279727734726));
#15788=CARTESIAN_POINT('',(-0.039,-0.04181764093755,0.0279727734726));
#15789=CARTESIAN_POINT('',(-0.039,-0.0389654447958127,0.0279727734726));
#15790=CARTESIAN_POINT('',(-0.0406,-0.0389654447958127,0.0279727734726));
#15791=CARTESIAN_POINT('',(-0.0365,-0.04037426526457,0.0159727734726));
#15792=CARTESIAN_POINT('',(-0.0364999999999978,-0.0403742652645739,0.0159727734726));
#15793=CARTESIAN_POINT('',(-0.0364999999999989,-0.0403742652645745,0.0159727734726));
#15794=CARTESIAN_POINT('',(-0.0365,-0.04037426526457,0.0159727734726));
#15795=CARTESIAN_POINT('',(-0.0365,-0.03748751391863,0.0159727734726));
#15796=CARTESIAN_POINT('',(-0.0365,-0.03748751391863,0.0159727734726));
#15797=CARTESIAN_POINT('',(-0.0365,-0.03748751391863,0.0159727734726));
#15798=CARTESIAN_POINT('',(-0.0365,-0.03748751391863,0.0159727734726));
#15799=CARTESIAN_POINT('',(-0.0390000000000034,-0.0360441382456533,0.0159727734726));
#15800=CARTESIAN_POINT('',(-0.0390000000000022,-0.0360441382456539,0.0159727734726));
#15801=CARTESIAN_POINT('',(-0.039,-0.03604413824565,0.0159727734726));
#15802=CARTESIAN_POINT('',(-0.039,-0.03604413824565,0.0159727734726));
#15803=CARTESIAN_POINT('',(-0.0415000000000012,-0.0374875139186254,0.0159727734726));
#15804=CARTESIAN_POINT('',(-0.0415000000000023,-0.0374875139186261,0.0159727734726));
#15805=CARTESIAN_POINT('',(-0.0415,-0.03748751391863,0.0159727734726));
#15806=CARTESIAN_POINT('',(-0.0415,-0.03748751391863,0.0159727734726));
#15807=CARTESIAN_POINT('',(-0.0415,-0.04037426526457,0.0159727734726));
#15808=CARTESIAN_POINT('',(-0.0415,-0.04037426526457,0.0159727734726));
#15809=CARTESIAN_POINT('',(-0.0415,-0.04037426526457,0.0159727734726));
#15810=CARTESIAN_POINT('',(-0.0415,-0.04037426526457,0.0159727734726));
#15811=CARTESIAN_POINT('',(-0.0389999999999966,-0.0418176409375468,0.0159727734726));
#15812=CARTESIAN_POINT('',(-0.0389999999999978,-0.0418176409375461,0.0159727734726));
#15813=CARTESIAN_POINT('',(-0.039,-0.04181764093755,0.0159727734726));
#15814=CARTESIAN_POINT('',(-0.039,-0.04181764093755,0.0159727734726));
#15815=CARTESIAN_POINT('',(-0.039,-0.0389308895916,0.0159727734726));
#15816=CARTESIAN_POINT('',(-0.039,-0.0389308895916,0.0159727734726));
#15817=CARTESIAN_POINT('',(-0.0406,-0.0389308895916,0.0159727734726));
#15818=CARTESIAN_POINT('',(-0.039,-0.0389308895916,0.0099727734726));
#15819=CARTESIAN_POINT('',(-0.039,-0.0389308895916,0.0099727734726));
#15820=CARTESIAN_POINT('',(-0.0406,-0.0389308895916,0.0099727734726));
#15821=CARTESIAN_POINT('',(-0.039,-0.0389308895916,0.0129727734726));
#15822=CARTESIAN_POINT('',(-0.039,-0.0389654447958127,0.0278727734726));
#15823=CARTESIAN_POINT('',(0.043439719825983,0.0477901831007297,-0.00146678881340506));
#15824=CARTESIAN_POINT('',(0.039,-0.0390000000000127,0.0441727734726));
#15825=CARTESIAN_POINT('',(0.039,-0.0390000000000127,0.0441727734726));
#15826=CARTESIAN_POINT('',(0.0374,-0.0390000000000127,0.0441727734726));
#15827=CARTESIAN_POINT('',(0.039,-0.0389654447958,0.0551727734726));
#15828=CARTESIAN_POINT('',(0.0415,-0.0389654447958,0.0551727734726));
#15829=CARTESIAN_POINT('',(0.0415000000000006,-0.040408820468772,0.0551727734726));
#15830=CARTESIAN_POINT('',(0.0415,-0.03752206912283,0.0551727734726));
#15831=CARTESIAN_POINT('',(0.0415,-0.03752206912283,0.0551727734726));
#15832=CARTESIAN_POINT('',(0.0389999999999986,-0.0360786934498514,0.0551727734726));
#15833=CARTESIAN_POINT('',(0.039,-0.03607869344985,0.0551727734726));
#15834=CARTESIAN_POINT('',(0.0364999999999995,-0.0375220691228281,0.0551727734726));
#15835=CARTESIAN_POINT('',(0.0365,-0.0389654447958,0.0551727734726));
#15836=CARTESIAN_POINT('',(0.0365,-0.04040882046877,0.0551727734726));
#15837=CARTESIAN_POINT('',(0.0365,-0.04040882046877,0.0551727734726));
#15838=CARTESIAN_POINT('',(0.0390000000000014,-0.0418521961417486,0.0551727734726));
#15839=CARTESIAN_POINT('',(0.039,-0.04185219614175,0.0551727734726));
#15840=CARTESIAN_POINT('',(0.039,-0.0390000000000127,0.0551727734726));
#15841=CARTESIAN_POINT('',(0.0374,-0.0390000000000127,0.0551727734726));
#15842=CARTESIAN_POINT('',(0.0415,-0.04040882046877,0.0431727734726));
#15843=CARTESIAN_POINT('',(0.0415000000000023,-0.0404088204687739,0.0431727734726));
#15844=CARTESIAN_POINT('',(0.0415000000000012,-0.0404088204687746,0.0431727734726));
#15845=CARTESIAN_POINT('',(0.0415,-0.04040882046877,0.0431727734726));
#15846=CARTESIAN_POINT('',(0.0415,-0.03752206912283,0.0431727734726));
#15847=CARTESIAN_POINT('',(0.0415,-0.03752206912283,0.0431727734726));
#15848=CARTESIAN_POINT('',(0.0415,-0.03752206912283,0.0431727734726));
#15849=CARTESIAN_POINT('',(0.0415,-0.03752206912283,0.0431727734726));
#15850=CARTESIAN_POINT('',(0.0389999999999966,-0.0360786934498532,0.0431727734726));
#15851=CARTESIAN_POINT('',(0.0389999999999978,-0.0360786934498539,0.0431727734726));
#15852=CARTESIAN_POINT('',(0.039,-0.03607869344985,0.0431727734726));
#15853=CARTESIAN_POINT('',(0.039,-0.03607869344985,0.0431727734726));
#15854=CARTESIAN_POINT('',(0.0364999999999989,-0.0375220691228254,0.0431727734726));
#15855=CARTESIAN_POINT('',(0.0364999999999978,-0.0375220691228261,0.0431727734726));
#15856=CARTESIAN_POINT('',(0.0365,-0.03752206912283,0.0431727734726));
#15857=CARTESIAN_POINT('',(0.0365,-0.03752206912283,0.0431727734726));
#15858=CARTESIAN_POINT('',(0.0365,-0.04040882046877,0.0431727734726));
#15859=CARTESIAN_POINT('',(0.0365,-0.04040882046877,0.0431727734726));
#15860=CARTESIAN_POINT('',(0.0365,-0.04040882046877,0.0431727734726));
#15861=CARTESIAN_POINT('',(0.0365,-0.04040882046877,0.0431727734726));
#15862=CARTESIAN_POINT('',(0.0390000000000034,-0.0418521961417468,0.0431727734726));
#15863=CARTESIAN_POINT('',(0.0390000000000022,-0.0418521961417461,0.0431727734726));
#15864=CARTESIAN_POINT('',(0.039,-0.04185219614175,0.0431727734726));
#15865=CARTESIAN_POINT('',(0.039,-0.04185219614175,0.0431727734726));
#15866=CARTESIAN_POINT('',(0.039,-0.0389654447958,0.0431727734726));
#15867=CARTESIAN_POINT('',(0.039,-0.0389654447958,0.0431727734726));
#15868=CARTESIAN_POINT('',(0.0374,-0.0389654447958,0.0431727734726));
#15869=CARTESIAN_POINT('',(0.039,-0.0389654447958,0.0371727734726));
#15870=CARTESIAN_POINT('',(0.039,-0.0389654447958,0.0371727734726));
#15871=CARTESIAN_POINT('',(0.0374,-0.0389654447958,0.0371727734726));
#15872=CARTESIAN_POINT('',(0.039,-0.0389654447958,0.0401727734726));
#15873=CARTESIAN_POINT('',(0.039,-0.0390000000000127,0.0550727734726));
#15874=CARTESIAN_POINT('',(0.043439719825983,0.0477901831007297,-0.00146678881340506));
#15875=CARTESIAN_POINT('',(0.043439719825983,0.0477697608331605,-0.0170940153408051));
#15876=CARTESIAN_POINT('',(0.039,0.0389654447957873,0.0441727734726));
#15877=CARTESIAN_POINT('',(0.039,0.0389654447957873,0.0441727734726));
#15878=CARTESIAN_POINT('',(0.0374,0.0389654447957873,0.0441727734726));
#15879=CARTESIAN_POINT('',(0.039,0.039,0.0551727734726));
#15880=CARTESIAN_POINT('',(0.0415,0.039,0.0551727734726));
#15881=CARTESIAN_POINT('',(0.0415000000000006,0.0375566243270281,0.0551727734726));
#15882=CARTESIAN_POINT('',(0.0415,0.04044337567297,0.0551727734726));
#15883=CARTESIAN_POINT('',(0.0415,0.04044337567297,0.0551727734726));
#15884=CARTESIAN_POINT('',(0.0389999999999986,0.0418867513459485,0.0551727734726));
#15885=CARTESIAN_POINT('',(0.039,0.04188675134595,0.0551727734726));
#15886=CARTESIAN_POINT('',(0.0364999999999995,0.0404433756729719,0.0551727734726));
#15887=CARTESIAN_POINT('',(0.0365,0.039,0.0551727734726));
#15888=CARTESIAN_POINT('',(0.0365,0.03755662432703,0.0551727734726));
#15889=CARTESIAN_POINT('',(0.0365,0.03755662432703,0.0551727734726));
#15890=CARTESIAN_POINT('',(0.0390000000000014,0.0361132486540515,0.0551727734726));
#15891=CARTESIAN_POINT('',(0.039,0.03611324865405,0.0551727734726));
#15892=CARTESIAN_POINT('',(0.039,0.0389654447957873,0.0551727734726));
#15893=CARTESIAN_POINT('',(0.0374,0.0389654447957873,0.0551727734726));
#15894=CARTESIAN_POINT('',(0.0415,0.03755662432703,0.0431727734726));
#15895=CARTESIAN_POINT('',(0.0415000000000023,0.0375566243270261,0.0431727734726));
#15896=CARTESIAN_POINT('',(0.0415000000000012,0.0375566243270255,0.0431727734726));
#15897=CARTESIAN_POINT('',(0.0415,0.03755662432703,0.0431727734726));
#15898=CARTESIAN_POINT('',(0.0415,0.04044337567297,0.0431727734726));
#15899=CARTESIAN_POINT('',(0.0415,0.04044337567297,0.0431727734726));
#15900=CARTESIAN_POINT('',(0.0415,0.04044337567297,0.0431727734726));
#15901=CARTESIAN_POINT('',(0.0415,0.04044337567297,0.0431727734726));
#15902=CARTESIAN_POINT('',(0.0389999999999966,0.0418867513459468,0.0431727734726));
#15903=CARTESIAN_POINT('',(0.0389999999999978,0.0418867513459461,0.0431727734726));
#15904=CARTESIAN_POINT('',(0.039,0.04188675134595,0.0431727734726));
#15905=CARTESIAN_POINT('',(0.039,0.04188675134595,0.0431727734726));
#15906=CARTESIAN_POINT('',(0.0364999999999989,0.0404433756729745,0.0431727734726));
#15907=CARTESIAN_POINT('',(0.0364999999999978,0.0404433756729739,0.0431727734726));
#15908=CARTESIAN_POINT('',(0.0365,0.04044337567297,0.0431727734726));
#15909=CARTESIAN_POINT('',(0.0365,0.04044337567297,0.0431727734726));
#15910=CARTESIAN_POINT('',(0.0365,0.03755662432703,0.0431727734726));
#15911=CARTESIAN_POINT('',(0.0365,0.03755662432703,0.0431727734726));
#15912=CARTESIAN_POINT('',(0.0365,0.03755662432703,0.0431727734726));
#15913=CARTESIAN_POINT('',(0.0365,0.03755662432703,0.0431727734726));
#15914=CARTESIAN_POINT('',(0.0390000000000034,0.0361132486540532,0.0431727734726));
#15915=CARTESIAN_POINT('',(0.0390000000000022,0.0361132486540539,0.0431727734726));
#15916=CARTESIAN_POINT('',(0.039,0.03611324865405,0.0431727734726));
#15917=CARTESIAN_POINT('',(0.039,0.03611324865405,0.0431727734726));
#15918=CARTESIAN_POINT('',(0.039,0.039,0.0431727734726));
#15919=CARTESIAN_POINT('',(0.039,0.039,0.0431727734726));
#15920=CARTESIAN_POINT('',(0.0374,0.039,0.0431727734726));
#15921=CARTESIAN_POINT('',(0.039,0.039,0.0371727734726));
#15922=CARTESIAN_POINT('',(0.039,0.039,0.0371727734726));
#15923=CARTESIAN_POINT('',(0.0374,0.039,0.0371727734726));
#15924=CARTESIAN_POINT('',(0.039,0.039,0.0401727734726));
#15925=CARTESIAN_POINT('',(0.039,0.0389654447957873,0.0550727734726));
#15926=CARTESIAN_POINT('',(0.043439719825983,0.0477901831007297,-0.00146678881340506));
#15927=CARTESIAN_POINT('',(-0.039,-0.0390000000000127,0.0441727734726));
#15928=CARTESIAN_POINT('',(-0.039,-0.0390000000000127,0.0441727734726));
#15929=CARTESIAN_POINT('',(-0.0406,-0.0390000000000127,0.0441727734726));
#15930=CARTESIAN_POINT('',(-0.039,-0.0389654447958,0.0551727734726));
#15931=CARTESIAN_POINT('',(-0.0365,-0.0389654447958,0.0551727734726));
#15932=CARTESIAN_POINT('',(-0.0364999999999995,-0.040408820468772,0.0551727734726));
#15933=CARTESIAN_POINT('',(-0.0365,-0.03752206912283,0.0551727734726));
#15934=CARTESIAN_POINT('',(-0.0365,-0.03752206912283,0.0551727734726));
#15935=CARTESIAN_POINT('',(-0.0390000000000014,-0.0360786934498514,0.0551727734726));
#15936=CARTESIAN_POINT('',(-0.039,-0.03607869344985,0.0551727734726));
#15937=CARTESIAN_POINT('',(-0.0415000000000006,-0.0375220691228281,0.0551727734726));
#15938=CARTESIAN_POINT('',(-0.0415,-0.0389654447958,0.0551727734726));
#15939=CARTESIAN_POINT('',(-0.0415,-0.04040882046877,0.0551727734726));
#15940=CARTESIAN_POINT('',(-0.0415,-0.04040882046877,0.0551727734726));
#15941=CARTESIAN_POINT('',(-0.0389999999999986,-0.0418521961417486,0.0551727734726));
#15942=CARTESIAN_POINT('',(-0.039,-0.04185219614175,0.0551727734726));
#15943=CARTESIAN_POINT('',(-0.039,-0.0390000000000127,0.0551727734726));
#15944=CARTESIAN_POINT('',(-0.0406,-0.0390000000000127,0.0551727734726));
#15945=CARTESIAN_POINT('',(-0.0365,-0.04040882046877,0.0431727734726));
#15946=CARTESIAN_POINT('',(-0.0364999999999978,-0.0404088204687739,0.0431727734726));
#15947=CARTESIAN_POINT('',(-0.0364999999999989,-0.0404088204687746,0.0431727734726));
#15948=CARTESIAN_POINT('',(-0.0365,-0.04040882046877,0.0431727734726));
#15949=CARTESIAN_POINT('',(-0.0365,-0.03752206912283,0.0431727734726));
#15950=CARTESIAN_POINT('',(-0.0365,-0.03752206912283,0.0431727734726));
#15951=CARTESIAN_POINT('',(-0.0365,-0.03752206912283,0.0431727734726));
#15952=CARTESIAN_POINT('',(-0.0365,-0.03752206912283,0.0431727734726));
#15953=CARTESIAN_POINT('',(-0.0390000000000034,-0.0360786934498532,0.0431727734726));
#15954=CARTESIAN_POINT('',(-0.0390000000000022,-0.0360786934498539,0.0431727734726));
#15955=CARTESIAN_POINT('',(-0.039,-0.03607869344985,0.0431727734726));
#15956=CARTESIAN_POINT('',(-0.039,-0.03607869344985,0.0431727734726));
#15957=CARTESIAN_POINT('',(-0.0415000000000012,-0.0375220691228254,0.0431727734726));
#15958=CARTESIAN_POINT('',(-0.0415000000000023,-0.0375220691228261,0.0431727734726));
#15959=CARTESIAN_POINT('',(-0.0415,-0.03752206912283,0.0431727734726));
#15960=CARTESIAN_POINT('',(-0.0415,-0.03752206912283,0.0431727734726));
#15961=CARTESIAN_POINT('',(-0.0415,-0.04040882046877,0.0431727734726));
#15962=CARTESIAN_POINT('',(-0.0415,-0.04040882046877,0.0431727734726));
#15963=CARTESIAN_POINT('',(-0.0415,-0.04040882046877,0.0431727734726));
#15964=CARTESIAN_POINT('',(-0.0415,-0.04040882046877,0.0431727734726));
#15965=CARTESIAN_POINT('',(-0.0389999999999966,-0.0418521961417468,0.0431727734726));
#15966=CARTESIAN_POINT('',(-0.0389999999999978,-0.0418521961417461,0.0431727734726));
#15967=CARTESIAN_POINT('',(-0.039,-0.04185219614175,0.0431727734726));
#15968=CARTESIAN_POINT('',(-0.039,-0.04185219614175,0.0431727734726));
#15969=CARTESIAN_POINT('',(-0.039,-0.0389654447958,0.0431727734726));
#15970=CARTESIAN_POINT('',(-0.039,-0.0389654447958,0.0431727734726));
#15971=CARTESIAN_POINT('',(-0.0406,-0.0389654447958,0.0431727734726));
#15972=CARTESIAN_POINT('',(-0.039,-0.0389654447958,0.0371727734726));
#15973=CARTESIAN_POINT('',(-0.039,-0.0389654447958,0.0371727734726));
#15974=CARTESIAN_POINT('',(-0.0406,-0.0389654447958,0.0371727734726));
#15975=CARTESIAN_POINT('',(-0.039,-0.0389654447958,0.0401727734726));
#15976=CARTESIAN_POINT('',(-0.039,-0.0390000000000127,0.0550727734726));
#15977=CARTESIAN_POINT('',(0.043439719825983,0.0477901831007297,-0.00146678881340506));
#15978=CARTESIAN_POINT('',(0.039,0.0389999999999873,0.0179));
#15979=CARTESIAN_POINT('',(0.039,0.0389999999999873,0.007));
#15980=CARTESIAN_POINT('',(0.0374,0.0389999999999873,0.007));
#15981=CARTESIAN_POINT('',(0.039,0.0389999999999873,0.018));
#15982=CARTESIAN_POINT('',(0.0406,0.0389999999999873,0.018));
#15983=CARTESIAN_POINT('',(0.039,0.0390345552042,0.003));
#15984=CARTESIAN_POINT('',(0.039,0.0390345552042,0.));
#15985=CARTESIAN_POINT('',(0.0374,0.0390345552042,0.));
#15986=CARTESIAN_POINT('',(0.039,0.0390345552042,0.006));
#15987=CARTESIAN_POINT('',(0.0406,0.0390345552042,0.006));
#15988=CARTESIAN_POINT('',(0.039,0.0390345552042,0.));
#15989=CARTESIAN_POINT('',(0.039,0.0390345552042,0.006));
#15990=CARTESIAN_POINT('',(0.04025,0.03686949169474,0.006));
#15991=CARTESIAN_POINT('',(0.039,0.03614780385825,0.006));
#15992=CARTESIAN_POINT('',(0.0415,0.03759117953123,0.006));
#15993=CARTESIAN_POINT('',(0.03775,0.03686949169474,0.006));
#15994=CARTESIAN_POINT('',(0.0365,0.0375911795312287,0.006));
#15995=CARTESIAN_POINT('',(0.0365,0.0390345552042,0.006));
#15996=CARTESIAN_POINT('',(0.0365,0.0404779308771717,0.006));
#15997=CARTESIAN_POINT('',(0.03775,0.04119961871366,0.006));
#15998=CARTESIAN_POINT('',(0.039,0.04192130655015,0.006));
#15999=CARTESIAN_POINT('',(0.04025,0.04119961871366,0.006));
#16000=CARTESIAN_POINT('',(0.0415,0.04047793087717,0.006));
#16001=CARTESIAN_POINT('',(0.0415,0.0390345552042,0.006));
#16002=CARTESIAN_POINT('',(0.039,0.03614780385825,0.006));
#16003=CARTESIAN_POINT('',(0.039,0.03614780385825,0.012));
#16004=CARTESIAN_POINT('',(0.039,0.03614780385825,0.018));
#16005=CARTESIAN_POINT('',(0.0415,0.03759117953123,0.012));
#16006=CARTESIAN_POINT('',(0.0415,0.03759117953123,0.018));
#16007=CARTESIAN_POINT('',(0.04025,0.03686949169474,0.018));
#16008=CARTESIAN_POINT('',(0.0365,0.03759117953123,0.006));
#16009=CARTESIAN_POINT('',(0.0365,0.03759117953123,0.012));
#16010=CARTESIAN_POINT('',(0.0365,0.0375911795312283,0.018));
#16011=CARTESIAN_POINT('',(0.03775,0.03686949169474,0.018));
#16012=CARTESIAN_POINT('',(0.0365,0.04047793087717,0.006));
#16013=CARTESIAN_POINT('',(0.0365,0.04047793087717,0.012));
#16014=CARTESIAN_POINT('',(0.0365,0.0404779308771717,0.018));
#16015=CARTESIAN_POINT('',(0.0365,0.0390345552042,0.018));
#16016=CARTESIAN_POINT('',(0.039,0.04192130655015,0.006));
#16017=CARTESIAN_POINT('',(0.039,0.04192130655015,0.012));
#16018=CARTESIAN_POINT('',(0.039,0.04192130655015,0.018));
#16019=CARTESIAN_POINT('',(0.03775,0.04119961871366,0.018));
#16020=CARTESIAN_POINT('',(0.0415,0.04047793087717,0.006));
#16021=CARTESIAN_POINT('',(0.0415,0.04047793087717,0.012));
#16022=CARTESIAN_POINT('',(0.0415,0.04047793087717,0.018));
#16023=CARTESIAN_POINT('',(0.04025,0.04119961871366,0.018));
#16024=CARTESIAN_POINT('',(0.0415,0.03759117953123,0.006));
#16025=CARTESIAN_POINT('',(0.0415,0.0390345552042,0.018));
#16026=CARTESIAN_POINT('',(0.039,0.0390345552042,0.018));
#16027=CARTESIAN_POINT('',(0.039,0.0389999999999873,0.007));
#16028=CARTESIAN_POINT('',(0.043439719825983,0.0477697608331605,-0.0170940153408051));
#16029=CARTESIAN_POINT('',(0.039,0.039,0.));
#16030=CARTESIAN_POINT('',(0.039,0.039,0.006));
#16031=CARTESIAN_POINT('',(0.0374,0.039,0.006));
#16032=CARTESIAN_POINT('',(0.039,0.039,0.002));
#16033=CARTESIAN_POINT('',(0.0374,0.039,0.002));
#16034=CARTESIAN_POINT('',(0.0365,0.039,0.002));
#16035=CARTESIAN_POINT('',(0.039,0.039,0.002));
#16036=CARTESIAN_POINT('',(0.0365,0.039,0.002));
#16037=CARTESIAN_POINT('',(0.039,0.039,0.));
#16038=CARTESIAN_POINT('',(0.039,0.039,0.));
#16039=CARTESIAN_POINT('',(0.0365,0.039,0.));
#16040=CARTESIAN_POINT('',(-0.039,0.039,0.));
#16041=CARTESIAN_POINT('',(-0.039,0.039,0.006));
#16042=CARTESIAN_POINT('',(-0.0374,0.039,0.006));
#16043=CARTESIAN_POINT('',(-0.039,0.039,0.002));
#16044=CARTESIAN_POINT('',(-0.0374,0.039,0.002));
#16045=CARTESIAN_POINT('',(-0.0365,0.039,0.002));
#16046=CARTESIAN_POINT('',(-0.039,0.039,0.002));
#16047=CARTESIAN_POINT('',(-0.0365,0.039,0.002));
#16048=CARTESIAN_POINT('',(-0.039,0.039,0.));
#16049=CARTESIAN_POINT('',(-0.039,0.039,0.));
#16050=CARTESIAN_POINT('',(-0.0365,0.039,0.));
#16051=CARTESIAN_POINT('',(0.039,-0.039,0.));
#16052=CARTESIAN_POINT('',(0.039,-0.039,0.006));
#16053=CARTESIAN_POINT('',(0.0374,-0.039,0.006));
#16054=CARTESIAN_POINT('',(0.039,-0.039,0.002));
#16055=CARTESIAN_POINT('',(0.0374,-0.039,0.002));
#16056=CARTESIAN_POINT('',(0.0365,-0.039,0.002));
#16057=CARTESIAN_POINT('',(0.039,-0.039,0.002));
#16058=CARTESIAN_POINT('',(0.0365,-0.039,0.002));
#16059=CARTESIAN_POINT('',(0.039,-0.039,0.));
#16060=CARTESIAN_POINT('',(0.039,-0.039,0.));
#16061=CARTESIAN_POINT('',(0.0365,-0.039,0.));
#16062=CARTESIAN_POINT('',(0.,0.,0.002));
#16063=CARTESIAN_POINT('',(-0.05,0.,0.002));
#16064=CARTESIAN_POINT('',(-0.05,0.048,0.002));
#16065=CARTESIAN_POINT('',(-0.05,-0.048,0.002));
#16066=CARTESIAN_POINT('',(-0.048,-0.048,0.002));
#16067=CARTESIAN_POINT('',(-0.048,-0.05,0.002));
#16068=CARTESIAN_POINT('',(6.93889390390723E-18,-0.05,0.002));
#16069=CARTESIAN_POINT('',(0.048,-0.05,0.002));
#16070=CARTESIAN_POINT('',(0.048,-0.048,0.002));
#16071=CARTESIAN_POINT('',(0.05,-0.048,0.002));
#16072=CARTESIAN_POINT('',(0.05,0.,0.002));
#16073=CARTESIAN_POINT('',(0.05,0.048,0.002));
#16074=CARTESIAN_POINT('',(0.048,0.048,0.002));
#16075=CARTESIAN_POINT('',(0.048,0.05,0.002));
#16076=CARTESIAN_POINT('',(-6.93889390390723E-18,0.05,0.002));
#16077=CARTESIAN_POINT('',(-0.048,0.05,0.002));
#16078=CARTESIAN_POINT('',(-0.048,0.048,0.002));
#16079=CARTESIAN_POINT('',(-6.93889390390723E-18,0.0484,0.002));
#16080=CARTESIAN_POINT('',(0.0464,0.0484,0.002));
#16081=CARTESIAN_POINT('',(-0.0464,0.0484,0.002));
#16082=CARTESIAN_POINT('',(0.0464,0.0464,0.002));
#16083=CARTESIAN_POINT('',(0.0484,0.0464,0.002));
#16084=CARTESIAN_POINT('',(0.0484,0.,0.002));
#16085=CARTESIAN_POINT('',(0.0484,-0.0464,0.002));
#16086=CARTESIAN_POINT('',(0.0464,-0.0464,0.002));
#16087=CARTESIAN_POINT('',(0.0464,-0.0484,0.002));
#16088=CARTESIAN_POINT('',(6.93889390390723E-18,-0.0484,0.002));
#16089=CARTESIAN_POINT('',(-0.0464,-0.0484,0.002));
#16090=CARTESIAN_POINT('',(-0.0464,-0.0464,0.002));
#16091=CARTESIAN_POINT('',(-0.0484,-0.0464,0.002));
#16092=CARTESIAN_POINT('',(-0.0484,0.,0.002));
#16093=CARTESIAN_POINT('',(-0.0484,0.0464,0.002));
#16094=CARTESIAN_POINT('',(-0.0464,0.0464,0.002));
#16095=CARTESIAN_POINT('',(0.05,0.,0.002));
#16096=CARTESIAN_POINT('',(0.05,0.,0.));
#16097=CARTESIAN_POINT('',(0.05,0.048,0.));
#16098=CARTESIAN_POINT('',(0.05,-0.048,0.));
#16099=CARTESIAN_POINT('',(0.05,0.048,0.002));
#16100=CARTESIAN_POINT('',(0.05,-0.048,0.002));
#16101=CARTESIAN_POINT('',(-6.93889390390723E-18,0.05,0.002));
#16102=CARTESIAN_POINT('',(-6.93889390390723E-18,0.05,0.));
#16103=CARTESIAN_POINT('',(0.048,0.05,0.));
#16104=CARTESIAN_POINT('',(-0.048,0.05,0.));
#16105=CARTESIAN_POINT('',(-0.048,0.05,0.002));
#16106=CARTESIAN_POINT('',(0.048,0.05,0.));
#16107=CARTESIAN_POINT('',(-0.05,0.,0.002));
#16108=CARTESIAN_POINT('',(-0.05,0.,0.));
#16109=CARTESIAN_POINT('',(-0.05,0.048,0.));
#16110=CARTESIAN_POINT('',(-0.05,-0.048,0.));
#16111=CARTESIAN_POINT('',(-0.05,-0.048,0.002));
#16112=CARTESIAN_POINT('',(-0.05,0.048,0.002));
#16113=CARTESIAN_POINT('',(6.93889390390723E-18,-0.05,0.002));
#16114=CARTESIAN_POINT('',(-0.048,-0.05,0.));
#16115=CARTESIAN_POINT('',(-0.048,-0.05,0.));
#16116=CARTESIAN_POINT('',(6.93889390390723E-18,-0.05,0.));
#16117=CARTESIAN_POINT('',(0.048,-0.05,0.));
#16118=CARTESIAN_POINT('',(0.048,-0.05,0.002));
#16119=CARTESIAN_POINT('',(0.,0.,0.));
#16120=CARTESIAN_POINT('',(-0.039,-0.039,0.));
#16121=CARTESIAN_POINT('',(-0.0365,-0.039,0.));
#16122=CARTESIAN_POINT('',(-0.048,-0.048,0.));
#16123=CARTESIAN_POINT('',(-0.048,0.048,0.));
#16124=CARTESIAN_POINT('',(0.048,0.048,0.));
#16125=CARTESIAN_POINT('',(0.048,-0.048,0.));
#16126=CARTESIAN_POINT('',(0.0484,0.,0.006));
#16127=CARTESIAN_POINT('',(0.0484,0.0464,0.006));
#16128=CARTESIAN_POINT('',(0.0484,0.0464,0.006));
#16129=CARTESIAN_POINT('',(0.0484,0.,0.006));
#16130=CARTESIAN_POINT('',(0.0484,-0.0464,0.006));
#16131=CARTESIAN_POINT('',(0.0484,-0.0464,0.006));
#16132=CARTESIAN_POINT('',(-6.93889390390723E-18,0.0484,0.006));
#16133=CARTESIAN_POINT('',(-0.0464,0.0484,0.006));
#16134=CARTESIAN_POINT('',(-0.0464,0.0484,0.006));
#16135=CARTESIAN_POINT('',(-6.93889390390723E-18,0.0484,0.006));
#16136=CARTESIAN_POINT('',(0.0464,0.0484,0.006));
#16137=CARTESIAN_POINT('',(0.0464,0.0484,0.002));
#16138=CARTESIAN_POINT('',(-0.0484,0.,0.006));
#16139=CARTESIAN_POINT('',(-0.0484,-0.0464,0.006));
#16140=CARTESIAN_POINT('',(-0.0484,-0.0464,0.006));
#16141=CARTESIAN_POINT('',(-0.0484,0.,0.006));
#16142=CARTESIAN_POINT('',(-0.0484,0.0464,0.006));
#16143=CARTESIAN_POINT('',(-0.0484,0.0464,0.006));
#16144=CARTESIAN_POINT('',(6.93889390390723E-18,-0.0484,0.006));
#16145=CARTESIAN_POINT('',(6.93889390390723E-18,-0.0484,0.006));
#16146=CARTESIAN_POINT('',(0.0464,-0.0484,0.006));
#16147=CARTESIAN_POINT('',(-0.0464,-0.0484,0.006));
#16148=CARTESIAN_POINT('',(-0.0464,-0.0484,0.002));
#16149=CARTESIAN_POINT('',(0.0464,-0.0484,0.006));
#16150=CARTESIAN_POINT('',(0.,0.,0.006));
#16151=CARTESIAN_POINT('',(-0.039,-0.039,0.006));
#16152=CARTESIAN_POINT('',(-0.0374,-0.039,0.006));
#16153=CARTESIAN_POINT('',(-0.0464,-0.0464,0.006));
#16154=CARTESIAN_POINT('',(0.0464,-0.0464,0.006));
#16155=CARTESIAN_POINT('',(0.0464,0.0464,0.006));
#16156=CARTESIAN_POINT('',(-0.0464,0.0464,0.006));
#16157=CARTESIAN_POINT('',(-0.048,-0.048,0.002));
#16158=CARTESIAN_POINT('',(-0.0464,-0.0464,0.006));
#16159=CARTESIAN_POINT('',(-0.048,0.048,0.002));
#16160=CARTESIAN_POINT('',(-0.0464,0.0464,0.006));
#16161=CARTESIAN_POINT('',(0.048,0.048,0.002));
#16162=CARTESIAN_POINT('',(0.0464,0.0464,0.006));
#16163=CARTESIAN_POINT('',(0.048,-0.048,0.002));
#16164=CARTESIAN_POINT('',(0.0464,-0.0464,0.006));
#16165=CARTESIAN_POINT('',(-0.039,-0.039,0.));
#16166=CARTESIAN_POINT('',(-0.039,-0.039,0.002));
#16167=CARTESIAN_POINT('',(-0.0374,-0.039,0.002));
#16168=CARTESIAN_POINT('',(-0.0365,-0.039,0.002));
#16169=CARTESIAN_POINT('',(-0.039,-0.039,0.002));
#16170=CARTESIAN_POINT('',(-0.0365,-0.039,0.002));
#16171=CARTESIAN_POINT('',(-0.039,-0.039,0.));
#16172=CARTESIAN_POINT('',(0.043439719825983,0.0478655828400682,0.085305984659195));
#16173=CARTESIAN_POINT('',(-0.034560280174017,0.0478106053682989,0.061305984659195));
#16174=CARTESIAN_POINT('',(-0.039,-0.039,0.0423727734726));
#16175=CARTESIAN_POINT('',(-0.039,-0.039,0.0431727734726));
#16176=CARTESIAN_POINT('',(-0.0374,-0.039,0.0431727734726));
#16177=CARTESIAN_POINT('',(-0.039,-0.039,0.0415727734726));
#16178=CARTESIAN_POINT('',(-0.0374,-0.039,0.0415727734726));
#16179=CARTESIAN_POINT('',(0.039,-0.039,0.0423727734726));
#16180=CARTESIAN_POINT('',(0.039,-0.039,0.0431727734726));
#16181=CARTESIAN_POINT('',(0.0406,-0.039,0.0431727734726));
#16182=CARTESIAN_POINT('',(0.039,-0.039,0.0415727734726));
#16183=CARTESIAN_POINT('',(0.0406,-0.039,0.0415727734726));
#16184=CARTESIAN_POINT('',(0.039,0.039,0.0423727734726));
#16185=CARTESIAN_POINT('',(0.039,0.039,0.0431727734726));
#16186=CARTESIAN_POINT('',(0.0406,0.039,0.0431727734726));
#16187=CARTESIAN_POINT('',(0.039,0.039,0.0415727734726));
#16188=CARTESIAN_POINT('',(0.0406,0.039,0.0415727734726));
#16189=CARTESIAN_POINT('',(-0.039,0.039,0.0423727734726));
#16190=CARTESIAN_POINT('',(-0.039,0.039,0.0431727734726));
#16191=CARTESIAN_POINT('',(-0.0374,0.039,0.0431727734726));
#16192=CARTESIAN_POINT('',(-0.039,0.039,0.0415727734726));
#16193=CARTESIAN_POINT('',(-0.0374,0.039,0.0415727734726));
#16194=CARTESIAN_POINT('',(0.0438,0.0438,0.0423727734726));
#16195=CARTESIAN_POINT('',(0.0438,0.0438,0.0431727734726));
#16196=CARTESIAN_POINT('',(0.0438,0.045,0.0431727734726));
#16197=CARTESIAN_POINT('',(0.045,0.0438,0.0431727734726));
#16198=CARTESIAN_POINT('',(0.045,0.0438,0.0415727734726));
#16199=CARTESIAN_POINT('',(0.045,0.0438,0.0415727734726));
#16200=CARTESIAN_POINT('',(0.0438,0.0438,0.0415727734726));
#16201=CARTESIAN_POINT('',(0.0438,0.045,0.0415727734726));
#16202=CARTESIAN_POINT('',(0.0438,0.045,0.0423727734726));
#16203=CARTESIAN_POINT('',(0.0438,-0.0112,0.0423727734726));
#16204=CARTESIAN_POINT('',(0.0438,-0.0112,0.0431727734726));
#16205=CARTESIAN_POINT('',(0.044,-0.0100167840433799,0.0431727734726));
#16206=CARTESIAN_POINT('',(0.045,-0.0112,0.0431727734726));
#16207=CARTESIAN_POINT('',(0.045,-0.0112,0.0415727734726));
#16208=CARTESIAN_POINT('',(0.045,-0.0112,0.0415727734726));
#16209=CARTESIAN_POINT('',(0.0438,-0.0112,0.0415727734726));
#16210=CARTESIAN_POINT('',(0.044,-0.0100167840433799,0.0415727734726));
#16211=CARTESIAN_POINT('',(0.0439999999999996,-0.0100167840433798,0.0423727734726));
#16212=CARTESIAN_POINT('',(0.0442,-0.00883356808676,0.0423727734726));
#16213=CARTESIAN_POINT('',(0.043,-0.00883356808676,0.0415727734726));
#16214=CARTESIAN_POINT('',(0.043,-0.00883356808676,0.0431727734726));
#16215=CARTESIAN_POINT('',(0.043,-0.00883356808676,0.0415727734726));
#16216=CARTESIAN_POINT('',(0.0442,-0.00883356808676,0.0431727734726));
#16217=CARTESIAN_POINT('',(0.0442,-0.00883356808676,0.0415727734726));
#16218=CARTESIAN_POINT('',(0.043,0.01,0.0415727734726));
#16219=CARTESIAN_POINT('',(0.043,0.0088,0.0423727734726));
#16220=CARTESIAN_POINT('',(0.043,0.0088,0.0431727734726));
#16221=CARTESIAN_POINT('',(0.043,0.0088,0.0415727734726));
#16222=CARTESIAN_POINT('',(0.043,0.,0.0431727734726));
#16223=CARTESIAN_POINT('',(0.043,0.01,0.0415727734726));
#16224=CARTESIAN_POINT('',(0.045,-0.01,0.0415727734726));
#16225=CARTESIAN_POINT('',(0.045,0.0111664319132,0.0423727734726));
#16226=CARTESIAN_POINT('',(0.045,0.0111664319132,0.0415727734726));
#16227=CARTESIAN_POINT('',(0.045,0.0111664319132,0.0431727734726));
#16228=CARTESIAN_POINT('',(0.045,-0.01,0.0415727734726));
#16229=CARTESIAN_POINT('',(0.045,0.,0.0431727734726));
#16230=CARTESIAN_POINT('',(0.0442,0.0088,0.0423727734726));
#16231=CARTESIAN_POINT('',(0.044,0.00998321595661993,0.0423727734726));
#16232=CARTESIAN_POINT('',(0.044,0.00998321595660996,0.0415727734726));
#16233=CARTESIAN_POINT('',(0.044,0.00998321595660996,0.0431727734726));
#16234=CARTESIAN_POINT('',(0.0442,0.0088,0.0431727734726));
#16235=CARTESIAN_POINT('',(0.0442,0.0088,0.0415727734726));
#16236=CARTESIAN_POINT('',(0.0438,0.0111664319132,0.0423727734726));
#16237=CARTESIAN_POINT('',(0.0438,0.0111664319132,0.0431727734726));
#16238=CARTESIAN_POINT('',(0.0438,0.0111664319132,0.0415727734726));
#16239=CARTESIAN_POINT('',(0.045,-0.01,0.0415727734726));
#16240=CARTESIAN_POINT('',(0.045,-0.0438,0.0423727734726));
#16241=CARTESIAN_POINT('',(0.045,-0.0438,0.0415727734726));
#16242=CARTESIAN_POINT('',(0.045,-0.0438,0.0431727734726));
#16243=CARTESIAN_POINT('',(0.045,-0.01,0.0415727734726));
#16244=CARTESIAN_POINT('',(0.045,0.,0.0431727734726));
#16245=CARTESIAN_POINT('',(0.0438,-0.0438,0.0423727734726));
#16246=CARTESIAN_POINT('',(0.0438,-0.0438,0.0431727734726));
#16247=CARTESIAN_POINT('',(0.0438,-0.045,0.0431727734726));
#16248=CARTESIAN_POINT('',(0.0438,-0.045,0.0415727734726));
#16249=CARTESIAN_POINT('',(0.0438,-0.045,0.0415727734726));
#16250=CARTESIAN_POINT('',(0.0438,-0.0438,0.0415727734726));
#16251=CARTESIAN_POINT('',(-0.0112,-0.0438,0.0423727734726));
#16252=CARTESIAN_POINT('',(-0.0112,-0.0438,0.0431727734726));
#16253=CARTESIAN_POINT('',(-0.0100167840433802,-0.0440000000000016,0.0431727734726));
#16254=CARTESIAN_POINT('',(-0.0112,-0.045,0.0431727734726));
#16255=CARTESIAN_POINT('',(-0.0112,-0.045,0.0415727734726));
#16256=CARTESIAN_POINT('',(-0.0112,-0.045,0.0415727734726));
#16257=CARTESIAN_POINT('',(-0.0112,-0.0438,0.0415727734726));
#16258=CARTESIAN_POINT('',(-0.0100167840433802,-0.0440000000000016,0.0415727734726));
#16259=CARTESIAN_POINT('',(-0.0100167840433805,-0.0440000000000033,0.0423727734726));
#16260=CARTESIAN_POINT('',(-0.00883356808676,-0.0442,0.0423727734726));
#16261=CARTESIAN_POINT('',(-0.00883356808676,-0.043,0.0415727734726));
#16262=CARTESIAN_POINT('',(-0.00883356808676,-0.043,0.0431727734726));
#16263=CARTESIAN_POINT('',(-0.00883356808676,-0.043,0.0415727734726));
#16264=CARTESIAN_POINT('',(-0.00883356808676,-0.0442,0.0431727734726));
#16265=CARTESIAN_POINT('',(-0.00883356808676,-0.0442,0.0415727734726));
#16266=CARTESIAN_POINT('',(-0.01,-0.043,0.0415727734726));
#16267=CARTESIAN_POINT('',(0.,-0.043,0.0431727734726));
#16268=CARTESIAN_POINT('',(0.0088,-0.043,0.0431727734726));
#16269=CARTESIAN_POINT('',(-0.01,-0.043,0.0415727734726));
#16270=CARTESIAN_POINT('',(0.0088,-0.043,0.0415727734726));
#16271=CARTESIAN_POINT('',(0.0088,-0.043,0.0423727734726));
#16272=CARTESIAN_POINT('',(-0.045,-0.045,0.0415727734726));
#16273=CARTESIAN_POINT('',(-0.045,-0.045,0.0415727734726));
#16274=CARTESIAN_POINT('',(0.0111664319132,-0.045,0.0415727734726));
#16275=CARTESIAN_POINT('',(0.,-0.045,0.0431727734726));
#16276=CARTESIAN_POINT('',(0.0111664319132,-0.045,0.0431727734726));
#16277=CARTESIAN_POINT('',(0.0111664319132,-0.045,0.0423727734726));
#16278=CARTESIAN_POINT('',(0.0088,-0.0442,0.0423727734726));
#16279=CARTESIAN_POINT('',(0.00998321595661993,-0.044,0.0423727734726));
#16280=CARTESIAN_POINT('',(0.00998321595660996,-0.044,0.0415727734726));
#16281=CARTESIAN_POINT('',(0.00998321595660996,-0.044,0.0431727734726));
#16282=CARTESIAN_POINT('',(0.0088,-0.0442,0.0431727734726));
#16283=CARTESIAN_POINT('',(0.0088,-0.0442,0.0415727734726));
#16284=CARTESIAN_POINT('',(0.0111664319132,-0.0438,0.0423727734726));
#16285=CARTESIAN_POINT('',(0.0111664319132,-0.0438,0.0431727734726));
#16286=CARTESIAN_POINT('',(0.0111664319132,-0.0438,0.0415727734726));
#16287=CARTESIAN_POINT('',(-0.045,-0.045,0.0415727734726));
#16288=CARTESIAN_POINT('',(-0.045,-0.045,0.0415727734726));
#16289=CARTESIAN_POINT('',(-0.0438,-0.045,0.0415727734726));
#16290=CARTESIAN_POINT('',(0.,-0.045,0.0431727734726));
#16291=CARTESIAN_POINT('',(-0.0438,-0.045,0.0431727734726));
#16292=CARTESIAN_POINT('',(-0.0438,-0.045,0.0423727734726));
#16293=CARTESIAN_POINT('',(-0.0438,-0.0438,0.0423727734726));
#16294=CARTESIAN_POINT('',(-0.0438,-0.0438,0.0431727734726));
#16295=CARTESIAN_POINT('',(-0.045,-0.0438,0.0431727734726));
#16296=CARTESIAN_POINT('',(-0.045,-0.0438,0.0415727734726));
#16297=CARTESIAN_POINT('',(-0.045,-0.0438,0.0415727734726));
#16298=CARTESIAN_POINT('',(-0.0438,-0.0438,0.0415727734726));
#16299=CARTESIAN_POINT('',(-0.0438,0.0112,0.0423727734726));
#16300=CARTESIAN_POINT('',(-0.0438,0.0112,0.0431727734726));
#16301=CARTESIAN_POINT('',(-0.0440000000000016,0.0100167840433802,0.0431727734726));
#16302=CARTESIAN_POINT('',(-0.045,0.0112,0.0431727734726));
#16303=CARTESIAN_POINT('',(-0.045,0.0112,0.0415727734726));
#16304=CARTESIAN_POINT('',(-0.045,0.0112,0.0415727734726));
#16305=CARTESIAN_POINT('',(-0.0438,0.0112,0.0415727734726));
#16306=CARTESIAN_POINT('',(-0.0440000000000016,0.0100167840433802,0.0415727734726));
#16307=CARTESIAN_POINT('',(-0.0440000000000033,0.0100167840433805,0.0423727734726));
#16308=CARTESIAN_POINT('',(-0.0442,0.00883356808676,0.0423727734726));
#16309=CARTESIAN_POINT('',(-0.043,0.00883356808676,0.0415727734726));
#16310=CARTESIAN_POINT('',(-0.043,0.00883356808676,0.0431727734726));
#16311=CARTESIAN_POINT('',(-0.043,0.00883356808676,0.0415727734726));
#16312=CARTESIAN_POINT('',(-0.0442,0.00883356808676,0.0431727734726));
#16313=CARTESIAN_POINT('',(-0.0442,0.00883356808676,0.0415727734726));
#16314=CARTESIAN_POINT('',(-0.045,-0.045,0.0415727734726));
#16315=CARTESIAN_POINT('',(-0.045,-0.0112,0.0423727734726));
#16316=CARTESIAN_POINT('',(-0.045,-0.0112,0.0415727734726));
#16317=CARTESIAN_POINT('',(-0.045,-0.0112,0.0431727734726));
#16318=CARTESIAN_POINT('',(-0.045,-0.045,0.0415727734726));
#16319=CARTESIAN_POINT('',(-0.045,0.,0.0431727734726));
#16320=CARTESIAN_POINT('',(-0.043,0.01,0.0415727734726));
#16321=CARTESIAN_POINT('',(-0.043,0.,0.0431727734726));
#16322=CARTESIAN_POINT('',(-0.043,-0.00883356808676,0.0431727734726));
#16323=CARTESIAN_POINT('',(-0.043,0.01,0.0415727734726));
#16324=CARTESIAN_POINT('',(-0.043,-0.00883356808676,0.0415727734726));
#16325=CARTESIAN_POINT('',(-0.043,-0.00883356808676,0.0423727734726));
#16326=CARTESIAN_POINT('',(-0.0438,-0.0112,0.0423727734726));
#16327=CARTESIAN_POINT('',(-0.0438,-0.0112,0.0415727734726));
#16328=CARTESIAN_POINT('',(-0.0440000000000016,-0.0100167840433803,0.0415727734726));
#16329=CARTESIAN_POINT('',(-0.0438,-0.0112,0.0431727734726));
#16330=CARTESIAN_POINT('',(-0.0440000000000016,-0.0100167840433803,0.0431727734726));
#16331=CARTESIAN_POINT('',(-0.0440000000000033,-0.0100167840433806,0.0423727734726));
#16332=CARTESIAN_POINT('',(-0.0442,-0.00883356808676,0.0423727734726));
#16333=CARTESIAN_POINT('',(-0.0442,-0.00883356808676,0.0431727734726));
#16334=CARTESIAN_POINT('',(-0.0442,-0.00883356808676,0.0415727734726));
#16335=CARTESIAN_POINT('',(-0.045,-0.045,0.0415727734726));
#16336=CARTESIAN_POINT('',(-0.045,0.0438,0.0423727734726));
#16337=CARTESIAN_POINT('',(-0.045,0.0438,0.0415727734726));
#16338=CARTESIAN_POINT('',(-0.045,0.0438,0.0431727734726));
#16339=CARTESIAN_POINT('',(-0.045,-0.045,0.0415727734726));
#16340=CARTESIAN_POINT('',(-0.045,0.,0.0431727734726));
#16341=CARTESIAN_POINT('',(-0.0438,0.0438,0.0423727734726));
#16342=CARTESIAN_POINT('',(-0.0438,0.0438,0.0431727734726));
#16343=CARTESIAN_POINT('',(-0.0438,0.045,0.0431727734726));
#16344=CARTESIAN_POINT('',(-0.0438,0.045,0.0415727734726));
#16345=CARTESIAN_POINT('',(-0.0438,0.045,0.0415727734726));
#16346=CARTESIAN_POINT('',(-0.0438,0.0438,0.0415727734726));
#16347=CARTESIAN_POINT('',(0.01,0.045,0.0415727734726));
#16348=CARTESIAN_POINT('',(0.0112,0.045,0.0415727734726));
#16349=CARTESIAN_POINT('',(0.0112,0.045,0.0415727734726));
#16350=CARTESIAN_POINT('',(0.0112,0.045,0.0431727734726));
#16351=CARTESIAN_POINT('',(0.,0.045,0.0431727734726));
#16352=CARTESIAN_POINT('',(0.01,0.045,0.0415727734726));
#16353=CARTESIAN_POINT('',(0.01,0.045,0.0415727734726));
#16354=CARTESIAN_POINT('',(-0.0112,0.045,0.0423727734726));
#16355=CARTESIAN_POINT('',(-0.0112,0.045,0.0415727734726));
#16356=CARTESIAN_POINT('',(-0.0112,0.045,0.0431727734726));
#16357=CARTESIAN_POINT('',(0.01,0.045,0.0415727734726));
#16358=CARTESIAN_POINT('',(0.,0.045,0.0431727734726));
#16359=CARTESIAN_POINT('',(-0.0112,0.0438,0.0423727734726));
#16360=CARTESIAN_POINT('',(-0.0112,0.0438,0.0415727734726));
#16361=CARTESIAN_POINT('',(-0.0100167840433803,0.0440000000000016,0.0415727734726));
#16362=CARTESIAN_POINT('',(-0.0112,0.0438,0.0431727734726));
#16363=CARTESIAN_POINT('',(-0.0100167840433803,0.0440000000000016,0.0431727734726));
#16364=CARTESIAN_POINT('',(-0.0100167840433806,0.0440000000000033,0.0423727734726));
#16365=CARTESIAN_POINT('',(-0.00883356808676,0.0442,0.0423727734726));
#16366=CARTESIAN_POINT('',(-0.00883356808676,0.0442,0.0431727734726));
#16367=CARTESIAN_POINT('',(-0.00883356808676,0.043,0.0431727734726));
#16368=CARTESIAN_POINT('',(-0.00883356808676,0.043,0.0423727734726));
#16369=CARTESIAN_POINT('',(-0.00883356808676,0.043,0.0415727734726));
#16370=CARTESIAN_POINT('',(-0.00883356808676,0.0442,0.0415727734726));
#16371=CARTESIAN_POINT('',(0.,0.,0.0431727734726));
#16372=CARTESIAN_POINT('',(0.00883356808676,0.0442,0.0431727734726));
#16373=CARTESIAN_POINT('',(0.0100167840433799,0.044,0.0431727734726));
#16374=CARTESIAN_POINT('',(0.00883356808676,0.043,0.0431727734726));
#16375=CARTESIAN_POINT('',(0.,0.043,0.0431727734726));
#16376=CARTESIAN_POINT('',(0.0112,0.0438,0.0431727734726));
#16377=CARTESIAN_POINT('',(0.,0.,0.0415727734726));
#16378=CARTESIAN_POINT('',(0.0112,0.0438,0.0415727734726));
#16379=CARTESIAN_POINT('',(0.0100167840433799,0.044,0.0415727734726));
#16380=CARTESIAN_POINT('',(-0.01,0.043,0.0415727734726));
#16381=CARTESIAN_POINT('',(0.00883356808676,0.043,0.0415727734726));
#16382=CARTESIAN_POINT('',(0.00883356808676,0.0442,0.0415727734726));
#16383=CARTESIAN_POINT('',(0.0112,0.0438,0.0423727734726));
#16384=CARTESIAN_POINT('',(0.0100167840433798,0.0439999999999996,0.0423727734726));
#16385=CARTESIAN_POINT('',(-0.01,0.043,0.0415727734726));
#16386=CARTESIAN_POINT('',(0.00883356808676,0.043,0.0415727734726));
#16387=CARTESIAN_POINT('',(0.00883356808676,0.0442,0.0423727734726));
#16388=CARTESIAN_POINT('',(0.043439719825983,0.0477901831007297,-0.00146678881340506));
#16389=CARTESIAN_POINT('',(-0.034560280174017,0.125810605368299,0.061305984659195));
#16390=CARTESIAN_POINT('',(0.039,0.0389999999999873,0.0169727734726));
#16391=CARTESIAN_POINT('',(0.039,0.0389999999999873,0.0169727734726));
#16392=CARTESIAN_POINT('',(0.0374,0.0389999999999873,0.0169727734726));
#16393=CARTESIAN_POINT('',(0.039,0.0390345552042,0.0279727734726));
#16394=CARTESIAN_POINT('',(0.0415,0.0390345552042,0.0279727734726));
#16395=CARTESIAN_POINT('',(0.0415000000000006,0.0375911795312281,0.0279727734726));
#16396=CARTESIAN_POINT('',(0.0415,0.04047793087717,0.0279727734726));
#16397=CARTESIAN_POINT('',(0.0415,0.04047793087717,0.0279727734726));
#16398=CARTESIAN_POINT('',(0.0389999999999986,0.0419213065501486,0.0279727734726));
#16399=CARTESIAN_POINT('',(0.039,0.04192130655015,0.0279727734726));
#16400=CARTESIAN_POINT('',(0.0364999999999995,0.0404779308771719,0.0279727734726));
#16401=CARTESIAN_POINT('',(0.0365,0.0390345552042,0.0279727734726));
#16402=CARTESIAN_POINT('',(0.0365,0.03759117953123,0.0279727734726));
#16403=CARTESIAN_POINT('',(0.0365,0.03759117953123,0.0279727734726));
#16404=CARTESIAN_POINT('',(0.0390000000000014,0.0361478038582515,0.0279727734726));
#16405=CARTESIAN_POINT('',(0.039,0.03614780385825,0.0279727734726));
#16406=CARTESIAN_POINT('',(0.039,0.0389999999999873,0.0279727734726));
#16407=CARTESIAN_POINT('',(0.0374,0.0389999999999873,0.0279727734726));
#16408=CARTESIAN_POINT('',(0.0415,0.03759117953123,0.0159727734726));
#16409=CARTESIAN_POINT('',(0.0415000000000023,0.0375911795312261,0.0159727734726));
#16410=CARTESIAN_POINT('',(0.0415000000000012,0.0375911795312255,0.0159727734726));
#16411=CARTESIAN_POINT('',(0.0415,0.03759117953123,0.0159727734726));
#16412=CARTESIAN_POINT('',(0.0415,0.04047793087717,0.0159727734726));
#16413=CARTESIAN_POINT('',(0.0415,0.04047793087717,0.0159727734726));
#16414=CARTESIAN_POINT('',(0.0415,0.04047793087717,0.0159727734726));
#16415=CARTESIAN_POINT('',(0.0415,0.04047793087717,0.0159727734726));
#16416=CARTESIAN_POINT('',(0.0389999999999966,0.0419213065501467,0.0159727734726));
#16417=CARTESIAN_POINT('',(0.0389999999999978,0.0419213065501461,0.0159727734726));
#16418=CARTESIAN_POINT('',(0.039,0.04192130655015,0.0159727734726));
#16419=CARTESIAN_POINT('',(0.039,0.04192130655015,0.0159727734726));
#16420=CARTESIAN_POINT('',(0.0364999999999989,0.0404779308771746,0.0159727734726));
#16421=CARTESIAN_POINT('',(0.0364999999999978,0.0404779308771739,0.0159727734726));
#16422=CARTESIAN_POINT('',(0.0365,0.04047793087717,0.0159727734726));
#16423=CARTESIAN_POINT('',(0.0365,0.04047793087717,0.0159727734726));
#16424=CARTESIAN_POINT('',(0.0365,0.03759117953123,0.0159727734726));
#16425=CARTESIAN_POINT('',(0.0365,0.03759117953123,0.0159727734726));
#16426=CARTESIAN_POINT('',(0.0365,0.03759117953123,0.0159727734726));
#16427=CARTESIAN_POINT('',(0.0365,0.03759117953123,0.0159727734726));
#16428=CARTESIAN_POINT('',(0.0390000000000034,0.0361478038582533,0.0159727734726));
#16429=CARTESIAN_POINT('',(0.0390000000000022,0.0361478038582539,0.0159727734726));
#16430=CARTESIAN_POINT('',(0.039,0.03614780385825,0.0159727734726));
#16431=CARTESIAN_POINT('',(0.039,0.03614780385825,0.0159727734726));
#16432=CARTESIAN_POINT('',(0.039,0.0390345552042,0.0159727734726));
#16433=CARTESIAN_POINT('',(0.039,0.0390345552042,0.0159727734726));
#16434=CARTESIAN_POINT('',(0.0374,0.0390345552042,0.0159727734726));
#16435=CARTESIAN_POINT('',(0.039,0.0390345552042,0.0099727734726));
#16436=CARTESIAN_POINT('',(0.039,0.0390345552042,0.0099727734726));
#16437=CARTESIAN_POINT('',(0.0374,0.0390345552042,0.0099727734726));
#16438=CARTESIAN_POINT('',(0.039,0.0390345552042,0.0129727734726));
#16439=CARTESIAN_POINT('',(0.039,0.0389999999999873,0.0278727734726));
#16440=CARTESIAN_POINT('',(0.043439719825983,0.0477901831007297,-0.00146678881340506));
#16441=CARTESIAN_POINT('',(-0.039,0.0389999999999873,0.0441727734726));
#16442=CARTESIAN_POINT('',(-0.039,0.0389999999999873,0.0441727734726));
#16443=CARTESIAN_POINT('',(-0.0406,0.0389999999999873,0.0441727734726));
#16444=CARTESIAN_POINT('',(-0.039,0.0390345552042,0.0551727734726));
#16445=CARTESIAN_POINT('',(-0.0365,0.0390345552042,0.0551727734726));
#16446=CARTESIAN_POINT('',(-0.0364999999999995,0.0375911795312281,0.0551727734726));
#16447=CARTESIAN_POINT('',(-0.0365,0.04047793087717,0.0551727734726));
#16448=CARTESIAN_POINT('',(-0.0365,0.04047793087717,0.0551727734726));
#16449=CARTESIAN_POINT('',(-0.0390000000000014,0.0419213065501486,0.0551727734726));
#16450=CARTESIAN_POINT('',(-0.039,0.04192130655015,0.0551727734726));
#16451=CARTESIAN_POINT('',(-0.0415000000000006,0.0404779308771719,0.0551727734726));
#16452=CARTESIAN_POINT('',(-0.0415,0.0390345552042,0.0551727734726));
#16453=CARTESIAN_POINT('',(-0.0415,0.03759117953123,0.0551727734726));
#16454=CARTESIAN_POINT('',(-0.0415,0.03759117953123,0.0551727734726));
#16455=CARTESIAN_POINT('',(-0.0389999999999986,0.0361478038582515,0.0551727734726));
#16456=CARTESIAN_POINT('',(-0.039,0.03614780385825,0.0551727734726));
#16457=CARTESIAN_POINT('',(-0.039,0.0389999999999873,0.0551727734726));
#16458=CARTESIAN_POINT('',(-0.0406,0.0389999999999873,0.0551727734726));
#16459=CARTESIAN_POINT('',(-0.0365,0.03759117953123,0.0431727734726));
#16460=CARTESIAN_POINT('',(-0.0364999999999978,0.0375911795312261,0.0431727734726));
#16461=CARTESIAN_POINT('',(-0.0364999999999989,0.0375911795312255,0.0431727734726));
#16462=CARTESIAN_POINT('',(-0.0365,0.03759117953123,0.0431727734726));
#16463=CARTESIAN_POINT('',(-0.0365,0.04047793087717,0.0431727734726));
#16464=CARTESIAN_POINT('',(-0.0365,0.04047793087717,0.0431727734726));
#16465=CARTESIAN_POINT('',(-0.0365,0.04047793087717,0.0431727734726));
#16466=CARTESIAN_POINT('',(-0.0365,0.04047793087717,0.0431727734726));
#16467=CARTESIAN_POINT('',(-0.0390000000000034,0.0419213065501467,0.0431727734726));
#16468=CARTESIAN_POINT('',(-0.0390000000000022,0.0419213065501461,0.0431727734726));
#16469=CARTESIAN_POINT('',(-0.039,0.04192130655015,0.0431727734726));
#16470=CARTESIAN_POINT('',(-0.039,0.04192130655015,0.0431727734726));
#16471=CARTESIAN_POINT('',(-0.0415000000000012,0.0404779308771746,0.0431727734726));
#16472=CARTESIAN_POINT('',(-0.0415000000000023,0.0404779308771739,0.0431727734726));
#16473=CARTESIAN_POINT('',(-0.0415,0.04047793087717,0.0431727734726));
#16474=CARTESIAN_POINT('',(-0.0415,0.04047793087717,0.0431727734726));
#16475=CARTESIAN_POINT('',(-0.0415,0.03759117953123,0.0431727734726));
#16476=CARTESIAN_POINT('',(-0.0415,0.03759117953123,0.0431727734726));
#16477=CARTESIAN_POINT('',(-0.0415,0.03759117953123,0.0431727734726));
#16478=CARTESIAN_POINT('',(-0.0415,0.03759117953123,0.0431727734726));
#16479=CARTESIAN_POINT('',(-0.0389999999999966,0.0361478038582533,0.0431727734726));
#16480=CARTESIAN_POINT('',(-0.0389999999999978,0.0361478038582539,0.0431727734726));
#16481=CARTESIAN_POINT('',(-0.039,0.03614780385825,0.0431727734726));
#16482=CARTESIAN_POINT('',(-0.039,0.03614780385825,0.0431727734726));
#16483=CARTESIAN_POINT('',(-0.039,0.0390345552042,0.0431727734726));
#16484=CARTESIAN_POINT('',(-0.039,0.0390345552042,0.0431727734726));
#16485=CARTESIAN_POINT('',(-0.0406,0.0390345552042,0.0431727734726));
#16486=CARTESIAN_POINT('',(-0.039,0.0390345552042,0.0371727734726));
#16487=CARTESIAN_POINT('',(-0.039,0.0390345552042,0.0371727734726));
#16488=CARTESIAN_POINT('',(-0.0406,0.0390345552042,0.0371727734726));
#16489=CARTESIAN_POINT('',(-0.039,0.0390345552042,0.0401727734726));
#16490=CARTESIAN_POINT('',(-0.039,0.0389999999999873,0.0550727734726));
#16491=CARTESIAN_POINT('',(0.043439719825983,0.0477901831007297,-0.00146678881340506));
#16492=CARTESIAN_POINT('',(-0.0005,0.041,0.0295727734726));
#16493=CARTESIAN_POINT('',(-0.0005,0.036,0.0295727734726));
#16494=CARTESIAN_POINT('',(-0.0005,0.036,0.0295727734726));
#16495=CARTESIAN_POINT('',(-0.0005,0.036,0.0385727734726));
#16496=CARTESIAN_POINT('',(-0.0005,0.041,0.0295727734726));
#16497=CARTESIAN_POINT('',(-0.0005,0.041,0.0295727734726));
#16498=CARTESIAN_POINT('',(-0.0005,0.041,0.0295727734726));
#16499=CARTESIAN_POINT('',(-0.0005,0.041,0.0385727734726));
#16500=CARTESIAN_POINT('',(-0.0005,0.036,0.0385727734726));
#16501=CARTESIAN_POINT('',(0.0265,0.041,0.0295727734726));
#16502=CARTESIAN_POINT('',(0.0265,0.041,0.0295727734726));
#16503=CARTESIAN_POINT('',(-0.0265,0.041,0.0295727734726));
#16504=CARTESIAN_POINT('',(-0.0265,0.041,0.0295727734726));
#16505=CARTESIAN_POINT('',(-0.0265,0.041,0.0385727734726));
#16506=CARTESIAN_POINT('',(0.,0.041,0.0385727734726));
#16507=CARTESIAN_POINT('',(-0.0265,0.036,0.0295727734726));
#16508=CARTESIAN_POINT('',(-0.0265,0.036,0.0295727734726));
#16509=CARTESIAN_POINT('',(-0.0265,0.036,0.0295727734726));
#16510=CARTESIAN_POINT('',(-0.0265,0.036,0.0295727734726));
#16511=CARTESIAN_POINT('',(-0.0265,0.036,0.0385727734726));
#16512=CARTESIAN_POINT('',(-0.0265,0.036,0.0385727734726));
#16513=CARTESIAN_POINT('',(0.0005,0.036,0.0295727734726));
#16514=CARTESIAN_POINT('',(0.0005,0.036,0.0295727734726));
#16515=CARTESIAN_POINT('',(0.,0.036,0.0385727734726));
#16516=CARTESIAN_POINT('',(0.,0.036,0.0295727734726));
#16517=CARTESIAN_POINT('',(0.,0.036,0.0385727734726));
#16518=CARTESIAN_POINT('',(0.043439719825983,0.0477901831007297,-0.00146678881340506));
#16519=CARTESIAN_POINT('',(0.0005,0.036,0.0295727734726));
#16520=CARTESIAN_POINT('',(0.0005,0.036,0.0295727734726));
#16521=CARTESIAN_POINT('',(0.0005,0.036,0.0295727734726));
#16522=CARTESIAN_POINT('',(0.0005,0.036,0.0385727734726));
#16523=CARTESIAN_POINT('',(0.0005,0.036,0.0295727734726));
#16524=CARTESIAN_POINT('',(0.0265,0.036,0.0295727734726));
#16525=CARTESIAN_POINT('',(0.0265,0.036,0.0295727734726));
#16526=CARTESIAN_POINT('',(0.0265,0.036,0.0385727734726));
#16527=CARTESIAN_POINT('',(0.,0.036,0.0385727734726));
#16528=CARTESIAN_POINT('',(0.0265,0.036,0.0295727734726));
#16529=CARTESIAN_POINT('',(0.0265,0.036,0.0295727734726));
#16530=CARTESIAN_POINT('',(0.0265,0.041,0.0295727734726));
#16531=CARTESIAN_POINT('',(0.0265,0.041,0.0295727734726));
#16532=CARTESIAN_POINT('',(0.0265,0.041,0.0385727734726));
#16533=CARTESIAN_POINT('',(0.0265,0.036,0.0385727734726));
#16534=CARTESIAN_POINT('',(0.0265,0.041,0.0295727734726));
#16535=CARTESIAN_POINT('',(0.0265,0.041,0.0295727734726));
#16536=CARTESIAN_POINT('',(0.0005,0.041,0.0295727734726));
#16537=CARTESIAN_POINT('',(0.0005,0.041,0.0295727734726));
#16538=CARTESIAN_POINT('',(0.0005,0.041,0.0385727734726));
#16539=CARTESIAN_POINT('',(0.,0.041,0.0385727734726));
#16540=CARTESIAN_POINT('',(0.0005,0.041,0.0295727734726));
#16541=CARTESIAN_POINT('',(0.0005,0.041,0.0295727734726));
#16542=CARTESIAN_POINT('',(0.0005,0.036,0.0385727734726));
#16543=CARTESIAN_POINT('',(0.,0.036,0.0295727734726));
#16544=CARTESIAN_POINT('',(0.,0.036,0.0385727734726));
#16545=CARTESIAN_POINT('',(0.043439719825983,0.0477901831007297,-0.00146678881340506));
#16546=CARTESIAN_POINT('',(-0.039,0.0389999999999873,0.0577727734726));
#16547=CARTESIAN_POINT('',(-0.039,0.0389999999999873,0.0577727734726));
#16548=CARTESIAN_POINT('',(-0.0406,0.0389999999999873,0.0577727734726));
#16549=CARTESIAN_POINT('',(-0.039,0.0390345552042,0.0687727734726));
#16550=CARTESIAN_POINT('',(-0.0365,0.0390345552042,0.0687727734726));
#16551=CARTESIAN_POINT('',(-0.0364999999999995,0.0375911795312281,0.0687727734726));
#16552=CARTESIAN_POINT('',(-0.0365,0.04047793087717,0.0687727734726));
#16553=CARTESIAN_POINT('',(-0.0365,0.04047793087717,0.0687727734726));
#16554=CARTESIAN_POINT('',(-0.0390000000000014,0.0419213065501486,0.0687727734726));
#16555=CARTESIAN_POINT('',(-0.039,0.04192130655015,0.0687727734726));
#16556=CARTESIAN_POINT('',(-0.0415000000000006,0.0404779308771719,0.0687727734726));
#16557=CARTESIAN_POINT('',(-0.0415,0.0390345552042,0.0687727734726));
#16558=CARTESIAN_POINT('',(-0.0415,0.03759117953123,0.0687727734726));
#16559=CARTESIAN_POINT('',(-0.0415,0.03759117953123,0.0687727734726));
#16560=CARTESIAN_POINT('',(-0.0389999999999986,0.0361478038582515,0.0687727734726));
#16561=CARTESIAN_POINT('',(-0.039,0.03614780385825,0.0687727734726));
#16562=CARTESIAN_POINT('',(-0.039,0.0389999999999873,0.0687727734726));
#16563=CARTESIAN_POINT('',(-0.0406,0.0389999999999873,0.0687727734726));
#16564=CARTESIAN_POINT('',(-0.0365,0.03759117953123,0.0567727734726));
#16565=CARTESIAN_POINT('',(-0.0364999999999978,0.0375911795312261,0.0567727734726));
#16566=CARTESIAN_POINT('',(-0.0364999999999989,0.0375911795312255,0.0567727734726));
#16567=CARTESIAN_POINT('',(-0.0365,0.03759117953123,0.0567727734726));
#16568=CARTESIAN_POINT('',(-0.0365,0.04047793087717,0.0567727734726));
#16569=CARTESIAN_POINT('',(-0.0365,0.04047793087717,0.0567727734726));
#16570=CARTESIAN_POINT('',(-0.0365,0.04047793087717,0.0567727734726));
#16571=CARTESIAN_POINT('',(-0.0365,0.04047793087717,0.0567727734726));
#16572=CARTESIAN_POINT('',(-0.0390000000000034,0.0419213065501467,0.0567727734726));
#16573=CARTESIAN_POINT('',(-0.0390000000000022,0.0419213065501461,0.0567727734726));
#16574=CARTESIAN_POINT('',(-0.039,0.04192130655015,0.0567727734726));
#16575=CARTESIAN_POINT('',(-0.039,0.04192130655015,0.0567727734726));
#16576=CARTESIAN_POINT('',(-0.0415000000000012,0.0404779308771746,0.0567727734726));
#16577=CARTESIAN_POINT('',(-0.0415000000000023,0.0404779308771739,0.0567727734726));
#16578=CARTESIAN_POINT('',(-0.0415,0.04047793087717,0.0567727734726));
#16579=CARTESIAN_POINT('',(-0.0415,0.04047793087717,0.0567727734726));
#16580=CARTESIAN_POINT('',(-0.0415,0.03759117953123,0.0567727734726));
#16581=CARTESIAN_POINT('',(-0.0415,0.03759117953123,0.0567727734726));
#16582=CARTESIAN_POINT('',(-0.0415,0.03759117953123,0.0567727734726));
#16583=CARTESIAN_POINT('',(-0.0415,0.03759117953123,0.0567727734726));
#16584=CARTESIAN_POINT('',(-0.0389999999999966,0.0361478038582533,0.0567727734726));
#16585=CARTESIAN_POINT('',(-0.0389999999999978,0.0361478038582539,0.0567727734726));
#16586=CARTESIAN_POINT('',(-0.039,0.03614780385825,0.0567727734726));
#16587=CARTESIAN_POINT('',(-0.039,0.03614780385825,0.0567727734726));
#16588=CARTESIAN_POINT('',(-0.039,0.0390345552042,0.0567727734726));
#16589=CARTESIAN_POINT('',(-0.039,0.0390345552042,0.0567727734726));
#16590=CARTESIAN_POINT('',(-0.0406,0.0390345552042,0.0567727734726));
#16591=CARTESIAN_POINT('',(-0.039,0.0390345552042,0.0507727734726));
#16592=CARTESIAN_POINT('',(-0.039,0.0390345552042,0.0507727734726));
#16593=CARTESIAN_POINT('',(-0.0406,0.0390345552042,0.0507727734726));
#16594=CARTESIAN_POINT('',(-0.039,0.0390345552042,0.0537727734726));
#16595=CARTESIAN_POINT('',(-0.039,0.0389999999999873,0.0686727734726));
#16596=CARTESIAN_POINT('',(0.043439719825983,0.0477901831007297,-0.00146678881340506));
#16597=CARTESIAN_POINT('',(-0.041,0.0340345552042,0.0159727734726));
#16598=CARTESIAN_POINT('',(-0.0105,0.0340345552042,0.0159727734726));
#16599=CARTESIAN_POINT('',(-0.041,0.0340345552042,0.0159727734726));
#16600=CARTESIAN_POINT('',(0.02,0.0340345552042,0.0159727734726));
#16601=CARTESIAN_POINT('',(-0.041,0.0340345552042,0.0159727734726));
#16602=CARTESIAN_POINT('',(-0.041,0.0230345552042116,0.0269727734726039));
#16603=CARTESIAN_POINT('',(-0.041,0.0230345552042078,0.0269727734726078));
#16604=CARTESIAN_POINT('',(0.02,0.0230345552042039,0.0269727734726019));
#16605=CARTESIAN_POINT('',(0.02,0.0340345552042,0.0159727734726));
#16606=CARTESIAN_POINT('',(-0.041,-0.0099654447958,0.0159727734726));
#16607=CARTESIAN_POINT('',(-0.041,-0.0099654447958,0.0159727734726));
#16608=CARTESIAN_POINT('',(-0.041,-0.0099654447958,0.0159727734726));
#16609=CARTESIAN_POINT('',(-0.041,-0.0099654447958,0.0159727734726));
#16610=CARTESIAN_POINT('',(-0.041,-0.0099654447958,0.0269727734726));
#16611=CARTESIAN_POINT('',(-0.041,0.0120345552042,0.0269727734726));
#16612=CARTESIAN_POINT('',(-0.0105,0.0120345552042,0.0269727734726));
#16613=CARTESIAN_POINT('',(-0.0105,-0.0099654447958,0.0269727734726));
#16614=CARTESIAN_POINT('',(0.02,-0.0099654447958,0.0269727734726));
#16615=CARTESIAN_POINT('',(0.02,0.0120345552042,0.0269727734726));
#16616=CARTESIAN_POINT('',(0.02,-0.0099654447958,0.0159727734726));
#16617=CARTESIAN_POINT('',(0.02,-0.0099654447958,0.0159727734726));
#16618=CARTESIAN_POINT('',(0.02,-0.0099654447958,0.0159727734726));
#16619=CARTESIAN_POINT('',(0.02,-0.0099654447958,0.0159727734726));
#16620=CARTESIAN_POINT('',(0.02,0.0340345552042,0.0159727734726));
#16621=CARTESIAN_POINT('',(0.02,0.0340345552042,0.0159727734726));
#16622=CARTESIAN_POINT('',(-0.0105,0.0120345552042,0.0159727734726));
#16623=CARTESIAN_POINT('',(0.043439719825983,0.0477901831007297,-0.00146678881340506));
#16624=CARTESIAN_POINT('',(0.043439719825983,0.1258106053683,0.0613059846591943));
#16625=CARTESIAN_POINT('',(0.0005,0.0360345552042,0.0159727734726));
#16626=CARTESIAN_POINT('',(0.0005,0.0360345552042,0.0159727734726));
#16627=CARTESIAN_POINT('',(0.0005,0.0360345552042,0.0159727734726));
#16628=CARTESIAN_POINT('',(0.0005,0.0360345552042,0.0249727734726));
#16629=CARTESIAN_POINT('',(0.0005,0.0360345552042,0.0159727734726));
#16630=CARTESIAN_POINT('',(0.0265,0.0360345552042,0.0159727734726));
#16631=CARTESIAN_POINT('',(0.0265,0.0360345552042,0.0159727734726));
#16632=CARTESIAN_POINT('',(0.0265,0.0360345552042,0.0249727734726));
#16633=CARTESIAN_POINT('',(0.,0.0360345552042,0.0249727734726));
#16634=CARTESIAN_POINT('',(0.0265,0.0360345552042,0.0159727734726));
#16635=CARTESIAN_POINT('',(0.0265,0.0360345552042,0.0159727734726));
#16636=CARTESIAN_POINT('',(0.0265,0.0410345552042,0.0159727734726));
#16637=CARTESIAN_POINT('',(0.0265,0.0410345552042,0.0159727734726));
#16638=CARTESIAN_POINT('',(0.0265,0.0410345552042,0.0249727734726));
#16639=CARTESIAN_POINT('',(0.0265,0.0360345552042,0.0249727734726));
#16640=CARTESIAN_POINT('',(0.0265,0.0410345552042,0.0159727734726));
#16641=CARTESIAN_POINT('',(0.0265,0.0410345552042,0.0159727734726));
#16642=CARTESIAN_POINT('',(0.0005,0.0410345552042,0.0159727734726));
#16643=CARTESIAN_POINT('',(0.0005,0.0410345552042,0.0159727734726));
#16644=CARTESIAN_POINT('',(0.0005,0.0410345552042,0.0249727734726));
#16645=CARTESIAN_POINT('',(0.,0.0410345552042,0.0249727734726));
#16646=CARTESIAN_POINT('',(0.0005,0.0410345552042,0.0159727734726));
#16647=CARTESIAN_POINT('',(0.0005,0.0410345552042,0.0159727734726));
#16648=CARTESIAN_POINT('',(0.0005,0.0360345552042,0.0249727734726));
#16649=CARTESIAN_POINT('',(0.,0.0360345552042,0.0159727734726));
#16650=CARTESIAN_POINT('',(0.,0.0360345552042,0.0249727734726));
#16651=CARTESIAN_POINT('',(0.043439719825983,0.0477901831007297,-0.00146678881340506));
#16652=CARTESIAN_POINT('',(0.,0.,0.));
#16653=MECHANICAL_DESIGN_GEOMETRIC_PRESENTATION_REPRESENTATION('',(#9581,
#9582,#9583,#9584,#9585,#9586,#9587,#9588,#9589,#9590,#9591,#9592,#9593,
#9594,#9595,#9596,#9597,#9598,#9599,#9600,#9601,#9602,#9603,#10,#11,#12,
#13,#14,#15,#16,#17,#18,#19,#20,#21,#22,#23,#24,#25,#26,#27,#28,#29,#30,
#31,#32,#33,#34,#35,#36,#37,#38,#39,#40,#9604,#9605,#9606,#9607,#9608,#9609,
#9610,#9611,#9612,#9613,#9614,#9615,#9616,#9617,#9618,#9619,#9620),#16654);
#16654=(
GEOMETRIC_REPRESENTATION_CONTEXT(3)
GLOBAL_UNCERTAINTY_ASSIGNED_CONTEXT((#16696))
GLOBAL_UNIT_ASSIGNED_CONTEXT((#16740,#16739,#16738))
REPRESENTATION_CONTEXT('Sat com chassi','TOP_LEVEL_ASSEMBLY_PART')
);
#16655=(
GEOMETRIC_REPRESENTATION_CONTEXT(3)
GLOBAL_UNCERTAINTY_ASSIGNED_CONTEXT((#16697))
GLOBAL_UNIT_ASSIGNED_CONTEXT((#16740,#16739,#16738))
REPRESENTATION_CONTEXT('Part 1','COMPONENT_PART')
);
#16656=(
GEOMETRIC_REPRESENTATION_CONTEXT(3)
GLOBAL_UNCERTAINTY_ASSIGNED_CONTEXT((#16698))
GLOBAL_UNIT_ASSIGNED_CONTEXT((#16740,#16739,#16738))
REPRESENTATION_CONTEXT('Sat sem chassi <1>','COMPONENT_PART')
);
#16657=(
GEOMETRIC_REPRESENTATION_CONTEXT(3)
GLOBAL_UNCERTAINTY_ASSIGNED_CONTEXT((#16699))
GLOBAL_UNIT_ASSIGNED_CONTEXT((#16740,#16739,#16738))
REPRESENTATION_CONTEXT('Part1__PartBody_1','COMPONENT_PART')
);
#16658=(
GEOMETRIC_REPRESENTATION_CONTEXT(3)
GLOBAL_UNCERTAINTY_ASSIGNED_CONTEXT((#16700))
GLOBAL_UNIT_ASSIGNED_CONTEXT((#16740,#16739,#16738))
REPRESENTATION_CONTEXT('pilares pionsat__PartBody_15','COMPONENT_PART')
);
#16659=(
GEOMETRIC_REPRESENTATION_CONTEXT(3)
GLOBAL_UNCERTAINTY_ASSIGNED_CONTEXT((#16701))
GLOBAL_UNIT_ASSIGNED_CONTEXT((#16740,#16739,#16738))
REPRESENTATION_CONTEXT('barramento__PartBody.2','COMPONENT_PART')
);
#16660=(
GEOMETRIC_REPRESENTATION_CONTEXT(3)
GLOBAL_UNCERTAINTY_ASSIGNED_CONTEXT((#16702))
GLOBAL_UNIT_ASSIGNED_CONTEXT((#16740,#16739,#16738))
REPRESENTATION_CONTEXT('pilares pionsat__PartBody_9','COMPONENT_PART')
);
#16661=(
GEOMETRIC_REPRESENTATION_CONTEXT(3)
GLOBAL_UNCERTAINTY_ASSIGNED_CONTEXT((#16703))
GLOBAL_UNIT_ASSIGNED_CONTEXT((#16740,#16739,#16738))
REPRESENTATION_CONTEXT('barramento__PartBody.1','COMPONENT_PART')
);
#16662=(
GEOMETRIC_REPRESENTATION_CONTEXT(3)
GLOBAL_UNCERTAINTY_ASSIGNED_CONTEXT((#16704))
GLOBAL_UNIT_ASSIGNED_CONTEXT((#16740,#16739,#16738))
REPRESENTATION_CONTEXT('pilares pionsat__PartBody_12','COMPONENT_PART')
);
#16663=(
GEOMETRIC_REPRESENTATION_CONTEXT(3)
GLOBAL_UNCERTAINTY_ASSIGNED_CONTEXT((#16705))
GLOBAL_UNIT_ASSIGNED_CONTEXT((#16740,#16739,#16738))
REPRESENTATION_CONTEXT('Part1__PartBody_3','COMPONENT_PART')
);
#16664=(
GEOMETRIC_REPRESENTATION_CONTEXT(3)
GLOBAL_UNCERTAINTY_ASSIGNED_CONTEXT((#16706))
GLOBAL_UNIT_ASSIGNED_CONTEXT((#16740,#16739,#16738))
REPRESENTATION_CONTEXT('1730_2','COMPONENT_PART')
);
#16665=(
GEOMETRIC_REPRESENTATION_CONTEXT(3)
GLOBAL_UNCERTAINTY_ASSIGNED_CONTEXT((#16707))
GLOBAL_UNIT_ASSIGNED_CONTEXT((#16740,#16739,#16738))
REPRESENTATION_CONTEXT('pilares pionsat__PartBody_7','COMPONENT_PART')
);
#16666=(
GEOMETRIC_REPRESENTATION_CONTEXT(3)
GLOBAL_UNCERTAINTY_ASSIGNED_CONTEXT((#16708))
GLOBAL_UNIT_ASSIGNED_CONTEXT((#16740,#16739,#16738))
REPRESENTATION_CONTEXT('1730','COMPONENT_PART')
);
#16667=(
GEOMETRIC_REPRESENTATION_CONTEXT(3)
GLOBAL_UNCERTAINTY_ASSIGNED_CONTEXT((#16709))
GLOBAL_UNIT_ASSIGNED_CONTEXT((#16740,#16739,#16738))
REPRESENTATION_CONTEXT('barramento__PartBody.2_3','COMPONENT_PART')
);
#16668=(
GEOMETRIC_REPRESENTATION_CONTEXT(3)
GLOBAL_UNCERTAINTY_ASSIGNED_CONTEXT((#16710))
GLOBAL_UNIT_ASSIGNED_CONTEXT((#16740,#16739,#16738))
REPRESENTATION_CONTEXT('barramento__PartBody.1_1','COMPONENT_PART')
);
#16669=(
GEOMETRIC_REPRESENTATION_CONTEXT(3)
GLOBAL_UNCERTAINTY_ASSIGNED_CONTEXT((#16711))
GLOBAL_UNIT_ASSIGNED_CONTEXT((#16740,#16739,#16738))
REPRESENTATION_CONTEXT('1730_1','COMPONENT_PART')
);
#16670=(
GEOMETRIC_REPRESENTATION_CONTEXT(3)
GLOBAL_UNCERTAINTY_ASSIGNED_CONTEXT((#16712))
GLOBAL_UNIT_ASSIGNED_CONTEXT((#16740,#16739,#16738))
REPRESENTATION_CONTEXT('pilares pionsat__PartBody_11','COMPONENT_PART')
);
#16671=(
GEOMETRIC_REPRESENTATION_CONTEXT(3)
GLOBAL_UNCERTAINTY_ASSIGNED_CONTEXT((#16713))
GLOBAL_UNIT_ASSIGNED_CONTEXT((#16740,#16739,#16738))
REPRESENTATION_CONTEXT('1730_7','COMPONENT_PART')
);
#16672=(
GEOMETRIC_REPRESENTATION_CONTEXT(3)
GLOBAL_UNCERTAINTY_ASSIGNED_CONTEXT((#16714))
GLOBAL_UNIT_ASSIGNED_CONTEXT((#16740,#16739,#16738))
REPRESENTATION_CONTEXT('1730_6','COMPONENT_PART')
);
#16673=(
GEOMETRIC_REPRESENTATION_CONTEXT(3)
GLOBAL_UNCERTAINTY_ASSIGNED_CONTEXT((#16715))
GLOBAL_UNIT_ASSIGNED_CONTEXT((#16740,#16739,#16738))
REPRESENTATION_CONTEXT('pilares pionsat__PartBody_10','COMPONENT_PART')
);
#16674=(
GEOMETRIC_REPRESENTATION_CONTEXT(3)
GLOBAL_UNCERTAINTY_ASSIGNED_CONTEXT((#16716))
GLOBAL_UNIT_ASSIGNED_CONTEXT((#16740,#16739,#16738))
REPRESENTATION_CONTEXT('pilares pionsat__PartBody_5','COMPONENT_PART')
);
#16675=(
GEOMETRIC_REPRESENTATION_CONTEXT(3)
GLOBAL_UNCERTAINTY_ASSIGNED_CONTEXT((#16717))
GLOBAL_UNIT_ASSIGNED_CONTEXT((#16740,#16739,#16738))
REPRESENTATION_CONTEXT('barramento__PartBody.2_1','COMPONENT_PART')
);
#16676=(
GEOMETRIC_REPRESENTATION_CONTEXT(3)
GLOBAL_UNCERTAINTY_ASSIGNED_CONTEXT((#16718))
GLOBAL_UNIT_ASSIGNED_CONTEXT((#16740,#16739,#16738))
REPRESENTATION_CONTEXT('pilares pionsat__PartBody_8','COMPONENT_PART')
);
#16677=(
GEOMETRIC_REPRESENTATION_CONTEXT(3)
GLOBAL_UNCERTAINTY_ASSIGNED_CONTEXT((#16719))
GLOBAL_UNIT_ASSIGNED_CONTEXT((#16740,#16739,#16738))
REPRESENTATION_CONTEXT('1730_5','COMPONENT_PART')
);
#16678=(
GEOMETRIC_REPRESENTATION_CONTEXT(3)
GLOBAL_UNCERTAINTY_ASSIGNED_CONTEXT((#16720))
GLOBAL_UNIT_ASSIGNED_CONTEXT((#16740,#16739,#16738))
REPRESENTATION_CONTEXT('Part 1','COMPONENT_PART')
);
#16679=(
GEOMETRIC_REPRESENTATION_CONTEXT(3)
GLOBAL_UNCERTAINTY_ASSIGNED_CONTEXT((#16721))
GLOBAL_UNIT_ASSIGNED_CONTEXT((#16740,#16739,#16738))
REPRESENTATION_CONTEXT('pilares pionsat__PartBody_6','COMPONENT_PART')
);
#16680=(
GEOMETRIC_REPRESENTATION_CONTEXT(3)
GLOBAL_UNCERTAINTY_ASSIGNED_CONTEXT((#16722))
GLOBAL_UNIT_ASSIGNED_CONTEXT((#16740,#16739,#16738))
REPRESENTATION_CONTEXT('1730_4','COMPONENT_PART')
);
#16681=(
GEOMETRIC_REPRESENTATION_CONTEXT(3)
GLOBAL_UNCERTAINTY_ASSIGNED_CONTEXT((#16723))
GLOBAL_UNIT_ASSIGNED_CONTEXT((#16740,#16739,#16738))
REPRESENTATION_CONTEXT('Part1__PartBody_2','COMPONENT_PART')
);
#16682=(
GEOMETRIC_REPRESENTATION_CONTEXT(3)
GLOBAL_UNCERTAINTY_ASSIGNED_CONTEXT((#16724))
GLOBAL_UNIT_ASSIGNED_CONTEXT((#16740,#16739,#16738))
REPRESENTATION_CONTEXT('pilares pionsat__PartBody_14','COMPONENT_PART')
);
#16683=(
GEOMETRIC_REPRESENTATION_CONTEXT(3)
GLOBAL_UNCERTAINTY_ASSIGNED_CONTEXT((#16725))
GLOBAL_UNIT_ASSIGNED_CONTEXT((#16740,#16739,#16738))
REPRESENTATION_CONTEXT('pilares pionsat__PartBody_3','COMPONENT_PART')
);
#16684=(
GEOMETRIC_REPRESENTATION_CONTEXT(3)
GLOBAL_UNCERTAINTY_ASSIGNED_CONTEXT((#16726))
GLOBAL_UNIT_ASSIGNED_CONTEXT((#16740,#16739,#16738))
REPRESENTATION_CONTEXT('pilares pionsat__PartBody_1','COMPONENT_PART')
);
#16685=(
GEOMETRIC_REPRESENTATION_CONTEXT(3)
GLOBAL_UNCERTAINTY_ASSIGNED_CONTEXT((#16727))
GLOBAL_UNIT_ASSIGNED_CONTEXT((#16740,#16739,#16738))
REPRESENTATION_CONTEXT('pilares pionsat__PartBody_2','COMPONENT_PART')
);
#16686=(
GEOMETRIC_REPRESENTATION_CONTEXT(3)
GLOBAL_UNCERTAINTY_ASSIGNED_CONTEXT((#16728))
GLOBAL_UNIT_ASSIGNED_CONTEXT((#16740,#16739,#16738))
REPRESENTATION_CONTEXT('1730_3','COMPONENT_PART')
);
#16687=(
GEOMETRIC_REPRESENTATION_CONTEXT(3)
GLOBAL_UNCERTAINTY_ASSIGNED_CONTEXT((#16729))
GLOBAL_UNIT_ASSIGNED_CONTEXT((#16740,#16739,#16738))
REPRESENTATION_CONTEXT('Part 1','COMPONENT_PART')
);
#16688=(
GEOMETRIC_REPRESENTATION_CONTEXT(3)
GLOBAL_UNCERTAINTY_ASSIGNED_CONTEXT((#16730))
GLOBAL_UNIT_ASSIGNED_CONTEXT((#16740,#16739,#16738))
REPRESENTATION_CONTEXT('Part1__PartBody','COMPONENT_PART')
);
#16689=(
GEOMETRIC_REPRESENTATION_CONTEXT(3)
GLOBAL_UNCERTAINTY_ASSIGNED_CONTEXT((#16731))
GLOBAL_UNIT_ASSIGNED_CONTEXT((#16740,#16739,#16738))
REPRESENTATION_CONTEXT('pilares pionsat__PartBody_13','COMPONENT_PART')
);
#16690=(
GEOMETRIC_REPRESENTATION_CONTEXT(3)
GLOBAL_UNCERTAINTY_ASSIGNED_CONTEXT((#16732))
GLOBAL_UNIT_ASSIGNED_CONTEXT((#16740,#16739,#16738))
REPRESENTATION_CONTEXT('pilares pionsat__PartBody','COMPONENT_PART')
);
#16691=(
GEOMETRIC_REPRESENTATION_CONTEXT(3)
GLOBAL_UNCERTAINTY_ASSIGNED_CONTEXT((#16733))
GLOBAL_UNIT_ASSIGNED_CONTEXT((#16740,#16739,#16738))
REPRESENTATION_CONTEXT('barramento__PartBody.2_2','COMPONENT_PART')
);
#16692=(
GEOMETRIC_REPRESENTATION_CONTEXT(3)
GLOBAL_UNCERTAINTY_ASSIGNED_CONTEXT((#16734))
GLOBAL_UNIT_ASSIGNED_CONTEXT((#16740,#16739,#16738))
REPRESENTATION_CONTEXT('barramento__PartBody.1_2','COMPONENT_PART')
);
#16693=(
GEOMETRIC_REPRESENTATION_CONTEXT(3)
GLOBAL_UNCERTAINTY_ASSIGNED_CONTEXT((#16735))
GLOBAL_UNIT_ASSIGNED_CONTEXT((#16740,#16739,#16738))
REPRESENTATION_CONTEXT('pilares pionsat__PartBody_4','COMPONENT_PART')
);
#16694=(
GEOMETRIC_REPRESENTATION_CONTEXT(3)
GLOBAL_UNCERTAINTY_ASSIGNED_CONTEXT((#16736))
GLOBAL_UNIT_ASSIGNED_CONTEXT((#16740,#16739,#16738))
REPRESENTATION_CONTEXT('bateria','COMPONENT_PART')
);
#16695=(
GEOMETRIC_REPRESENTATION_CONTEXT(3)
GLOBAL_UNCERTAINTY_ASSIGNED_CONTEXT((#16737))
GLOBAL_UNIT_ASSIGNED_CONTEXT((#16740,#16739,#16738))
REPRESENTATION_CONTEXT('barramento__PartBody.1_3','COMPONENT_PART')
);
#16696=UNCERTAINTY_MEASURE_WITH_UNIT(LENGTH_MEASURE(1.E-8),#16740,
'DISTANCE_ACCURACY_VALUE','Maximum Tolerance applied to model');
#16697=UNCERTAINTY_MEASURE_WITH_UNIT(LENGTH_MEASURE(1.E-8),#16740,
'DISTANCE_ACCURACY_VALUE','Maximum Tolerance applied to model');
#16698=UNCERTAINTY_MEASURE_WITH_UNIT(LENGTH_MEASURE(1.E-8),#16740,
'DISTANCE_ACCURACY_VALUE','Maximum Tolerance applied to model');
#16699=UNCERTAINTY_MEASURE_WITH_UNIT(LENGTH_MEASURE(1.E-8),#16740,
'DISTANCE_ACCURACY_VALUE','Maximum Tolerance applied to model');
#16700=UNCERTAINTY_MEASURE_WITH_UNIT(LENGTH_MEASURE(1.E-8),#16740,
'DISTANCE_ACCURACY_VALUE','Maximum Tolerance applied to model');
#16701=UNCERTAINTY_MEASURE_WITH_UNIT(LENGTH_MEASURE(1.E-8),#16740,
'DISTANCE_ACCURACY_VALUE','Maximum Tolerance applied to model');
#16702=UNCERTAINTY_MEASURE_WITH_UNIT(LENGTH_MEASURE(1.E-8),#16740,
'DISTANCE_ACCURACY_VALUE','Maximum Tolerance applied to model');
#16703=UNCERTAINTY_MEASURE_WITH_UNIT(LENGTH_MEASURE(1.E-8),#16740,
'DISTANCE_ACCURACY_VALUE','Maximum Tolerance applied to model');
#16704=UNCERTAINTY_MEASURE_WITH_UNIT(LENGTH_MEASURE(1.E-8),#16740,
'DISTANCE_ACCURACY_VALUE','Maximum Tolerance applied to model');
#16705=UNCERTAINTY_MEASURE_WITH_UNIT(LENGTH_MEASURE(1.E-8),#16740,
'DISTANCE_ACCURACY_VALUE','Maximum Tolerance applied to model');
#16706=UNCERTAINTY_MEASURE_WITH_UNIT(LENGTH_MEASURE(1.E-6),#16740,
'DISTANCE_ACCURACY_VALUE','Maximum Tolerance applied to model');
#16707=UNCERTAINTY_MEASURE_WITH_UNIT(LENGTH_MEASURE(1.E-8),#16740,
'DISTANCE_ACCURACY_VALUE','Maximum Tolerance applied to model');
#16708=UNCERTAINTY_MEASURE_WITH_UNIT(LENGTH_MEASURE(1.E-6),#16740,
'DISTANCE_ACCURACY_VALUE','Maximum Tolerance applied to model');
#16709=UNCERTAINTY_MEASURE_WITH_UNIT(LENGTH_MEASURE(1.E-8),#16740,
'DISTANCE_ACCURACY_VALUE','Maximum Tolerance applied to model');
#16710=UNCERTAINTY_MEASURE_WITH_UNIT(LENGTH_MEASURE(1.E-8),#16740,
'DISTANCE_ACCURACY_VALUE','Maximum Tolerance applied to model');
#16711=UNCERTAINTY_MEASURE_WITH_UNIT(LENGTH_MEASURE(1.E-6),#16740,
'DISTANCE_ACCURACY_VALUE','Maximum Tolerance applied to model');
#16712=UNCERTAINTY_MEASURE_WITH_UNIT(LENGTH_MEASURE(1.E-8),#16740,
'DISTANCE_ACCURACY_VALUE','Maximum Tolerance applied to model');
#16713=UNCERTAINTY_MEASURE_WITH_UNIT(LENGTH_MEASURE(1.E-6),#16740,
'DISTANCE_ACCURACY_VALUE','Maximum Tolerance applied to model');
#16714=UNCERTAINTY_MEASURE_WITH_UNIT(LENGTH_MEASURE(1.E-6),#16740,
'DISTANCE_ACCURACY_VALUE','Maximum Tolerance applied to model');
#16715=UNCERTAINTY_MEASURE_WITH_UNIT(LENGTH_MEASURE(1.E-8),#16740,
'DISTANCE_ACCURACY_VALUE','Maximum Tolerance applied to model');
#16716=UNCERTAINTY_MEASURE_WITH_UNIT(LENGTH_MEASURE(1.E-8),#16740,
'DISTANCE_ACCURACY_VALUE','Maximum Tolerance applied to model');
#16717=UNCERTAINTY_MEASURE_WITH_UNIT(LENGTH_MEASURE(1.E-8),#16740,
'DISTANCE_ACCURACY_VALUE','Maximum Tolerance applied to model');
#16718=UNCERTAINTY_MEASURE_WITH_UNIT(LENGTH_MEASURE(1.E-8),#16740,
'DISTANCE_ACCURACY_VALUE','Maximum Tolerance applied to model');
#16719=UNCERTAINTY_MEASURE_WITH_UNIT(LENGTH_MEASURE(1.E-6),#16740,
'DISTANCE_ACCURACY_VALUE','Maximum Tolerance applied to model');
#16720=UNCERTAINTY_MEASURE_WITH_UNIT(LENGTH_MEASURE(1.E-6),#16740,
'DISTANCE_ACCURACY_VALUE','Maximum Tolerance applied to model');
#16721=UNCERTAINTY_MEASURE_WITH_UNIT(LENGTH_MEASURE(1.E-8),#16740,
'DISTANCE_ACCURACY_VALUE','Maximum Tolerance applied to model');
#16722=UNCERTAINTY_MEASURE_WITH_UNIT(LENGTH_MEASURE(1.E-6),#16740,
'DISTANCE_ACCURACY_VALUE','Maximum Tolerance applied to model');
#16723=UNCERTAINTY_MEASURE_WITH_UNIT(LENGTH_MEASURE(1.E-8),#16740,
'DISTANCE_ACCURACY_VALUE','Maximum Tolerance applied to model');
#16724=UNCERTAINTY_MEASURE_WITH_UNIT(LENGTH_MEASURE(1.E-8),#16740,
'DISTANCE_ACCURACY_VALUE','Maximum Tolerance applied to model');
#16725=UNCERTAINTY_MEASURE_WITH_UNIT(LENGTH_MEASURE(1.E-8),#16740,
'DISTANCE_ACCURACY_VALUE','Maximum Tolerance applied to model');
#16726=UNCERTAINTY_MEASURE_WITH_UNIT(LENGTH_MEASURE(1.E-8),#16740,
'DISTANCE_ACCURACY_VALUE','Maximum Tolerance applied to model');
#16727=UNCERTAINTY_MEASURE_WITH_UNIT(LENGTH_MEASURE(1.E-8),#16740,
'DISTANCE_ACCURACY_VALUE','Maximum Tolerance applied to model');
#16728=UNCERTAINTY_MEASURE_WITH_UNIT(LENGTH_MEASURE(1.E-6),#16740,
'DISTANCE_ACCURACY_VALUE','Maximum Tolerance applied to model');
#16729=UNCERTAINTY_MEASURE_WITH_UNIT(LENGTH_MEASURE(1.E-8),#16740,
'DISTANCE_ACCURACY_VALUE','Maximum Tolerance applied to model');
#16730=UNCERTAINTY_MEASURE_WITH_UNIT(LENGTH_MEASURE(1.E-8),#16740,
'DISTANCE_ACCURACY_VALUE','Maximum Tolerance applied to model');
#16731=UNCERTAINTY_MEASURE_WITH_UNIT(LENGTH_MEASURE(1.E-8),#16740,
'DISTANCE_ACCURACY_VALUE','Maximum Tolerance applied to model');
#16732=UNCERTAINTY_MEASURE_WITH_UNIT(LENGTH_MEASURE(1.E-8),#16740,
'DISTANCE_ACCURACY_VALUE','Maximum Tolerance applied to model');
#16733=UNCERTAINTY_MEASURE_WITH_UNIT(LENGTH_MEASURE(1.E-8),#16740,
'DISTANCE_ACCURACY_VALUE','Maximum Tolerance applied to model');
#16734=UNCERTAINTY_MEASURE_WITH_UNIT(LENGTH_MEASURE(1.E-8),#16740,
'DISTANCE_ACCURACY_VALUE','Maximum Tolerance applied to model');
#16735=UNCERTAINTY_MEASURE_WITH_UNIT(LENGTH_MEASURE(1.E-8),#16740,
'DISTANCE_ACCURACY_VALUE','Maximum Tolerance applied to model');
#16736=UNCERTAINTY_MEASURE_WITH_UNIT(LENGTH_MEASURE(1.E-8),#16740,
'DISTANCE_ACCURACY_VALUE','Maximum Tolerance applied to model');
#16737=UNCERTAINTY_MEASURE_WITH_UNIT(LENGTH_MEASURE(1.E-8),#16740,
'DISTANCE_ACCURACY_VALUE','Maximum Tolerance applied to model');
#16738=(
NAMED_UNIT(*)
SI_UNIT($,.STERADIAN.)
SOLID_ANGLE_UNIT()
);
#16739=(
NAMED_UNIT(*)
PLANE_ANGLE_UNIT()
SI_UNIT($,.RADIAN.)
);
#16740=(
LENGTH_UNIT()
NAMED_UNIT(*)
SI_UNIT($,.METRE.)
);
#16741=PRODUCT_DEFINITION_SHAPE('','',#16828);
#16742=PRODUCT_DEFINITION_SHAPE('','',#16829);
#16743=PRODUCT_DEFINITION_SHAPE(' ','NAUO PRDDFN',#86);
#16744=PRODUCT_DEFINITION_SHAPE('','',#16830);
#16745=PRODUCT_DEFINITION_SHAPE('','',#16831);
#16746=PRODUCT_DEFINITION_SHAPE(' ','NAUO PRDDFN',#87);
#16747=PRODUCT_DEFINITION_SHAPE('','',#16832);
#16748=PRODUCT_DEFINITION_SHAPE(' ','NAUO PRDDFN',#88);
#16749=PRODUCT_DEFINITION_SHAPE('','',#16833);
#16750=PRODUCT_DEFINITION_SHAPE(' ','NAUO PRDDFN',#89);
#16751=PRODUCT_DEFINITION_SHAPE('','',#16834);
#16752=PRODUCT_DEFINITION_SHAPE(' ','NAUO PRDDFN',#90);
#16753=PRODUCT_DEFINITION_SHAPE('','',#16835);
#16754=PRODUCT_DEFINITION_SHAPE(' ','NAUO PRDDFN',#91);
#16755=PRODUCT_DEFINITION_SHAPE('','',#16836);
#16756=PRODUCT_DEFINITION_SHAPE(' ','NAUO PRDDFN',#92);
#16757=PRODUCT_DEFINITION_SHAPE('','',#16837);
#16758=PRODUCT_DEFINITION_SHAPE(' ','NAUO PRDDFN',#93);
#16759=PRODUCT_DEFINITION_SHAPE('','',#16838);
#16760=PRODUCT_DEFINITION_SHAPE(' ','NAUO PRDDFN',#94);
#16761=PRODUCT_DEFINITION_SHAPE('','',#16839);
#16762=PRODUCT_DEFINITION_SHAPE(' ','NAUO PRDDFN',#95);
#16763=PRODUCT_DEFINITION_SHAPE('','',#16840);
#16764=PRODUCT_DEFINITION_SHAPE(' ','NAUO PRDDFN',#96);
#16765=PRODUCT_DEFINITION_SHAPE('','',#16841);
#16766=PRODUCT_DEFINITION_SHAPE(' ','NAUO PRDDFN',#97);
#16767=PRODUCT_DEFINITION_SHAPE('','',#16842);
#16768=PRODUCT_DEFINITION_SHAPE(' ','NAUO PRDDFN',#98);
#16769=PRODUCT_DEFINITION_SHAPE('','',#16843);
#16770=PRODUCT_DEFINITION_SHAPE(' ','NAUO PRDDFN',#99);
#16771=PRODUCT_DEFINITION_SHAPE('','',#16844);
#16772=PRODUCT_DEFINITION_SHAPE(' ','NAUO PRDDFN',#100);
#16773=PRODUCT_DEFINITION_SHAPE('','',#16845);
#16774=PRODUCT_DEFINITION_SHAPE(' ','NAUO PRDDFN',#101);
#16775=PRODUCT_DEFINITION_SHAPE('','',#16846);
#16776=PRODUCT_DEFINITION_SHAPE(' ','NAUO PRDDFN',#102);
#16777=PRODUCT_DEFINITION_SHAPE('','',#16847);
#16778=PRODUCT_DEFINITION_SHAPE(' ','NAUO PRDDFN',#103);
#16779=PRODUCT_DEFINITION_SHAPE('','',#16848);
#16780=PRODUCT_DEFINITION_SHAPE(' ','NAUO PRDDFN',#104);
#16781=PRODUCT_DEFINITION_SHAPE('','',#16849);
#16782=PRODUCT_DEFINITION_SHAPE(' ','NAUO PRDDFN',#105);
#16783=PRODUCT_DEFINITION_SHAPE('','',#16850);
#16784=PRODUCT_DEFINITION_SHAPE(' ','NAUO PRDDFN',#106);
#16785=PRODUCT_DEFINITION_SHAPE('','',#16851);
#16786=PRODUCT_DEFINITION_SHAPE(' ','NAUO PRDDFN',#107);
#16787=PRODUCT_DEFINITION_SHAPE('','',#16852);
#16788=PRODUCT_DEFINITION_SHAPE(' ','NAUO PRDDFN',#108);
#16789=PRODUCT_DEFINITION_SHAPE('','',#16853);
#16790=PRODUCT_DEFINITION_SHAPE(' ','NAUO PRDDFN',#109);
#16791=PRODUCT_DEFINITION_SHAPE('','',#16854);
#16792=PRODUCT_DEFINITION_SHAPE(' ','NAUO PRDDFN',#110);
#16793=PRODUCT_DEFINITION_SHAPE('','',#16855);
#16794=PRODUCT_DEFINITION_SHAPE(' ','NAUO PRDDFN',#111);
#16795=PRODUCT_DEFINITION_SHAPE('','',#16856);
#16796=PRODUCT_DEFINITION_SHAPE(' ','NAUO PRDDFN',#112);
#16797=PRODUCT_DEFINITION_SHAPE('','',#16857);
#16798=PRODUCT_DEFINITION_SHAPE(' ','NAUO PRDDFN',#113);
#16799=PRODUCT_DEFINITION_SHAPE(' ','NAUO PRDDFN',#114);
#16800=PRODUCT_DEFINITION_SHAPE('','',#16858);
#16801=PRODUCT_DEFINITION_SHAPE(' ','NAUO PRDDFN',#115);
#16802=PRODUCT_DEFINITION_SHAPE('','',#16859);
#16803=PRODUCT_DEFINITION_SHAPE(' ','NAUO PRDDFN',#116);
#16804=PRODUCT_DEFINITION_SHAPE('','',#16860);
#16805=PRODUCT_DEFINITION_SHAPE(' ','NAUO PRDDFN',#117);
#16806=PRODUCT_DEFINITION_SHAPE('','',#16861);
#16807=PRODUCT_DEFINITION_SHAPE(' ','NAUO PRDDFN',#118);
#16808=PRODUCT_DEFINITION_SHAPE(' ','NAUO PRDDFN',#119);
#16809=PRODUCT_DEFINITION_SHAPE('','',#16862);
#16810=PRODUCT_DEFINITION_SHAPE(' ','NAUO PRDDFN',#120);
#16811=PRODUCT_DEFINITION_SHAPE(' ','NAUO PRDDFN',#121);
#16812=PRODUCT_DEFINITION_SHAPE('','',#16863);
#16813=PRODUCT_DEFINITION_SHAPE(' ','NAUO PRDDFN',#122);
#16814=PRODUCT_DEFINITION_SHAPE('','',#16864);
#16815=PRODUCT_DEFINITION_SHAPE(' ','NAUO PRDDFN',#123);
#16816=PRODUCT_DEFINITION_SHAPE('','',#16865);
#16817=PRODUCT_DEFINITION_SHAPE(' ','NAUO PRDDFN',#124);
#16818=PRODUCT_DEFINITION_SHAPE('','',#16866);
#16819=PRODUCT_DEFINITION_SHAPE(' ','NAUO PRDDFN',#125);
#16820=PRODUCT_DEFINITION_SHAPE('','',#16867);
#16821=PRODUCT_DEFINITION_SHAPE(' ','NAUO PRDDFN',#126);
#16822=PRODUCT_DEFINITION_SHAPE('','',#16868);
#16823=PRODUCT_DEFINITION_SHAPE(' ','NAUO PRDDFN',#127);
#16824=PRODUCT_DEFINITION_SHAPE(' ','NAUO PRDDFN',#128);
#16825=PRODUCT_DEFINITION_SHAPE('','',#16869);
#16826=PRODUCT_DEFINITION_SHAPE(' ','NAUO PRDDFN',#129);
#16827=PRODUCT_DEFINITION_SHAPE(' ','NAUO PRDDFN',#130);
#16828=PRODUCT_DEFINITION('','',#16912,#16870);
#16829=PRODUCT_DEFINITION('','',#16913,#16871);
#16830=PRODUCT_DEFINITION('','',#16914,#16872);
#16831=PRODUCT_DEFINITION('','',#16915,#16873);
#16832=PRODUCT_DEFINITION('','',#16916,#16874);
#16833=PRODUCT_DEFINITION('','',#16917,#16875);
#16834=PRODUCT_DEFINITION('','',#16918,#16876);
#16835=PRODUCT_DEFINITION('','',#16919,#16877);
#16836=PRODUCT_DEFINITION('','',#16920,#16878);
#16837=PRODUCT_DEFINITION('','',#16921,#16879);
#16838=PRODUCT_DEFINITION('','',#16922,#16880);
#16839=PRODUCT_DEFINITION('','',#16923,#16881);
#16840=PRODUCT_DEFINITION('','',#16924,#16882);
#16841=PRODUCT_DEFINITION('','',#16925,#16883);
#16842=PRODUCT_DEFINITION('','',#16926,#16884);
#16843=PRODUCT_DEFINITION('','',#16927,#16885);
#16844=PRODUCT_DEFINITION('','',#16928,#16886);
#16845=PRODUCT_DEFINITION('','',#16929,#16887);
#16846=PRODUCT_DEFINITION('','',#16930,#16888);
#16847=PRODUCT_DEFINITION('','',#16931,#16889);
#16848=PRODUCT_DEFINITION('','',#16932,#16890);
#16849=PRODUCT_DEFINITION('','',#16933,#16891);
#16850=PRODUCT_DEFINITION('','',#16934,#16892);
#16851=PRODUCT_DEFINITION('','',#16935,#16893);
#16852=PRODUCT_DEFINITION('','',#16936,#16894);
#16853=PRODUCT_DEFINITION('','',#16937,#16895);
#16854=PRODUCT_DEFINITION('','',#16938,#16896);
#16855=PRODUCT_DEFINITION('','',#16939,#16897);
#16856=PRODUCT_DEFINITION('','',#16940,#16898);
#16857=PRODUCT_DEFINITION('','',#16941,#16899);
#16858=PRODUCT_DEFINITION('','',#16942,#16900);
#16859=PRODUCT_DEFINITION('','',#16943,#16901);
#16860=PRODUCT_DEFINITION('','',#16944,#16902);
#16861=PRODUCT_DEFINITION('','',#16945,#16903);
#16862=PRODUCT_DEFINITION('','',#16946,#16904);
#16863=PRODUCT_DEFINITION('','',#16947,#16905);
#16864=PRODUCT_DEFINITION('','',#16948,#16906);
#16865=PRODUCT_DEFINITION('','',#16949,#16907);
#16866=PRODUCT_DEFINITION('','',#16950,#16908);
#16867=PRODUCT_DEFINITION('','',#16951,#16909);
#16868=PRODUCT_DEFINITION('','',#16952,#16910);
#16869=PRODUCT_DEFINITION('','',#16953,#16911);
#16870=PRODUCT_DEFINITION_CONTEXT('',#17123,'design');
#16871=PRODUCT_DEFINITION_CONTEXT('',#17123,'design');
#16872=PRODUCT_DEFINITION_CONTEXT('',#17123,'design');
#16873=PRODUCT_DEFINITION_CONTEXT('',#17123,'design');
#16874=PRODUCT_DEFINITION_CONTEXT('',#17123,'design');
#16875=PRODUCT_DEFINITION_CONTEXT('',#17123,'design');
#16876=PRODUCT_DEFINITION_CONTEXT('',#17123,'design');
#16877=PRODUCT_DEFINITION_CONTEXT('',#17123,'design');
#16878=PRODUCT_DEFINITION_CONTEXT('',#17123,'design');
#16879=PRODUCT_DEFINITION_CONTEXT('',#17123,'design');
#16880=PRODUCT_DEFINITION_CONTEXT('',#17123,'design');
#16881=PRODUCT_DEFINITION_CONTEXT('',#17123,'design');
#16882=PRODUCT_DEFINITION_CONTEXT('',#17123,'design');
#16883=PRODUCT_DEFINITION_CONTEXT('',#17123,'design');
#16884=PRODUCT_DEFINITION_CONTEXT('',#17123,'design');
#16885=PRODUCT_DEFINITION_CONTEXT('',#17123,'design');
#16886=PRODUCT_DEFINITION_CONTEXT('',#17123,'design');
#16887=PRODUCT_DEFINITION_CONTEXT('',#17123,'design');
#16888=PRODUCT_DEFINITION_CONTEXT('',#17123,'design');
#16889=PRODUCT_DEFINITION_CONTEXT('',#17123,'design');
#16890=PRODUCT_DEFINITION_CONTEXT('',#17123,'design');
#16891=PRODUCT_DEFINITION_CONTEXT('',#17123,'design');
#16892=PRODUCT_DEFINITION_CONTEXT('',#17123,'design');
#16893=PRODUCT_DEFINITION_CONTEXT('',#17123,'design');
#16894=PRODUCT_DEFINITION_CONTEXT('',#17123,'design');
#16895=PRODUCT_DEFINITION_CONTEXT('',#17123,'design');
#16896=PRODUCT_DEFINITION_CONTEXT('',#17123,'design');
#16897=PRODUCT_DEFINITION_CONTEXT('',#17123,'design');
#16898=PRODUCT_DEFINITION_CONTEXT('',#17123,'design');
#16899=PRODUCT_DEFINITION_CONTEXT('',#17123,'design');
#16900=PRODUCT_DEFINITION_CONTEXT('',#17123,'design');
#16901=PRODUCT_DEFINITION_CONTEXT('',#17123,'design');
#16902=PRODUCT_DEFINITION_CONTEXT('',#17123,'design');
#16903=PRODUCT_DEFINITION_CONTEXT('',#17123,'design');
#16904=PRODUCT_DEFINITION_CONTEXT('',#17123,'design');
#16905=PRODUCT_DEFINITION_CONTEXT('',#17123,'design');
#16906=PRODUCT_DEFINITION_CONTEXT('',#17123,'design');
#16907=PRODUCT_DEFINITION_CONTEXT('',#17123,'design');
#16908=PRODUCT_DEFINITION_CONTEXT('',#17123,'design');
#16909=PRODUCT_DEFINITION_CONTEXT('',#17123,'design');
#16910=PRODUCT_DEFINITION_CONTEXT('',#17123,'design');
#16911=PRODUCT_DEFINITION_CONTEXT('',#17123,'design');
#16912=PRODUCT_DEFINITION_FORMATION_WITH_SPECIFIED_SOURCE('','',#16996,
 .NOT_KNOWN.);
#16913=PRODUCT_DEFINITION_FORMATION_WITH_SPECIFIED_SOURCE('','',#16997,
 .NOT_KNOWN.);
#16914=PRODUCT_DEFINITION_FORMATION_WITH_SPECIFIED_SOURCE('','',#16998,
 .NOT_KNOWN.);
#16915=PRODUCT_DEFINITION_FORMATION_WITH_SPECIFIED_SOURCE('','',#16999,
 .NOT_KNOWN.);
#16916=PRODUCT_DEFINITION_FORMATION_WITH_SPECIFIED_SOURCE('','',#17000,
 .NOT_KNOWN.);
#16917=PRODUCT_DEFINITION_FORMATION_WITH_SPECIFIED_SOURCE('','',#17001,
 .NOT_KNOWN.);
#16918=PRODUCT_DEFINITION_FORMATION_WITH_SPECIFIED_SOURCE('','',#17002,
 .NOT_KNOWN.);
#16919=PRODUCT_DEFINITION_FORMATION_WITH_SPECIFIED_SOURCE('','',#17003,
 .NOT_KNOWN.);
#16920=PRODUCT_DEFINITION_FORMATION_WITH_SPECIFIED_SOURCE('','',#17004,
 .NOT_KNOWN.);
#16921=PRODUCT_DEFINITION_FORMATION_WITH_SPECIFIED_SOURCE('','',#17005,
 .NOT_KNOWN.);
#16922=PRODUCT_DEFINITION_FORMATION_WITH_SPECIFIED_SOURCE('','',#17006,
 .NOT_KNOWN.);
#16923=PRODUCT_DEFINITION_FORMATION_WITH_SPECIFIED_SOURCE('','',#17007,
 .NOT_KNOWN.);
#16924=PRODUCT_DEFINITION_FORMATION_WITH_SPECIFIED_SOURCE('','',#17008,
 .NOT_KNOWN.);
#16925=PRODUCT_DEFINITION_FORMATION_WITH_SPECIFIED_SOURCE('','',#17009,
 .NOT_KNOWN.);
#16926=PRODUCT_DEFINITION_FORMATION_WITH_SPECIFIED_SOURCE('','',#17010,
 .NOT_KNOWN.);
#16927=PRODUCT_DEFINITION_FORMATION_WITH_SPECIFIED_SOURCE('','',#17011,
 .NOT_KNOWN.);
#16928=PRODUCT_DEFINITION_FORMATION_WITH_SPECIFIED_SOURCE('','',#17012,
 .NOT_KNOWN.);
#16929=PRODUCT_DEFINITION_FORMATION_WITH_SPECIFIED_SOURCE('','',#17013,
 .NOT_KNOWN.);
#16930=PRODUCT_DEFINITION_FORMATION_WITH_SPECIFIED_SOURCE('','',#17014,
 .NOT_KNOWN.);
#16931=PRODUCT_DEFINITION_FORMATION_WITH_SPECIFIED_SOURCE('','',#17015,
 .NOT_KNOWN.);
#16932=PRODUCT_DEFINITION_FORMATION_WITH_SPECIFIED_SOURCE('','',#17016,
 .NOT_KNOWN.);
#16933=PRODUCT_DEFINITION_FORMATION_WITH_SPECIFIED_SOURCE('','',#17017,
 .NOT_KNOWN.);
#16934=PRODUCT_DEFINITION_FORMATION_WITH_SPECIFIED_SOURCE('','',#17018,
 .NOT_KNOWN.);
#16935=PRODUCT_DEFINITION_FORMATION_WITH_SPECIFIED_SOURCE('','',#17019,
 .NOT_KNOWN.);
#16936=PRODUCT_DEFINITION_FORMATION_WITH_SPECIFIED_SOURCE('','',#17020,
 .NOT_KNOWN.);
#16937=PRODUCT_DEFINITION_FORMATION_WITH_SPECIFIED_SOURCE('','',#17021,
 .NOT_KNOWN.);
#16938=PRODUCT_DEFINITION_FORMATION_WITH_SPECIFIED_SOURCE('','',#17022,
 .NOT_KNOWN.);
#16939=PRODUCT_DEFINITION_FORMATION_WITH_SPECIFIED_SOURCE('','',#17023,
 .NOT_KNOWN.);
#16940=PRODUCT_DEFINITION_FORMATION_WITH_SPECIFIED_SOURCE('','',#17024,
 .NOT_KNOWN.);
#16941=PRODUCT_DEFINITION_FORMATION_WITH_SPECIFIED_SOURCE('','',#17025,
 .NOT_KNOWN.);
#16942=PRODUCT_DEFINITION_FORMATION_WITH_SPECIFIED_SOURCE('','',#17026,
 .NOT_KNOWN.);
#16943=PRODUCT_DEFINITION_FORMATION_WITH_SPECIFIED_SOURCE('','',#17027,
 .NOT_KNOWN.);
#16944=PRODUCT_DEFINITION_FORMATION_WITH_SPECIFIED_SOURCE('','',#17028,
 .NOT_KNOWN.);
#16945=PRODUCT_DEFINITION_FORMATION_WITH_SPECIFIED_SOURCE('','',#17029,
 .NOT_KNOWN.);
#16946=PRODUCT_DEFINITION_FORMATION_WITH_SPECIFIED_SOURCE('','',#17030,
 .NOT_KNOWN.);
#16947=PRODUCT_DEFINITION_FORMATION_WITH_SPECIFIED_SOURCE('','',#17031,
 .NOT_KNOWN.);
#16948=PRODUCT_DEFINITION_FORMATION_WITH_SPECIFIED_SOURCE('','',#17032,
 .NOT_KNOWN.);
#16949=PRODUCT_DEFINITION_FORMATION_WITH_SPECIFIED_SOURCE('','',#17033,
 .NOT_KNOWN.);
#16950=PRODUCT_DEFINITION_FORMATION_WITH_SPECIFIED_SOURCE('','',#17034,
 .NOT_KNOWN.);
#16951=PRODUCT_DEFINITION_FORMATION_WITH_SPECIFIED_SOURCE('','',#17035,
 .NOT_KNOWN.);
#16952=PRODUCT_DEFINITION_FORMATION_WITH_SPECIFIED_SOURCE('','',#17036,
 .NOT_KNOWN.);
#16953=PRODUCT_DEFINITION_FORMATION_WITH_SPECIFIED_SOURCE('','',#17037,
 .NOT_KNOWN.);
#16954=PRODUCT_RELATED_PRODUCT_CATEGORY('','',(#16996));
#16955=PRODUCT_RELATED_PRODUCT_CATEGORY('','',(#16997));
#16956=PRODUCT_RELATED_PRODUCT_CATEGORY('','',(#16998));
#16957=PRODUCT_RELATED_PRODUCT_CATEGORY('','',(#16999));
#16958=PRODUCT_RELATED_PRODUCT_CATEGORY('','',(#17000));
#16959=PRODUCT_RELATED_PRODUCT_CATEGORY('','',(#17001));
#16960=PRODUCT_RELATED_PRODUCT_CATEGORY('','',(#17002));
#16961=PRODUCT_RELATED_PRODUCT_CATEGORY('','',(#17003));
#16962=PRODUCT_RELATED_PRODUCT_CATEGORY('','',(#17004));
#16963=PRODUCT_RELATED_PRODUCT_CATEGORY('','',(#17005));
#16964=PRODUCT_RELATED_PRODUCT_CATEGORY('','',(#17006));
#16965=PRODUCT_RELATED_PRODUCT_CATEGORY('','',(#17007));
#16966=PRODUCT_RELATED_PRODUCT_CATEGORY('','',(#17008));
#16967=PRODUCT_RELATED_PRODUCT_CATEGORY('','',(#17009));
#16968=PRODUCT_RELATED_PRODUCT_CATEGORY('','',(#17010));
#16969=PRODUCT_RELATED_PRODUCT_CATEGORY('','',(#17011));
#16970=PRODUCT_RELATED_PRODUCT_CATEGORY('','',(#17012));
#16971=PRODUCT_RELATED_PRODUCT_CATEGORY('','',(#17013));
#16972=PRODUCT_RELATED_PRODUCT_CATEGORY('','',(#17014));
#16973=PRODUCT_RELATED_PRODUCT_CATEGORY('','',(#17015));
#16974=PRODUCT_RELATED_PRODUCT_CATEGORY('','',(#17016));
#16975=PRODUCT_RELATED_PRODUCT_CATEGORY('','',(#17017));
#16976=PRODUCT_RELATED_PRODUCT_CATEGORY('','',(#17018));
#16977=PRODUCT_RELATED_PRODUCT_CATEGORY('','',(#17019));
#16978=PRODUCT_RELATED_PRODUCT_CATEGORY('','',(#17020));
#16979=PRODUCT_RELATED_PRODUCT_CATEGORY('','',(#17021));
#16980=PRODUCT_RELATED_PRODUCT_CATEGORY('','',(#17022));
#16981=PRODUCT_RELATED_PRODUCT_CATEGORY('','',(#17023));
#16982=PRODUCT_RELATED_PRODUCT_CATEGORY('','',(#17024));
#16983=PRODUCT_RELATED_PRODUCT_CATEGORY('','',(#17025));
#16984=PRODUCT_RELATED_PRODUCT_CATEGORY('','',(#17026));
#16985=PRODUCT_RELATED_PRODUCT_CATEGORY('','',(#17027));
#16986=PRODUCT_RELATED_PRODUCT_CATEGORY('','',(#17028));
#16987=PRODUCT_RELATED_PRODUCT_CATEGORY('','',(#17029));
#16988=PRODUCT_RELATED_PRODUCT_CATEGORY('','',(#17030));
#16989=PRODUCT_RELATED_PRODUCT_CATEGORY('','',(#17031));
#16990=PRODUCT_RELATED_PRODUCT_CATEGORY('','',(#17032));
#16991=PRODUCT_RELATED_PRODUCT_CATEGORY('','',(#17033));
#16992=PRODUCT_RELATED_PRODUCT_CATEGORY('','',(#17034));
#16993=PRODUCT_RELATED_PRODUCT_CATEGORY('','',(#17035));
#16994=PRODUCT_RELATED_PRODUCT_CATEGORY('','',(#17036));
#16995=PRODUCT_RELATED_PRODUCT_CATEGORY('','',(#17037));
#16996=PRODUCT('Sat com chassi','Sat com chassi','Sat com chassi',(#17080));
#16997=PRODUCT('Part 1','Part 1','Part 1',(#17081));
#16998=PRODUCT('Sat sem chassi <1>','Sat sem chassi <1>',
'Sat sem chassi <1>',(#17082));
#16999=PRODUCT('Part1__PartBody_1','Part1__PartBody_1',
'Part1__PartBody_1',(#17083));
#17000=PRODUCT('pilares pionsat__PartBody_15',
'pilares pionsat__PartBody_15','pilares pionsat__PartBody_15',(#17084));
#17001=PRODUCT('barramento__PartBody.2','barramento__PartBody.2',
'barramento__PartBody.2',(#17085));
#17002=PRODUCT('pilares pionsat__PartBody_9',
'pilares pionsat__PartBody_9','pilares pionsat__PartBody_9',(#17086));
#17003=PRODUCT('barramento__PartBody.1','barramento__PartBody.1',
'barramento__PartBody.1',(#17087));
#17004=PRODUCT('pilares pionsat__PartBody_12',
'pilares pionsat__PartBody_12','pilares pionsat__PartBody_12',(#17088));
#17005=PRODUCT('Part1__PartBody_3','Part1__PartBody_3',
'Part1__PartBody_3',(#17089));
#17006=PRODUCT('1730_2','1730_2','1730_2',(#17090));
#17007=PRODUCT('pilares pionsat__PartBody_7',
'pilares pionsat__PartBody_7','pilares pionsat__PartBody_7',(#17091));
#17008=PRODUCT('1730','1730','1730',(#17092));
#17009=PRODUCT('barramento__PartBody.2_3','barramento__PartBody.2_3',
'barramento__PartBody.2_3',(#17093));
#17010=PRODUCT('barramento__PartBody.1_1','barramento__PartBody.1_1',
'barramento__PartBody.1_1',(#17094));
#17011=PRODUCT('1730_1','1730_1','1730_1',(#17095));
#17012=PRODUCT('pilares pionsat__PartBody_11',
'pilares pionsat__PartBody_11','pilares pionsat__PartBody_11',(#17096));
#17013=PRODUCT('1730_7','1730_7','1730_7',(#17097));
#17014=PRODUCT('1730_6','1730_6','1730_6',(#17098));
#17015=PRODUCT('pilares pionsat__PartBody_10',
'pilares pionsat__PartBody_10','pilares pionsat__PartBody_10',(#17099));
#17016=PRODUCT('pilares pionsat__PartBody_5',
'pilares pionsat__PartBody_5','pilares pionsat__PartBody_5',(#17100));
#17017=PRODUCT('barramento__PartBody.2_1','barramento__PartBody.2_1',
'barramento__PartBody.2_1',(#17101));
#17018=PRODUCT('pilares pionsat__PartBody_8',
'pilares pionsat__PartBody_8','pilares pionsat__PartBody_8',(#17102));
#17019=PRODUCT('1730_5','1730_5','1730_5',(#17103));
#17020=PRODUCT('Part 1','Part 1','Part 1',(#17104));
#17021=PRODUCT('pilares pionsat__PartBody_6',
'pilares pionsat__PartBody_6','pilares pionsat__PartBody_6',(#17105));
#17022=PRODUCT('1730_4','1730_4','1730_4',(#17106));
#17023=PRODUCT('Part1__PartBody_2','Part1__PartBody_2',
'Part1__PartBody_2',(#17107));
#17024=PRODUCT('pilares pionsat__PartBody_14',
'pilares pionsat__PartBody_14','pilares pionsat__PartBody_14',(#17108));
#17025=PRODUCT('pilares pionsat__PartBody_3',
'pilares pionsat__PartBody_3','pilares pionsat__PartBody_3',(#17109));
#17026=PRODUCT('pilares pionsat__PartBody_1',
'pilares pionsat__PartBody_1','pilares pionsat__PartBody_1',(#17110));
#17027=PRODUCT('pilares pionsat__PartBody_2',
'pilares pionsat__PartBody_2','pilares pionsat__PartBody_2',(#17111));
#17028=PRODUCT('1730_3','1730_3','1730_3',(#17112));
#17029=PRODUCT('Part 1','Part 1','Part 1',(#17113));
#17030=PRODUCT('Part1__PartBody','Part1__PartBody','Part1__PartBody',(#17114));
#17031=PRODUCT('pilares pionsat__PartBody_13',
'pilares pionsat__PartBody_13','pilares pionsat__PartBody_13',(#17115));
#17032=PRODUCT('pilares pionsat__PartBody','pilares pionsat__PartBody',
'pilares pionsat__PartBody',(#17116));
#17033=PRODUCT('barramento__PartBody.2_2','barramento__PartBody.2_2',
'barramento__PartBody.2_2',(#17117));
#17034=PRODUCT('barramento__PartBody.1_2','barramento__PartBody.1_2',
'barramento__PartBody.1_2',(#17118));
#17035=PRODUCT('pilares pionsat__PartBody_4',
'pilares pionsat__PartBody_4','pilares pionsat__PartBody_4',(#17119));
#17036=PRODUCT('bateria','bateria','bateria',(#17120));
#17037=PRODUCT('barramento__PartBody.1_3','barramento__PartBody.1_3',
'barramento__PartBody.1_3',(#17121));
#17038=PRODUCT_CATEGORY('','');
#17039=PRODUCT_CATEGORY('','');
#17040=PRODUCT_CATEGORY('','');
#17041=PRODUCT_CATEGORY('','');
#17042=PRODUCT_CATEGORY('','');
#17043=PRODUCT_CATEGORY('','');
#17044=PRODUCT_CATEGORY('','');
#17045=PRODUCT_CATEGORY('','');
#17046=PRODUCT_CATEGORY('','');
#17047=PRODUCT_CATEGORY('','');
#17048=PRODUCT_CATEGORY('','');
#17049=PRODUCT_CATEGORY('','');
#17050=PRODUCT_CATEGORY('','');
#17051=PRODUCT_CATEGORY('','');
#17052=PRODUCT_CATEGORY('','');
#17053=PRODUCT_CATEGORY('','');
#17054=PRODUCT_CATEGORY('','');
#17055=PRODUCT_CATEGORY('','');
#17056=PRODUCT_CATEGORY('','');
#17057=PRODUCT_CATEGORY('','');
#17058=PRODUCT_CATEGORY('','');
#17059=PRODUCT_CATEGORY('','');
#17060=PRODUCT_CATEGORY('','');
#17061=PRODUCT_CATEGORY('','');
#17062=PRODUCT_CATEGORY('','');
#17063=PRODUCT_CATEGORY('','');
#17064=PRODUCT_CATEGORY('','');
#17065=PRODUCT_CATEGORY('','');
#17066=PRODUCT_CATEGORY('','');
#17067=PRODUCT_CATEGORY('','');
#17068=PRODUCT_CATEGORY('','');
#17069=PRODUCT_CATEGORY('','');
#17070=PRODUCT_CATEGORY('','');
#17071=PRODUCT_CATEGORY('','');
#17072=PRODUCT_CATEGORY('','');
#17073=PRODUCT_CATEGORY('','');
#17074=PRODUCT_CATEGORY('','');
#17075=PRODUCT_CATEGORY('','');
#17076=PRODUCT_CATEGORY('','');
#17077=PRODUCT_CATEGORY('','');
#17078=PRODUCT_CATEGORY('','');
#17079=PRODUCT_CATEGORY('','');
#17080=PRODUCT_CONTEXT('',#17123,'mechanical');
#17081=PRODUCT_CONTEXT('',#17123,'mechanical');
#17082=PRODUCT_CONTEXT('',#17123,'mechanical');
#17083=PRODUCT_CONTEXT('',#17123,'mechanical');
#17084=PRODUCT_CONTEXT('',#17123,'mechanical');
#17085=PRODUCT_CONTEXT('',#17123,'mechanical');
#17086=PRODUCT_CONTEXT('',#17123,'mechanical');
#17087=PRODUCT_CONTEXT('',#17123,'mechanical');
#17088=PRODUCT_CONTEXT('',#17123,'mechanical');
#17089=PRODUCT_CONTEXT('',#17123,'mechanical');
#17090=PRODUCT_CONTEXT('',#17123,'mechanical');
#17091=PRODUCT_CONTEXT('',#17123,'mechanical');
#17092=PRODUCT_CONTEXT('',#17123,'mechanical');
#17093=PRODUCT_CONTEXT('',#17123,'mechanical');
#17094=PRODUCT_CONTEXT('',#17123,'mechanical');
#17095=PRODUCT_CONTEXT('',#17123,'mechanical');
#17096=PRODUCT_CONTEXT('',#17123,'mechanical');
#17097=PRODUCT_CONTEXT('',#17123,'mechanical');
#17098=PRODUCT_CONTEXT('',#17123,'mechanical');
#17099=PRODUCT_CONTEXT('',#17123,'mechanical');
#17100=PRODUCT_CONTEXT('',#17123,'mechanical');
#17101=PRODUCT_CONTEXT('',#17123,'mechanical');
#17102=PRODUCT_CONTEXT('',#17123,'mechanical');
#17103=PRODUCT_CONTEXT('',#17123,'mechanical');
#17104=PRODUCT_CONTEXT('',#17123,'mechanical');
#17105=PRODUCT_CONTEXT('',#17123,'mechanical');
#17106=PRODUCT_CONTEXT('',#17123,'mechanical');
#17107=PRODUCT_CONTEXT('',#17123,'mechanical');
#17108=PRODUCT_CONTEXT('',#17123,'mechanical');
#17109=PRODUCT_CONTEXT('',#17123,'mechanical');
#17110=PRODUCT_CONTEXT('',#17123,'mechanical');
#17111=PRODUCT_CONTEXT('',#17123,'mechanical');
#17112=PRODUCT_CONTEXT('',#17123,'mechanical');
#17113=PRODUCT_CONTEXT('',#17123,'mechanical');
#17114=PRODUCT_CONTEXT('',#17123,'mechanical');
#17115=PRODUCT_CONTEXT('',#17123,'mechanical');
#17116=PRODUCT_CONTEXT('',#17123,'mechanical');
#17117=PRODUCT_CONTEXT('',#17123,'mechanical');
#17118=PRODUCT_CONTEXT('',#17123,'mechanical');
#17119=PRODUCT_CONTEXT('',#17123,'mechanical');
#17120=PRODUCT_CONTEXT('',#17123,'mechanical');
#17121=PRODUCT_CONTEXT('',#17123,'mechanical');
#17122=APPLICATION_PROTOCOL_DEFINITION('international standard',
'ap242_managed_model_based_3d_engineering',2020,#17123);
#17123=APPLICATION_CONTEXT('managed model based 3d engineering');
ENDSEC;
END-ISO-10303-21;
