ISO-10303-21;
HEADER;
/* Generated by software containing ST-Developer
 * from STEP Tools, Inc. (www.steptools.com) 
 */
/* OPTION: using custom renumber hook */

FILE_DESCRIPTION(
/* description */ ('STEP AP242 Edition 2',
'CAx-IF Rec.Pracs.---Representation and Presentation of Product Manufa
cturing Information (PMI)---4.0---2014-10-13',
'CAx-IF Rec.Pracs.---3D Tessellated Geometry---0.4---2014-09-14','2;1',
'CAx-IF Rec.Pracs.---User Defined Attributes---1.5---2016-08-15'),
/* implementation_level */ '2;1');

FILE_NAME(
/* name */ '6a80c9afd8b1800fed5d690c',
/* time_stamp */ '2026-08-15T20:18:56Z',
/* author */ (''),
/* organization */ (''),
/* preprocessor_version */ 'ST-DEVELOPER v20',
/* originating_system */ 'ONSHAPE BY PTC INC, 1.219',
/* authorisation */ '  ');

FILE_SCHEMA (('AP242_MANAGED_MODEL_BASED_3D_ENGINEERING_MIM_LF { 1 0 10303 442 3 1 4 }'));
ENDSEC;

DATA;
#10=OVER_RIDING_STYLED_ITEM('',(#9362),#8829,#9322);
#11=OVER_RIDING_STYLED_ITEM('',(#9363),#8830,#9322);
#12=OVER_RIDING_STYLED_ITEM('',(#9364),#8831,#9322);
#13=OVER_RIDING_STYLED_ITEM('',(#9365),#8832,#9322);
#14=OVER_RIDING_STYLED_ITEM('',(#9366),#8833,#9322);
#15=OVER_RIDING_STYLED_ITEM('',(#9367),#8834,#9322);
#16=OVER_RIDING_STYLED_ITEM('',(#9368),#8835,#9322);
#17=OVER_RIDING_STYLED_ITEM('',(#9369),#8836,#9322);
#18=OVER_RIDING_STYLED_ITEM('',(#9370),#8837,#9322);
#19=OVER_RIDING_STYLED_ITEM('',(#9371),#8838,#9322);
#20=OVER_RIDING_STYLED_ITEM('',(#9372),#8839,#9322);
#21=OVER_RIDING_STYLED_ITEM('',(#9373),#8840,#9322);
#22=OVER_RIDING_STYLED_ITEM('',(#9374),#8841,#9322);
#23=OVER_RIDING_STYLED_ITEM('',(#9375),#8842,#9322);
#24=OVER_RIDING_STYLED_ITEM('',(#9376),#8843,#9322);
#25=OVER_RIDING_STYLED_ITEM('',(#9377),#8844,#9322);
#26=OVER_RIDING_STYLED_ITEM('',(#9378),#8845,#9322);
#27=OVER_RIDING_STYLED_ITEM('',(#9379),#8846,#9322);
#28=OVER_RIDING_STYLED_ITEM('',(#9380),#8847,#9322);
#29=OVER_RIDING_STYLED_ITEM('',(#9381),#8848,#9322);
#30=OVER_RIDING_STYLED_ITEM('',(#9382),#8849,#9322);
#31=OVER_RIDING_STYLED_ITEM('',(#9383),#8850,#9322);
#32=OVER_RIDING_STYLED_ITEM('',(#9384),#8851,#9322);
#33=OVER_RIDING_STYLED_ITEM('',(#9385),#8852,#9322);
#34=OVER_RIDING_STYLED_ITEM('',(#9386),#8853,#9322);
#35=OVER_RIDING_STYLED_ITEM('',(#9387),#8854,#9322);
#36=OVER_RIDING_STYLED_ITEM('',(#9388),#8855,#9322);
#37=OVER_RIDING_STYLED_ITEM('',(#9389),#8856,#9322);
#38=OVER_RIDING_STYLED_ITEM('',(#9390),#8857,#9322);
#39=OVER_RIDING_STYLED_ITEM('',(#9391),#8858,#9322);
#40=OVER_RIDING_STYLED_ITEM('',(#9392),#8859,#9322);
#41=CONTEXT_DEPENDENT_SHAPE_REPRESENTATION(#127,#16284);
#42=CONTEXT_DEPENDENT_SHAPE_REPRESENTATION(#128,#16286);
#43=CONTEXT_DEPENDENT_SHAPE_REPRESENTATION(#129,#16288);
#44=CONTEXT_DEPENDENT_SHAPE_REPRESENTATION(#130,#16289);
#45=CONTEXT_DEPENDENT_SHAPE_REPRESENTATION(#131,#16291);
#46=CONTEXT_DEPENDENT_SHAPE_REPRESENTATION(#132,#16293);
#47=CONTEXT_DEPENDENT_SHAPE_REPRESENTATION(#133,#16295);
#48=CONTEXT_DEPENDENT_SHAPE_REPRESENTATION(#134,#16297);
#49=CONTEXT_DEPENDENT_SHAPE_REPRESENTATION(#135,#16299);
#50=CONTEXT_DEPENDENT_SHAPE_REPRESENTATION(#136,#16301);
#51=CONTEXT_DEPENDENT_SHAPE_REPRESENTATION(#137,#16302);
#52=CONTEXT_DEPENDENT_SHAPE_REPRESENTATION(#138,#16304);
#53=CONTEXT_DEPENDENT_SHAPE_REPRESENTATION(#139,#16306);
#54=CONTEXT_DEPENDENT_SHAPE_REPRESENTATION(#140,#16308);
#55=CONTEXT_DEPENDENT_SHAPE_REPRESENTATION(#141,#16310);
#56=CONTEXT_DEPENDENT_SHAPE_REPRESENTATION(#142,#16312);
#57=CONTEXT_DEPENDENT_SHAPE_REPRESENTATION(#143,#16314);
#58=CONTEXT_DEPENDENT_SHAPE_REPRESENTATION(#144,#16316);
#59=CONTEXT_DEPENDENT_SHAPE_REPRESENTATION(#145,#16318);
#60=CONTEXT_DEPENDENT_SHAPE_REPRESENTATION(#146,#16320);
#61=CONTEXT_DEPENDENT_SHAPE_REPRESENTATION(#147,#16322);
#62=CONTEXT_DEPENDENT_SHAPE_REPRESENTATION(#148,#16324);
#63=CONTEXT_DEPENDENT_SHAPE_REPRESENTATION(#149,#16326);
#64=CONTEXT_DEPENDENT_SHAPE_REPRESENTATION(#150,#16328);
#65=CONTEXT_DEPENDENT_SHAPE_REPRESENTATION(#151,#16329);
#66=CONTEXT_DEPENDENT_SHAPE_REPRESENTATION(#152,#16331);
#67=CONTEXT_DEPENDENT_SHAPE_REPRESENTATION(#153,#16333);
#68=CONTEXT_DEPENDENT_SHAPE_REPRESENTATION(#154,#16335);
#69=CONTEXT_DEPENDENT_SHAPE_REPRESENTATION(#155,#16337);
#70=CONTEXT_DEPENDENT_SHAPE_REPRESENTATION(#156,#16339);
#71=CONTEXT_DEPENDENT_SHAPE_REPRESENTATION(#157,#16341);
#72=CONTEXT_DEPENDENT_SHAPE_REPRESENTATION(#158,#16343);
#73=CONTEXT_DEPENDENT_SHAPE_REPRESENTATION(#159,#16345);
#74=CONTEXT_DEPENDENT_SHAPE_REPRESENTATION(#160,#16346);
#75=CONTEXT_DEPENDENT_SHAPE_REPRESENTATION(#161,#16348);
#76=CONTEXT_DEPENDENT_SHAPE_REPRESENTATION(#162,#16350);
#77=CONTEXT_DEPENDENT_SHAPE_REPRESENTATION(#163,#16352);
#78=CONTEXT_DEPENDENT_SHAPE_REPRESENTATION(#164,#16354);
#79=CONTEXT_DEPENDENT_SHAPE_REPRESENTATION(#165,#16356);
#80=CONTEXT_DEPENDENT_SHAPE_REPRESENTATION(#166,#16358);
#81=CONTEXT_DEPENDENT_SHAPE_REPRESENTATION(#167,#16360);
#82=CONTEXT_DEPENDENT_SHAPE_REPRESENTATION(#168,#16362);
#83=CONTEXT_DEPENDENT_SHAPE_REPRESENTATION(#169,#16364);
#84=NEXT_ASSEMBLY_USAGE_OCCURRENCE('NAUO1','1730_4','1730_4',#16365,#16366,
'');
#85=NEXT_ASSEMBLY_USAGE_OCCURRENCE('NAUO2','1730_2','1730_2',#16365,#16367,
'');
#86=NEXT_ASSEMBLY_USAGE_OCCURRENCE('NAUO3','1730_5','1730_5',#16365,#16368,
'');
#87=NEXT_ASSEMBLY_USAGE_OCCURRENCE('NAUO4','1730_2','1730_2',#16365,#16367,
'');
#88=NEXT_ASSEMBLY_USAGE_OCCURRENCE('NAUO5',
'pilares pionsat__PartBody_13','pilares pionsat__PartBody_13',#16365,#16369,
'');
#89=NEXT_ASSEMBLY_USAGE_OCCURRENCE('NAUO6','Part1__PartBody_2',
'Part1__PartBody_2',#16365,#16370,'');
#90=NEXT_ASSEMBLY_USAGE_OCCURRENCE('NAUO7','barramento__PartBody.2_2',
'barramento__PartBody.2_2',#16365,#16371,'');
#91=NEXT_ASSEMBLY_USAGE_OCCURRENCE('NAUO8','barramento__PartBody.1_2',
'barramento__PartBody.1_2',#16365,#16372,'');
#92=NEXT_ASSEMBLY_USAGE_OCCURRENCE('NAUO9',
'pilares pionsat__PartBody_4','pilares pionsat__PartBody_4',#16365,#16373,
'');
#93=NEXT_ASSEMBLY_USAGE_OCCURRENCE('NAUO10','Part 1','Part 1',#16365,#16374,
'');
#94=NEXT_ASSEMBLY_USAGE_OCCURRENCE('NAUO11','1730_2','1730_2',#16365,#16367,
'');
#95=NEXT_ASSEMBLY_USAGE_OCCURRENCE('NAUO12',
'pilares pionsat__PartBody_6','pilares pionsat__PartBody_6',#16365,#16375,
'');
#96=NEXT_ASSEMBLY_USAGE_OCCURRENCE('NAUO13','1730_6','1730_6',#16365,#16376,
'');
#97=NEXT_ASSEMBLY_USAGE_OCCURRENCE('NAUO14',
'pilares pionsat__PartBody_7','pilares pionsat__PartBody_7',#16365,#16377,
'');
#98=NEXT_ASSEMBLY_USAGE_OCCURRENCE('NAUO15','barramento__PartBody.1',
'barramento__PartBody.1',#16365,#16378,'');
#99=NEXT_ASSEMBLY_USAGE_OCCURRENCE('NAUO16','bateria','bateria',#16365,
#16379,'');
#100=NEXT_ASSEMBLY_USAGE_OCCURRENCE('NAUO17',
'pilares pionsat__PartBody_11','pilares pionsat__PartBody_11',#16365,#16380,
'');
#101=NEXT_ASSEMBLY_USAGE_OCCURRENCE('NAUO18','1730_1','1730_1',#16365,#16381,
'');
#102=NEXT_ASSEMBLY_USAGE_OCCURRENCE('NAUO19','Part1__PartBody',
'Part1__PartBody',#16365,#16382,'');
#103=NEXT_ASSEMBLY_USAGE_OCCURRENCE('NAUO20',
'pilares pionsat__PartBody','pilares pionsat__PartBody',#16365,#16383,
'');
#104=NEXT_ASSEMBLY_USAGE_OCCURRENCE('NAUO21','1730_3','1730_3',#16365,#16384,
'');
#105=NEXT_ASSEMBLY_USAGE_OCCURRENCE('NAUO22',
'pilares pionsat__PartBody_8','pilares pionsat__PartBody_8',#16365,#16385,
'');
#106=NEXT_ASSEMBLY_USAGE_OCCURRENCE('NAUO23',
'pilares pionsat__PartBody_9','pilares pionsat__PartBody_9',#16365,#16386,
'');
#107=NEXT_ASSEMBLY_USAGE_OCCURRENCE('NAUO24','Part1__PartBody_1',
'Part1__PartBody_1',#16365,#16387,'');
#108=NEXT_ASSEMBLY_USAGE_OCCURRENCE('NAUO25','1730_2','1730_2',#16365,#16367,
'');
#109=NEXT_ASSEMBLY_USAGE_OCCURRENCE('NAUO26','barramento__PartBody.2',
'barramento__PartBody.2',#16365,#16388,'');
#110=NEXT_ASSEMBLY_USAGE_OCCURRENCE('NAUO27','Part 1','Part 1',#16365,#16389,
'');
#111=NEXT_ASSEMBLY_USAGE_OCCURRENCE('NAUO28','Part1__PartBody_3',
'Part1__PartBody_3',#16365,#16390,'');
#112=NEXT_ASSEMBLY_USAGE_OCCURRENCE('NAUO29',
'pilares pionsat__PartBody_12','pilares pionsat__PartBody_12',#16365,#16391,
'');
#113=NEXT_ASSEMBLY_USAGE_OCCURRENCE('NAUO30',
'pilares pionsat__PartBody_15','pilares pionsat__PartBody_15',#16365,#16392,
'');
#114=NEXT_ASSEMBLY_USAGE_OCCURRENCE('NAUO31','barramento__PartBody.1_3',
'barramento__PartBody.1_3',#16365,#16393,'');
#115=NEXT_ASSEMBLY_USAGE_OCCURRENCE('NAUO32',
'pilares pionsat__PartBody_10','pilares pionsat__PartBody_10',#16365,#16394,
'');
#116=NEXT_ASSEMBLY_USAGE_OCCURRENCE('NAUO33',
'pilares pionsat__PartBody_5','pilares pionsat__PartBody_5',#16365,#16395,
'');
#117=NEXT_ASSEMBLY_USAGE_OCCURRENCE('NAUO34','1730_2','1730_2',#16365,#16367,
'');
#118=NEXT_ASSEMBLY_USAGE_OCCURRENCE('NAUO35','barramento__PartBody.2_1',
'barramento__PartBody.2_1',#16365,#16396,'');
#119=NEXT_ASSEMBLY_USAGE_OCCURRENCE('NAUO36','1730','1730',#16365,#16397,
'');
#120=NEXT_ASSEMBLY_USAGE_OCCURRENCE('NAUO37','barramento__PartBody.2_3',
'barramento__PartBody.2_3',#16365,#16398,'');
#121=NEXT_ASSEMBLY_USAGE_OCCURRENCE('NAUO38','barramento__PartBody.1_1',
'barramento__PartBody.1_1',#16365,#16399,'');
#122=NEXT_ASSEMBLY_USAGE_OCCURRENCE('NAUO39',
'pilares pionsat__PartBody_1','pilares pionsat__PartBody_1',#16365,#16400,
'');
#123=NEXT_ASSEMBLY_USAGE_OCCURRENCE('NAUO40',
'pilares pionsat__PartBody_3','pilares pionsat__PartBody_3',#16365,#16401,
'');
#124=NEXT_ASSEMBLY_USAGE_OCCURRENCE('NAUO41','1730_7','1730_7',#16365,#16402,
'');
#125=NEXT_ASSEMBLY_USAGE_OCCURRENCE('NAUO42',
'pilares pionsat__PartBody_2','pilares pionsat__PartBody_2',#16365,#16403,
'');
#126=NEXT_ASSEMBLY_USAGE_OCCURRENCE('NAUO43',
'pilares pionsat__PartBody_14','pilares pionsat__PartBody_14',#16365,#16404,
'');
#127=(
REPRESENTATION_RELATIONSHIP(' ',' ',#9855,#9854)
REPRESENTATION_RELATIONSHIP_WITH_TRANSFORMATION(#170)
SHAPE_REPRESENTATION_RELATIONSHIP()
);
#128=(
REPRESENTATION_RELATIONSHIP(' ',' ',#9856,#9854)
REPRESENTATION_RELATIONSHIP_WITH_TRANSFORMATION(#171)
SHAPE_REPRESENTATION_RELATIONSHIP()
);
#129=(
REPRESENTATION_RELATIONSHIP(' ',' ',#9857,#9854)
REPRESENTATION_RELATIONSHIP_WITH_TRANSFORMATION(#172)
SHAPE_REPRESENTATION_RELATIONSHIP()
);
#130=(
REPRESENTATION_RELATIONSHIP(' ',' ',#9856,#9854)
REPRESENTATION_RELATIONSHIP_WITH_TRANSFORMATION(#173)
SHAPE_REPRESENTATION_RELATIONSHIP()
);
#131=(
REPRESENTATION_RELATIONSHIP(' ',' ',#9858,#9854)
REPRESENTATION_RELATIONSHIP_WITH_TRANSFORMATION(#174)
SHAPE_REPRESENTATION_RELATIONSHIP()
);
#132=(
REPRESENTATION_RELATIONSHIP(' ',' ',#9859,#9854)
REPRESENTATION_RELATIONSHIP_WITH_TRANSFORMATION(#175)
SHAPE_REPRESENTATION_RELATIONSHIP()
);
#133=(
REPRESENTATION_RELATIONSHIP(' ',' ',#9860,#9854)
REPRESENTATION_RELATIONSHIP_WITH_TRANSFORMATION(#176)
SHAPE_REPRESENTATION_RELATIONSHIP()
);
#134=(
REPRESENTATION_RELATIONSHIP(' ',' ',#9861,#9854)
REPRESENTATION_RELATIONSHIP_WITH_TRANSFORMATION(#177)
SHAPE_REPRESENTATION_RELATIONSHIP()
);
#135=(
REPRESENTATION_RELATIONSHIP(' ',' ',#9862,#9854)
REPRESENTATION_RELATIONSHIP_WITH_TRANSFORMATION(#178)
SHAPE_REPRESENTATION_RELATIONSHIP()
);
#136=(
REPRESENTATION_RELATIONSHIP(' ',' ',#9863,#9854)
REPRESENTATION_RELATIONSHIP_WITH_TRANSFORMATION(#179)
SHAPE_REPRESENTATION_RELATIONSHIP()
);
#137=(
REPRESENTATION_RELATIONSHIP(' ',' ',#9856,#9854)
REPRESENTATION_RELATIONSHIP_WITH_TRANSFORMATION(#180)
SHAPE_REPRESENTATION_RELATIONSHIP()
);
#138=(
REPRESENTATION_RELATIONSHIP(' ',' ',#9864,#9854)
REPRESENTATION_RELATIONSHIP_WITH_TRANSFORMATION(#181)
SHAPE_REPRESENTATION_RELATIONSHIP()
);
#139=(
REPRESENTATION_RELATIONSHIP(' ',' ',#9865,#9854)
REPRESENTATION_RELATIONSHIP_WITH_TRANSFORMATION(#182)
SHAPE_REPRESENTATION_RELATIONSHIP()
);
#140=(
REPRESENTATION_RELATIONSHIP(' ',' ',#9866,#9854)
REPRESENTATION_RELATIONSHIP_WITH_TRANSFORMATION(#183)
SHAPE_REPRESENTATION_RELATIONSHIP()
);
#141=(
REPRESENTATION_RELATIONSHIP(' ',' ',#9867,#9854)
REPRESENTATION_RELATIONSHIP_WITH_TRANSFORMATION(#184)
SHAPE_REPRESENTATION_RELATIONSHIP()
);
#142=(
REPRESENTATION_RELATIONSHIP(' ',' ',#9868,#9854)
REPRESENTATION_RELATIONSHIP_WITH_TRANSFORMATION(#185)
SHAPE_REPRESENTATION_RELATIONSHIP()
);
#143=(
REPRESENTATION_RELATIONSHIP(' ',' ',#9869,#9854)
REPRESENTATION_RELATIONSHIP_WITH_TRANSFORMATION(#186)
SHAPE_REPRESENTATION_RELATIONSHIP()
);
#144=(
REPRESENTATION_RELATIONSHIP(' ',' ',#9870,#9854)
REPRESENTATION_RELATIONSHIP_WITH_TRANSFORMATION(#187)
SHAPE_REPRESENTATION_RELATIONSHIP()
);
#145=(
REPRESENTATION_RELATIONSHIP(' ',' ',#9871,#9854)
REPRESENTATION_RELATIONSHIP_WITH_TRANSFORMATION(#188)
SHAPE_REPRESENTATION_RELATIONSHIP()
);
#146=(
REPRESENTATION_RELATIONSHIP(' ',' ',#9872,#9854)
REPRESENTATION_RELATIONSHIP_WITH_TRANSFORMATION(#189)
SHAPE_REPRESENTATION_RELATIONSHIP()
);
#147=(
REPRESENTATION_RELATIONSHIP(' ',' ',#9873,#9854)
REPRESENTATION_RELATIONSHIP_WITH_TRANSFORMATION(#190)
SHAPE_REPRESENTATION_RELATIONSHIP()
);
#148=(
REPRESENTATION_RELATIONSHIP(' ',' ',#9874,#9854)
REPRESENTATION_RELATIONSHIP_WITH_TRANSFORMATION(#191)
SHAPE_REPRESENTATION_RELATIONSHIP()
);
#149=(
REPRESENTATION_RELATIONSHIP(' ',' ',#9875,#9854)
REPRESENTATION_RELATIONSHIP_WITH_TRANSFORMATION(#192)
SHAPE_REPRESENTATION_RELATIONSHIP()
);
#150=(
REPRESENTATION_RELATIONSHIP(' ',' ',#9876,#9854)
REPRESENTATION_RELATIONSHIP_WITH_TRANSFORMATION(#193)
SHAPE_REPRESENTATION_RELATIONSHIP()
);
#151=(
REPRESENTATION_RELATIONSHIP(' ',' ',#9856,#9854)
REPRESENTATION_RELATIONSHIP_WITH_TRANSFORMATION(#194)
SHAPE_REPRESENTATION_RELATIONSHIP()
);
#152=(
REPRESENTATION_RELATIONSHIP(' ',' ',#9877,#9854)
REPRESENTATION_RELATIONSHIP_WITH_TRANSFORMATION(#195)
SHAPE_REPRESENTATION_RELATIONSHIP()
);
#153=(
REPRESENTATION_RELATIONSHIP(' ',' ',#9878,#9854)
REPRESENTATION_RELATIONSHIP_WITH_TRANSFORMATION(#196)
SHAPE_REPRESENTATION_RELATIONSHIP()
);
#154=(
REPRESENTATION_RELATIONSHIP(' ',' ',#9879,#9854)
REPRESENTATION_RELATIONSHIP_WITH_TRANSFORMATION(#197)
SHAPE_REPRESENTATION_RELATIONSHIP()
);
#155=(
REPRESENTATION_RELATIONSHIP(' ',' ',#9880,#9854)
REPRESENTATION_RELATIONSHIP_WITH_TRANSFORMATION(#198)
SHAPE_REPRESENTATION_RELATIONSHIP()
);
#156=(
REPRESENTATION_RELATIONSHIP(' ',' ',#9881,#9854)
REPRESENTATION_RELATIONSHIP_WITH_TRANSFORMATION(#199)
SHAPE_REPRESENTATION_RELATIONSHIP()
);
#157=(
REPRESENTATION_RELATIONSHIP(' ',' ',#9882,#9854)
REPRESENTATION_RELATIONSHIP_WITH_TRANSFORMATION(#200)
SHAPE_REPRESENTATION_RELATIONSHIP()
);
#158=(
REPRESENTATION_RELATIONSHIP(' ',' ',#9883,#9854)
REPRESENTATION_RELATIONSHIP_WITH_TRANSFORMATION(#201)
SHAPE_REPRESENTATION_RELATIONSHIP()
);
#159=(
REPRESENTATION_RELATIONSHIP(' ',' ',#9884,#9854)
REPRESENTATION_RELATIONSHIP_WITH_TRANSFORMATION(#202)
SHAPE_REPRESENTATION_RELATIONSHIP()
);
#160=(
REPRESENTATION_RELATIONSHIP(' ',' ',#9856,#9854)
REPRESENTATION_RELATIONSHIP_WITH_TRANSFORMATION(#203)
SHAPE_REPRESENTATION_RELATIONSHIP()
);
#161=(
REPRESENTATION_RELATIONSHIP(' ',' ',#9885,#9854)
REPRESENTATION_RELATIONSHIP_WITH_TRANSFORMATION(#204)
SHAPE_REPRESENTATION_RELATIONSHIP()
);
#162=(
REPRESENTATION_RELATIONSHIP(' ',' ',#9886,#9854)
REPRESENTATION_RELATIONSHIP_WITH_TRANSFORMATION(#205)
SHAPE_REPRESENTATION_RELATIONSHIP()
);
#163=(
REPRESENTATION_RELATIONSHIP(' ',' ',#9887,#9854)
REPRESENTATION_RELATIONSHIP_WITH_TRANSFORMATION(#206)
SHAPE_REPRESENTATION_RELATIONSHIP()
);
#164=(
REPRESENTATION_RELATIONSHIP(' ',' ',#9888,#9854)
REPRESENTATION_RELATIONSHIP_WITH_TRANSFORMATION(#207)
SHAPE_REPRESENTATION_RELATIONSHIP()
);
#165=(
REPRESENTATION_RELATIONSHIP(' ',' ',#9889,#9854)
REPRESENTATION_RELATIONSHIP_WITH_TRANSFORMATION(#208)
SHAPE_REPRESENTATION_RELATIONSHIP()
);
#166=(
REPRESENTATION_RELATIONSHIP(' ',' ',#9890,#9854)
REPRESENTATION_RELATIONSHIP_WITH_TRANSFORMATION(#209)
SHAPE_REPRESENTATION_RELATIONSHIP()
);
#167=(
REPRESENTATION_RELATIONSHIP(' ',' ',#9891,#9854)
REPRESENTATION_RELATIONSHIP_WITH_TRANSFORMATION(#210)
SHAPE_REPRESENTATION_RELATIONSHIP()
);
#168=(
REPRESENTATION_RELATIONSHIP(' ',' ',#9892,#9854)
REPRESENTATION_RELATIONSHIP_WITH_TRANSFORMATION(#211)
SHAPE_REPRESENTATION_RELATIONSHIP()
);
#169=(
REPRESENTATION_RELATIONSHIP(' ',' ',#9893,#9854)
REPRESENTATION_RELATIONSHIP_WITH_TRANSFORMATION(#212)
SHAPE_REPRESENTATION_RELATIONSHIP()
);
#170=ITEM_DEFINED_TRANSFORMATION(' ',' ',#9894,#9911);
#171=ITEM_DEFINED_TRANSFORMATION(' ',' ',#9894,#9928);
#172=ITEM_DEFINED_TRANSFORMATION(' ',' ',#9894,#9945);
#173=ITEM_DEFINED_TRANSFORMATION(' ',' ',#9894,#9946);
#174=ITEM_DEFINED_TRANSFORMATION(' ',' ',#9894,#9963);
#175=ITEM_DEFINED_TRANSFORMATION(' ',' ',#9894,#10050);
#176=ITEM_DEFINED_TRANSFORMATION(' ',' ',#9894,#10057);
#177=ITEM_DEFINED_TRANSFORMATION(' ',' ',#9894,#10064);
#178=ITEM_DEFINED_TRANSFORMATION(' ',' ',#9894,#10081);
#179=ITEM_DEFINED_TRANSFORMATION(' ',' ',#9894,#10145);
#180=ITEM_DEFINED_TRANSFORMATION(' ',' ',#9894,#10146);
#181=ITEM_DEFINED_TRANSFORMATION(' ',' ',#9894,#10163);
#182=ITEM_DEFINED_TRANSFORMATION(' ',' ',#9894,#10180);
#183=ITEM_DEFINED_TRANSFORMATION(' ',' ',#9894,#10197);
#184=ITEM_DEFINED_TRANSFORMATION(' ',' ',#9894,#10204);
#185=ITEM_DEFINED_TRANSFORMATION(' ',' ',#9894,#10211);
#186=ITEM_DEFINED_TRANSFORMATION(' ',' ',#9894,#10228);
#187=ITEM_DEFINED_TRANSFORMATION(' ',' ',#9894,#10245);
#188=ITEM_DEFINED_TRANSFORMATION(' ',' ',#9894,#10332);
#189=ITEM_DEFINED_TRANSFORMATION(' ',' ',#9894,#10349);
#190=ITEM_DEFINED_TRANSFORMATION(' ',' ',#9894,#10366);
#191=ITEM_DEFINED_TRANSFORMATION(' ',' ',#9894,#10383);
#192=ITEM_DEFINED_TRANSFORMATION(' ',' ',#9894,#10400);
#193=ITEM_DEFINED_TRANSFORMATION(' ',' ',#9894,#10487);
#194=ITEM_DEFINED_TRANSFORMATION(' ',' ',#9894,#10488);
#195=ITEM_DEFINED_TRANSFORMATION(' ',' ',#9894,#10495);
#196=ITEM_DEFINED_TRANSFORMATION(' ',' ',#9894,#10559);
#197=ITEM_DEFINED_TRANSFORMATION(' ',' ',#9894,#10646);
#198=ITEM_DEFINED_TRANSFORMATION(' ',' ',#9894,#10663);
#199=ITEM_DEFINED_TRANSFORMATION(' ',' ',#9894,#10680);
#200=ITEM_DEFINED_TRANSFORMATION(' ',' ',#9894,#10687);
#201=ITEM_DEFINED_TRANSFORMATION(' ',' ',#9894,#10704);
#202=ITEM_DEFINED_TRANSFORMATION(' ',' ',#9894,#10721);
#203=ITEM_DEFINED_TRANSFORMATION(' ',' ',#9894,#10722);
#204=ITEM_DEFINED_TRANSFORMATION(' ',' ',#9894,#10729);
#205=ITEM_DEFINED_TRANSFORMATION(' ',' ',#9894,#10746);
#206=ITEM_DEFINED_TRANSFORMATION(' ',' ',#9894,#10753);
#207=ITEM_DEFINED_TRANSFORMATION(' ',' ',#9894,#10760);
#208=ITEM_DEFINED_TRANSFORMATION(' ',' ',#9894,#10777);
#209=ITEM_DEFINED_TRANSFORMATION(' ',' ',#9894,#10794);
#210=ITEM_DEFINED_TRANSFORMATION(' ',' ',#9894,#10811);
#211=ITEM_DEFINED_TRANSFORMATION(' ',' ',#9894,#10828);
#212=ITEM_DEFINED_TRANSFORMATION(' ',' ',#9894,#10845);
#213=SHAPE_REPRESENTATION_RELATIONSHIP('','',#9855,#252);
#214=SHAPE_REPRESENTATION_RELATIONSHIP('','',#9856,#253);
#215=SHAPE_REPRESENTATION_RELATIONSHIP('','',#9857,#254);
#216=SHAPE_REPRESENTATION_RELATIONSHIP('','',#9858,#255);
#217=SHAPE_REPRESENTATION_RELATIONSHIP('','',#9859,#256);
#218=SHAPE_REPRESENTATION_RELATIONSHIP('','',#9860,#257);
#219=SHAPE_REPRESENTATION_RELATIONSHIP('','',#9861,#258);
#220=SHAPE_REPRESENTATION_RELATIONSHIP('','',#9862,#259);
#221=SHAPE_REPRESENTATION_RELATIONSHIP('','',#9863,#260);
#222=SHAPE_REPRESENTATION_RELATIONSHIP('','',#9864,#261);
#223=SHAPE_REPRESENTATION_RELATIONSHIP('','',#9865,#262);
#224=SHAPE_REPRESENTATION_RELATIONSHIP('','',#9866,#263);
#225=SHAPE_REPRESENTATION_RELATIONSHIP('','',#9867,#264);
#226=SHAPE_REPRESENTATION_RELATIONSHIP('','',#9868,#265);
#227=SHAPE_REPRESENTATION_RELATIONSHIP('','',#9869,#266);
#228=SHAPE_REPRESENTATION_RELATIONSHIP('','',#9870,#267);
#229=SHAPE_REPRESENTATION_RELATIONSHIP('','',#9871,#268);
#230=SHAPE_REPRESENTATION_RELATIONSHIP('','',#9872,#269);
#231=SHAPE_REPRESENTATION_RELATIONSHIP('','',#9873,#270);
#232=SHAPE_REPRESENTATION_RELATIONSHIP('','',#9874,#271);
#233=SHAPE_REPRESENTATION_RELATIONSHIP('','',#9875,#272);
#234=SHAPE_REPRESENTATION_RELATIONSHIP('','',#9876,#273);
#235=SHAPE_REPRESENTATION_RELATIONSHIP('','',#9877,#274);
#236=SHAPE_REPRESENTATION_RELATIONSHIP('','',#9878,#275);
#237=SHAPE_REPRESENTATION_RELATIONSHIP('','',#9879,#276);
#238=SHAPE_REPRESENTATION_RELATIONSHIP('','',#9880,#277);
#239=SHAPE_REPRESENTATION_RELATIONSHIP('','',#9881,#278);
#240=SHAPE_REPRESENTATION_RELATIONSHIP('','',#9882,#279);
#241=SHAPE_REPRESENTATION_RELATIONSHIP('','',#9883,#280);
#242=SHAPE_REPRESENTATION_RELATIONSHIP('','',#9884,#281);
#243=SHAPE_REPRESENTATION_RELATIONSHIP('','',#9885,#282);
#244=SHAPE_REPRESENTATION_RELATIONSHIP('','',#9886,#283);
#245=SHAPE_REPRESENTATION_RELATIONSHIP('','',#9887,#284);
#246=SHAPE_REPRESENTATION_RELATIONSHIP('','',#9888,#285);
#247=SHAPE_REPRESENTATION_RELATIONSHIP('','',#9889,#286);
#248=SHAPE_REPRESENTATION_RELATIONSHIP('','',#9890,#287);
#249=SHAPE_REPRESENTATION_RELATIONSHIP('','',#9891,#288);
#250=SHAPE_REPRESENTATION_RELATIONSHIP('','',#9892,#289);
#251=SHAPE_REPRESENTATION_RELATIONSHIP('','',#9893,#290);
#252=ADVANCED_BREP_SHAPE_REPRESENTATION('',(#9775),#16200);
#253=ADVANCED_BREP_SHAPE_REPRESENTATION('',(#9776),#16201);
#254=ADVANCED_BREP_SHAPE_REPRESENTATION('',(#9777),#16202);
#255=ADVANCED_BREP_SHAPE_REPRESENTATION('',(#9778),#16203);
#256=ADVANCED_BREP_SHAPE_REPRESENTATION('',(#9779),#16204);
#257=ADVANCED_BREP_SHAPE_REPRESENTATION('',(#9780),#16205);
#258=ADVANCED_BREP_SHAPE_REPRESENTATION('',(#9781),#16206);
#259=ADVANCED_BREP_SHAPE_REPRESENTATION('',(#9782),#16207);
#260=ADVANCED_BREP_SHAPE_REPRESENTATION('',(#9783),#16208);
#261=ADVANCED_BREP_SHAPE_REPRESENTATION('',(#9784),#16209);
#262=ADVANCED_BREP_SHAPE_REPRESENTATION('',(#9785),#16210);
#263=ADVANCED_BREP_SHAPE_REPRESENTATION('',(#9786),#16211);
#264=ADVANCED_BREP_SHAPE_REPRESENTATION('',(#9787),#16212);
#265=ADVANCED_BREP_SHAPE_REPRESENTATION('',(#9788),#16213);
#266=ADVANCED_BREP_SHAPE_REPRESENTATION('',(#9789),#16214);
#267=ADVANCED_BREP_SHAPE_REPRESENTATION('',(#9790),#16215);
#268=ADVANCED_BREP_SHAPE_REPRESENTATION('',(#9791),#16216);
#269=ADVANCED_BREP_SHAPE_REPRESENTATION('',(#9792),#16217);
#270=ADVANCED_BREP_SHAPE_REPRESENTATION('',(#9793),#16218);
#271=ADVANCED_BREP_SHAPE_REPRESENTATION('',(#9794),#16219);
#272=ADVANCED_BREP_SHAPE_REPRESENTATION('',(#9795),#16220);
#273=ADVANCED_BREP_SHAPE_REPRESENTATION('',(#9796),#16221);
#274=ADVANCED_BREP_SHAPE_REPRESENTATION('',(#9797),#16222);
#275=ADVANCED_BREP_SHAPE_REPRESENTATION('',(#9798),#16223);
#276=ADVANCED_BREP_SHAPE_REPRESENTATION('',(#9799),#16224);
#277=ADVANCED_BREP_SHAPE_REPRESENTATION('',(#9800),#16225);
#278=ADVANCED_BREP_SHAPE_REPRESENTATION('',(#9801),#16226);
#279=ADVANCED_BREP_SHAPE_REPRESENTATION('',(#9802),#16227);
#280=ADVANCED_BREP_SHAPE_REPRESENTATION('',(#9803),#16228);
#281=ADVANCED_BREP_SHAPE_REPRESENTATION('',(#9804),#16229);
#282=ADVANCED_BREP_SHAPE_REPRESENTATION('',(#9805),#16230);
#283=ADVANCED_BREP_SHAPE_REPRESENTATION('',(#9806),#16231);
#284=ADVANCED_BREP_SHAPE_REPRESENTATION('',(#9807),#16232);
#285=ADVANCED_BREP_SHAPE_REPRESENTATION('',(#9808),#16233);
#286=ADVANCED_BREP_SHAPE_REPRESENTATION('',(#9809),#16234);
#287=ADVANCED_BREP_SHAPE_REPRESENTATION('',(#9810),#16235);
#288=ADVANCED_BREP_SHAPE_REPRESENTATION('',(#9811),#16236);
#289=ADVANCED_BREP_SHAPE_REPRESENTATION('',(#9812),#16237);
#290=ADVANCED_BREP_SHAPE_REPRESENTATION('',(#9813),#16238);
#291=LINE('',#13591,#1119);
#292=LINE('',#13594,#1120);
#293=LINE('',#13596,#1121);
#294=LINE('',#13598,#1122);
#295=LINE('',#13600,#1123);
#296=LINE('',#13602,#1124);
#297=LINE('',#13604,#1125);
#298=LINE('',#13606,#1126);
#299=LINE('',#13608,#1127);
#300=LINE('',#13610,#1128);
#301=LINE('',#13612,#1129);
#302=LINE('',#13614,#1130);
#303=LINE('',#13616,#1131);
#304=LINE('',#13618,#1132);
#305=LINE('',#13620,#1133);
#306=LINE('',#13622,#1134);
#307=LINE('',#13624,#1135);
#308=LINE('',#13626,#1136);
#309=LINE('',#13642,#1137);
#310=LINE('',#13645,#1138);
#311=LINE('',#13647,#1139);
#312=LINE('',#13649,#1140);
#313=LINE('',#13651,#1141);
#314=LINE('',#13653,#1142);
#315=LINE('',#13655,#1143);
#316=LINE('',#13657,#1144);
#317=LINE('',#13659,#1145);
#318=LINE('',#13661,#1146);
#319=LINE('',#13663,#1147);
#320=LINE('',#13665,#1148);
#321=LINE('',#13667,#1149);
#322=LINE('',#13669,#1150);
#323=LINE('',#13671,#1151);
#324=LINE('',#13673,#1152);
#325=LINE('',#13675,#1153);
#326=LINE('',#13677,#1154);
#327=LINE('',#13693,#1155);
#328=LINE('',#13696,#1156);
#329=LINE('',#13698,#1157);
#330=LINE('',#13700,#1158);
#331=LINE('',#13702,#1159);
#332=LINE('',#13704,#1160);
#333=LINE('',#13706,#1161);
#334=LINE('',#13708,#1162);
#335=LINE('',#13710,#1163);
#336=LINE('',#13712,#1164);
#337=LINE('',#13714,#1165);
#338=LINE('',#13716,#1166);
#339=LINE('',#13718,#1167);
#340=LINE('',#13720,#1168);
#341=LINE('',#13722,#1169);
#342=LINE('',#13724,#1170);
#343=LINE('',#13726,#1171);
#344=LINE('',#13728,#1172);
#345=LINE('',#13737,#1173);
#346=LINE('',#13740,#1174);
#347=LINE('',#13742,#1175);
#348=LINE('',#13744,#1176);
#349=LINE('',#13746,#1177);
#350=LINE('',#13748,#1178);
#351=LINE('',#13752,#1179);
#352=LINE('',#13754,#1180);
#353=LINE('',#13756,#1181);
#354=LINE('',#13758,#1182);
#355=LINE('',#13760,#1183);
#356=LINE('',#13762,#1184);
#357=LINE('',#13764,#1185);
#358=LINE('',#13766,#1186);
#359=LINE('',#13768,#1187);
#360=LINE('',#13770,#1188);
#361=LINE('',#13772,#1189);
#362=LINE('',#13774,#1190);
#363=LINE('',#13808,#1191);
#364=LINE('',#13812,#1192);
#365=LINE('',#13817,#1193);
#366=LINE('',#13821,#1194);
#367=LINE('',#13823,#1195);
#368=LINE('',#13829,#1196);
#369=LINE('',#13832,#1197);
#370=LINE('',#13833,#1198);
#371=LINE('',#13835,#1199);
#372=LINE('',#13838,#1200);
#373=LINE('',#13839,#1201);
#374=LINE('',#13841,#1202);
#375=LINE('',#13850,#1203);
#376=LINE('',#13853,#1204);
#377=LINE('',#13854,#1205);
#378=LINE('',#13858,#1206);
#379=LINE('',#13865,#1207);
#380=LINE('',#13869,#1208);
#381=LINE('',#13871,#1209);
#382=LINE('',#13877,#1210);
#383=LINE('',#13879,#1211);
#384=LINE('',#13881,#1212);
#385=LINE('',#13883,#1213);
#386=LINE('',#13885,#1214);
#387=LINE('',#13887,#1215);
#388=LINE('',#13889,#1216);
#389=LINE('',#13898,#1217);
#390=LINE('',#13900,#1218);
#391=LINE('',#13902,#1219);
#392=LINE('',#13906,#1220);
#393=LINE('',#13913,#1221);
#394=LINE('',#13917,#1222);
#395=LINE('',#13919,#1223);
#396=LINE('',#13925,#1224);
#397=LINE('',#13928,#1225);
#398=LINE('',#13929,#1226);
#399=LINE('',#13931,#1227);
#400=LINE('',#13933,#1228);
#401=LINE('',#13935,#1229);
#402=LINE('',#13941,#1230);
#403=LINE('',#13946,#1231);
#404=LINE('',#13949,#1232);
#405=LINE('',#13950,#1233);
#406=LINE('',#13954,#1234);
#407=LINE('',#13958,#1235);
#408=LINE('',#13961,#1236);
#409=LINE('',#13962,#1237);
#410=LINE('',#13964,#1238);
#411=LINE('',#13967,#1239);
#412=LINE('',#13968,#1240);
#413=LINE('',#13974,#1241);
#414=LINE('',#13978,#1242);
#415=LINE('',#13985,#1243);
#416=LINE('',#13990,#1244);
#417=LINE('',#13994,#1245);
#418=LINE('',#13996,#1246);
#419=LINE('',#14000,#1247);
#420=LINE('',#14003,#1248);
#421=LINE('',#14005,#1249);
#422=LINE('',#14007,#1250);
#423=LINE('',#14009,#1251);
#424=LINE('',#14011,#1252);
#425=LINE('',#14013,#1253);
#426=LINE('',#14015,#1254);
#427=LINE('',#14017,#1255);
#428=LINE('',#14019,#1256);
#429=LINE('',#14021,#1257);
#430=LINE('',#14022,#1258);
#431=LINE('',#14027,#1259);
#432=LINE('',#14030,#1260);
#433=LINE('',#14032,#1261);
#434=LINE('',#14034,#1262);
#435=LINE('',#14036,#1263);
#436=LINE('',#14038,#1264);
#437=LINE('',#14040,#1265);
#438=LINE('',#14042,#1266);
#439=LINE('',#14044,#1267);
#440=LINE('',#14046,#1268);
#441=LINE('',#14048,#1269);
#442=LINE('',#14049,#1270);
#443=LINE('',#14057,#1271);
#444=LINE('',#14060,#1272);
#445=LINE('',#14062,#1273);
#446=LINE('',#14064,#1274);
#447=LINE('',#14066,#1275);
#448=LINE('',#14068,#1276);
#449=LINE('',#14072,#1277);
#450=LINE('',#14074,#1278);
#451=LINE('',#14076,#1279);
#452=LINE('',#14078,#1280);
#453=LINE('',#14080,#1281);
#454=LINE('',#14082,#1282);
#455=LINE('',#14084,#1283);
#456=LINE('',#14086,#1284);
#457=LINE('',#14088,#1285);
#458=LINE('',#14090,#1286);
#459=LINE('',#14092,#1287);
#460=LINE('',#14094,#1288);
#461=LINE('',#14123,#1289);
#462=LINE('',#14127,#1290);
#463=LINE('',#14129,#1291);
#464=LINE('',#14131,#1292);
#465=LINE('',#14133,#1293);
#466=LINE('',#14139,#1294);
#467=LINE('',#14141,#1295);
#468=LINE('',#14143,#1296);
#469=LINE('',#14145,#1297);
#470=LINE('',#14151,#1298);
#471=LINE('',#14153,#1299);
#472=LINE('',#14155,#1300);
#473=LINE('',#14157,#1301);
#474=LINE('',#14163,#1302);
#475=LINE('',#14165,#1303);
#476=LINE('',#14166,#1304);
#477=LINE('',#14177,#1305);
#478=LINE('',#14182,#1306);
#479=LINE('',#14186,#1307);
#480=LINE('',#14190,#1308);
#481=LINE('',#14209,#1309);
#482=LINE('',#14210,#1310);
#483=LINE('',#14212,#1311);
#484=LINE('',#14214,#1312);
#485=LINE('',#14218,#1313);
#486=LINE('',#14220,#1314);
#487=LINE('',#14222,#1315);
#488=LINE('',#14226,#1316);
#489=LINE('',#14228,#1317);
#490=LINE('',#14230,#1318);
#491=LINE('',#14234,#1319);
#492=LINE('',#14236,#1320);
#493=LINE('',#14253,#1321);
#494=LINE('',#14256,#1322);
#495=LINE('',#14258,#1323);
#496=LINE('',#14260,#1324);
#497=LINE('',#14262,#1325);
#498=LINE('',#14264,#1326);
#499=LINE('',#14268,#1327);
#500=LINE('',#14270,#1328);
#501=LINE('',#14272,#1329);
#502=LINE('',#14274,#1330);
#503=LINE('',#14276,#1331);
#504=LINE('',#14278,#1332);
#505=LINE('',#14280,#1333);
#506=LINE('',#14282,#1334);
#507=LINE('',#14284,#1335);
#508=LINE('',#14286,#1336);
#509=LINE('',#14288,#1337);
#510=LINE('',#14290,#1338);
#511=LINE('',#14312,#1339);
#512=LINE('',#14315,#1340);
#513=LINE('',#14317,#1341);
#514=LINE('',#14319,#1342);
#515=LINE('',#14321,#1343);
#516=LINE('',#14323,#1344);
#517=LINE('',#14325,#1345);
#518=LINE('',#14327,#1346);
#519=LINE('',#14329,#1347);
#520=LINE('',#14331,#1348);
#521=LINE('',#14333,#1349);
#522=LINE('',#14335,#1350);
#523=LINE('',#14337,#1351);
#524=LINE('',#14339,#1352);
#525=LINE('',#14341,#1353);
#526=LINE('',#14343,#1354);
#527=LINE('',#14345,#1355);
#528=LINE('',#14347,#1356);
#529=LINE('',#14355,#1357);
#530=LINE('',#14358,#1358);
#531=LINE('',#14360,#1359);
#532=LINE('',#14362,#1360);
#533=LINE('',#14364,#1361);
#534=LINE('',#14366,#1362);
#535=LINE('',#14370,#1363);
#536=LINE('',#14372,#1364);
#537=LINE('',#14374,#1365);
#538=LINE('',#14376,#1366);
#539=LINE('',#14378,#1367);
#540=LINE('',#14380,#1368);
#541=LINE('',#14382,#1369);
#542=LINE('',#14384,#1370);
#543=LINE('',#14386,#1371);
#544=LINE('',#14388,#1372);
#545=LINE('',#14390,#1373);
#546=LINE('',#14392,#1374);
#547=LINE('',#14403,#1375);
#548=LINE('',#14406,#1376);
#549=LINE('',#14408,#1377);
#550=LINE('',#14410,#1378);
#551=LINE('',#14412,#1379);
#552=LINE('',#14414,#1380);
#553=LINE('',#14416,#1381);
#554=LINE('',#14418,#1382);
#555=LINE('',#14420,#1383);
#556=LINE('',#14422,#1384);
#557=LINE('',#14424,#1385);
#558=LINE('',#14425,#1386);
#559=LINE('',#14430,#1387);
#560=LINE('',#14433,#1388);
#561=LINE('',#14435,#1389);
#562=LINE('',#14437,#1390);
#563=LINE('',#14439,#1391);
#564=LINE('',#14441,#1392);
#565=LINE('',#14443,#1393);
#566=LINE('',#14445,#1394);
#567=LINE('',#14447,#1395);
#568=LINE('',#14449,#1396);
#569=LINE('',#14451,#1397);
#570=LINE('',#14453,#1398);
#571=LINE('',#14460,#1399);
#572=LINE('',#14463,#1400);
#573=LINE('',#14465,#1401);
#574=LINE('',#14467,#1402);
#575=LINE('',#14469,#1403);
#576=LINE('',#14471,#1404);
#577=LINE('',#14475,#1405);
#578=LINE('',#14477,#1406);
#579=LINE('',#14479,#1407);
#580=LINE('',#14481,#1408);
#581=LINE('',#14483,#1409);
#582=LINE('',#14485,#1410);
#583=LINE('',#14487,#1411);
#584=LINE('',#14489,#1412);
#585=LINE('',#14491,#1413);
#586=LINE('',#14493,#1414);
#587=LINE('',#14495,#1415);
#588=LINE('',#14497,#1416);
#589=LINE('',#14519,#1417);
#590=LINE('',#14522,#1418);
#591=LINE('',#14524,#1419);
#592=LINE('',#14526,#1420);
#593=LINE('',#14528,#1421);
#594=LINE('',#14530,#1422);
#595=LINE('',#14532,#1423);
#596=LINE('',#14534,#1424);
#597=LINE('',#14536,#1425);
#598=LINE('',#14538,#1426);
#599=LINE('',#14540,#1427);
#600=LINE('',#14542,#1428);
#601=LINE('',#14544,#1429);
#602=LINE('',#14546,#1430);
#603=LINE('',#14548,#1431);
#604=LINE('',#14550,#1432);
#605=LINE('',#14552,#1433);
#606=LINE('',#14554,#1434);
#607=LINE('',#14582,#1435);
#608=LINE('',#14586,#1436);
#609=LINE('',#14591,#1437);
#610=LINE('',#14595,#1438);
#611=LINE('',#14597,#1439);
#612=LINE('',#14603,#1440);
#613=LINE('',#14606,#1441);
#614=LINE('',#14607,#1442);
#615=LINE('',#14609,#1443);
#616=LINE('',#14612,#1444);
#617=LINE('',#14613,#1445);
#618=LINE('',#14615,#1446);
#619=LINE('',#14624,#1447);
#620=LINE('',#14627,#1448);
#621=LINE('',#14628,#1449);
#622=LINE('',#14632,#1450);
#623=LINE('',#14639,#1451);
#624=LINE('',#14643,#1452);
#625=LINE('',#14645,#1453);
#626=LINE('',#14651,#1454);
#627=LINE('',#14653,#1455);
#628=LINE('',#14655,#1456);
#629=LINE('',#14657,#1457);
#630=LINE('',#14659,#1458);
#631=LINE('',#14661,#1459);
#632=LINE('',#14663,#1460);
#633=LINE('',#14672,#1461);
#634=LINE('',#14674,#1462);
#635=LINE('',#14676,#1463);
#636=LINE('',#14680,#1464);
#637=LINE('',#14687,#1465);
#638=LINE('',#14691,#1466);
#639=LINE('',#14693,#1467);
#640=LINE('',#14699,#1468);
#641=LINE('',#14702,#1469);
#642=LINE('',#14703,#1470);
#643=LINE('',#14705,#1471);
#644=LINE('',#14707,#1472);
#645=LINE('',#14709,#1473);
#646=LINE('',#14715,#1474);
#647=LINE('',#14720,#1475);
#648=LINE('',#14723,#1476);
#649=LINE('',#14724,#1477);
#650=LINE('',#14728,#1478);
#651=LINE('',#14732,#1479);
#652=LINE('',#14735,#1480);
#653=LINE('',#14736,#1481);
#654=LINE('',#14738,#1482);
#655=LINE('',#14741,#1483);
#656=LINE('',#14742,#1484);
#657=LINE('',#14748,#1485);
#658=LINE('',#14752,#1486);
#659=LINE('',#14759,#1487);
#660=LINE('',#14764,#1488);
#661=LINE('',#14768,#1489);
#662=LINE('',#14770,#1490);
#663=LINE('',#14777,#1491);
#664=LINE('',#14780,#1492);
#665=LINE('',#14782,#1493);
#666=LINE('',#14784,#1494);
#667=LINE('',#14786,#1495);
#668=LINE('',#14788,#1496);
#669=LINE('',#14792,#1497);
#670=LINE('',#14794,#1498);
#671=LINE('',#14796,#1499);
#672=LINE('',#14798,#1500);
#673=LINE('',#14800,#1501);
#674=LINE('',#14802,#1502);
#675=LINE('',#14804,#1503);
#676=LINE('',#14806,#1504);
#677=LINE('',#14808,#1505);
#678=LINE('',#14810,#1506);
#679=LINE('',#14812,#1507);
#680=LINE('',#14814,#1508);
#681=LINE('',#14836,#1509);
#682=LINE('',#14839,#1510);
#683=LINE('',#14841,#1511);
#684=LINE('',#14843,#1512);
#685=LINE('',#14845,#1513);
#686=LINE('',#14847,#1514);
#687=LINE('',#14849,#1515);
#688=LINE('',#14851,#1516);
#689=LINE('',#14853,#1517);
#690=LINE('',#14855,#1518);
#691=LINE('',#14857,#1519);
#692=LINE('',#14859,#1520);
#693=LINE('',#14861,#1521);
#694=LINE('',#14863,#1522);
#695=LINE('',#14865,#1523);
#696=LINE('',#14867,#1524);
#697=LINE('',#14869,#1525);
#698=LINE('',#14871,#1526);
#699=LINE('',#14879,#1527);
#700=LINE('',#14882,#1528);
#701=LINE('',#14884,#1529);
#702=LINE('',#14886,#1530);
#703=LINE('',#14888,#1531);
#704=LINE('',#14890,#1532);
#705=LINE('',#14894,#1533);
#706=LINE('',#14896,#1534);
#707=LINE('',#14898,#1535);
#708=LINE('',#14900,#1536);
#709=LINE('',#14902,#1537);
#710=LINE('',#14904,#1538);
#711=LINE('',#14906,#1539);
#712=LINE('',#14908,#1540);
#713=LINE('',#14910,#1541);
#714=LINE('',#14912,#1542);
#715=LINE('',#14914,#1543);
#716=LINE('',#14916,#1544);
#717=LINE('',#14930,#1545);
#718=LINE('',#14933,#1546);
#719=LINE('',#14935,#1547);
#720=LINE('',#14937,#1548);
#721=LINE('',#14939,#1549);
#722=LINE('',#14941,#1550);
#723=LINE('',#14945,#1551);
#724=LINE('',#14947,#1552);
#725=LINE('',#14949,#1553);
#726=LINE('',#14951,#1554);
#727=LINE('',#14953,#1555);
#728=LINE('',#14955,#1556);
#729=LINE('',#14957,#1557);
#730=LINE('',#14959,#1558);
#731=LINE('',#14961,#1559);
#732=LINE('',#14963,#1560);
#733=LINE('',#14965,#1561);
#734=LINE('',#14967,#1562);
#735=LINE('',#15001,#1563);
#736=LINE('',#15005,#1564);
#737=LINE('',#15010,#1565);
#738=LINE('',#15014,#1566);
#739=LINE('',#15016,#1567);
#740=LINE('',#15022,#1568);
#741=LINE('',#15025,#1569);
#742=LINE('',#15026,#1570);
#743=LINE('',#15028,#1571);
#744=LINE('',#15031,#1572);
#745=LINE('',#15032,#1573);
#746=LINE('',#15034,#1574);
#747=LINE('',#15043,#1575);
#748=LINE('',#15046,#1576);
#749=LINE('',#15047,#1577);
#750=LINE('',#15051,#1578);
#751=LINE('',#15058,#1579);
#752=LINE('',#15062,#1580);
#753=LINE('',#15064,#1581);
#754=LINE('',#15070,#1582);
#755=LINE('',#15072,#1583);
#756=LINE('',#15074,#1584);
#757=LINE('',#15076,#1585);
#758=LINE('',#15078,#1586);
#759=LINE('',#15080,#1587);
#760=LINE('',#15082,#1588);
#761=LINE('',#15091,#1589);
#762=LINE('',#15093,#1590);
#763=LINE('',#15095,#1591);
#764=LINE('',#15099,#1592);
#765=LINE('',#15106,#1593);
#766=LINE('',#15110,#1594);
#767=LINE('',#15112,#1595);
#768=LINE('',#15118,#1596);
#769=LINE('',#15121,#1597);
#770=LINE('',#15122,#1598);
#771=LINE('',#15124,#1599);
#772=LINE('',#15126,#1600);
#773=LINE('',#15128,#1601);
#774=LINE('',#15134,#1602);
#775=LINE('',#15139,#1603);
#776=LINE('',#15142,#1604);
#777=LINE('',#15143,#1605);
#778=LINE('',#15147,#1606);
#779=LINE('',#15151,#1607);
#780=LINE('',#15154,#1608);
#781=LINE('',#15155,#1609);
#782=LINE('',#15157,#1610);
#783=LINE('',#15160,#1611);
#784=LINE('',#15161,#1612);
#785=LINE('',#15167,#1613);
#786=LINE('',#15171,#1614);
#787=LINE('',#15178,#1615);
#788=LINE('',#15183,#1616);
#789=LINE('',#15187,#1617);
#790=LINE('',#15189,#1618);
#791=LINE('',#15194,#1619);
#792=LINE('',#15197,#1620);
#793=LINE('',#15199,#1621);
#794=LINE('',#15201,#1622);
#795=LINE('',#15203,#1623);
#796=LINE('',#15205,#1624);
#797=LINE('',#15207,#1625);
#798=LINE('',#15209,#1626);
#799=LINE('',#15211,#1627);
#800=LINE('',#15213,#1628);
#801=LINE('',#15215,#1629);
#802=LINE('',#15216,#1630);
#803=LINE('',#15254,#1631);
#804=LINE('',#15259,#1632);
#805=LINE('',#15263,#1633);
#806=LINE('',#15267,#1634);
#807=LINE('',#15270,#1635);
#808=LINE('',#15275,#1636);
#809=LINE('',#15279,#1637);
#810=LINE('',#15283,#1638);
#811=LINE('',#15287,#1639);
#812=LINE('',#15290,#1640);
#813=LINE('',#15291,#1641);
#814=LINE('',#15293,#1642);
#815=LINE('',#15296,#1643);
#816=LINE('',#15297,#1644);
#817=LINE('',#15299,#1645);
#818=LINE('',#15302,#1646);
#819=LINE('',#15303,#1647);
#820=LINE('',#15305,#1648);
#821=LINE('',#15307,#1649);
#822=LINE('',#15309,#1650);
#823=LINE('',#15318,#1651);
#824=LINE('',#15320,#1652);
#825=LINE('',#15322,#1653);
#826=LINE('',#15324,#1654);
#827=LINE('',#15326,#1655);
#828=LINE('',#15328,#1656);
#829=LINE('',#15330,#1657);
#830=LINE('',#15332,#1658);
#831=LINE('',#15334,#1659);
#832=LINE('',#15336,#1660);
#833=LINE('',#15339,#1661);
#834=LINE('',#15340,#1662);
#835=LINE('',#15388,#1663);
#836=LINE('',#15392,#1664);
#837=LINE('',#15397,#1665);
#838=LINE('',#15401,#1666);
#839=LINE('',#15403,#1667);
#840=LINE('',#15409,#1668);
#841=LINE('',#15412,#1669);
#842=LINE('',#15413,#1670);
#843=LINE('',#15415,#1671);
#844=LINE('',#15418,#1672);
#845=LINE('',#15419,#1673);
#846=LINE('',#15421,#1674);
#847=LINE('',#15430,#1675);
#848=LINE('',#15433,#1676);
#849=LINE('',#15434,#1677);
#850=LINE('',#15438,#1678);
#851=LINE('',#15445,#1679);
#852=LINE('',#15449,#1680);
#853=LINE('',#15451,#1681);
#854=LINE('',#15457,#1682);
#855=LINE('',#15459,#1683);
#856=LINE('',#15461,#1684);
#857=LINE('',#15463,#1685);
#858=LINE('',#15465,#1686);
#859=LINE('',#15467,#1687);
#860=LINE('',#15469,#1688);
#861=LINE('',#15478,#1689);
#862=LINE('',#15480,#1690);
#863=LINE('',#15482,#1691);
#864=LINE('',#15486,#1692);
#865=LINE('',#15493,#1693);
#866=LINE('',#15497,#1694);
#867=LINE('',#15499,#1695);
#868=LINE('',#15505,#1696);
#869=LINE('',#15508,#1697);
#870=LINE('',#15509,#1698);
#871=LINE('',#15511,#1699);
#872=LINE('',#15513,#1700);
#873=LINE('',#15515,#1701);
#874=LINE('',#15521,#1702);
#875=LINE('',#15526,#1703);
#876=LINE('',#15529,#1704);
#877=LINE('',#15530,#1705);
#878=LINE('',#15534,#1706);
#879=LINE('',#15538,#1707);
#880=LINE('',#15541,#1708);
#881=LINE('',#15542,#1709);
#882=LINE('',#15544,#1710);
#883=LINE('',#15547,#1711);
#884=LINE('',#15548,#1712);
#885=LINE('',#15554,#1713);
#886=LINE('',#15558,#1714);
#887=LINE('',#15565,#1715);
#888=LINE('',#15570,#1716);
#889=LINE('',#15574,#1717);
#890=LINE('',#15576,#1718);
#891=LINE('',#15583,#1719);
#892=LINE('',#15586,#1720);
#893=LINE('',#15588,#1721);
#894=LINE('',#15590,#1722);
#895=LINE('',#15592,#1723);
#896=LINE('',#15594,#1724);
#897=LINE('',#15598,#1725);
#898=LINE('',#15600,#1726);
#899=LINE('',#15602,#1727);
#900=LINE('',#15604,#1728);
#901=LINE('',#15606,#1729);
#902=LINE('',#15608,#1730);
#903=LINE('',#15610,#1731);
#904=LINE('',#15612,#1732);
#905=LINE('',#15614,#1733);
#906=LINE('',#15616,#1734);
#907=LINE('',#15618,#1735);
#908=LINE('',#15620,#1736);
#909=LINE('',#15634,#1737);
#910=LINE('',#15637,#1738);
#911=LINE('',#15639,#1739);
#912=LINE('',#15641,#1740);
#913=LINE('',#15643,#1741);
#914=LINE('',#15645,#1742);
#915=LINE('',#15649,#1743);
#916=LINE('',#15651,#1744);
#917=LINE('',#15653,#1745);
#918=LINE('',#15655,#1746);
#919=LINE('',#15657,#1747);
#920=LINE('',#15659,#1748);
#921=LINE('',#15661,#1749);
#922=LINE('',#15663,#1750);
#923=LINE('',#15665,#1751);
#924=LINE('',#15667,#1752);
#925=LINE('',#15669,#1753);
#926=LINE('',#15671,#1754);
#927=LINE('',#15682,#1755);
#928=LINE('',#15685,#1756);
#929=LINE('',#15687,#1757);
#930=LINE('',#15689,#1758);
#931=LINE('',#15691,#1759);
#932=LINE('',#15693,#1760);
#933=LINE('',#15695,#1761);
#934=LINE('',#15697,#1762);
#935=LINE('',#15699,#1763);
#936=LINE('',#15701,#1764);
#937=LINE('',#15703,#1765);
#938=LINE('',#15704,#1766);
#939=LINE('',#15712,#1767);
#940=LINE('',#15715,#1768);
#941=LINE('',#15717,#1769);
#942=LINE('',#15719,#1770);
#943=LINE('',#15721,#1771);
#944=LINE('',#15723,#1772);
#945=LINE('',#15727,#1773);
#946=LINE('',#15729,#1774);
#947=LINE('',#15731,#1775);
#948=LINE('',#15733,#1776);
#949=LINE('',#15735,#1777);
#950=LINE('',#15737,#1778);
#951=LINE('',#15739,#1779);
#952=LINE('',#15741,#1780);
#953=LINE('',#15743,#1781);
#954=LINE('',#15745,#1782);
#955=LINE('',#15747,#1783);
#956=LINE('',#15749,#1784);
#957=LINE('',#15763,#1785);
#958=LINE('',#15766,#1786);
#959=LINE('',#15768,#1787);
#960=LINE('',#15770,#1788);
#961=LINE('',#15772,#1789);
#962=LINE('',#15774,#1790);
#963=LINE('',#15778,#1791);
#964=LINE('',#15780,#1792);
#965=LINE('',#15782,#1793);
#966=LINE('',#15784,#1794);
#967=LINE('',#15786,#1795);
#968=LINE('',#15788,#1796);
#969=LINE('',#15790,#1797);
#970=LINE('',#15792,#1798);
#971=LINE('',#15794,#1799);
#972=LINE('',#15796,#1800);
#973=LINE('',#15798,#1801);
#974=LINE('',#15800,#1802);
#975=LINE('',#15812,#1803);
#976=LINE('',#15815,#1804);
#977=LINE('',#15817,#1805);
#978=LINE('',#15819,#1806);
#979=LINE('',#15821,#1807);
#980=LINE('',#15823,#1808);
#981=LINE('',#15825,#1809);
#982=LINE('',#15827,#1810);
#983=LINE('',#15829,#1811);
#984=LINE('',#15831,#1812);
#985=LINE('',#15833,#1813);
#986=LINE('',#15834,#1814);
#987=LINE('',#15850,#1815);
#988=LINE('',#15853,#1816);
#989=LINE('',#15855,#1817);
#990=LINE('',#15857,#1818);
#991=LINE('',#15859,#1819);
#992=LINE('',#15861,#1820);
#993=LINE('',#15863,#1821);
#994=LINE('',#15865,#1822);
#995=LINE('',#15867,#1823);
#996=LINE('',#15869,#1824);
#997=LINE('',#15871,#1825);
#998=LINE('',#15873,#1826);
#999=LINE('',#15875,#1827);
#1000=LINE('',#15877,#1828);
#1001=LINE('',#15879,#1829);
#1002=LINE('',#15881,#1830);
#1003=LINE('',#15883,#1831);
#1004=LINE('',#15885,#1832);
#1005=LINE('',#15890,#1833);
#1006=LINE('',#15893,#1834);
#1007=LINE('',#15895,#1835);
#1008=LINE('',#15897,#1836);
#1009=LINE('',#15899,#1837);
#1010=LINE('',#15901,#1838);
#1011=LINE('',#15903,#1839);
#1012=LINE('',#15905,#1840);
#1013=LINE('',#15907,#1841);
#1014=LINE('',#15909,#1842);
#1015=LINE('',#15911,#1843);
#1016=LINE('',#15912,#1844);
#1017=LINE('',#15917,#1845);
#1018=LINE('',#15920,#1846);
#1019=LINE('',#15922,#1847);
#1020=LINE('',#15924,#1848);
#1021=LINE('',#15926,#1849);
#1022=LINE('',#15928,#1850);
#1023=LINE('',#15930,#1851);
#1024=LINE('',#15932,#1852);
#1025=LINE('',#15934,#1853);
#1026=LINE('',#15936,#1854);
#1027=LINE('',#15938,#1855);
#1028=LINE('',#15939,#1856);
#1029=LINE('',#15947,#1857);
#1030=LINE('',#15950,#1858);
#1031=LINE('',#15952,#1859);
#1032=LINE('',#15954,#1860);
#1033=LINE('',#15956,#1861);
#1034=LINE('',#15958,#1862);
#1035=LINE('',#15962,#1863);
#1036=LINE('',#15964,#1864);
#1037=LINE('',#15966,#1865);
#1038=LINE('',#15968,#1866);
#1039=LINE('',#15970,#1867);
#1040=LINE('',#15972,#1868);
#1041=LINE('',#15974,#1869);
#1042=LINE('',#15976,#1870);
#1043=LINE('',#15978,#1871);
#1044=LINE('',#15980,#1872);
#1045=LINE('',#15982,#1873);
#1046=LINE('',#15984,#1874);
#1047=LINE('',#15998,#1875);
#1048=LINE('',#16001,#1876);
#1049=LINE('',#16003,#1877);
#1050=LINE('',#16005,#1878);
#1051=LINE('',#16007,#1879);
#1052=LINE('',#16009,#1880);
#1053=LINE('',#16013,#1881);
#1054=LINE('',#16015,#1882);
#1055=LINE('',#16017,#1883);
#1056=LINE('',#16019,#1884);
#1057=LINE('',#16021,#1885);
#1058=LINE('',#16023,#1886);
#1059=LINE('',#16025,#1887);
#1060=LINE('',#16027,#1888);
#1061=LINE('',#16029,#1889);
#1062=LINE('',#16031,#1890);
#1063=LINE('',#16033,#1891);
#1064=LINE('',#16035,#1892);
#1065=LINE('',#16057,#1893);
#1066=LINE('',#16060,#1894);
#1067=LINE('',#16062,#1895);
#1068=LINE('',#16064,#1896);
#1069=LINE('',#16066,#1897);
#1070=LINE('',#16068,#1898);
#1071=LINE('',#16070,#1899);
#1072=LINE('',#16072,#1900);
#1073=LINE('',#16074,#1901);
#1074=LINE('',#16076,#1902);
#1075=LINE('',#16078,#1903);
#1076=LINE('',#16080,#1904);
#1077=LINE('',#16082,#1905);
#1078=LINE('',#16084,#1906);
#1079=LINE('',#16086,#1907);
#1080=LINE('',#16088,#1908);
#1081=LINE('',#16090,#1909);
#1082=LINE('',#16092,#1910);
#1083=LINE('',#16100,#1911);
#1084=LINE('',#16103,#1912);
#1085=LINE('',#16105,#1913);
#1086=LINE('',#16107,#1914);
#1087=LINE('',#16109,#1915);
#1088=LINE('',#16111,#1916);
#1089=LINE('',#16115,#1917);
#1090=LINE('',#16117,#1918);
#1091=LINE('',#16119,#1919);
#1092=LINE('',#16121,#1920);
#1093=LINE('',#16123,#1921);
#1094=LINE('',#16125,#1922);
#1095=LINE('',#16127,#1923);
#1096=LINE('',#16129,#1924);
#1097=LINE('',#16131,#1925);
#1098=LINE('',#16133,#1926);
#1099=LINE('',#16135,#1927);
#1100=LINE('',#16137,#1928);
#1101=LINE('',#16151,#1929);
#1102=LINE('',#16154,#1930);
#1103=LINE('',#16156,#1931);
#1104=LINE('',#16158,#1932);
#1105=LINE('',#16160,#1933);
#1106=LINE('',#16162,#1934);
#1107=LINE('',#16166,#1935);
#1108=LINE('',#16168,#1936);
#1109=LINE('',#16170,#1937);
#1110=LINE('',#16172,#1938);
#1111=LINE('',#16174,#1939);
#1112=LINE('',#16176,#1940);
#1113=LINE('',#16178,#1941);
#1114=LINE('',#16180,#1942);
#1115=LINE('',#16182,#1943);
#1116=LINE('',#16184,#1944);
#1117=LINE('',#16186,#1945);
#1118=LINE('',#16188,#1946);
#1119=VECTOR('',#10864,1.);
#1120=VECTOR('',#10865,1.);
#1121=VECTOR('',#10866,1.);
#1122=VECTOR('',#10867,1.);
#1123=VECTOR('',#10868,1.);
#1124=VECTOR('',#10869,1.);
#1125=VECTOR('',#10872,1.);
#1126=VECTOR('',#10873,1.);
#1127=VECTOR('',#10874,1.);
#1128=VECTOR('',#10877,1.);
#1129=VECTOR('',#10878,1.);
#1130=VECTOR('',#10881,1.);
#1131=VECTOR('',#10882,1.);
#1132=VECTOR('',#10885,1.);
#1133=VECTOR('',#10886,1.);
#1134=VECTOR('',#10889,1.);
#1135=VECTOR('',#10890,1.);
#1136=VECTOR('',#10893,1.);
#1137=VECTOR('',#10916,1.);
#1138=VECTOR('',#10917,1.);
#1139=VECTOR('',#10918,1.);
#1140=VECTOR('',#10919,1.);
#1141=VECTOR('',#10920,1.);
#1142=VECTOR('',#10921,1.);
#1143=VECTOR('',#10924,1.);
#1144=VECTOR('',#10925,1.);
#1145=VECTOR('',#10926,1.);
#1146=VECTOR('',#10929,1.);
#1147=VECTOR('',#10930,1.);
#1148=VECTOR('',#10933,1.);
#1149=VECTOR('',#10934,1.);
#1150=VECTOR('',#10937,1.);
#1151=VECTOR('',#10938,1.);
#1152=VECTOR('',#10941,1.);
#1153=VECTOR('',#10942,1.);
#1154=VECTOR('',#10945,1.);
#1155=VECTOR('',#10968,1.);
#1156=VECTOR('',#10969,1.);
#1157=VECTOR('',#10970,1.);
#1158=VECTOR('',#10971,1.);
#1159=VECTOR('',#10972,1.);
#1160=VECTOR('',#10973,1.);
#1161=VECTOR('',#10976,1.);
#1162=VECTOR('',#10977,1.);
#1163=VECTOR('',#10978,1.);
#1164=VECTOR('',#10981,1.);
#1165=VECTOR('',#10982,1.);
#1166=VECTOR('',#10985,1.);
#1167=VECTOR('',#10986,1.);
#1168=VECTOR('',#10989,1.);
#1169=VECTOR('',#10990,1.);
#1170=VECTOR('',#10993,1.);
#1171=VECTOR('',#10994,1.);
#1172=VECTOR('',#10997,1.);
#1173=VECTOR('',#11012,1.);
#1174=VECTOR('',#11013,1.);
#1175=VECTOR('',#11014,1.);
#1176=VECTOR('',#11015,1.);
#1177=VECTOR('',#11016,1.);
#1178=VECTOR('',#11017,1.);
#1179=VECTOR('',#11022,1.);
#1180=VECTOR('',#11023,1.);
#1181=VECTOR('',#11024,1.);
#1182=VECTOR('',#11027,1.);
#1183=VECTOR('',#11028,1.);
#1184=VECTOR('',#11031,1.);
#1185=VECTOR('',#11032,1.);
#1186=VECTOR('',#11035,1.);
#1187=VECTOR('',#11036,1.);
#1188=VECTOR('',#11039,1.);
#1189=VECTOR('',#11040,1.);
#1190=VECTOR('',#11043,1.);
#1191=VECTOR('',#11086,1.);
#1192=VECTOR('',#11089,1.);
#1193=VECTOR('',#11094,1.);
#1194=VECTOR('',#11097,1.);
#1195=VECTOR('',#11100,1.);
#1196=VECTOR('',#11107,1.);
#1197=VECTOR('',#11108,1.);
#1198=VECTOR('',#11109,1.);
#1199=VECTOR('',#11112,1.);
#1200=VECTOR('',#11113,1.);
#1201=VECTOR('',#11114,1.);
#1202=VECTOR('',#11117,1.);
#1203=VECTOR('',#11130,1.);
#1204=VECTOR('',#11131,1.);
#1205=VECTOR('',#11132,1.);
#1206=VECTOR('',#11137,1.);
#1207=VECTOR('',#11144,1.);
#1208=VECTOR('',#11147,1.);
#1209=VECTOR('',#11150,1.);
#1210=VECTOR('',#11157,1.);
#1211=VECTOR('',#11158,1.);
#1212=VECTOR('',#11159,1.);
#1213=VECTOR('',#11162,1.);
#1214=VECTOR('',#11163,1.);
#1215=VECTOR('',#11164,1.);
#1216=VECTOR('',#11167,1.);
#1217=VECTOR('',#11180,1.);
#1218=VECTOR('',#11181,1.);
#1219=VECTOR('',#11182,1.);
#1220=VECTOR('',#11187,1.);
#1221=VECTOR('',#11194,1.);
#1222=VECTOR('',#11197,1.);
#1223=VECTOR('',#11200,1.);
#1224=VECTOR('',#11207,1.);
#1225=VECTOR('',#11208,1.);
#1226=VECTOR('',#11209,1.);
#1227=VECTOR('',#11212,1.);
#1228=VECTOR('',#11213,1.);
#1229=VECTOR('',#11214,1.);
#1230=VECTOR('',#11221,1.);
#1231=VECTOR('',#11230,1.);
#1232=VECTOR('',#11231,1.);
#1233=VECTOR('',#11232,1.);
#1234=VECTOR('',#11237,1.);
#1235=VECTOR('',#11242,1.);
#1236=VECTOR('',#11243,1.);
#1237=VECTOR('',#11244,1.);
#1238=VECTOR('',#11247,1.);
#1239=VECTOR('',#11248,1.);
#1240=VECTOR('',#11249,1.);
#1241=VECTOR('',#11256,1.);
#1242=VECTOR('',#11261,1.);
#1243=VECTOR('',#11268,1.);
#1244=VECTOR('',#11275,1.);
#1245=VECTOR('',#11280,1.);
#1246=VECTOR('',#11283,1.);
#1247=VECTOR('',#11290,1.);
#1248=VECTOR('',#11291,1.);
#1249=VECTOR('',#11292,1.);
#1250=VECTOR('',#11293,1.);
#1251=VECTOR('',#11296,1.);
#1252=VECTOR('',#11297,1.);
#1253=VECTOR('',#11298,1.);
#1254=VECTOR('',#11301,1.);
#1255=VECTOR('',#11302,1.);
#1256=VECTOR('',#11303,1.);
#1257=VECTOR('',#11306,1.);
#1258=VECTOR('',#11307,1.);
#1259=VECTOR('',#11316,1.);
#1260=VECTOR('',#11317,1.);
#1261=VECTOR('',#11318,1.);
#1262=VECTOR('',#11319,1.);
#1263=VECTOR('',#11322,1.);
#1264=VECTOR('',#11323,1.);
#1265=VECTOR('',#11324,1.);
#1266=VECTOR('',#11327,1.);
#1267=VECTOR('',#11328,1.);
#1268=VECTOR('',#11329,1.);
#1269=VECTOR('',#11332,1.);
#1270=VECTOR('',#11333,1.);
#1271=VECTOR('',#11346,1.);
#1272=VECTOR('',#11347,1.);
#1273=VECTOR('',#11348,1.);
#1274=VECTOR('',#11349,1.);
#1275=VECTOR('',#11350,1.);
#1276=VECTOR('',#11351,1.);
#1277=VECTOR('',#11356,1.);
#1278=VECTOR('',#11357,1.);
#1279=VECTOR('',#11358,1.);
#1280=VECTOR('',#11361,1.);
#1281=VECTOR('',#11362,1.);
#1282=VECTOR('',#11365,1.);
#1283=VECTOR('',#11366,1.);
#1284=VECTOR('',#11369,1.);
#1285=VECTOR('',#11370,1.);
#1286=VECTOR('',#11373,1.);
#1287=VECTOR('',#11374,1.);
#1288=VECTOR('',#11377,1.);
#1289=VECTOR('',#11414,1.);
#1290=VECTOR('',#11417,1.);
#1291=VECTOR('',#11420,1.);
#1292=VECTOR('',#11421,1.);
#1293=VECTOR('',#11422,1.);
#1294=VECTOR('',#11429,1.);
#1295=VECTOR('',#11432,1.);
#1296=VECTOR('',#11433,1.);
#1297=VECTOR('',#11434,1.);
#1298=VECTOR('',#11441,1.);
#1299=VECTOR('',#11444,1.);
#1300=VECTOR('',#11445,1.);
#1301=VECTOR('',#11446,1.);
#1302=VECTOR('',#11453,1.);
#1303=VECTOR('',#11456,1.);
#1304=VECTOR('',#11457,1.);
#1305=VECTOR('',#11472,1.);
#1306=VECTOR('',#11475,1.);
#1307=VECTOR('',#11478,1.);
#1308=VECTOR('',#11481,1.);
#1309=VECTOR('',#11504,1.);
#1310=VECTOR('',#11505,1.);
#1311=VECTOR('',#11508,1.);
#1312=VECTOR('',#11509,1.);
#1313=VECTOR('',#11514,1.);
#1314=VECTOR('',#11517,1.);
#1315=VECTOR('',#11518,1.);
#1316=VECTOR('',#11523,1.);
#1317=VECTOR('',#11526,1.);
#1318=VECTOR('',#11527,1.);
#1319=VECTOR('',#11532,1.);
#1320=VECTOR('',#11535,1.);
#1321=VECTOR('',#11560,1.);
#1322=VECTOR('',#11561,1.);
#1323=VECTOR('',#11562,1.);
#1324=VECTOR('',#11563,1.);
#1325=VECTOR('',#11564,1.);
#1326=VECTOR('',#11565,1.);
#1327=VECTOR('',#11570,1.);
#1328=VECTOR('',#11571,1.);
#1329=VECTOR('',#11572,1.);
#1330=VECTOR('',#11575,1.);
#1331=VECTOR('',#11576,1.);
#1332=VECTOR('',#11579,1.);
#1333=VECTOR('',#11580,1.);
#1334=VECTOR('',#11583,1.);
#1335=VECTOR('',#11584,1.);
#1336=VECTOR('',#11587,1.);
#1337=VECTOR('',#11588,1.);
#1338=VECTOR('',#11591,1.);
#1339=VECTOR('',#11622,1.);
#1340=VECTOR('',#11623,1.);
#1341=VECTOR('',#11624,1.);
#1342=VECTOR('',#11625,1.);
#1343=VECTOR('',#11626,1.);
#1344=VECTOR('',#11627,1.);
#1345=VECTOR('',#11630,1.);
#1346=VECTOR('',#11631,1.);
#1347=VECTOR('',#11632,1.);
#1348=VECTOR('',#11635,1.);
#1349=VECTOR('',#11636,1.);
#1350=VECTOR('',#11639,1.);
#1351=VECTOR('',#11640,1.);
#1352=VECTOR('',#11643,1.);
#1353=VECTOR('',#11644,1.);
#1354=VECTOR('',#11647,1.);
#1355=VECTOR('',#11648,1.);
#1356=VECTOR('',#11651,1.);
#1357=VECTOR('',#11664,1.);
#1358=VECTOR('',#11665,1.);
#1359=VECTOR('',#11666,1.);
#1360=VECTOR('',#11667,1.);
#1361=VECTOR('',#11668,1.);
#1362=VECTOR('',#11669,1.);
#1363=VECTOR('',#11674,1.);
#1364=VECTOR('',#11675,1.);
#1365=VECTOR('',#11676,1.);
#1366=VECTOR('',#11679,1.);
#1367=VECTOR('',#11680,1.);
#1368=VECTOR('',#11683,1.);
#1369=VECTOR('',#11684,1.);
#1370=VECTOR('',#11687,1.);
#1371=VECTOR('',#11688,1.);
#1372=VECTOR('',#11691,1.);
#1373=VECTOR('',#11692,1.);
#1374=VECTOR('',#11695,1.);
#1375=VECTOR('',#11712,1.);
#1376=VECTOR('',#11713,1.);
#1377=VECTOR('',#11714,1.);
#1378=VECTOR('',#11715,1.);
#1379=VECTOR('',#11718,1.);
#1380=VECTOR('',#11719,1.);
#1381=VECTOR('',#11720,1.);
#1382=VECTOR('',#11723,1.);
#1383=VECTOR('',#11724,1.);
#1384=VECTOR('',#11725,1.);
#1385=VECTOR('',#11728,1.);
#1386=VECTOR('',#11729,1.);
#1387=VECTOR('',#11738,1.);
#1388=VECTOR('',#11739,1.);
#1389=VECTOR('',#11740,1.);
#1390=VECTOR('',#11741,1.);
#1391=VECTOR('',#11744,1.);
#1392=VECTOR('',#11745,1.);
#1393=VECTOR('',#11746,1.);
#1394=VECTOR('',#11749,1.);
#1395=VECTOR('',#11750,1.);
#1396=VECTOR('',#11753,1.);
#1397=VECTOR('',#11754,1.);
#1398=VECTOR('',#11757,1.);
#1399=VECTOR('',#11768,1.);
#1400=VECTOR('',#11769,1.);
#1401=VECTOR('',#11770,1.);
#1402=VECTOR('',#11771,1.);
#1403=VECTOR('',#11772,1.);
#1404=VECTOR('',#11773,1.);
#1405=VECTOR('',#11778,1.);
#1406=VECTOR('',#11779,1.);
#1407=VECTOR('',#11780,1.);
#1408=VECTOR('',#11783,1.);
#1409=VECTOR('',#11784,1.);
#1410=VECTOR('',#11787,1.);
#1411=VECTOR('',#11788,1.);
#1412=VECTOR('',#11791,1.);
#1413=VECTOR('',#11792,1.);
#1414=VECTOR('',#11795,1.);
#1415=VECTOR('',#11796,1.);
#1416=VECTOR('',#11799,1.);
#1417=VECTOR('',#11830,1.);
#1418=VECTOR('',#11831,1.);
#1419=VECTOR('',#11832,1.);
#1420=VECTOR('',#11833,1.);
#1421=VECTOR('',#11834,1.);
#1422=VECTOR('',#11835,1.);
#1423=VECTOR('',#11838,1.);
#1424=VECTOR('',#11839,1.);
#1425=VECTOR('',#11840,1.);
#1426=VECTOR('',#11843,1.);
#1427=VECTOR('',#11844,1.);
#1428=VECTOR('',#11847,1.);
#1429=VECTOR('',#11848,1.);
#1430=VECTOR('',#11851,1.);
#1431=VECTOR('',#11852,1.);
#1432=VECTOR('',#11855,1.);
#1433=VECTOR('',#11856,1.);
#1434=VECTOR('',#11859,1.);
#1435=VECTOR('',#11894,1.);
#1436=VECTOR('',#11897,1.);
#1437=VECTOR('',#11902,1.);
#1438=VECTOR('',#11905,1.);
#1439=VECTOR('',#11908,1.);
#1440=VECTOR('',#11915,1.);
#1441=VECTOR('',#11916,1.);
#1442=VECTOR('',#11917,1.);
#1443=VECTOR('',#11920,1.);
#1444=VECTOR('',#11921,1.);
#1445=VECTOR('',#11922,1.);
#1446=VECTOR('',#11925,1.);
#1447=VECTOR('',#11938,1.);
#1448=VECTOR('',#11939,1.);
#1449=VECTOR('',#11940,1.);
#1450=VECTOR('',#11945,1.);
#1451=VECTOR('',#11952,1.);
#1452=VECTOR('',#11955,1.);
#1453=VECTOR('',#11958,1.);
#1454=VECTOR('',#11965,1.);
#1455=VECTOR('',#11966,1.);
#1456=VECTOR('',#11967,1.);
#1457=VECTOR('',#11970,1.);
#1458=VECTOR('',#11971,1.);
#1459=VECTOR('',#11972,1.);
#1460=VECTOR('',#11975,1.);
#1461=VECTOR('',#11988,1.);
#1462=VECTOR('',#11989,1.);
#1463=VECTOR('',#11990,1.);
#1464=VECTOR('',#11995,1.);
#1465=VECTOR('',#12002,1.);
#1466=VECTOR('',#12005,1.);
#1467=VECTOR('',#12008,1.);
#1468=VECTOR('',#12015,1.);
#1469=VECTOR('',#12016,1.);
#1470=VECTOR('',#12017,1.);
#1471=VECTOR('',#12020,1.);
#1472=VECTOR('',#12021,1.);
#1473=VECTOR('',#12022,1.);
#1474=VECTOR('',#12029,1.);
#1475=VECTOR('',#12038,1.);
#1476=VECTOR('',#12039,1.);
#1477=VECTOR('',#12040,1.);
#1478=VECTOR('',#12045,1.);
#1479=VECTOR('',#12050,1.);
#1480=VECTOR('',#12051,1.);
#1481=VECTOR('',#12052,1.);
#1482=VECTOR('',#12055,1.);
#1483=VECTOR('',#12056,1.);
#1484=VECTOR('',#12057,1.);
#1485=VECTOR('',#12064,1.);
#1486=VECTOR('',#12069,1.);
#1487=VECTOR('',#12076,1.);
#1488=VECTOR('',#12083,1.);
#1489=VECTOR('',#12088,1.);
#1490=VECTOR('',#12091,1.);
#1491=VECTOR('',#12102,1.);
#1492=VECTOR('',#12103,1.);
#1493=VECTOR('',#12104,1.);
#1494=VECTOR('',#12105,1.);
#1495=VECTOR('',#12106,1.);
#1496=VECTOR('',#12107,1.);
#1497=VECTOR('',#12112,1.);
#1498=VECTOR('',#12113,1.);
#1499=VECTOR('',#12114,1.);
#1500=VECTOR('',#12117,1.);
#1501=VECTOR('',#12118,1.);
#1502=VECTOR('',#12121,1.);
#1503=VECTOR('',#12122,1.);
#1504=VECTOR('',#12125,1.);
#1505=VECTOR('',#12126,1.);
#1506=VECTOR('',#12129,1.);
#1507=VECTOR('',#12130,1.);
#1508=VECTOR('',#12133,1.);
#1509=VECTOR('',#12164,1.);
#1510=VECTOR('',#12165,1.);
#1511=VECTOR('',#12166,1.);
#1512=VECTOR('',#12167,1.);
#1513=VECTOR('',#12168,1.);
#1514=VECTOR('',#12169,1.);
#1515=VECTOR('',#12172,1.);
#1516=VECTOR('',#12173,1.);
#1517=VECTOR('',#12174,1.);
#1518=VECTOR('',#12177,1.);
#1519=VECTOR('',#12178,1.);
#1520=VECTOR('',#12181,1.);
#1521=VECTOR('',#12182,1.);
#1522=VECTOR('',#12185,1.);
#1523=VECTOR('',#12186,1.);
#1524=VECTOR('',#12189,1.);
#1525=VECTOR('',#12190,1.);
#1526=VECTOR('',#12193,1.);
#1527=VECTOR('',#12206,1.);
#1528=VECTOR('',#12207,1.);
#1529=VECTOR('',#12208,1.);
#1530=VECTOR('',#12209,1.);
#1531=VECTOR('',#12210,1.);
#1532=VECTOR('',#12211,1.);
#1533=VECTOR('',#12216,1.);
#1534=VECTOR('',#12217,1.);
#1535=VECTOR('',#12218,1.);
#1536=VECTOR('',#12221,1.);
#1537=VECTOR('',#12222,1.);
#1538=VECTOR('',#12225,1.);
#1539=VECTOR('',#12226,1.);
#1540=VECTOR('',#12229,1.);
#1541=VECTOR('',#12230,1.);
#1542=VECTOR('',#12233,1.);
#1543=VECTOR('',#12234,1.);
#1544=VECTOR('',#12237,1.);
#1545=VECTOR('',#12258,1.);
#1546=VECTOR('',#12259,1.);
#1547=VECTOR('',#12260,1.);
#1548=VECTOR('',#12261,1.);
#1549=VECTOR('',#12262,1.);
#1550=VECTOR('',#12263,1.);
#1551=VECTOR('',#12268,1.);
#1552=VECTOR('',#12269,1.);
#1553=VECTOR('',#12270,1.);
#1554=VECTOR('',#12273,1.);
#1555=VECTOR('',#12274,1.);
#1556=VECTOR('',#12277,1.);
#1557=VECTOR('',#12278,1.);
#1558=VECTOR('',#12281,1.);
#1559=VECTOR('',#12282,1.);
#1560=VECTOR('',#12285,1.);
#1561=VECTOR('',#12286,1.);
#1562=VECTOR('',#12289,1.);
#1563=VECTOR('',#12332,1.);
#1564=VECTOR('',#12335,1.);
#1565=VECTOR('',#12340,1.);
#1566=VECTOR('',#12343,1.);
#1567=VECTOR('',#12346,1.);
#1568=VECTOR('',#12353,1.);
#1569=VECTOR('',#12354,1.);
#1570=VECTOR('',#12355,1.);
#1571=VECTOR('',#12358,1.);
#1572=VECTOR('',#12359,1.);
#1573=VECTOR('',#12360,1.);
#1574=VECTOR('',#12363,1.);
#1575=VECTOR('',#12376,1.);
#1576=VECTOR('',#12377,1.);
#1577=VECTOR('',#12378,1.);
#1578=VECTOR('',#12383,1.);
#1579=VECTOR('',#12390,1.);
#1580=VECTOR('',#12393,1.);
#1581=VECTOR('',#12396,1.);
#1582=VECTOR('',#12403,1.);
#1583=VECTOR('',#12404,1.);
#1584=VECTOR('',#12405,1.);
#1585=VECTOR('',#12408,1.);
#1586=VECTOR('',#12409,1.);
#1587=VECTOR('',#12410,1.);
#1588=VECTOR('',#12413,1.);
#1589=VECTOR('',#12426,1.);
#1590=VECTOR('',#12427,1.);
#1591=VECTOR('',#12428,1.);
#1592=VECTOR('',#12433,1.);
#1593=VECTOR('',#12440,1.);
#1594=VECTOR('',#12443,1.);
#1595=VECTOR('',#12446,1.);
#1596=VECTOR('',#12453,1.);
#1597=VECTOR('',#12454,1.);
#1598=VECTOR('',#12455,1.);
#1599=VECTOR('',#12458,1.);
#1600=VECTOR('',#12459,1.);
#1601=VECTOR('',#12460,1.);
#1602=VECTOR('',#12467,1.);
#1603=VECTOR('',#12476,1.);
#1604=VECTOR('',#12477,1.);
#1605=VECTOR('',#12478,1.);
#1606=VECTOR('',#12483,1.);
#1607=VECTOR('',#12488,1.);
#1608=VECTOR('',#12489,1.);
#1609=VECTOR('',#12490,1.);
#1610=VECTOR('',#12493,1.);
#1611=VECTOR('',#12494,1.);
#1612=VECTOR('',#12495,1.);
#1613=VECTOR('',#12502,1.);
#1614=VECTOR('',#12507,1.);
#1615=VECTOR('',#12514,1.);
#1616=VECTOR('',#12521,1.);
#1617=VECTOR('',#12526,1.);
#1618=VECTOR('',#12529,1.);
#1619=VECTOR('',#12538,1.);
#1620=VECTOR('',#12539,1.);
#1621=VECTOR('',#12540,1.);
#1622=VECTOR('',#12541,1.);
#1623=VECTOR('',#12544,1.);
#1624=VECTOR('',#12545,1.);
#1625=VECTOR('',#12546,1.);
#1626=VECTOR('',#12549,1.);
#1627=VECTOR('',#12550,1.);
#1628=VECTOR('',#12551,1.);
#1629=VECTOR('',#12554,1.);
#1630=VECTOR('',#12555,1.);
#1631=VECTOR('',#12606,1.);
#1632=VECTOR('',#12609,1.);
#1633=VECTOR('',#12612,1.);
#1634=VECTOR('',#12615,1.);
#1635=VECTOR('',#12618,1.);
#1636=VECTOR('',#12621,1.);
#1637=VECTOR('',#12624,1.);
#1638=VECTOR('',#12627,1.);
#1639=VECTOR('',#12632,1.);
#1640=VECTOR('',#12633,1.);
#1641=VECTOR('',#12634,1.);
#1642=VECTOR('',#12637,1.);
#1643=VECTOR('',#12638,1.);
#1644=VECTOR('',#12639,1.);
#1645=VECTOR('',#12642,1.);
#1646=VECTOR('',#12643,1.);
#1647=VECTOR('',#12644,1.);
#1648=VECTOR('',#12647,1.);
#1649=VECTOR('',#12648,1.);
#1650=VECTOR('',#12649,1.);
#1651=VECTOR('',#12664,1.);
#1652=VECTOR('',#12665,1.);
#1653=VECTOR('',#12666,1.);
#1654=VECTOR('',#12669,1.);
#1655=VECTOR('',#12670,1.);
#1656=VECTOR('',#12671,1.);
#1657=VECTOR('',#12674,1.);
#1658=VECTOR('',#12675,1.);
#1659=VECTOR('',#12676,1.);
#1660=VECTOR('',#12679,1.);
#1661=VECTOR('',#12680,1.);
#1662=VECTOR('',#12681,1.);
#1663=VECTOR('',#12750,1.);
#1664=VECTOR('',#12753,1.);
#1665=VECTOR('',#12758,1.);
#1666=VECTOR('',#12761,1.);
#1667=VECTOR('',#12764,1.);
#1668=VECTOR('',#12771,1.);
#1669=VECTOR('',#12772,1.);
#1670=VECTOR('',#12773,1.);
#1671=VECTOR('',#12776,1.);
#1672=VECTOR('',#12777,1.);
#1673=VECTOR('',#12778,1.);
#1674=VECTOR('',#12781,1.);
#1675=VECTOR('',#12794,1.);
#1676=VECTOR('',#12795,1.);
#1677=VECTOR('',#12796,1.);
#1678=VECTOR('',#12801,1.);
#1679=VECTOR('',#12808,1.);
#1680=VECTOR('',#12811,1.);
#1681=VECTOR('',#12814,1.);
#1682=VECTOR('',#12821,1.);
#1683=VECTOR('',#12822,1.);
#1684=VECTOR('',#12823,1.);
#1685=VECTOR('',#12826,1.);
#1686=VECTOR('',#12827,1.);
#1687=VECTOR('',#12828,1.);
#1688=VECTOR('',#12831,1.);
#1689=VECTOR('',#12844,1.);
#1690=VECTOR('',#12845,1.);
#1691=VECTOR('',#12846,1.);
#1692=VECTOR('',#12851,1.);
#1693=VECTOR('',#12858,1.);
#1694=VECTOR('',#12861,1.);
#1695=VECTOR('',#12864,1.);
#1696=VECTOR('',#12871,1.);
#1697=VECTOR('',#12872,1.);
#1698=VECTOR('',#12873,1.);
#1699=VECTOR('',#12876,1.);
#1700=VECTOR('',#12877,1.);
#1701=VECTOR('',#12878,1.);
#1702=VECTOR('',#12885,1.);
#1703=VECTOR('',#12894,1.);
#1704=VECTOR('',#12895,1.);
#1705=VECTOR('',#12896,1.);
#1706=VECTOR('',#12901,1.);
#1707=VECTOR('',#12906,1.);
#1708=VECTOR('',#12907,1.);
#1709=VECTOR('',#12908,1.);
#1710=VECTOR('',#12911,1.);
#1711=VECTOR('',#12912,1.);
#1712=VECTOR('',#12913,1.);
#1713=VECTOR('',#12920,1.);
#1714=VECTOR('',#12925,1.);
#1715=VECTOR('',#12932,1.);
#1716=VECTOR('',#12939,1.);
#1717=VECTOR('',#12944,1.);
#1718=VECTOR('',#12947,1.);
#1719=VECTOR('',#12958,1.);
#1720=VECTOR('',#12959,1.);
#1721=VECTOR('',#12960,1.);
#1722=VECTOR('',#12961,1.);
#1723=VECTOR('',#12962,1.);
#1724=VECTOR('',#12963,1.);
#1725=VECTOR('',#12968,1.);
#1726=VECTOR('',#12969,1.);
#1727=VECTOR('',#12970,1.);
#1728=VECTOR('',#12973,1.);
#1729=VECTOR('',#12974,1.);
#1730=VECTOR('',#12977,1.);
#1731=VECTOR('',#12978,1.);
#1732=VECTOR('',#12981,1.);
#1733=VECTOR('',#12982,1.);
#1734=VECTOR('',#12985,1.);
#1735=VECTOR('',#12986,1.);
#1736=VECTOR('',#12989,1.);
#1737=VECTOR('',#13010,1.);
#1738=VECTOR('',#13011,1.);
#1739=VECTOR('',#13012,1.);
#1740=VECTOR('',#13013,1.);
#1741=VECTOR('',#13014,1.);
#1742=VECTOR('',#13015,1.);
#1743=VECTOR('',#13020,1.);
#1744=VECTOR('',#13021,1.);
#1745=VECTOR('',#13022,1.);
#1746=VECTOR('',#13025,1.);
#1747=VECTOR('',#13026,1.);
#1748=VECTOR('',#13029,1.);
#1749=VECTOR('',#13030,1.);
#1750=VECTOR('',#13033,1.);
#1751=VECTOR('',#13034,1.);
#1752=VECTOR('',#13037,1.);
#1753=VECTOR('',#13038,1.);
#1754=VECTOR('',#13041,1.);
#1755=VECTOR('',#13058,1.);
#1756=VECTOR('',#13059,1.);
#1757=VECTOR('',#13060,1.);
#1758=VECTOR('',#13061,1.);
#1759=VECTOR('',#13064,1.);
#1760=VECTOR('',#13065,1.);
#1761=VECTOR('',#13066,1.);
#1762=VECTOR('',#13069,1.);
#1763=VECTOR('',#13070,1.);
#1764=VECTOR('',#13071,1.);
#1765=VECTOR('',#13074,1.);
#1766=VECTOR('',#13075,1.);
#1767=VECTOR('',#13088,1.);
#1768=VECTOR('',#13089,1.);
#1769=VECTOR('',#13090,1.);
#1770=VECTOR('',#13091,1.);
#1771=VECTOR('',#13092,1.);
#1772=VECTOR('',#13093,1.);
#1773=VECTOR('',#13098,1.);
#1774=VECTOR('',#13099,1.);
#1775=VECTOR('',#13100,1.);
#1776=VECTOR('',#13103,1.);
#1777=VECTOR('',#13104,1.);
#1778=VECTOR('',#13107,1.);
#1779=VECTOR('',#13108,1.);
#1780=VECTOR('',#13111,1.);
#1781=VECTOR('',#13112,1.);
#1782=VECTOR('',#13115,1.);
#1783=VECTOR('',#13116,1.);
#1784=VECTOR('',#13119,1.);
#1785=VECTOR('',#13140,1.);
#1786=VECTOR('',#13141,1.);
#1787=VECTOR('',#13142,1.);
#1788=VECTOR('',#13143,1.);
#1789=VECTOR('',#13144,1.);
#1790=VECTOR('',#13145,1.);
#1791=VECTOR('',#13150,1.);
#1792=VECTOR('',#13151,1.);
#1793=VECTOR('',#13152,1.);
#1794=VECTOR('',#13155,1.);
#1795=VECTOR('',#13156,1.);
#1796=VECTOR('',#13159,1.);
#1797=VECTOR('',#13160,1.);
#1798=VECTOR('',#13163,1.);
#1799=VECTOR('',#13164,1.);
#1800=VECTOR('',#13167,1.);
#1801=VECTOR('',#13168,1.);
#1802=VECTOR('',#13171,1.);
#1803=VECTOR('',#13190,1.);
#1804=VECTOR('',#13191,1.);
#1805=VECTOR('',#13192,1.);
#1806=VECTOR('',#13193,1.);
#1807=VECTOR('',#13196,1.);
#1808=VECTOR('',#13197,1.);
#1809=VECTOR('',#13198,1.);
#1810=VECTOR('',#13201,1.);
#1811=VECTOR('',#13202,1.);
#1812=VECTOR('',#13203,1.);
#1813=VECTOR('',#13206,1.);
#1814=VECTOR('',#13207,1.);
#1815=VECTOR('',#13230,1.);
#1816=VECTOR('',#13231,1.);
#1817=VECTOR('',#13232,1.);
#1818=VECTOR('',#13233,1.);
#1819=VECTOR('',#13234,1.);
#1820=VECTOR('',#13235,1.);
#1821=VECTOR('',#13238,1.);
#1822=VECTOR('',#13239,1.);
#1823=VECTOR('',#13240,1.);
#1824=VECTOR('',#13243,1.);
#1825=VECTOR('',#13244,1.);
#1826=VECTOR('',#13247,1.);
#1827=VECTOR('',#13248,1.);
#1828=VECTOR('',#13251,1.);
#1829=VECTOR('',#13252,1.);
#1830=VECTOR('',#13255,1.);
#1831=VECTOR('',#13256,1.);
#1832=VECTOR('',#13259,1.);
#1833=VECTOR('',#13268,1.);
#1834=VECTOR('',#13269,1.);
#1835=VECTOR('',#13270,1.);
#1836=VECTOR('',#13271,1.);
#1837=VECTOR('',#13274,1.);
#1838=VECTOR('',#13275,1.);
#1839=VECTOR('',#13276,1.);
#1840=VECTOR('',#13279,1.);
#1841=VECTOR('',#13280,1.);
#1842=VECTOR('',#13281,1.);
#1843=VECTOR('',#13284,1.);
#1844=VECTOR('',#13285,1.);
#1845=VECTOR('',#13294,1.);
#1846=VECTOR('',#13295,1.);
#1847=VECTOR('',#13296,1.);
#1848=VECTOR('',#13297,1.);
#1849=VECTOR('',#13300,1.);
#1850=VECTOR('',#13301,1.);
#1851=VECTOR('',#13302,1.);
#1852=VECTOR('',#13305,1.);
#1853=VECTOR('',#13306,1.);
#1854=VECTOR('',#13307,1.);
#1855=VECTOR('',#13310,1.);
#1856=VECTOR('',#13311,1.);
#1857=VECTOR('',#13324,1.);
#1858=VECTOR('',#13325,1.);
#1859=VECTOR('',#13326,1.);
#1860=VECTOR('',#13327,1.);
#1861=VECTOR('',#13328,1.);
#1862=VECTOR('',#13329,1.);
#1863=VECTOR('',#13334,1.);
#1864=VECTOR('',#13335,1.);
#1865=VECTOR('',#13336,1.);
#1866=VECTOR('',#13339,1.);
#1867=VECTOR('',#13340,1.);
#1868=VECTOR('',#13343,1.);
#1869=VECTOR('',#13344,1.);
#1870=VECTOR('',#13347,1.);
#1871=VECTOR('',#13348,1.);
#1872=VECTOR('',#13351,1.);
#1873=VECTOR('',#13352,1.);
#1874=VECTOR('',#13355,1.);
#1875=VECTOR('',#13376,1.);
#1876=VECTOR('',#13377,1.);
#1877=VECTOR('',#13378,1.);
#1878=VECTOR('',#13379,1.);
#1879=VECTOR('',#13380,1.);
#1880=VECTOR('',#13381,1.);
#1881=VECTOR('',#13386,1.);
#1882=VECTOR('',#13387,1.);
#1883=VECTOR('',#13388,1.);
#1884=VECTOR('',#13391,1.);
#1885=VECTOR('',#13392,1.);
#1886=VECTOR('',#13395,1.);
#1887=VECTOR('',#13396,1.);
#1888=VECTOR('',#13399,1.);
#1889=VECTOR('',#13400,1.);
#1890=VECTOR('',#13403,1.);
#1891=VECTOR('',#13404,1.);
#1892=VECTOR('',#13407,1.);
#1893=VECTOR('',#13438,1.);
#1894=VECTOR('',#13439,1.);
#1895=VECTOR('',#13440,1.);
#1896=VECTOR('',#13441,1.);
#1897=VECTOR('',#13442,1.);
#1898=VECTOR('',#13443,1.);
#1899=VECTOR('',#13446,1.);
#1900=VECTOR('',#13447,1.);
#1901=VECTOR('',#13448,1.);
#1902=VECTOR('',#13451,1.);
#1903=VECTOR('',#13452,1.);
#1904=VECTOR('',#13455,1.);
#1905=VECTOR('',#13456,1.);
#1906=VECTOR('',#13459,1.);
#1907=VECTOR('',#13460,1.);
#1908=VECTOR('',#13463,1.);
#1909=VECTOR('',#13464,1.);
#1910=VECTOR('',#13467,1.);
#1911=VECTOR('',#13480,1.);
#1912=VECTOR('',#13481,1.);
#1913=VECTOR('',#13482,1.);
#1914=VECTOR('',#13483,1.);
#1915=VECTOR('',#13484,1.);
#1916=VECTOR('',#13485,1.);
#1917=VECTOR('',#13490,1.);
#1918=VECTOR('',#13491,1.);
#1919=VECTOR('',#13492,1.);
#1920=VECTOR('',#13495,1.);
#1921=VECTOR('',#13496,1.);
#1922=VECTOR('',#13499,1.);
#1923=VECTOR('',#13500,1.);
#1924=VECTOR('',#13503,1.);
#1925=VECTOR('',#13504,1.);
#1926=VECTOR('',#13507,1.);
#1927=VECTOR('',#13508,1.);
#1928=VECTOR('',#13511,1.);
#1929=VECTOR('',#13532,1.);
#1930=VECTOR('',#13533,1.);
#1931=VECTOR('',#13534,1.);
#1932=VECTOR('',#13535,1.);
#1933=VECTOR('',#13536,1.);
#1934=VECTOR('',#13537,1.);
#1935=VECTOR('',#13542,1.);
#1936=VECTOR('',#13543,1.);
#1937=VECTOR('',#13544,1.);
#1938=VECTOR('',#13547,1.);
#1939=VECTOR('',#13548,1.);
#1940=VECTOR('',#13551,1.);
#1941=VECTOR('',#13552,1.);
#1942=VECTOR('',#13555,1.);
#1943=VECTOR('',#13556,1.);
#1944=VECTOR('',#13559,1.);
#1945=VECTOR('',#13560,1.);
#1946=VECTOR('',#13563,1.);
#1947=PLANE('',#9901);
#1948=PLANE('',#9902);
#1949=PLANE('',#9903);
#1950=PLANE('',#9904);
#1951=PLANE('',#9905);
#1952=PLANE('',#9906);
#1953=PLANE('',#9907);
#1954=PLANE('',#9908);
#1955=PLANE('',#9909);
#1956=PLANE('',#9910);
#1957=PLANE('',#9918);
#1958=PLANE('',#9919);
#1959=PLANE('',#9920);
#1960=PLANE('',#9921);
#1961=PLANE('',#9922);
#1962=PLANE('',#9923);
#1963=PLANE('',#9924);
#1964=PLANE('',#9925);
#1965=PLANE('',#9926);
#1966=PLANE('',#9927);
#1967=PLANE('',#9935);
#1968=PLANE('',#9936);
#1969=PLANE('',#9937);
#1970=PLANE('',#9938);
#1971=PLANE('',#9939);
#1972=PLANE('',#9940);
#1973=PLANE('',#9941);
#1974=PLANE('',#9942);
#1975=PLANE('',#9943);
#1976=PLANE('',#9944);
#1977=PLANE('',#9947);
#1978=PLANE('',#9949);
#1979=PLANE('',#9951);
#1980=PLANE('',#9952);
#1981=PLANE('',#9953);
#1982=PLANE('',#9954);
#1983=PLANE('',#9955);
#1984=PLANE('',#9956);
#1985=PLANE('',#9957);
#1986=PLANE('',#9959);
#1987=PLANE('',#9985);
#1988=PLANE('',#9986);
#1989=PLANE('',#9993);
#1990=PLANE('',#10003);
#1991=PLANE('',#10004);
#1992=PLANE('',#10011);
#1993=PLANE('',#10021);
#1994=PLANE('',#10022);
#1995=PLANE('',#10029);
#1996=PLANE('',#10033);
#1997=PLANE('',#10034);
#1998=PLANE('',#10041);
#1999=PLANE('',#10044);
#2000=PLANE('',#10048);
#2001=PLANE('',#10051);
#2002=PLANE('',#10052);
#2003=PLANE('',#10053);
#2004=PLANE('',#10054);
#2005=PLANE('',#10055);
#2006=PLANE('',#10056);
#2007=PLANE('',#10058);
#2008=PLANE('',#10059);
#2009=PLANE('',#10060);
#2010=PLANE('',#10061);
#2011=PLANE('',#10062);
#2012=PLANE('',#10063);
#2013=PLANE('',#10065);
#2014=PLANE('',#10067);
#2015=PLANE('',#10069);
#2016=PLANE('',#10070);
#2017=PLANE('',#10071);
#2018=PLANE('',#10072);
#2019=PLANE('',#10073);
#2020=PLANE('',#10074);
#2021=PLANE('',#10075);
#2022=PLANE('',#10077);
#2023=PLANE('',#10094);
#2024=PLANE('',#10098);
#2025=PLANE('',#10102);
#2026=PLANE('',#10106);
#2027=PLANE('',#10107);
#2028=PLANE('',#10109);
#2029=PLANE('',#10111);
#2030=PLANE('',#10113);
#2031=PLANE('',#10118);
#2032=PLANE('',#10128);
#2033=PLANE('',#10131);
#2034=PLANE('',#10134);
#2035=PLANE('',#10137);
#2036=PLANE('',#10140);
#2037=PLANE('',#10142);
#2038=PLANE('',#10147);
#2039=PLANE('',#10149);
#2040=PLANE('',#10151);
#2041=PLANE('',#10152);
#2042=PLANE('',#10153);
#2043=PLANE('',#10154);
#2044=PLANE('',#10155);
#2045=PLANE('',#10156);
#2046=PLANE('',#10157);
#2047=PLANE('',#10159);
#2048=PLANE('',#10170);
#2049=PLANE('',#10171);
#2050=PLANE('',#10172);
#2051=PLANE('',#10173);
#2052=PLANE('',#10174);
#2053=PLANE('',#10175);
#2054=PLANE('',#10176);
#2055=PLANE('',#10177);
#2056=PLANE('',#10178);
#2057=PLANE('',#10179);
#2058=PLANE('',#10181);
#2059=PLANE('',#10183);
#2060=PLANE('',#10185);
#2061=PLANE('',#10186);
#2062=PLANE('',#10187);
#2063=PLANE('',#10188);
#2064=PLANE('',#10189);
#2065=PLANE('',#10190);
#2066=PLANE('',#10191);
#2067=PLANE('',#10193);
#2068=PLANE('',#10198);
#2069=PLANE('',#10199);
#2070=PLANE('',#10200);
#2071=PLANE('',#10201);
#2072=PLANE('',#10202);
#2073=PLANE('',#10203);
#2074=PLANE('',#10205);
#2075=PLANE('',#10206);
#2076=PLANE('',#10207);
#2077=PLANE('',#10208);
#2078=PLANE('',#10209);
#2079=PLANE('',#10210);
#2080=PLANE('',#10212);
#2081=PLANE('',#10214);
#2082=PLANE('',#10216);
#2083=PLANE('',#10217);
#2084=PLANE('',#10218);
#2085=PLANE('',#10219);
#2086=PLANE('',#10220);
#2087=PLANE('',#10221);
#2088=PLANE('',#10222);
#2089=PLANE('',#10224);
#2090=PLANE('',#10235);
#2091=PLANE('',#10236);
#2092=PLANE('',#10237);
#2093=PLANE('',#10238);
#2094=PLANE('',#10239);
#2095=PLANE('',#10240);
#2096=PLANE('',#10241);
#2097=PLANE('',#10242);
#2098=PLANE('',#10243);
#2099=PLANE('',#10244);
#2100=PLANE('',#10267);
#2101=PLANE('',#10268);
#2102=PLANE('',#10275);
#2103=PLANE('',#10285);
#2104=PLANE('',#10286);
#2105=PLANE('',#10293);
#2106=PLANE('',#10303);
#2107=PLANE('',#10304);
#2108=PLANE('',#10311);
#2109=PLANE('',#10315);
#2110=PLANE('',#10316);
#2111=PLANE('',#10323);
#2112=PLANE('',#10326);
#2113=PLANE('',#10330);
#2114=PLANE('',#10333);
#2115=PLANE('',#10335);
#2116=PLANE('',#10337);
#2117=PLANE('',#10338);
#2118=PLANE('',#10339);
#2119=PLANE('',#10340);
#2120=PLANE('',#10341);
#2121=PLANE('',#10342);
#2122=PLANE('',#10343);
#2123=PLANE('',#10345);
#2124=PLANE('',#10356);
#2125=PLANE('',#10357);
#2126=PLANE('',#10358);
#2127=PLANE('',#10359);
#2128=PLANE('',#10360);
#2129=PLANE('',#10361);
#2130=PLANE('',#10362);
#2131=PLANE('',#10363);
#2132=PLANE('',#10364);
#2133=PLANE('',#10365);
#2134=PLANE('',#10367);
#2135=PLANE('',#10369);
#2136=PLANE('',#10371);
#2137=PLANE('',#10372);
#2138=PLANE('',#10373);
#2139=PLANE('',#10374);
#2140=PLANE('',#10375);
#2141=PLANE('',#10376);
#2142=PLANE('',#10377);
#2143=PLANE('',#10379);
#2144=PLANE('',#10384);
#2145=PLANE('',#10386);
#2146=PLANE('',#10388);
#2147=PLANE('',#10389);
#2148=PLANE('',#10390);
#2149=PLANE('',#10391);
#2150=PLANE('',#10392);
#2151=PLANE('',#10393);
#2152=PLANE('',#10394);
#2153=PLANE('',#10396);
#2154=PLANE('',#10422);
#2155=PLANE('',#10423);
#2156=PLANE('',#10430);
#2157=PLANE('',#10440);
#2158=PLANE('',#10441);
#2159=PLANE('',#10448);
#2160=PLANE('',#10458);
#2161=PLANE('',#10459);
#2162=PLANE('',#10466);
#2163=PLANE('',#10470);
#2164=PLANE('',#10471);
#2165=PLANE('',#10478);
#2166=PLANE('',#10481);
#2167=PLANE('',#10485);
#2168=PLANE('',#10489);
#2169=PLANE('',#10490);
#2170=PLANE('',#10491);
#2171=PLANE('',#10492);
#2172=PLANE('',#10493);
#2173=PLANE('',#10494);
#2174=PLANE('',#10499);
#2175=PLANE('',#10506);
#2176=PLANE('',#10513);
#2177=PLANE('',#10517);
#2178=PLANE('',#10526);
#2179=PLANE('',#10527);
#2180=PLANE('',#10528);
#2181=PLANE('',#10529);
#2182=PLANE('',#10530);
#2183=PLANE('',#10536);
#2184=PLANE('',#10537);
#2185=PLANE('',#10538);
#2186=PLANE('',#10539);
#2187=PLANE('',#10540);
#2188=PLANE('',#10556);
#2189=PLANE('',#10581);
#2190=PLANE('',#10582);
#2191=PLANE('',#10589);
#2192=PLANE('',#10599);
#2193=PLANE('',#10600);
#2194=PLANE('',#10607);
#2195=PLANE('',#10617);
#2196=PLANE('',#10618);
#2197=PLANE('',#10625);
#2198=PLANE('',#10629);
#2199=PLANE('',#10630);
#2200=PLANE('',#10637);
#2201=PLANE('',#10640);
#2202=PLANE('',#10644);
#2203=PLANE('',#10647);
#2204=PLANE('',#10649);
#2205=PLANE('',#10651);
#2206=PLANE('',#10652);
#2207=PLANE('',#10653);
#2208=PLANE('',#10654);
#2209=PLANE('',#10655);
#2210=PLANE('',#10656);
#2211=PLANE('',#10657);
#2212=PLANE('',#10659);
#2213=PLANE('',#10664);
#2214=PLANE('',#10666);
#2215=PLANE('',#10668);
#2216=PLANE('',#10669);
#2217=PLANE('',#10670);
#2218=PLANE('',#10671);
#2219=PLANE('',#10672);
#2220=PLANE('',#10673);
#2221=PLANE('',#10674);
#2222=PLANE('',#10676);
#2223=PLANE('',#10681);
#2224=PLANE('',#10682);
#2225=PLANE('',#10683);
#2226=PLANE('',#10684);
#2227=PLANE('',#10685);
#2228=PLANE('',#10686);
#2229=PLANE('',#10688);
#2230=PLANE('',#10690);
#2231=PLANE('',#10692);
#2232=PLANE('',#10693);
#2233=PLANE('',#10694);
#2234=PLANE('',#10695);
#2235=PLANE('',#10696);
#2236=PLANE('',#10697);
#2237=PLANE('',#10698);
#2238=PLANE('',#10700);
#2239=PLANE('',#10705);
#2240=PLANE('',#10707);
#2241=PLANE('',#10709);
#2242=PLANE('',#10710);
#2243=PLANE('',#10711);
#2244=PLANE('',#10712);
#2245=PLANE('',#10713);
#2246=PLANE('',#10714);
#2247=PLANE('',#10715);
#2248=PLANE('',#10717);
#2249=PLANE('',#10723);
#2250=PLANE('',#10724);
#2251=PLANE('',#10725);
#2252=PLANE('',#10726);
#2253=PLANE('',#10727);
#2254=PLANE('',#10728);
#2255=PLANE('',#10736);
#2256=PLANE('',#10737);
#2257=PLANE('',#10738);
#2258=PLANE('',#10739);
#2259=PLANE('',#10740);
#2260=PLANE('',#10741);
#2261=PLANE('',#10742);
#2262=PLANE('',#10743);
#2263=PLANE('',#10744);
#2264=PLANE('',#10745);
#2265=PLANE('',#10747);
#2266=PLANE('',#10748);
#2267=PLANE('',#10749);
#2268=PLANE('',#10750);
#2269=PLANE('',#10751);
#2270=PLANE('',#10752);
#2271=PLANE('',#10754);
#2272=PLANE('',#10755);
#2273=PLANE('',#10756);
#2274=PLANE('',#10757);
#2275=PLANE('',#10758);
#2276=PLANE('',#10759);
#2277=PLANE('',#10761);
#2278=PLANE('',#10763);
#2279=PLANE('',#10765);
#2280=PLANE('',#10766);
#2281=PLANE('',#10767);
#2282=PLANE('',#10768);
#2283=PLANE('',#10769);
#2284=PLANE('',#10770);
#2285=PLANE('',#10771);
#2286=PLANE('',#10773);
#2287=PLANE('',#10778);
#2288=PLANE('',#10780);
#2289=PLANE('',#10782);
#2290=PLANE('',#10783);
#2291=PLANE('',#10784);
#2292=PLANE('',#10785);
#2293=PLANE('',#10786);
#2294=PLANE('',#10787);
#2295=PLANE('',#10788);
#2296=PLANE('',#10790);
#2297=PLANE('',#10801);
#2298=PLANE('',#10802);
#2299=PLANE('',#10803);
#2300=PLANE('',#10804);
#2301=PLANE('',#10805);
#2302=PLANE('',#10806);
#2303=PLANE('',#10807);
#2304=PLANE('',#10808);
#2305=PLANE('',#10809);
#2306=PLANE('',#10810);
#2307=PLANE('',#10812);
#2308=PLANE('',#10814);
#2309=PLANE('',#10816);
#2310=PLANE('',#10817);
#2311=PLANE('',#10818);
#2312=PLANE('',#10819);
#2313=PLANE('',#10820);
#2314=PLANE('',#10821);
#2315=PLANE('',#10822);
#2316=PLANE('',#10824);
#2317=PLANE('',#10829);
#2318=PLANE('',#10831);
#2319=PLANE('',#10833);
#2320=PLANE('',#10834);
#2321=PLANE('',#10835);
#2322=PLANE('',#10836);
#2323=PLANE('',#10837);
#2324=PLANE('',#10838);
#2325=PLANE('',#10839);
#2326=PLANE('',#10841);
#2327=ORIENTED_EDGE('',*,*,#4687,.T.);
#2328=ORIENTED_EDGE('',*,*,#4688,.T.);
#2329=ORIENTED_EDGE('',*,*,#4689,.F.);
#2330=ORIENTED_EDGE('',*,*,#4690,.F.);
#2331=ORIENTED_EDGE('',*,*,#4689,.T.);
#2332=ORIENTED_EDGE('',*,*,#4690,.T.);
#2333=ORIENTED_EDGE('',*,*,#4691,.F.);
#2334=ORIENTED_EDGE('',*,*,#4692,.F.);
#2335=ORIENTED_EDGE('',*,*,#4693,.F.);
#2336=ORIENTED_EDGE('',*,*,#4694,.F.);
#2337=ORIENTED_EDGE('',*,*,#4695,.F.);
#2338=ORIENTED_EDGE('',*,*,#4696,.F.);
#2339=ORIENTED_EDGE('',*,*,#4697,.F.);
#2340=ORIENTED_EDGE('',*,*,#4691,.T.);
#2341=ORIENTED_EDGE('',*,*,#4698,.T.);
#2342=ORIENTED_EDGE('',*,*,#4699,.F.);
#2343=ORIENTED_EDGE('',*,*,#4700,.F.);
#2344=ORIENTED_EDGE('',*,*,#4692,.T.);
#2345=ORIENTED_EDGE('',*,*,#4697,.T.);
#2346=ORIENTED_EDGE('',*,*,#4701,.F.);
#2347=ORIENTED_EDGE('',*,*,#4702,.F.);
#2348=ORIENTED_EDGE('',*,*,#4693,.T.);
#2349=ORIENTED_EDGE('',*,*,#4700,.T.);
#2350=ORIENTED_EDGE('',*,*,#4703,.F.);
#2351=ORIENTED_EDGE('',*,*,#4704,.F.);
#2352=ORIENTED_EDGE('',*,*,#4694,.T.);
#2353=ORIENTED_EDGE('',*,*,#4702,.T.);
#2354=ORIENTED_EDGE('',*,*,#4705,.F.);
#2355=ORIENTED_EDGE('',*,*,#4706,.F.);
#2356=ORIENTED_EDGE('',*,*,#4695,.T.);
#2357=ORIENTED_EDGE('',*,*,#4704,.T.);
#2358=ORIENTED_EDGE('',*,*,#4707,.F.);
#2359=ORIENTED_EDGE('',*,*,#4698,.F.);
#2360=ORIENTED_EDGE('',*,*,#4696,.T.);
#2361=ORIENTED_EDGE('',*,*,#4706,.T.);
#2362=ORIENTED_EDGE('',*,*,#4708,.F.);
#2363=ORIENTED_EDGE('',*,*,#4688,.F.);
#2364=ORIENTED_EDGE('',*,*,#4708,.T.);
#2365=ORIENTED_EDGE('',*,*,#4707,.T.);
#2366=ORIENTED_EDGE('',*,*,#4705,.T.);
#2367=ORIENTED_EDGE('',*,*,#4703,.T.);
#2368=ORIENTED_EDGE('',*,*,#4701,.T.);
#2369=ORIENTED_EDGE('',*,*,#4699,.T.);
#2370=ORIENTED_EDGE('',*,*,#4687,.F.);
#2371=ORIENTED_EDGE('',*,*,#4709,.T.);
#2372=ORIENTED_EDGE('',*,*,#4710,.T.);
#2373=ORIENTED_EDGE('',*,*,#4711,.F.);
#2374=ORIENTED_EDGE('',*,*,#4712,.F.);
#2375=ORIENTED_EDGE('',*,*,#4711,.T.);
#2376=ORIENTED_EDGE('',*,*,#4712,.T.);
#2377=ORIENTED_EDGE('',*,*,#4713,.F.);
#2378=ORIENTED_EDGE('',*,*,#4714,.F.);
#2379=ORIENTED_EDGE('',*,*,#4715,.F.);
#2380=ORIENTED_EDGE('',*,*,#4716,.F.);
#2381=ORIENTED_EDGE('',*,*,#4717,.F.);
#2382=ORIENTED_EDGE('',*,*,#4718,.F.);
#2383=ORIENTED_EDGE('',*,*,#4719,.F.);
#2384=ORIENTED_EDGE('',*,*,#4713,.T.);
#2385=ORIENTED_EDGE('',*,*,#4720,.T.);
#2386=ORIENTED_EDGE('',*,*,#4721,.F.);
#2387=ORIENTED_EDGE('',*,*,#4722,.F.);
#2388=ORIENTED_EDGE('',*,*,#4714,.T.);
#2389=ORIENTED_EDGE('',*,*,#4719,.T.);
#2390=ORIENTED_EDGE('',*,*,#4723,.F.);
#2391=ORIENTED_EDGE('',*,*,#4724,.F.);
#2392=ORIENTED_EDGE('',*,*,#4715,.T.);
#2393=ORIENTED_EDGE('',*,*,#4722,.T.);
#2394=ORIENTED_EDGE('',*,*,#4725,.F.);
#2395=ORIENTED_EDGE('',*,*,#4726,.F.);
#2396=ORIENTED_EDGE('',*,*,#4716,.T.);
#2397=ORIENTED_EDGE('',*,*,#4724,.T.);
#2398=ORIENTED_EDGE('',*,*,#4727,.F.);
#2399=ORIENTED_EDGE('',*,*,#4728,.F.);
#2400=ORIENTED_EDGE('',*,*,#4717,.T.);
#2401=ORIENTED_EDGE('',*,*,#4726,.T.);
#2402=ORIENTED_EDGE('',*,*,#4729,.F.);
#2403=ORIENTED_EDGE('',*,*,#4720,.F.);
#2404=ORIENTED_EDGE('',*,*,#4718,.T.);
#2405=ORIENTED_EDGE('',*,*,#4728,.T.);
#2406=ORIENTED_EDGE('',*,*,#4730,.F.);
#2407=ORIENTED_EDGE('',*,*,#4710,.F.);
#2408=ORIENTED_EDGE('',*,*,#4730,.T.);
#2409=ORIENTED_EDGE('',*,*,#4729,.T.);
#2410=ORIENTED_EDGE('',*,*,#4727,.T.);
#2411=ORIENTED_EDGE('',*,*,#4725,.T.);
#2412=ORIENTED_EDGE('',*,*,#4723,.T.);
#2413=ORIENTED_EDGE('',*,*,#4721,.T.);
#2414=ORIENTED_EDGE('',*,*,#4709,.F.);
#2415=ORIENTED_EDGE('',*,*,#4731,.T.);
#2416=ORIENTED_EDGE('',*,*,#4732,.T.);
#2417=ORIENTED_EDGE('',*,*,#4733,.F.);
#2418=ORIENTED_EDGE('',*,*,#4734,.F.);
#2419=ORIENTED_EDGE('',*,*,#4733,.T.);
#2420=ORIENTED_EDGE('',*,*,#4734,.T.);
#2421=ORIENTED_EDGE('',*,*,#4735,.F.);
#2422=ORIENTED_EDGE('',*,*,#4736,.F.);
#2423=ORIENTED_EDGE('',*,*,#4737,.F.);
#2424=ORIENTED_EDGE('',*,*,#4738,.F.);
#2425=ORIENTED_EDGE('',*,*,#4739,.F.);
#2426=ORIENTED_EDGE('',*,*,#4740,.F.);
#2427=ORIENTED_EDGE('',*,*,#4741,.F.);
#2428=ORIENTED_EDGE('',*,*,#4735,.T.);
#2429=ORIENTED_EDGE('',*,*,#4742,.T.);
#2430=ORIENTED_EDGE('',*,*,#4743,.F.);
#2431=ORIENTED_EDGE('',*,*,#4744,.F.);
#2432=ORIENTED_EDGE('',*,*,#4736,.T.);
#2433=ORIENTED_EDGE('',*,*,#4741,.T.);
#2434=ORIENTED_EDGE('',*,*,#4745,.F.);
#2435=ORIENTED_EDGE('',*,*,#4746,.F.);
#2436=ORIENTED_EDGE('',*,*,#4737,.T.);
#2437=ORIENTED_EDGE('',*,*,#4744,.T.);
#2438=ORIENTED_EDGE('',*,*,#4747,.F.);
#2439=ORIENTED_EDGE('',*,*,#4748,.F.);
#2440=ORIENTED_EDGE('',*,*,#4738,.T.);
#2441=ORIENTED_EDGE('',*,*,#4746,.T.);
#2442=ORIENTED_EDGE('',*,*,#4749,.F.);
#2443=ORIENTED_EDGE('',*,*,#4750,.F.);
#2444=ORIENTED_EDGE('',*,*,#4739,.T.);
#2445=ORIENTED_EDGE('',*,*,#4748,.T.);
#2446=ORIENTED_EDGE('',*,*,#4751,.F.);
#2447=ORIENTED_EDGE('',*,*,#4742,.F.);
#2448=ORIENTED_EDGE('',*,*,#4740,.T.);
#2449=ORIENTED_EDGE('',*,*,#4750,.T.);
#2450=ORIENTED_EDGE('',*,*,#4752,.F.);
#2451=ORIENTED_EDGE('',*,*,#4732,.F.);
#2452=ORIENTED_EDGE('',*,*,#4752,.T.);
#2453=ORIENTED_EDGE('',*,*,#4751,.T.);
#2454=ORIENTED_EDGE('',*,*,#4749,.T.);
#2455=ORIENTED_EDGE('',*,*,#4747,.T.);
#2456=ORIENTED_EDGE('',*,*,#4745,.T.);
#2457=ORIENTED_EDGE('',*,*,#4743,.T.);
#2458=ORIENTED_EDGE('',*,*,#4731,.F.);
#2459=ORIENTED_EDGE('',*,*,#4753,.F.);
#2460=ORIENTED_EDGE('',*,*,#4754,.T.);
#2461=ORIENTED_EDGE('',*,*,#4755,.T.);
#2462=ORIENTED_EDGE('',*,*,#4756,.T.);
#2463=ORIENTED_EDGE('',*,*,#4757,.T.);
#2464=ORIENTED_EDGE('',*,*,#4758,.T.);
#2465=ORIENTED_EDGE('',*,*,#4759,.T.);
#2466=ORIENTED_EDGE('',*,*,#4760,.F.);
#2467=ORIENTED_EDGE('',*,*,#4761,.F.);
#2468=ORIENTED_EDGE('',*,*,#4762,.T.);
#2469=ORIENTED_EDGE('',*,*,#4763,.T.);
#2470=ORIENTED_EDGE('',*,*,#4754,.F.);
#2471=ORIENTED_EDGE('',*,*,#4763,.F.);
#2472=ORIENTED_EDGE('',*,*,#4764,.T.);
#2473=ORIENTED_EDGE('',*,*,#4765,.T.);
#2474=ORIENTED_EDGE('',*,*,#4755,.F.);
#2475=ORIENTED_EDGE('',*,*,#4765,.F.);
#2476=ORIENTED_EDGE('',*,*,#4766,.T.);
#2477=ORIENTED_EDGE('',*,*,#4767,.T.);
#2478=ORIENTED_EDGE('',*,*,#4756,.F.);
#2479=ORIENTED_EDGE('',*,*,#4767,.F.);
#2480=ORIENTED_EDGE('',*,*,#4768,.T.);
#2481=ORIENTED_EDGE('',*,*,#4769,.T.);
#2482=ORIENTED_EDGE('',*,*,#4757,.F.);
#2483=ORIENTED_EDGE('',*,*,#4769,.F.);
#2484=ORIENTED_EDGE('',*,*,#4770,.T.);
#2485=ORIENTED_EDGE('',*,*,#4771,.T.);
#2486=ORIENTED_EDGE('',*,*,#4758,.F.);
#2487=ORIENTED_EDGE('',*,*,#4771,.F.);
#2488=ORIENTED_EDGE('',*,*,#4772,.T.);
#2489=ORIENTED_EDGE('',*,*,#4761,.T.);
#2490=ORIENTED_EDGE('',*,*,#4759,.F.);
#2491=ORIENTED_EDGE('',*,*,#4772,.F.);
#2492=ORIENTED_EDGE('',*,*,#4770,.F.);
#2493=ORIENTED_EDGE('',*,*,#4768,.F.);
#2494=ORIENTED_EDGE('',*,*,#4766,.F.);
#2495=ORIENTED_EDGE('',*,*,#4764,.F.);
#2496=ORIENTED_EDGE('',*,*,#4762,.F.);
#2497=ORIENTED_EDGE('',*,*,#4773,.F.);
#2498=ORIENTED_EDGE('',*,*,#4774,.T.);
#2499=ORIENTED_EDGE('',*,*,#4774,.F.);
#2500=ORIENTED_EDGE('',*,*,#4773,.T.);
#2501=ORIENTED_EDGE('',*,*,#4760,.T.);
#2502=ORIENTED_EDGE('',*,*,#4753,.T.);
#2503=ORIENTED_EDGE('',*,*,#4775,.T.);
#2504=ORIENTED_EDGE('',*,*,#4776,.F.);
#2505=ORIENTED_EDGE('',*,*,#4777,.T.);
#2506=ORIENTED_EDGE('',*,*,#4778,.F.);
#2507=ORIENTED_EDGE('',*,*,#4779,.T.);
#2508=ORIENTED_EDGE('',*,*,#4780,.F.);
#2509=ORIENTED_EDGE('',*,*,#4781,.T.);
#2510=ORIENTED_EDGE('',*,*,#4782,.F.);
#2511=ORIENTED_EDGE('',*,*,#4783,.T.);
#2512=ORIENTED_EDGE('',*,*,#4784,.F.);
#2513=ORIENTED_EDGE('',*,*,#4785,.T.);
#2514=ORIENTED_EDGE('',*,*,#4786,.T.);
#2515=ORIENTED_EDGE('',*,*,#4787,.T.);
#2516=ORIENTED_EDGE('',*,*,#4788,.F.);
#2517=ORIENTED_EDGE('',*,*,#4789,.T.);
#2518=ORIENTED_EDGE('',*,*,#4790,.F.);
#2519=ORIENTED_EDGE('',*,*,#4791,.F.);
#2520=ORIENTED_EDGE('',*,*,#4792,.F.);
#2521=ORIENTED_EDGE('',*,*,#4790,.T.);
#2522=ORIENTED_EDGE('',*,*,#4793,.F.);
#2523=ORIENTED_EDGE('',*,*,#4794,.F.);
#2524=ORIENTED_EDGE('',*,*,#4795,.F.);
#2525=ORIENTED_EDGE('',*,*,#4791,.T.);
#2526=ORIENTED_EDGE('',*,*,#4796,.T.);
#2527=ORIENTED_EDGE('',*,*,#4797,.F.);
#2528=ORIENTED_EDGE('',*,*,#4798,.T.);
#2529=ORIENTED_EDGE('',*,*,#4784,.T.);
#2530=ORIENTED_EDGE('',*,*,#4799,.F.);
#2531=ORIENTED_EDGE('',*,*,#4800,.T.);
#2532=ORIENTED_EDGE('',*,*,#4801,.F.);
#2533=ORIENTED_EDGE('',*,*,#4794,.T.);
#2534=ORIENTED_EDGE('',*,*,#4802,.F.);
#2535=ORIENTED_EDGE('',*,*,#4803,.T.);
#2536=ORIENTED_EDGE('',*,*,#4800,.F.);
#2537=ORIENTED_EDGE('',*,*,#4804,.T.);
#2538=ORIENTED_EDGE('',*,*,#4797,.T.);
#2539=ORIENTED_EDGE('',*,*,#4805,.F.);
#2540=ORIENTED_EDGE('',*,*,#4806,.T.);
#2541=ORIENTED_EDGE('',*,*,#4788,.T.);
#2542=ORIENTED_EDGE('',*,*,#4807,.F.);
#2543=ORIENTED_EDGE('',*,*,#4808,.T.);
#2544=ORIENTED_EDGE('',*,*,#4809,.F.);
#2545=ORIENTED_EDGE('',*,*,#4810,.T.);
#2546=ORIENTED_EDGE('',*,*,#4805,.T.);
#2547=ORIENTED_EDGE('',*,*,#4811,.T.);
#2548=ORIENTED_EDGE('',*,*,#4812,.F.);
#2549=ORIENTED_EDGE('',*,*,#4813,.T.);
#2550=ORIENTED_EDGE('',*,*,#4814,.F.);
#2551=ORIENTED_EDGE('',*,*,#4815,.F.);
#2552=ORIENTED_EDGE('',*,*,#4816,.F.);
#2553=ORIENTED_EDGE('',*,*,#4814,.T.);
#2554=ORIENTED_EDGE('',*,*,#4817,.F.);
#2555=ORIENTED_EDGE('',*,*,#4818,.F.);
#2556=ORIENTED_EDGE('',*,*,#4815,.T.);
#2557=ORIENTED_EDGE('',*,*,#4819,.T.);
#2558=ORIENTED_EDGE('',*,*,#4820,.F.);
#2559=ORIENTED_EDGE('',*,*,#4821,.T.);
#2560=ORIENTED_EDGE('',*,*,#4809,.T.);
#2561=ORIENTED_EDGE('',*,*,#4822,.F.);
#2562=ORIENTED_EDGE('',*,*,#4823,.F.);
#2563=ORIENTED_EDGE('',*,*,#4824,.T.);
#2564=ORIENTED_EDGE('',*,*,#4825,.F.);
#2565=ORIENTED_EDGE('',*,*,#4820,.T.);
#2566=ORIENTED_EDGE('',*,*,#4826,.F.);
#2567=ORIENTED_EDGE('',*,*,#4827,.T.);
#2568=ORIENTED_EDGE('',*,*,#4824,.F.);
#2569=ORIENTED_EDGE('',*,*,#4828,.T.);
#2570=ORIENTED_EDGE('',*,*,#4823,.T.);
#2571=ORIENTED_EDGE('',*,*,#4829,.T.);
#2572=ORIENTED_EDGE('',*,*,#4812,.T.);
#2573=ORIENTED_EDGE('',*,*,#4830,.F.);
#2574=ORIENTED_EDGE('',*,*,#4831,.F.);
#2575=ORIENTED_EDGE('',*,*,#4832,.T.);
#2576=ORIENTED_EDGE('',*,*,#4833,.F.);
#2577=ORIENTED_EDGE('',*,*,#4834,.T.);
#2578=ORIENTED_EDGE('',*,*,#4831,.T.);
#2579=ORIENTED_EDGE('',*,*,#4835,.T.);
#2580=ORIENTED_EDGE('',*,*,#4836,.F.);
#2581=ORIENTED_EDGE('',*,*,#4837,.T.);
#2582=ORIENTED_EDGE('',*,*,#4838,.F.);
#2583=ORIENTED_EDGE('',*,*,#4839,.F.);
#2584=ORIENTED_EDGE('',*,*,#4840,.F.);
#2585=ORIENTED_EDGE('',*,*,#4838,.T.);
#2586=ORIENTED_EDGE('',*,*,#4841,.F.);
#2587=ORIENTED_EDGE('',*,*,#4842,.F.);
#2588=ORIENTED_EDGE('',*,*,#4843,.T.);
#2589=ORIENTED_EDGE('',*,*,#4833,.T.);
#2590=ORIENTED_EDGE('',*,*,#4844,.F.);
#2591=ORIENTED_EDGE('',*,*,#4845,.F.);
#2592=ORIENTED_EDGE('',*,*,#4839,.T.);
#2593=ORIENTED_EDGE('',*,*,#4846,.T.);
#2594=ORIENTED_EDGE('',*,*,#4847,.F.);
#2595=ORIENTED_EDGE('',*,*,#4848,.T.);
#2596=ORIENTED_EDGE('',*,*,#4842,.T.);
#2597=ORIENTED_EDGE('',*,*,#4849,.T.);
#2598=ORIENTED_EDGE('',*,*,#4850,.T.);
#2599=ORIENTED_EDGE('',*,*,#4850,.F.);
#2600=ORIENTED_EDGE('',*,*,#4851,.F.);
#2601=ORIENTED_EDGE('',*,*,#4847,.T.);
#2602=ORIENTED_EDGE('',*,*,#4852,.F.);
#2603=ORIENTED_EDGE('',*,*,#4853,.F.);
#2604=ORIENTED_EDGE('',*,*,#4854,.T.);
#2605=ORIENTED_EDGE('',*,*,#4836,.T.);
#2606=ORIENTED_EDGE('',*,*,#4855,.F.);
#2607=ORIENTED_EDGE('',*,*,#4856,.T.);
#2608=ORIENTED_EDGE('',*,*,#4857,.F.);
#2609=ORIENTED_EDGE('',*,*,#4858,.T.);
#2610=ORIENTED_EDGE('',*,*,#4853,.T.);
#2611=ORIENTED_EDGE('',*,*,#4859,.T.);
#2612=ORIENTED_EDGE('',*,*,#4860,.F.);
#2613=ORIENTED_EDGE('',*,*,#4786,.F.);
#2614=ORIENTED_EDGE('',*,*,#4861,.T.);
#2615=ORIENTED_EDGE('',*,*,#4862,.F.);
#2616=ORIENTED_EDGE('',*,*,#4863,.T.);
#2617=ORIENTED_EDGE('',*,*,#4857,.T.);
#2618=ORIENTED_EDGE('',*,*,#4864,.F.);
#2619=ORIENTED_EDGE('',*,*,#4865,.T.);
#2620=ORIENTED_EDGE('',*,*,#4862,.T.);
#2621=ORIENTED_EDGE('',*,*,#4866,.T.);
#2622=ORIENTED_EDGE('',*,*,#4867,.T.);
#2623=ORIENTED_EDGE('',*,*,#4867,.F.);
#2624=ORIENTED_EDGE('',*,*,#4868,.F.);
#2625=ORIENTED_EDGE('',*,*,#4869,.T.);
#2626=ORIENTED_EDGE('',*,*,#4870,.F.);
#2627=ORIENTED_EDGE('',*,*,#4871,.T.);
#2628=ORIENTED_EDGE('',*,*,#4872,.T.);
#2629=ORIENTED_EDGE('',*,*,#4868,.T.);
#2630=ORIENTED_EDGE('',*,*,#4866,.F.);
#2631=ORIENTED_EDGE('',*,*,#4864,.T.);
#2632=ORIENTED_EDGE('',*,*,#4856,.F.);
#2633=ORIENTED_EDGE('',*,*,#4855,.T.);
#2634=ORIENTED_EDGE('',*,*,#4835,.F.);
#2635=ORIENTED_EDGE('',*,*,#4840,.T.);
#2636=ORIENTED_EDGE('',*,*,#4845,.T.);
#2637=ORIENTED_EDGE('',*,*,#4851,.T.);
#2638=ORIENTED_EDGE('',*,*,#4849,.F.);
#2639=ORIENTED_EDGE('',*,*,#4844,.T.);
#2640=ORIENTED_EDGE('',*,*,#4832,.F.);
#2641=ORIENTED_EDGE('',*,*,#4830,.T.);
#2642=ORIENTED_EDGE('',*,*,#4811,.F.);
#2643=ORIENTED_EDGE('',*,*,#4816,.T.);
#2644=ORIENTED_EDGE('',*,*,#4818,.T.);
#2645=ORIENTED_EDGE('',*,*,#4825,.T.);
#2646=ORIENTED_EDGE('',*,*,#4827,.F.);
#2647=ORIENTED_EDGE('',*,*,#4822,.T.);
#2648=ORIENTED_EDGE('',*,*,#4808,.F.);
#2649=ORIENTED_EDGE('',*,*,#4807,.T.);
#2650=ORIENTED_EDGE('',*,*,#4787,.F.);
#2651=ORIENTED_EDGE('',*,*,#4792,.T.);
#2652=ORIENTED_EDGE('',*,*,#4795,.T.);
#2653=ORIENTED_EDGE('',*,*,#4801,.T.);
#2654=ORIENTED_EDGE('',*,*,#4803,.F.);
#2655=ORIENTED_EDGE('',*,*,#4799,.T.);
#2656=ORIENTED_EDGE('',*,*,#4783,.F.);
#2657=ORIENTED_EDGE('',*,*,#4860,.T.);
#2658=ORIENTED_EDGE('',*,*,#4873,.F.);
#2659=ORIENTED_EDGE('',*,*,#4775,.F.);
#2660=ORIENTED_EDGE('',*,*,#4777,.F.);
#2661=ORIENTED_EDGE('',*,*,#4779,.F.);
#2662=ORIENTED_EDGE('',*,*,#4781,.F.);
#2663=ORIENTED_EDGE('',*,*,#4874,.F.);
#2664=ORIENTED_EDGE('',*,*,#4861,.F.);
#2665=ORIENTED_EDGE('',*,*,#4785,.F.);
#2666=ORIENTED_EDGE('',*,*,#4798,.F.);
#2667=ORIENTED_EDGE('',*,*,#4804,.F.);
#2668=ORIENTED_EDGE('',*,*,#4802,.T.);
#2669=ORIENTED_EDGE('',*,*,#4796,.F.);
#2670=ORIENTED_EDGE('',*,*,#4793,.T.);
#2671=ORIENTED_EDGE('',*,*,#4789,.F.);
#2672=ORIENTED_EDGE('',*,*,#4806,.F.);
#2673=ORIENTED_EDGE('',*,*,#4810,.F.);
#2674=ORIENTED_EDGE('',*,*,#4821,.F.);
#2675=ORIENTED_EDGE('',*,*,#4828,.F.);
#2676=ORIENTED_EDGE('',*,*,#4826,.T.);
#2677=ORIENTED_EDGE('',*,*,#4819,.F.);
#2678=ORIENTED_EDGE('',*,*,#4817,.T.);
#2679=ORIENTED_EDGE('',*,*,#4813,.F.);
#2680=ORIENTED_EDGE('',*,*,#4829,.F.);
#2681=ORIENTED_EDGE('',*,*,#4834,.F.);
#2682=ORIENTED_EDGE('',*,*,#4843,.F.);
#2683=ORIENTED_EDGE('',*,*,#4848,.F.);
#2684=ORIENTED_EDGE('',*,*,#4852,.T.);
#2685=ORIENTED_EDGE('',*,*,#4846,.F.);
#2686=ORIENTED_EDGE('',*,*,#4841,.T.);
#2687=ORIENTED_EDGE('',*,*,#4837,.F.);
#2688=ORIENTED_EDGE('',*,*,#4854,.F.);
#2689=ORIENTED_EDGE('',*,*,#4858,.F.);
#2690=ORIENTED_EDGE('',*,*,#4863,.F.);
#2691=ORIENTED_EDGE('',*,*,#4865,.F.);
#2692=ORIENTED_EDGE('',*,*,#4870,.T.);
#2693=ORIENTED_EDGE('',*,*,#4875,.F.);
#2694=ORIENTED_EDGE('',*,*,#4876,.T.);
#2695=ORIENTED_EDGE('',*,*,#4776,.T.);
#2696=ORIENTED_EDGE('',*,*,#4778,.T.);
#2697=ORIENTED_EDGE('',*,*,#4780,.T.);
#2698=ORIENTED_EDGE('',*,*,#4782,.T.);
#2699=ORIENTED_EDGE('',*,*,#4873,.T.);
#2700=ORIENTED_EDGE('',*,*,#4859,.F.);
#2701=ORIENTED_EDGE('',*,*,#4874,.T.);
#2702=ORIENTED_EDGE('',*,*,#4877,.F.);
#2703=ORIENTED_EDGE('',*,*,#4878,.T.);
#2704=ORIENTED_EDGE('',*,*,#4875,.T.);
#2705=ORIENTED_EDGE('',*,*,#4869,.F.);
#2706=ORIENTED_EDGE('',*,*,#4872,.F.);
#2707=ORIENTED_EDGE('',*,*,#4878,.F.);
#2708=ORIENTED_EDGE('',*,*,#4871,.F.);
#2709=ORIENTED_EDGE('',*,*,#4877,.T.);
#2710=ORIENTED_EDGE('',*,*,#4876,.F.);
#2711=ORIENTED_EDGE('',*,*,#4879,.F.);
#2712=ORIENTED_EDGE('',*,*,#4880,.T.);
#2713=ORIENTED_EDGE('',*,*,#4881,.T.);
#2714=ORIENTED_EDGE('',*,*,#4882,.F.);
#2715=ORIENTED_EDGE('',*,*,#4881,.F.);
#2716=ORIENTED_EDGE('',*,*,#4883,.T.);
#2717=ORIENTED_EDGE('',*,*,#4884,.T.);
#2718=ORIENTED_EDGE('',*,*,#4885,.F.);
#2719=ORIENTED_EDGE('',*,*,#4884,.F.);
#2720=ORIENTED_EDGE('',*,*,#4886,.T.);
#2721=ORIENTED_EDGE('',*,*,#4887,.T.);
#2722=ORIENTED_EDGE('',*,*,#4888,.F.);
#2723=ORIENTED_EDGE('',*,*,#4887,.F.);
#2724=ORIENTED_EDGE('',*,*,#4889,.T.);
#2725=ORIENTED_EDGE('',*,*,#4879,.T.);
#2726=ORIENTED_EDGE('',*,*,#4890,.F.);
#2727=ORIENTED_EDGE('',*,*,#4889,.F.);
#2728=ORIENTED_EDGE('',*,*,#4886,.F.);
#2729=ORIENTED_EDGE('',*,*,#4883,.F.);
#2730=ORIENTED_EDGE('',*,*,#4880,.F.);
#2731=ORIENTED_EDGE('',*,*,#4882,.T.);
#2732=ORIENTED_EDGE('',*,*,#4885,.T.);
#2733=ORIENTED_EDGE('',*,*,#4888,.T.);
#2734=ORIENTED_EDGE('',*,*,#4890,.T.);
#2735=ORIENTED_EDGE('',*,*,#4891,.F.);
#2736=ORIENTED_EDGE('',*,*,#4892,.T.);
#2737=ORIENTED_EDGE('',*,*,#4893,.T.);
#2738=ORIENTED_EDGE('',*,*,#4894,.F.);
#2739=ORIENTED_EDGE('',*,*,#4893,.F.);
#2740=ORIENTED_EDGE('',*,*,#4895,.T.);
#2741=ORIENTED_EDGE('',*,*,#4896,.T.);
#2742=ORIENTED_EDGE('',*,*,#4897,.F.);
#2743=ORIENTED_EDGE('',*,*,#4896,.F.);
#2744=ORIENTED_EDGE('',*,*,#4898,.T.);
#2745=ORIENTED_EDGE('',*,*,#4899,.T.);
#2746=ORIENTED_EDGE('',*,*,#4900,.F.);
#2747=ORIENTED_EDGE('',*,*,#4899,.F.);
#2748=ORIENTED_EDGE('',*,*,#4901,.T.);
#2749=ORIENTED_EDGE('',*,*,#4891,.T.);
#2750=ORIENTED_EDGE('',*,*,#4902,.F.);
#2751=ORIENTED_EDGE('',*,*,#4901,.F.);
#2752=ORIENTED_EDGE('',*,*,#4898,.F.);
#2753=ORIENTED_EDGE('',*,*,#4895,.F.);
#2754=ORIENTED_EDGE('',*,*,#4892,.F.);
#2755=ORIENTED_EDGE('',*,*,#4894,.T.);
#2756=ORIENTED_EDGE('',*,*,#4897,.T.);
#2757=ORIENTED_EDGE('',*,*,#4900,.T.);
#2758=ORIENTED_EDGE('',*,*,#4902,.T.);
#2759=ORIENTED_EDGE('',*,*,#4903,.F.);
#2760=ORIENTED_EDGE('',*,*,#4904,.T.);
#2761=ORIENTED_EDGE('',*,*,#4905,.T.);
#2762=ORIENTED_EDGE('',*,*,#4906,.T.);
#2763=ORIENTED_EDGE('',*,*,#4907,.T.);
#2764=ORIENTED_EDGE('',*,*,#4908,.T.);
#2765=ORIENTED_EDGE('',*,*,#4909,.T.);
#2766=ORIENTED_EDGE('',*,*,#4910,.F.);
#2767=ORIENTED_EDGE('',*,*,#4911,.F.);
#2768=ORIENTED_EDGE('',*,*,#4912,.T.);
#2769=ORIENTED_EDGE('',*,*,#4913,.T.);
#2770=ORIENTED_EDGE('',*,*,#4904,.F.);
#2771=ORIENTED_EDGE('',*,*,#4913,.F.);
#2772=ORIENTED_EDGE('',*,*,#4914,.T.);
#2773=ORIENTED_EDGE('',*,*,#4915,.T.);
#2774=ORIENTED_EDGE('',*,*,#4905,.F.);
#2775=ORIENTED_EDGE('',*,*,#4915,.F.);
#2776=ORIENTED_EDGE('',*,*,#4916,.T.);
#2777=ORIENTED_EDGE('',*,*,#4917,.T.);
#2778=ORIENTED_EDGE('',*,*,#4906,.F.);
#2779=ORIENTED_EDGE('',*,*,#4917,.F.);
#2780=ORIENTED_EDGE('',*,*,#4918,.T.);
#2781=ORIENTED_EDGE('',*,*,#4919,.T.);
#2782=ORIENTED_EDGE('',*,*,#4907,.F.);
#2783=ORIENTED_EDGE('',*,*,#4919,.F.);
#2784=ORIENTED_EDGE('',*,*,#4920,.T.);
#2785=ORIENTED_EDGE('',*,*,#4921,.T.);
#2786=ORIENTED_EDGE('',*,*,#4908,.F.);
#2787=ORIENTED_EDGE('',*,*,#4921,.F.);
#2788=ORIENTED_EDGE('',*,*,#4922,.T.);
#2789=ORIENTED_EDGE('',*,*,#4911,.T.);
#2790=ORIENTED_EDGE('',*,*,#4909,.F.);
#2791=ORIENTED_EDGE('',*,*,#4922,.F.);
#2792=ORIENTED_EDGE('',*,*,#4920,.F.);
#2793=ORIENTED_EDGE('',*,*,#4918,.F.);
#2794=ORIENTED_EDGE('',*,*,#4916,.F.);
#2795=ORIENTED_EDGE('',*,*,#4914,.F.);
#2796=ORIENTED_EDGE('',*,*,#4912,.F.);
#2797=ORIENTED_EDGE('',*,*,#4923,.F.);
#2798=ORIENTED_EDGE('',*,*,#4924,.T.);
#2799=ORIENTED_EDGE('',*,*,#4924,.F.);
#2800=ORIENTED_EDGE('',*,*,#4923,.T.);
#2801=ORIENTED_EDGE('',*,*,#4910,.T.);
#2802=ORIENTED_EDGE('',*,*,#4903,.T.);
#2803=ORIENTED_EDGE('',*,*,#4925,.F.);
#2804=ORIENTED_EDGE('',*,*,#4926,.T.);
#2805=ORIENTED_EDGE('',*,*,#4927,.F.);
#2806=ORIENTED_EDGE('',*,*,#4928,.T.);
#2807=ORIENTED_EDGE('',*,*,#4929,.T.);
#2808=ORIENTED_EDGE('',*,*,#4930,.F.);
#2809=ORIENTED_EDGE('',*,*,#4931,.F.);
#2810=ORIENTED_EDGE('',*,*,#4932,.T.);
#2811=ORIENTED_EDGE('',*,*,#4933,.T.);
#2812=ORIENTED_EDGE('',*,*,#4934,.F.);
#2813=ORIENTED_EDGE('',*,*,#4935,.F.);
#2814=ORIENTED_EDGE('',*,*,#4936,.T.);
#2815=ORIENTED_EDGE('',*,*,#4937,.T.);
#2816=ORIENTED_EDGE('',*,*,#4934,.T.);
#2817=ORIENTED_EDGE('',*,*,#4938,.F.);
#2818=ORIENTED_EDGE('',*,*,#4936,.F.);
#2819=ORIENTED_EDGE('',*,*,#4939,.T.);
#2820=ORIENTED_EDGE('',*,*,#4940,.F.);
#2821=ORIENTED_EDGE('',*,*,#4941,.T.);
#2822=ORIENTED_EDGE('',*,*,#4942,.F.);
#2823=ORIENTED_EDGE('',*,*,#4943,.F.);
#2824=ORIENTED_EDGE('',*,*,#4940,.T.);
#2825=ORIENTED_EDGE('',*,*,#4944,.F.);
#2826=ORIENTED_EDGE('',*,*,#4942,.T.);
#2827=ORIENTED_EDGE('',*,*,#4945,.T.);
#2828=ORIENTED_EDGE('',*,*,#4946,.F.);
#2829=ORIENTED_EDGE('',*,*,#4947,.T.);
#2830=ORIENTED_EDGE('',*,*,#4948,.T.);
#2831=ORIENTED_EDGE('',*,*,#4949,.F.);
#2832=ORIENTED_EDGE('',*,*,#4946,.T.);
#2833=ORIENTED_EDGE('',*,*,#4950,.F.);
#2834=ORIENTED_EDGE('',*,*,#4948,.F.);
#2835=ORIENTED_EDGE('',*,*,#4951,.T.);
#2836=ORIENTED_EDGE('',*,*,#4952,.F.);
#2837=ORIENTED_EDGE('',*,*,#4953,.T.);
#2838=ORIENTED_EDGE('',*,*,#4952,.T.);
#2839=ORIENTED_EDGE('',*,*,#4954,.F.);
#2840=ORIENTED_EDGE('',*,*,#4932,.F.);
#2841=ORIENTED_EDGE('',*,*,#4955,.T.);
#2842=ORIENTED_EDGE('',*,*,#4925,.T.);
#2843=ORIENTED_EDGE('',*,*,#4956,.T.);
#2844=ORIENTED_EDGE('',*,*,#4927,.T.);
#2845=ORIENTED_EDGE('',*,*,#4957,.T.);
#2846=ORIENTED_EDGE('',*,*,#4929,.F.);
#2847=ORIENTED_EDGE('',*,*,#4958,.F.);
#2848=ORIENTED_EDGE('',*,*,#4959,.F.);
#2849=ORIENTED_EDGE('',*,*,#4960,.T.);
#2850=ORIENTED_EDGE('',*,*,#4961,.T.);
#2851=ORIENTED_EDGE('',*,*,#4962,.T.);
#2852=ORIENTED_EDGE('',*,*,#4963,.F.);
#2853=ORIENTED_EDGE('',*,*,#4964,.F.);
#2854=ORIENTED_EDGE('',*,*,#4965,.T.);
#2855=ORIENTED_EDGE('',*,*,#4949,.T.);
#2856=ORIENTED_EDGE('',*,*,#4950,.T.);
#2857=ORIENTED_EDGE('',*,*,#4953,.F.);
#2858=ORIENTED_EDGE('',*,*,#4931,.T.);
#2859=ORIENTED_EDGE('',*,*,#4937,.F.);
#2860=ORIENTED_EDGE('',*,*,#4938,.T.);
#2861=ORIENTED_EDGE('',*,*,#4943,.T.);
#2862=ORIENTED_EDGE('',*,*,#4944,.T.);
#2863=ORIENTED_EDGE('',*,*,#4926,.F.);
#2864=ORIENTED_EDGE('',*,*,#4966,.T.);
#2865=ORIENTED_EDGE('',*,*,#4928,.F.);
#2866=ORIENTED_EDGE('',*,*,#4930,.T.);
#2867=ORIENTED_EDGE('',*,*,#4954,.T.);
#2868=ORIENTED_EDGE('',*,*,#4951,.F.);
#2869=ORIENTED_EDGE('',*,*,#4947,.F.);
#2870=ORIENTED_EDGE('',*,*,#4945,.F.);
#2871=ORIENTED_EDGE('',*,*,#4941,.F.);
#2872=ORIENTED_EDGE('',*,*,#4939,.F.);
#2873=ORIENTED_EDGE('',*,*,#4935,.T.);
#2874=ORIENTED_EDGE('',*,*,#4933,.F.);
#2875=ORIENTED_EDGE('',*,*,#4967,.F.);
#2876=ORIENTED_EDGE('',*,*,#4955,.F.);
#2877=ORIENTED_EDGE('',*,*,#4968,.F.);
#2878=ORIENTED_EDGE('',*,*,#4956,.F.);
#2879=ORIENTED_EDGE('',*,*,#4969,.T.);
#2880=ORIENTED_EDGE('',*,*,#4957,.F.);
#2881=ORIENTED_EDGE('',*,*,#4970,.F.);
#2882=ORIENTED_EDGE('',*,*,#4971,.T.);
#2883=ORIENTED_EDGE('',*,*,#4965,.F.);
#2884=ORIENTED_EDGE('',*,*,#4972,.F.);
#2885=ORIENTED_EDGE('',*,*,#4958,.T.);
#2886=ORIENTED_EDGE('',*,*,#4971,.F.);
#2887=ORIENTED_EDGE('',*,*,#4973,.F.);
#2888=ORIENTED_EDGE('',*,*,#4974,.F.);
#2889=ORIENTED_EDGE('',*,*,#4975,.F.);
#2890=ORIENTED_EDGE('',*,*,#4976,.T.);
#2891=ORIENTED_EDGE('',*,*,#4959,.T.);
#2892=ORIENTED_EDGE('',*,*,#4974,.T.);
#2893=ORIENTED_EDGE('',*,*,#4960,.F.);
#2894=ORIENTED_EDGE('',*,*,#4976,.F.);
#2895=ORIENTED_EDGE('',*,*,#4977,.T.);
#2896=ORIENTED_EDGE('',*,*,#4978,.T.);
#2897=ORIENTED_EDGE('',*,*,#4979,.F.);
#2898=ORIENTED_EDGE('',*,*,#4980,.T.);
#2899=ORIENTED_EDGE('',*,*,#4961,.F.);
#2900=ORIENTED_EDGE('',*,*,#4978,.F.);
#2901=ORIENTED_EDGE('',*,*,#4981,.T.);
#2902=ORIENTED_EDGE('',*,*,#4982,.F.);
#2903=ORIENTED_EDGE('',*,*,#4962,.F.);
#2904=ORIENTED_EDGE('',*,*,#4980,.F.);
#2905=ORIENTED_EDGE('',*,*,#4983,.F.);
#2906=ORIENTED_EDGE('',*,*,#4984,.T.);
#2907=ORIENTED_EDGE('',*,*,#4963,.T.);
#2908=ORIENTED_EDGE('',*,*,#4982,.T.);
#2909=ORIENTED_EDGE('',*,*,#4964,.T.);
#2910=ORIENTED_EDGE('',*,*,#4984,.F.);
#2911=ORIENTED_EDGE('',*,*,#4985,.F.);
#2912=ORIENTED_EDGE('',*,*,#4972,.T.);
#2913=ORIENTED_EDGE('',*,*,#4986,.T.);
#2914=ORIENTED_EDGE('',*,*,#4966,.F.);
#2915=ORIENTED_EDGE('',*,*,#4967,.T.);
#2916=ORIENTED_EDGE('',*,*,#4987,.F.);
#2917=ORIENTED_EDGE('',*,*,#4968,.T.);
#2918=ORIENTED_EDGE('',*,*,#4969,.F.);
#2919=ORIENTED_EDGE('',*,*,#4985,.T.);
#2920=ORIENTED_EDGE('',*,*,#4983,.T.);
#2921=ORIENTED_EDGE('',*,*,#4981,.F.);
#2922=ORIENTED_EDGE('',*,*,#4979,.T.);
#2923=ORIENTED_EDGE('',*,*,#4977,.F.);
#2924=ORIENTED_EDGE('',*,*,#4975,.T.);
#2925=ORIENTED_EDGE('',*,*,#4973,.T.);
#2926=ORIENTED_EDGE('',*,*,#4970,.T.);
#2927=ORIENTED_EDGE('',*,*,#4988,.T.);
#2928=ORIENTED_EDGE('',*,*,#4986,.F.);
#2929=ORIENTED_EDGE('',*,*,#4987,.T.);
#2930=ORIENTED_EDGE('',*,*,#4988,.F.);
#2931=ORIENTED_EDGE('',*,*,#4989,.F.);
#2932=ORIENTED_EDGE('',*,*,#4990,.T.);
#2933=ORIENTED_EDGE('',*,*,#4991,.T.);
#2934=ORIENTED_EDGE('',*,*,#4992,.T.);
#2935=ORIENTED_EDGE('',*,*,#4993,.T.);
#2936=ORIENTED_EDGE('',*,*,#4994,.T.);
#2937=ORIENTED_EDGE('',*,*,#4995,.T.);
#2938=ORIENTED_EDGE('',*,*,#4996,.F.);
#2939=ORIENTED_EDGE('',*,*,#4997,.F.);
#2940=ORIENTED_EDGE('',*,*,#4998,.T.);
#2941=ORIENTED_EDGE('',*,*,#4999,.T.);
#2942=ORIENTED_EDGE('',*,*,#4990,.F.);
#2943=ORIENTED_EDGE('',*,*,#4999,.F.);
#2944=ORIENTED_EDGE('',*,*,#5000,.T.);
#2945=ORIENTED_EDGE('',*,*,#5001,.T.);
#2946=ORIENTED_EDGE('',*,*,#4991,.F.);
#2947=ORIENTED_EDGE('',*,*,#5001,.F.);
#2948=ORIENTED_EDGE('',*,*,#5002,.T.);
#2949=ORIENTED_EDGE('',*,*,#5003,.T.);
#2950=ORIENTED_EDGE('',*,*,#4992,.F.);
#2951=ORIENTED_EDGE('',*,*,#5003,.F.);
#2952=ORIENTED_EDGE('',*,*,#5004,.T.);
#2953=ORIENTED_EDGE('',*,*,#5005,.T.);
#2954=ORIENTED_EDGE('',*,*,#4993,.F.);
#2955=ORIENTED_EDGE('',*,*,#5005,.F.);
#2956=ORIENTED_EDGE('',*,*,#5006,.T.);
#2957=ORIENTED_EDGE('',*,*,#5007,.T.);
#2958=ORIENTED_EDGE('',*,*,#4994,.F.);
#2959=ORIENTED_EDGE('',*,*,#5007,.F.);
#2960=ORIENTED_EDGE('',*,*,#5008,.T.);
#2961=ORIENTED_EDGE('',*,*,#4997,.T.);
#2962=ORIENTED_EDGE('',*,*,#4995,.F.);
#2963=ORIENTED_EDGE('',*,*,#5008,.F.);
#2964=ORIENTED_EDGE('',*,*,#5006,.F.);
#2965=ORIENTED_EDGE('',*,*,#5004,.F.);
#2966=ORIENTED_EDGE('',*,*,#5002,.F.);
#2967=ORIENTED_EDGE('',*,*,#5000,.F.);
#2968=ORIENTED_EDGE('',*,*,#4998,.F.);
#2969=ORIENTED_EDGE('',*,*,#5009,.F.);
#2970=ORIENTED_EDGE('',*,*,#5010,.T.);
#2971=ORIENTED_EDGE('',*,*,#5010,.F.);
#2972=ORIENTED_EDGE('',*,*,#5009,.T.);
#2973=ORIENTED_EDGE('',*,*,#4996,.T.);
#2974=ORIENTED_EDGE('',*,*,#4989,.T.);
#2975=ORIENTED_EDGE('',*,*,#5011,.T.);
#2976=ORIENTED_EDGE('',*,*,#5012,.T.);
#2977=ORIENTED_EDGE('',*,*,#5013,.F.);
#2978=ORIENTED_EDGE('',*,*,#5014,.F.);
#2979=ORIENTED_EDGE('',*,*,#5013,.T.);
#2980=ORIENTED_EDGE('',*,*,#5014,.T.);
#2981=ORIENTED_EDGE('',*,*,#5015,.F.);
#2982=ORIENTED_EDGE('',*,*,#5016,.F.);
#2983=ORIENTED_EDGE('',*,*,#5017,.F.);
#2984=ORIENTED_EDGE('',*,*,#5018,.F.);
#2985=ORIENTED_EDGE('',*,*,#5019,.F.);
#2986=ORIENTED_EDGE('',*,*,#5020,.F.);
#2987=ORIENTED_EDGE('',*,*,#5021,.F.);
#2988=ORIENTED_EDGE('',*,*,#5015,.T.);
#2989=ORIENTED_EDGE('',*,*,#5022,.T.);
#2990=ORIENTED_EDGE('',*,*,#5023,.F.);
#2991=ORIENTED_EDGE('',*,*,#5024,.F.);
#2992=ORIENTED_EDGE('',*,*,#5016,.T.);
#2993=ORIENTED_EDGE('',*,*,#5021,.T.);
#2994=ORIENTED_EDGE('',*,*,#5025,.F.);
#2995=ORIENTED_EDGE('',*,*,#5026,.F.);
#2996=ORIENTED_EDGE('',*,*,#5017,.T.);
#2997=ORIENTED_EDGE('',*,*,#5024,.T.);
#2998=ORIENTED_EDGE('',*,*,#5027,.F.);
#2999=ORIENTED_EDGE('',*,*,#5028,.F.);
#3000=ORIENTED_EDGE('',*,*,#5018,.T.);
#3001=ORIENTED_EDGE('',*,*,#5026,.T.);
#3002=ORIENTED_EDGE('',*,*,#5029,.F.);
#3003=ORIENTED_EDGE('',*,*,#5030,.F.);
#3004=ORIENTED_EDGE('',*,*,#5019,.T.);
#3005=ORIENTED_EDGE('',*,*,#5028,.T.);
#3006=ORIENTED_EDGE('',*,*,#5031,.F.);
#3007=ORIENTED_EDGE('',*,*,#5022,.F.);
#3008=ORIENTED_EDGE('',*,*,#5020,.T.);
#3009=ORIENTED_EDGE('',*,*,#5030,.T.);
#3010=ORIENTED_EDGE('',*,*,#5032,.F.);
#3011=ORIENTED_EDGE('',*,*,#5012,.F.);
#3012=ORIENTED_EDGE('',*,*,#5032,.T.);
#3013=ORIENTED_EDGE('',*,*,#5031,.T.);
#3014=ORIENTED_EDGE('',*,*,#5029,.T.);
#3015=ORIENTED_EDGE('',*,*,#5027,.T.);
#3016=ORIENTED_EDGE('',*,*,#5025,.T.);
#3017=ORIENTED_EDGE('',*,*,#5023,.T.);
#3018=ORIENTED_EDGE('',*,*,#5011,.F.);
#3019=ORIENTED_EDGE('',*,*,#5033,.F.);
#3020=ORIENTED_EDGE('',*,*,#5034,.T.);
#3021=ORIENTED_EDGE('',*,*,#5035,.T.);
#3022=ORIENTED_EDGE('',*,*,#5036,.T.);
#3023=ORIENTED_EDGE('',*,*,#5037,.T.);
#3024=ORIENTED_EDGE('',*,*,#5038,.T.);
#3025=ORIENTED_EDGE('',*,*,#5039,.T.);
#3026=ORIENTED_EDGE('',*,*,#5040,.F.);
#3027=ORIENTED_EDGE('',*,*,#5041,.F.);
#3028=ORIENTED_EDGE('',*,*,#5042,.T.);
#3029=ORIENTED_EDGE('',*,*,#5043,.T.);
#3030=ORIENTED_EDGE('',*,*,#5034,.F.);
#3031=ORIENTED_EDGE('',*,*,#5043,.F.);
#3032=ORIENTED_EDGE('',*,*,#5044,.T.);
#3033=ORIENTED_EDGE('',*,*,#5045,.T.);
#3034=ORIENTED_EDGE('',*,*,#5035,.F.);
#3035=ORIENTED_EDGE('',*,*,#5045,.F.);
#3036=ORIENTED_EDGE('',*,*,#5046,.T.);
#3037=ORIENTED_EDGE('',*,*,#5047,.T.);
#3038=ORIENTED_EDGE('',*,*,#5036,.F.);
#3039=ORIENTED_EDGE('',*,*,#5047,.F.);
#3040=ORIENTED_EDGE('',*,*,#5048,.T.);
#3041=ORIENTED_EDGE('',*,*,#5049,.T.);
#3042=ORIENTED_EDGE('',*,*,#5037,.F.);
#3043=ORIENTED_EDGE('',*,*,#5049,.F.);
#3044=ORIENTED_EDGE('',*,*,#5050,.T.);
#3045=ORIENTED_EDGE('',*,*,#5051,.T.);
#3046=ORIENTED_EDGE('',*,*,#5038,.F.);
#3047=ORIENTED_EDGE('',*,*,#5051,.F.);
#3048=ORIENTED_EDGE('',*,*,#5052,.T.);
#3049=ORIENTED_EDGE('',*,*,#5041,.T.);
#3050=ORIENTED_EDGE('',*,*,#5039,.F.);
#3051=ORIENTED_EDGE('',*,*,#5052,.F.);
#3052=ORIENTED_EDGE('',*,*,#5050,.F.);
#3053=ORIENTED_EDGE('',*,*,#5048,.F.);
#3054=ORIENTED_EDGE('',*,*,#5046,.F.);
#3055=ORIENTED_EDGE('',*,*,#5044,.F.);
#3056=ORIENTED_EDGE('',*,*,#5042,.F.);
#3057=ORIENTED_EDGE('',*,*,#5053,.F.);
#3058=ORIENTED_EDGE('',*,*,#5054,.T.);
#3059=ORIENTED_EDGE('',*,*,#5054,.F.);
#3060=ORIENTED_EDGE('',*,*,#5053,.T.);
#3061=ORIENTED_EDGE('',*,*,#5040,.T.);
#3062=ORIENTED_EDGE('',*,*,#5033,.T.);
#3063=ORIENTED_EDGE('',*,*,#5055,.F.);
#3064=ORIENTED_EDGE('',*,*,#5056,.T.);
#3065=ORIENTED_EDGE('',*,*,#5057,.T.);
#3066=ORIENTED_EDGE('',*,*,#5058,.F.);
#3067=ORIENTED_EDGE('',*,*,#5057,.F.);
#3068=ORIENTED_EDGE('',*,*,#5059,.T.);
#3069=ORIENTED_EDGE('',*,*,#5060,.T.);
#3070=ORIENTED_EDGE('',*,*,#5061,.F.);
#3071=ORIENTED_EDGE('',*,*,#5060,.F.);
#3072=ORIENTED_EDGE('',*,*,#5062,.T.);
#3073=ORIENTED_EDGE('',*,*,#5063,.T.);
#3074=ORIENTED_EDGE('',*,*,#5064,.F.);
#3075=ORIENTED_EDGE('',*,*,#5063,.F.);
#3076=ORIENTED_EDGE('',*,*,#5065,.T.);
#3077=ORIENTED_EDGE('',*,*,#5055,.T.);
#3078=ORIENTED_EDGE('',*,*,#5066,.F.);
#3079=ORIENTED_EDGE('',*,*,#5065,.F.);
#3080=ORIENTED_EDGE('',*,*,#5062,.F.);
#3081=ORIENTED_EDGE('',*,*,#5059,.F.);
#3082=ORIENTED_EDGE('',*,*,#5056,.F.);
#3083=ORIENTED_EDGE('',*,*,#5058,.T.);
#3084=ORIENTED_EDGE('',*,*,#5061,.T.);
#3085=ORIENTED_EDGE('',*,*,#5064,.T.);
#3086=ORIENTED_EDGE('',*,*,#5066,.T.);
#3087=ORIENTED_EDGE('',*,*,#5067,.F.);
#3088=ORIENTED_EDGE('',*,*,#5068,.T.);
#3089=ORIENTED_EDGE('',*,*,#5069,.T.);
#3090=ORIENTED_EDGE('',*,*,#5070,.F.);
#3091=ORIENTED_EDGE('',*,*,#5068,.F.);
#3092=ORIENTED_EDGE('',*,*,#5071,.T.);
#3093=ORIENTED_EDGE('',*,*,#5072,.T.);
#3094=ORIENTED_EDGE('',*,*,#5073,.F.);
#3095=ORIENTED_EDGE('',*,*,#5069,.F.);
#3096=ORIENTED_EDGE('',*,*,#5073,.T.);
#3097=ORIENTED_EDGE('',*,*,#5074,.T.);
#3098=ORIENTED_EDGE('',*,*,#5075,.T.);
#3099=ORIENTED_EDGE('',*,*,#5072,.F.);
#3100=ORIENTED_EDGE('',*,*,#5076,.T.);
#3101=ORIENTED_EDGE('',*,*,#5077,.T.);
#3102=ORIENTED_EDGE('',*,*,#5074,.F.);
#3103=ORIENTED_EDGE('',*,*,#5070,.T.);
#3104=ORIENTED_EDGE('',*,*,#5075,.F.);
#3105=ORIENTED_EDGE('',*,*,#5077,.F.);
#3106=ORIENTED_EDGE('',*,*,#5078,.T.);
#3107=ORIENTED_EDGE('',*,*,#5078,.F.);
#3108=ORIENTED_EDGE('',*,*,#5076,.F.);
#3109=ORIENTED_EDGE('',*,*,#5071,.F.);
#3110=ORIENTED_EDGE('',*,*,#5067,.T.);
#3111=ORIENTED_EDGE('',*,*,#5079,.F.);
#3112=ORIENTED_EDGE('',*,*,#5080,.T.);
#3113=ORIENTED_EDGE('',*,*,#5081,.T.);
#3114=ORIENTED_EDGE('',*,*,#5082,.T.);
#3115=ORIENTED_EDGE('',*,*,#5083,.T.);
#3116=ORIENTED_EDGE('',*,*,#5084,.T.);
#3117=ORIENTED_EDGE('',*,*,#5085,.T.);
#3118=ORIENTED_EDGE('',*,*,#5086,.F.);
#3119=ORIENTED_EDGE('',*,*,#5087,.F.);
#3120=ORIENTED_EDGE('',*,*,#5088,.T.);
#3121=ORIENTED_EDGE('',*,*,#5089,.T.);
#3122=ORIENTED_EDGE('',*,*,#5080,.F.);
#3123=ORIENTED_EDGE('',*,*,#5089,.F.);
#3124=ORIENTED_EDGE('',*,*,#5090,.T.);
#3125=ORIENTED_EDGE('',*,*,#5091,.T.);
#3126=ORIENTED_EDGE('',*,*,#5081,.F.);
#3127=ORIENTED_EDGE('',*,*,#5091,.F.);
#3128=ORIENTED_EDGE('',*,*,#5092,.T.);
#3129=ORIENTED_EDGE('',*,*,#5093,.T.);
#3130=ORIENTED_EDGE('',*,*,#5082,.F.);
#3131=ORIENTED_EDGE('',*,*,#5093,.F.);
#3132=ORIENTED_EDGE('',*,*,#5094,.T.);
#3133=ORIENTED_EDGE('',*,*,#5095,.T.);
#3134=ORIENTED_EDGE('',*,*,#5083,.F.);
#3135=ORIENTED_EDGE('',*,*,#5095,.F.);
#3136=ORIENTED_EDGE('',*,*,#5096,.T.);
#3137=ORIENTED_EDGE('',*,*,#5097,.T.);
#3138=ORIENTED_EDGE('',*,*,#5084,.F.);
#3139=ORIENTED_EDGE('',*,*,#5097,.F.);
#3140=ORIENTED_EDGE('',*,*,#5098,.T.);
#3141=ORIENTED_EDGE('',*,*,#5087,.T.);
#3142=ORIENTED_EDGE('',*,*,#5085,.F.);
#3143=ORIENTED_EDGE('',*,*,#5098,.F.);
#3144=ORIENTED_EDGE('',*,*,#5096,.F.);
#3145=ORIENTED_EDGE('',*,*,#5094,.F.);
#3146=ORIENTED_EDGE('',*,*,#5092,.F.);
#3147=ORIENTED_EDGE('',*,*,#5090,.F.);
#3148=ORIENTED_EDGE('',*,*,#5088,.F.);
#3149=ORIENTED_EDGE('',*,*,#5099,.F.);
#3150=ORIENTED_EDGE('',*,*,#5100,.T.);
#3151=ORIENTED_EDGE('',*,*,#5100,.F.);
#3152=ORIENTED_EDGE('',*,*,#5099,.T.);
#3153=ORIENTED_EDGE('',*,*,#5086,.T.);
#3154=ORIENTED_EDGE('',*,*,#5079,.T.);
#3155=ORIENTED_EDGE('',*,*,#5101,.T.);
#3156=ORIENTED_EDGE('',*,*,#5102,.T.);
#3157=ORIENTED_EDGE('',*,*,#5103,.F.);
#3158=ORIENTED_EDGE('',*,*,#5104,.F.);
#3159=ORIENTED_EDGE('',*,*,#5103,.T.);
#3160=ORIENTED_EDGE('',*,*,#5104,.T.);
#3161=ORIENTED_EDGE('',*,*,#5105,.F.);
#3162=ORIENTED_EDGE('',*,*,#5106,.F.);
#3163=ORIENTED_EDGE('',*,*,#5107,.F.);
#3164=ORIENTED_EDGE('',*,*,#5108,.F.);
#3165=ORIENTED_EDGE('',*,*,#5109,.F.);
#3166=ORIENTED_EDGE('',*,*,#5110,.F.);
#3167=ORIENTED_EDGE('',*,*,#5111,.F.);
#3168=ORIENTED_EDGE('',*,*,#5105,.T.);
#3169=ORIENTED_EDGE('',*,*,#5112,.T.);
#3170=ORIENTED_EDGE('',*,*,#5113,.F.);
#3171=ORIENTED_EDGE('',*,*,#5114,.F.);
#3172=ORIENTED_EDGE('',*,*,#5106,.T.);
#3173=ORIENTED_EDGE('',*,*,#5111,.T.);
#3174=ORIENTED_EDGE('',*,*,#5115,.F.);
#3175=ORIENTED_EDGE('',*,*,#5116,.F.);
#3176=ORIENTED_EDGE('',*,*,#5107,.T.);
#3177=ORIENTED_EDGE('',*,*,#5114,.T.);
#3178=ORIENTED_EDGE('',*,*,#5117,.F.);
#3179=ORIENTED_EDGE('',*,*,#5118,.F.);
#3180=ORIENTED_EDGE('',*,*,#5108,.T.);
#3181=ORIENTED_EDGE('',*,*,#5116,.T.);
#3182=ORIENTED_EDGE('',*,*,#5119,.F.);
#3183=ORIENTED_EDGE('',*,*,#5120,.F.);
#3184=ORIENTED_EDGE('',*,*,#5109,.T.);
#3185=ORIENTED_EDGE('',*,*,#5118,.T.);
#3186=ORIENTED_EDGE('',*,*,#5121,.F.);
#3187=ORIENTED_EDGE('',*,*,#5112,.F.);
#3188=ORIENTED_EDGE('',*,*,#5110,.T.);
#3189=ORIENTED_EDGE('',*,*,#5120,.T.);
#3190=ORIENTED_EDGE('',*,*,#5122,.F.);
#3191=ORIENTED_EDGE('',*,*,#5102,.F.);
#3192=ORIENTED_EDGE('',*,*,#5122,.T.);
#3193=ORIENTED_EDGE('',*,*,#5121,.T.);
#3194=ORIENTED_EDGE('',*,*,#5119,.T.);
#3195=ORIENTED_EDGE('',*,*,#5117,.T.);
#3196=ORIENTED_EDGE('',*,*,#5115,.T.);
#3197=ORIENTED_EDGE('',*,*,#5113,.T.);
#3198=ORIENTED_EDGE('',*,*,#5101,.F.);
#3199=ORIENTED_EDGE('',*,*,#5123,.T.);
#3200=ORIENTED_EDGE('',*,*,#5124,.F.);
#3201=ORIENTED_EDGE('',*,*,#5125,.T.);
#3202=ORIENTED_EDGE('',*,*,#5126,.F.);
#3203=ORIENTED_EDGE('',*,*,#5127,.T.);
#3204=ORIENTED_EDGE('',*,*,#5128,.F.);
#3205=ORIENTED_EDGE('',*,*,#5129,.T.);
#3206=ORIENTED_EDGE('',*,*,#5130,.F.);
#3207=ORIENTED_EDGE('',*,*,#5131,.T.);
#3208=ORIENTED_EDGE('',*,*,#5132,.F.);
#3209=ORIENTED_EDGE('',*,*,#5133,.T.);
#3210=ORIENTED_EDGE('',*,*,#5134,.T.);
#3211=ORIENTED_EDGE('',*,*,#5135,.T.);
#3212=ORIENTED_EDGE('',*,*,#5136,.F.);
#3213=ORIENTED_EDGE('',*,*,#5137,.T.);
#3214=ORIENTED_EDGE('',*,*,#5138,.F.);
#3215=ORIENTED_EDGE('',*,*,#5139,.F.);
#3216=ORIENTED_EDGE('',*,*,#5140,.F.);
#3217=ORIENTED_EDGE('',*,*,#5138,.T.);
#3218=ORIENTED_EDGE('',*,*,#5141,.F.);
#3219=ORIENTED_EDGE('',*,*,#5142,.F.);
#3220=ORIENTED_EDGE('',*,*,#5143,.F.);
#3221=ORIENTED_EDGE('',*,*,#5139,.T.);
#3222=ORIENTED_EDGE('',*,*,#5144,.T.);
#3223=ORIENTED_EDGE('',*,*,#5145,.F.);
#3224=ORIENTED_EDGE('',*,*,#5146,.T.);
#3225=ORIENTED_EDGE('',*,*,#5132,.T.);
#3226=ORIENTED_EDGE('',*,*,#5147,.F.);
#3227=ORIENTED_EDGE('',*,*,#5148,.T.);
#3228=ORIENTED_EDGE('',*,*,#5149,.F.);
#3229=ORIENTED_EDGE('',*,*,#5142,.T.);
#3230=ORIENTED_EDGE('',*,*,#5150,.F.);
#3231=ORIENTED_EDGE('',*,*,#5151,.T.);
#3232=ORIENTED_EDGE('',*,*,#5148,.F.);
#3233=ORIENTED_EDGE('',*,*,#5152,.T.);
#3234=ORIENTED_EDGE('',*,*,#5145,.T.);
#3235=ORIENTED_EDGE('',*,*,#5153,.F.);
#3236=ORIENTED_EDGE('',*,*,#5154,.T.);
#3237=ORIENTED_EDGE('',*,*,#5136,.T.);
#3238=ORIENTED_EDGE('',*,*,#5155,.F.);
#3239=ORIENTED_EDGE('',*,*,#5156,.T.);
#3240=ORIENTED_EDGE('',*,*,#5157,.F.);
#3241=ORIENTED_EDGE('',*,*,#5158,.T.);
#3242=ORIENTED_EDGE('',*,*,#5153,.T.);
#3243=ORIENTED_EDGE('',*,*,#5159,.T.);
#3244=ORIENTED_EDGE('',*,*,#5160,.F.);
#3245=ORIENTED_EDGE('',*,*,#5161,.T.);
#3246=ORIENTED_EDGE('',*,*,#5162,.F.);
#3247=ORIENTED_EDGE('',*,*,#5163,.F.);
#3248=ORIENTED_EDGE('',*,*,#5164,.F.);
#3249=ORIENTED_EDGE('',*,*,#5162,.T.);
#3250=ORIENTED_EDGE('',*,*,#5165,.F.);
#3251=ORIENTED_EDGE('',*,*,#5166,.F.);
#3252=ORIENTED_EDGE('',*,*,#5163,.T.);
#3253=ORIENTED_EDGE('',*,*,#5167,.T.);
#3254=ORIENTED_EDGE('',*,*,#5168,.F.);
#3255=ORIENTED_EDGE('',*,*,#5169,.T.);
#3256=ORIENTED_EDGE('',*,*,#5157,.T.);
#3257=ORIENTED_EDGE('',*,*,#5170,.F.);
#3258=ORIENTED_EDGE('',*,*,#5171,.F.);
#3259=ORIENTED_EDGE('',*,*,#5172,.T.);
#3260=ORIENTED_EDGE('',*,*,#5173,.F.);
#3261=ORIENTED_EDGE('',*,*,#5168,.T.);
#3262=ORIENTED_EDGE('',*,*,#5174,.F.);
#3263=ORIENTED_EDGE('',*,*,#5175,.T.);
#3264=ORIENTED_EDGE('',*,*,#5172,.F.);
#3265=ORIENTED_EDGE('',*,*,#5176,.T.);
#3266=ORIENTED_EDGE('',*,*,#5171,.T.);
#3267=ORIENTED_EDGE('',*,*,#5177,.T.);
#3268=ORIENTED_EDGE('',*,*,#5160,.T.);
#3269=ORIENTED_EDGE('',*,*,#5178,.F.);
#3270=ORIENTED_EDGE('',*,*,#5179,.F.);
#3271=ORIENTED_EDGE('',*,*,#5180,.T.);
#3272=ORIENTED_EDGE('',*,*,#5181,.F.);
#3273=ORIENTED_EDGE('',*,*,#5182,.T.);
#3274=ORIENTED_EDGE('',*,*,#5179,.T.);
#3275=ORIENTED_EDGE('',*,*,#5183,.T.);
#3276=ORIENTED_EDGE('',*,*,#5184,.F.);
#3277=ORIENTED_EDGE('',*,*,#5185,.T.);
#3278=ORIENTED_EDGE('',*,*,#5186,.F.);
#3279=ORIENTED_EDGE('',*,*,#5187,.F.);
#3280=ORIENTED_EDGE('',*,*,#5188,.F.);
#3281=ORIENTED_EDGE('',*,*,#5186,.T.);
#3282=ORIENTED_EDGE('',*,*,#5189,.F.);
#3283=ORIENTED_EDGE('',*,*,#5190,.F.);
#3284=ORIENTED_EDGE('',*,*,#5191,.T.);
#3285=ORIENTED_EDGE('',*,*,#5181,.T.);
#3286=ORIENTED_EDGE('',*,*,#5192,.F.);
#3287=ORIENTED_EDGE('',*,*,#5193,.F.);
#3288=ORIENTED_EDGE('',*,*,#5187,.T.);
#3289=ORIENTED_EDGE('',*,*,#5194,.T.);
#3290=ORIENTED_EDGE('',*,*,#5195,.F.);
#3291=ORIENTED_EDGE('',*,*,#5196,.T.);
#3292=ORIENTED_EDGE('',*,*,#5190,.T.);
#3293=ORIENTED_EDGE('',*,*,#5197,.T.);
#3294=ORIENTED_EDGE('',*,*,#5198,.T.);
#3295=ORIENTED_EDGE('',*,*,#5198,.F.);
#3296=ORIENTED_EDGE('',*,*,#5199,.F.);
#3297=ORIENTED_EDGE('',*,*,#5195,.T.);
#3298=ORIENTED_EDGE('',*,*,#5200,.F.);
#3299=ORIENTED_EDGE('',*,*,#5201,.F.);
#3300=ORIENTED_EDGE('',*,*,#5202,.T.);
#3301=ORIENTED_EDGE('',*,*,#5184,.T.);
#3302=ORIENTED_EDGE('',*,*,#5203,.F.);
#3303=ORIENTED_EDGE('',*,*,#5204,.T.);
#3304=ORIENTED_EDGE('',*,*,#5205,.F.);
#3305=ORIENTED_EDGE('',*,*,#5206,.T.);
#3306=ORIENTED_EDGE('',*,*,#5201,.T.);
#3307=ORIENTED_EDGE('',*,*,#5207,.T.);
#3308=ORIENTED_EDGE('',*,*,#5208,.F.);
#3309=ORIENTED_EDGE('',*,*,#5134,.F.);
#3310=ORIENTED_EDGE('',*,*,#5209,.T.);
#3311=ORIENTED_EDGE('',*,*,#5210,.F.);
#3312=ORIENTED_EDGE('',*,*,#5211,.T.);
#3313=ORIENTED_EDGE('',*,*,#5205,.T.);
#3314=ORIENTED_EDGE('',*,*,#5212,.F.);
#3315=ORIENTED_EDGE('',*,*,#5213,.T.);
#3316=ORIENTED_EDGE('',*,*,#5210,.T.);
#3317=ORIENTED_EDGE('',*,*,#5214,.T.);
#3318=ORIENTED_EDGE('',*,*,#5215,.T.);
#3319=ORIENTED_EDGE('',*,*,#5215,.F.);
#3320=ORIENTED_EDGE('',*,*,#5216,.F.);
#3321=ORIENTED_EDGE('',*,*,#5217,.T.);
#3322=ORIENTED_EDGE('',*,*,#5218,.F.);
#3323=ORIENTED_EDGE('',*,*,#5219,.T.);
#3324=ORIENTED_EDGE('',*,*,#5220,.T.);
#3325=ORIENTED_EDGE('',*,*,#5216,.T.);
#3326=ORIENTED_EDGE('',*,*,#5214,.F.);
#3327=ORIENTED_EDGE('',*,*,#5212,.T.);
#3328=ORIENTED_EDGE('',*,*,#5204,.F.);
#3329=ORIENTED_EDGE('',*,*,#5203,.T.);
#3330=ORIENTED_EDGE('',*,*,#5183,.F.);
#3331=ORIENTED_EDGE('',*,*,#5188,.T.);
#3332=ORIENTED_EDGE('',*,*,#5193,.T.);
#3333=ORIENTED_EDGE('',*,*,#5199,.T.);
#3334=ORIENTED_EDGE('',*,*,#5197,.F.);
#3335=ORIENTED_EDGE('',*,*,#5192,.T.);
#3336=ORIENTED_EDGE('',*,*,#5180,.F.);
#3337=ORIENTED_EDGE('',*,*,#5178,.T.);
#3338=ORIENTED_EDGE('',*,*,#5159,.F.);
#3339=ORIENTED_EDGE('',*,*,#5164,.T.);
#3340=ORIENTED_EDGE('',*,*,#5166,.T.);
#3341=ORIENTED_EDGE('',*,*,#5173,.T.);
#3342=ORIENTED_EDGE('',*,*,#5175,.F.);
#3343=ORIENTED_EDGE('',*,*,#5170,.T.);
#3344=ORIENTED_EDGE('',*,*,#5156,.F.);
#3345=ORIENTED_EDGE('',*,*,#5155,.T.);
#3346=ORIENTED_EDGE('',*,*,#5135,.F.);
#3347=ORIENTED_EDGE('',*,*,#5140,.T.);
#3348=ORIENTED_EDGE('',*,*,#5143,.T.);
#3349=ORIENTED_EDGE('',*,*,#5149,.T.);
#3350=ORIENTED_EDGE('',*,*,#5151,.F.);
#3351=ORIENTED_EDGE('',*,*,#5147,.T.);
#3352=ORIENTED_EDGE('',*,*,#5131,.F.);
#3353=ORIENTED_EDGE('',*,*,#5208,.T.);
#3354=ORIENTED_EDGE('',*,*,#5221,.F.);
#3355=ORIENTED_EDGE('',*,*,#5123,.F.);
#3356=ORIENTED_EDGE('',*,*,#5125,.F.);
#3357=ORIENTED_EDGE('',*,*,#5127,.F.);
#3358=ORIENTED_EDGE('',*,*,#5129,.F.);
#3359=ORIENTED_EDGE('',*,*,#5222,.F.);
#3360=ORIENTED_EDGE('',*,*,#5209,.F.);
#3361=ORIENTED_EDGE('',*,*,#5133,.F.);
#3362=ORIENTED_EDGE('',*,*,#5146,.F.);
#3363=ORIENTED_EDGE('',*,*,#5152,.F.);
#3364=ORIENTED_EDGE('',*,*,#5150,.T.);
#3365=ORIENTED_EDGE('',*,*,#5144,.F.);
#3366=ORIENTED_EDGE('',*,*,#5141,.T.);
#3367=ORIENTED_EDGE('',*,*,#5137,.F.);
#3368=ORIENTED_EDGE('',*,*,#5154,.F.);
#3369=ORIENTED_EDGE('',*,*,#5158,.F.);
#3370=ORIENTED_EDGE('',*,*,#5169,.F.);
#3371=ORIENTED_EDGE('',*,*,#5176,.F.);
#3372=ORIENTED_EDGE('',*,*,#5174,.T.);
#3373=ORIENTED_EDGE('',*,*,#5167,.F.);
#3374=ORIENTED_EDGE('',*,*,#5165,.T.);
#3375=ORIENTED_EDGE('',*,*,#5161,.F.);
#3376=ORIENTED_EDGE('',*,*,#5177,.F.);
#3377=ORIENTED_EDGE('',*,*,#5182,.F.);
#3378=ORIENTED_EDGE('',*,*,#5191,.F.);
#3379=ORIENTED_EDGE('',*,*,#5196,.F.);
#3380=ORIENTED_EDGE('',*,*,#5200,.T.);
#3381=ORIENTED_EDGE('',*,*,#5194,.F.);
#3382=ORIENTED_EDGE('',*,*,#5189,.T.);
#3383=ORIENTED_EDGE('',*,*,#5185,.F.);
#3384=ORIENTED_EDGE('',*,*,#5202,.F.);
#3385=ORIENTED_EDGE('',*,*,#5206,.F.);
#3386=ORIENTED_EDGE('',*,*,#5211,.F.);
#3387=ORIENTED_EDGE('',*,*,#5213,.F.);
#3388=ORIENTED_EDGE('',*,*,#5218,.T.);
#3389=ORIENTED_EDGE('',*,*,#5223,.F.);
#3390=ORIENTED_EDGE('',*,*,#5224,.T.);
#3391=ORIENTED_EDGE('',*,*,#5124,.T.);
#3392=ORIENTED_EDGE('',*,*,#5126,.T.);
#3393=ORIENTED_EDGE('',*,*,#5128,.T.);
#3394=ORIENTED_EDGE('',*,*,#5130,.T.);
#3395=ORIENTED_EDGE('',*,*,#5221,.T.);
#3396=ORIENTED_EDGE('',*,*,#5207,.F.);
#3397=ORIENTED_EDGE('',*,*,#5222,.T.);
#3398=ORIENTED_EDGE('',*,*,#5225,.F.);
#3399=ORIENTED_EDGE('',*,*,#5226,.T.);
#3400=ORIENTED_EDGE('',*,*,#5223,.T.);
#3401=ORIENTED_EDGE('',*,*,#5217,.F.);
#3402=ORIENTED_EDGE('',*,*,#5220,.F.);
#3403=ORIENTED_EDGE('',*,*,#5226,.F.);
#3404=ORIENTED_EDGE('',*,*,#5219,.F.);
#3405=ORIENTED_EDGE('',*,*,#5225,.T.);
#3406=ORIENTED_EDGE('',*,*,#5224,.F.);
#3407=ORIENTED_EDGE('',*,*,#5227,.F.);
#3408=ORIENTED_EDGE('',*,*,#5228,.T.);
#3409=ORIENTED_EDGE('',*,*,#5229,.T.);
#3410=ORIENTED_EDGE('',*,*,#5230,.T.);
#3411=ORIENTED_EDGE('',*,*,#5231,.T.);
#3412=ORIENTED_EDGE('',*,*,#5232,.T.);
#3413=ORIENTED_EDGE('',*,*,#5233,.T.);
#3414=ORIENTED_EDGE('',*,*,#5234,.F.);
#3415=ORIENTED_EDGE('',*,*,#5235,.F.);
#3416=ORIENTED_EDGE('',*,*,#5236,.T.);
#3417=ORIENTED_EDGE('',*,*,#5237,.T.);
#3418=ORIENTED_EDGE('',*,*,#5228,.F.);
#3419=ORIENTED_EDGE('',*,*,#5237,.F.);
#3420=ORIENTED_EDGE('',*,*,#5238,.T.);
#3421=ORIENTED_EDGE('',*,*,#5239,.T.);
#3422=ORIENTED_EDGE('',*,*,#5229,.F.);
#3423=ORIENTED_EDGE('',*,*,#5239,.F.);
#3424=ORIENTED_EDGE('',*,*,#5240,.T.);
#3425=ORIENTED_EDGE('',*,*,#5241,.T.);
#3426=ORIENTED_EDGE('',*,*,#5230,.F.);
#3427=ORIENTED_EDGE('',*,*,#5241,.F.);
#3428=ORIENTED_EDGE('',*,*,#5242,.T.);
#3429=ORIENTED_EDGE('',*,*,#5243,.T.);
#3430=ORIENTED_EDGE('',*,*,#5231,.F.);
#3431=ORIENTED_EDGE('',*,*,#5243,.F.);
#3432=ORIENTED_EDGE('',*,*,#5244,.T.);
#3433=ORIENTED_EDGE('',*,*,#5245,.T.);
#3434=ORIENTED_EDGE('',*,*,#5232,.F.);
#3435=ORIENTED_EDGE('',*,*,#5245,.F.);
#3436=ORIENTED_EDGE('',*,*,#5246,.T.);
#3437=ORIENTED_EDGE('',*,*,#5235,.T.);
#3438=ORIENTED_EDGE('',*,*,#5233,.F.);
#3439=ORIENTED_EDGE('',*,*,#5246,.F.);
#3440=ORIENTED_EDGE('',*,*,#5244,.F.);
#3441=ORIENTED_EDGE('',*,*,#5242,.F.);
#3442=ORIENTED_EDGE('',*,*,#5240,.F.);
#3443=ORIENTED_EDGE('',*,*,#5238,.F.);
#3444=ORIENTED_EDGE('',*,*,#5236,.F.);
#3445=ORIENTED_EDGE('',*,*,#5247,.F.);
#3446=ORIENTED_EDGE('',*,*,#5248,.T.);
#3447=ORIENTED_EDGE('',*,*,#5248,.F.);
#3448=ORIENTED_EDGE('',*,*,#5247,.T.);
#3449=ORIENTED_EDGE('',*,*,#5234,.T.);
#3450=ORIENTED_EDGE('',*,*,#5227,.T.);
#3451=ORIENTED_EDGE('',*,*,#5249,.T.);
#3452=ORIENTED_EDGE('',*,*,#5250,.T.);
#3453=ORIENTED_EDGE('',*,*,#5251,.F.);
#3454=ORIENTED_EDGE('',*,*,#5252,.F.);
#3455=ORIENTED_EDGE('',*,*,#5251,.T.);
#3456=ORIENTED_EDGE('',*,*,#5252,.T.);
#3457=ORIENTED_EDGE('',*,*,#5253,.F.);
#3458=ORIENTED_EDGE('',*,*,#5254,.F.);
#3459=ORIENTED_EDGE('',*,*,#5255,.F.);
#3460=ORIENTED_EDGE('',*,*,#5256,.F.);
#3461=ORIENTED_EDGE('',*,*,#5257,.F.);
#3462=ORIENTED_EDGE('',*,*,#5258,.F.);
#3463=ORIENTED_EDGE('',*,*,#5259,.F.);
#3464=ORIENTED_EDGE('',*,*,#5253,.T.);
#3465=ORIENTED_EDGE('',*,*,#5260,.T.);
#3466=ORIENTED_EDGE('',*,*,#5261,.F.);
#3467=ORIENTED_EDGE('',*,*,#5262,.F.);
#3468=ORIENTED_EDGE('',*,*,#5254,.T.);
#3469=ORIENTED_EDGE('',*,*,#5259,.T.);
#3470=ORIENTED_EDGE('',*,*,#5263,.F.);
#3471=ORIENTED_EDGE('',*,*,#5264,.F.);
#3472=ORIENTED_EDGE('',*,*,#5255,.T.);
#3473=ORIENTED_EDGE('',*,*,#5262,.T.);
#3474=ORIENTED_EDGE('',*,*,#5265,.F.);
#3475=ORIENTED_EDGE('',*,*,#5266,.F.);
#3476=ORIENTED_EDGE('',*,*,#5256,.T.);
#3477=ORIENTED_EDGE('',*,*,#5264,.T.);
#3478=ORIENTED_EDGE('',*,*,#5267,.F.);
#3479=ORIENTED_EDGE('',*,*,#5268,.F.);
#3480=ORIENTED_EDGE('',*,*,#5257,.T.);
#3481=ORIENTED_EDGE('',*,*,#5266,.T.);
#3482=ORIENTED_EDGE('',*,*,#5269,.F.);
#3483=ORIENTED_EDGE('',*,*,#5260,.F.);
#3484=ORIENTED_EDGE('',*,*,#5258,.T.);
#3485=ORIENTED_EDGE('',*,*,#5268,.T.);
#3486=ORIENTED_EDGE('',*,*,#5270,.F.);
#3487=ORIENTED_EDGE('',*,*,#5250,.F.);
#3488=ORIENTED_EDGE('',*,*,#5270,.T.);
#3489=ORIENTED_EDGE('',*,*,#5269,.T.);
#3490=ORIENTED_EDGE('',*,*,#5267,.T.);
#3491=ORIENTED_EDGE('',*,*,#5265,.T.);
#3492=ORIENTED_EDGE('',*,*,#5263,.T.);
#3493=ORIENTED_EDGE('',*,*,#5261,.T.);
#3494=ORIENTED_EDGE('',*,*,#5249,.F.);
#3495=ORIENTED_EDGE('',*,*,#5271,.F.);
#3496=ORIENTED_EDGE('',*,*,#5272,.T.);
#3497=ORIENTED_EDGE('',*,*,#5273,.T.);
#3498=ORIENTED_EDGE('',*,*,#5274,.T.);
#3499=ORIENTED_EDGE('',*,*,#5275,.T.);
#3500=ORIENTED_EDGE('',*,*,#5276,.T.);
#3501=ORIENTED_EDGE('',*,*,#5277,.T.);
#3502=ORIENTED_EDGE('',*,*,#5278,.F.);
#3503=ORIENTED_EDGE('',*,*,#5279,.F.);
#3504=ORIENTED_EDGE('',*,*,#5280,.T.);
#3505=ORIENTED_EDGE('',*,*,#5281,.T.);
#3506=ORIENTED_EDGE('',*,*,#5272,.F.);
#3507=ORIENTED_EDGE('',*,*,#5281,.F.);
#3508=ORIENTED_EDGE('',*,*,#5282,.T.);
#3509=ORIENTED_EDGE('',*,*,#5283,.T.);
#3510=ORIENTED_EDGE('',*,*,#5273,.F.);
#3511=ORIENTED_EDGE('',*,*,#5283,.F.);
#3512=ORIENTED_EDGE('',*,*,#5284,.T.);
#3513=ORIENTED_EDGE('',*,*,#5285,.T.);
#3514=ORIENTED_EDGE('',*,*,#5274,.F.);
#3515=ORIENTED_EDGE('',*,*,#5285,.F.);
#3516=ORIENTED_EDGE('',*,*,#5286,.T.);
#3517=ORIENTED_EDGE('',*,*,#5287,.T.);
#3518=ORIENTED_EDGE('',*,*,#5275,.F.);
#3519=ORIENTED_EDGE('',*,*,#5287,.F.);
#3520=ORIENTED_EDGE('',*,*,#5288,.T.);
#3521=ORIENTED_EDGE('',*,*,#5289,.T.);
#3522=ORIENTED_EDGE('',*,*,#5276,.F.);
#3523=ORIENTED_EDGE('',*,*,#5289,.F.);
#3524=ORIENTED_EDGE('',*,*,#5290,.T.);
#3525=ORIENTED_EDGE('',*,*,#5279,.T.);
#3526=ORIENTED_EDGE('',*,*,#5277,.F.);
#3527=ORIENTED_EDGE('',*,*,#5290,.F.);
#3528=ORIENTED_EDGE('',*,*,#5288,.F.);
#3529=ORIENTED_EDGE('',*,*,#5286,.F.);
#3530=ORIENTED_EDGE('',*,*,#5284,.F.);
#3531=ORIENTED_EDGE('',*,*,#5282,.F.);
#3532=ORIENTED_EDGE('',*,*,#5280,.F.);
#3533=ORIENTED_EDGE('',*,*,#5291,.F.);
#3534=ORIENTED_EDGE('',*,*,#5292,.T.);
#3535=ORIENTED_EDGE('',*,*,#5292,.F.);
#3536=ORIENTED_EDGE('',*,*,#5291,.T.);
#3537=ORIENTED_EDGE('',*,*,#5278,.T.);
#3538=ORIENTED_EDGE('',*,*,#5271,.T.);
#3539=ORIENTED_EDGE('',*,*,#5293,.F.);
#3540=ORIENTED_EDGE('',*,*,#5294,.T.);
#3541=ORIENTED_EDGE('',*,*,#5295,.T.);
#3542=ORIENTED_EDGE('',*,*,#5296,.T.);
#3543=ORIENTED_EDGE('',*,*,#5297,.T.);
#3544=ORIENTED_EDGE('',*,*,#5298,.T.);
#3545=ORIENTED_EDGE('',*,*,#5299,.T.);
#3546=ORIENTED_EDGE('',*,*,#5300,.F.);
#3547=ORIENTED_EDGE('',*,*,#5301,.F.);
#3548=ORIENTED_EDGE('',*,*,#5302,.T.);
#3549=ORIENTED_EDGE('',*,*,#5303,.T.);
#3550=ORIENTED_EDGE('',*,*,#5294,.F.);
#3551=ORIENTED_EDGE('',*,*,#5303,.F.);
#3552=ORIENTED_EDGE('',*,*,#5304,.T.);
#3553=ORIENTED_EDGE('',*,*,#5305,.T.);
#3554=ORIENTED_EDGE('',*,*,#5295,.F.);
#3555=ORIENTED_EDGE('',*,*,#5305,.F.);
#3556=ORIENTED_EDGE('',*,*,#5306,.T.);
#3557=ORIENTED_EDGE('',*,*,#5307,.T.);
#3558=ORIENTED_EDGE('',*,*,#5296,.F.);
#3559=ORIENTED_EDGE('',*,*,#5307,.F.);
#3560=ORIENTED_EDGE('',*,*,#5308,.T.);
#3561=ORIENTED_EDGE('',*,*,#5309,.T.);
#3562=ORIENTED_EDGE('',*,*,#5297,.F.);
#3563=ORIENTED_EDGE('',*,*,#5309,.F.);
#3564=ORIENTED_EDGE('',*,*,#5310,.T.);
#3565=ORIENTED_EDGE('',*,*,#5311,.T.);
#3566=ORIENTED_EDGE('',*,*,#5298,.F.);
#3567=ORIENTED_EDGE('',*,*,#5311,.F.);
#3568=ORIENTED_EDGE('',*,*,#5312,.T.);
#3569=ORIENTED_EDGE('',*,*,#5301,.T.);
#3570=ORIENTED_EDGE('',*,*,#5299,.F.);
#3571=ORIENTED_EDGE('',*,*,#5312,.F.);
#3572=ORIENTED_EDGE('',*,*,#5310,.F.);
#3573=ORIENTED_EDGE('',*,*,#5308,.F.);
#3574=ORIENTED_EDGE('',*,*,#5306,.F.);
#3575=ORIENTED_EDGE('',*,*,#5304,.F.);
#3576=ORIENTED_EDGE('',*,*,#5302,.F.);
#3577=ORIENTED_EDGE('',*,*,#5313,.F.);
#3578=ORIENTED_EDGE('',*,*,#5314,.T.);
#3579=ORIENTED_EDGE('',*,*,#5314,.F.);
#3580=ORIENTED_EDGE('',*,*,#5313,.T.);
#3581=ORIENTED_EDGE('',*,*,#5300,.T.);
#3582=ORIENTED_EDGE('',*,*,#5293,.T.);
#3583=ORIENTED_EDGE('',*,*,#5315,.T.);
#3584=ORIENTED_EDGE('',*,*,#5316,.F.);
#3585=ORIENTED_EDGE('',*,*,#5317,.T.);
#3586=ORIENTED_EDGE('',*,*,#5318,.F.);
#3587=ORIENTED_EDGE('',*,*,#5319,.T.);
#3588=ORIENTED_EDGE('',*,*,#5320,.F.);
#3589=ORIENTED_EDGE('',*,*,#5321,.T.);
#3590=ORIENTED_EDGE('',*,*,#5322,.F.);
#3591=ORIENTED_EDGE('',*,*,#5323,.T.);
#3592=ORIENTED_EDGE('',*,*,#5324,.F.);
#3593=ORIENTED_EDGE('',*,*,#5325,.T.);
#3594=ORIENTED_EDGE('',*,*,#5326,.T.);
#3595=ORIENTED_EDGE('',*,*,#5327,.T.);
#3596=ORIENTED_EDGE('',*,*,#5328,.F.);
#3597=ORIENTED_EDGE('',*,*,#5329,.T.);
#3598=ORIENTED_EDGE('',*,*,#5330,.F.);
#3599=ORIENTED_EDGE('',*,*,#5331,.F.);
#3600=ORIENTED_EDGE('',*,*,#5332,.F.);
#3601=ORIENTED_EDGE('',*,*,#5330,.T.);
#3602=ORIENTED_EDGE('',*,*,#5333,.F.);
#3603=ORIENTED_EDGE('',*,*,#5334,.F.);
#3604=ORIENTED_EDGE('',*,*,#5335,.F.);
#3605=ORIENTED_EDGE('',*,*,#5331,.T.);
#3606=ORIENTED_EDGE('',*,*,#5336,.T.);
#3607=ORIENTED_EDGE('',*,*,#5337,.F.);
#3608=ORIENTED_EDGE('',*,*,#5338,.T.);
#3609=ORIENTED_EDGE('',*,*,#5324,.T.);
#3610=ORIENTED_EDGE('',*,*,#5339,.F.);
#3611=ORIENTED_EDGE('',*,*,#5340,.T.);
#3612=ORIENTED_EDGE('',*,*,#5341,.F.);
#3613=ORIENTED_EDGE('',*,*,#5334,.T.);
#3614=ORIENTED_EDGE('',*,*,#5342,.F.);
#3615=ORIENTED_EDGE('',*,*,#5343,.T.);
#3616=ORIENTED_EDGE('',*,*,#5340,.F.);
#3617=ORIENTED_EDGE('',*,*,#5344,.T.);
#3618=ORIENTED_EDGE('',*,*,#5337,.T.);
#3619=ORIENTED_EDGE('',*,*,#5345,.F.);
#3620=ORIENTED_EDGE('',*,*,#5346,.T.);
#3621=ORIENTED_EDGE('',*,*,#5328,.T.);
#3622=ORIENTED_EDGE('',*,*,#5347,.F.);
#3623=ORIENTED_EDGE('',*,*,#5348,.T.);
#3624=ORIENTED_EDGE('',*,*,#5349,.F.);
#3625=ORIENTED_EDGE('',*,*,#5350,.T.);
#3626=ORIENTED_EDGE('',*,*,#5345,.T.);
#3627=ORIENTED_EDGE('',*,*,#5351,.T.);
#3628=ORIENTED_EDGE('',*,*,#5352,.F.);
#3629=ORIENTED_EDGE('',*,*,#5353,.T.);
#3630=ORIENTED_EDGE('',*,*,#5354,.F.);
#3631=ORIENTED_EDGE('',*,*,#5355,.F.);
#3632=ORIENTED_EDGE('',*,*,#5356,.F.);
#3633=ORIENTED_EDGE('',*,*,#5354,.T.);
#3634=ORIENTED_EDGE('',*,*,#5357,.F.);
#3635=ORIENTED_EDGE('',*,*,#5358,.F.);
#3636=ORIENTED_EDGE('',*,*,#5355,.T.);
#3637=ORIENTED_EDGE('',*,*,#5359,.T.);
#3638=ORIENTED_EDGE('',*,*,#5360,.F.);
#3639=ORIENTED_EDGE('',*,*,#5361,.T.);
#3640=ORIENTED_EDGE('',*,*,#5349,.T.);
#3641=ORIENTED_EDGE('',*,*,#5362,.F.);
#3642=ORIENTED_EDGE('',*,*,#5363,.F.);
#3643=ORIENTED_EDGE('',*,*,#5364,.T.);
#3644=ORIENTED_EDGE('',*,*,#5365,.F.);
#3645=ORIENTED_EDGE('',*,*,#5360,.T.);
#3646=ORIENTED_EDGE('',*,*,#5366,.F.);
#3647=ORIENTED_EDGE('',*,*,#5367,.T.);
#3648=ORIENTED_EDGE('',*,*,#5364,.F.);
#3649=ORIENTED_EDGE('',*,*,#5368,.T.);
#3650=ORIENTED_EDGE('',*,*,#5363,.T.);
#3651=ORIENTED_EDGE('',*,*,#5369,.T.);
#3652=ORIENTED_EDGE('',*,*,#5352,.T.);
#3653=ORIENTED_EDGE('',*,*,#5370,.F.);
#3654=ORIENTED_EDGE('',*,*,#5371,.F.);
#3655=ORIENTED_EDGE('',*,*,#5372,.T.);
#3656=ORIENTED_EDGE('',*,*,#5373,.F.);
#3657=ORIENTED_EDGE('',*,*,#5374,.T.);
#3658=ORIENTED_EDGE('',*,*,#5371,.T.);
#3659=ORIENTED_EDGE('',*,*,#5375,.T.);
#3660=ORIENTED_EDGE('',*,*,#5376,.F.);
#3661=ORIENTED_EDGE('',*,*,#5377,.T.);
#3662=ORIENTED_EDGE('',*,*,#5378,.F.);
#3663=ORIENTED_EDGE('',*,*,#5379,.F.);
#3664=ORIENTED_EDGE('',*,*,#5380,.F.);
#3665=ORIENTED_EDGE('',*,*,#5378,.T.);
#3666=ORIENTED_EDGE('',*,*,#5381,.F.);
#3667=ORIENTED_EDGE('',*,*,#5382,.F.);
#3668=ORIENTED_EDGE('',*,*,#5383,.T.);
#3669=ORIENTED_EDGE('',*,*,#5373,.T.);
#3670=ORIENTED_EDGE('',*,*,#5384,.F.);
#3671=ORIENTED_EDGE('',*,*,#5385,.F.);
#3672=ORIENTED_EDGE('',*,*,#5379,.T.);
#3673=ORIENTED_EDGE('',*,*,#5386,.T.);
#3674=ORIENTED_EDGE('',*,*,#5387,.F.);
#3675=ORIENTED_EDGE('',*,*,#5388,.T.);
#3676=ORIENTED_EDGE('',*,*,#5382,.T.);
#3677=ORIENTED_EDGE('',*,*,#5389,.T.);
#3678=ORIENTED_EDGE('',*,*,#5390,.T.);
#3679=ORIENTED_EDGE('',*,*,#5390,.F.);
#3680=ORIENTED_EDGE('',*,*,#5391,.F.);
#3681=ORIENTED_EDGE('',*,*,#5387,.T.);
#3682=ORIENTED_EDGE('',*,*,#5392,.F.);
#3683=ORIENTED_EDGE('',*,*,#5393,.F.);
#3684=ORIENTED_EDGE('',*,*,#5394,.T.);
#3685=ORIENTED_EDGE('',*,*,#5376,.T.);
#3686=ORIENTED_EDGE('',*,*,#5395,.F.);
#3687=ORIENTED_EDGE('',*,*,#5396,.T.);
#3688=ORIENTED_EDGE('',*,*,#5397,.F.);
#3689=ORIENTED_EDGE('',*,*,#5398,.T.);
#3690=ORIENTED_EDGE('',*,*,#5393,.T.);
#3691=ORIENTED_EDGE('',*,*,#5399,.T.);
#3692=ORIENTED_EDGE('',*,*,#5400,.F.);
#3693=ORIENTED_EDGE('',*,*,#5326,.F.);
#3694=ORIENTED_EDGE('',*,*,#5401,.T.);
#3695=ORIENTED_EDGE('',*,*,#5402,.F.);
#3696=ORIENTED_EDGE('',*,*,#5403,.T.);
#3697=ORIENTED_EDGE('',*,*,#5397,.T.);
#3698=ORIENTED_EDGE('',*,*,#5404,.F.);
#3699=ORIENTED_EDGE('',*,*,#5405,.T.);
#3700=ORIENTED_EDGE('',*,*,#5402,.T.);
#3701=ORIENTED_EDGE('',*,*,#5406,.T.);
#3702=ORIENTED_EDGE('',*,*,#5407,.T.);
#3703=ORIENTED_EDGE('',*,*,#5407,.F.);
#3704=ORIENTED_EDGE('',*,*,#5408,.F.);
#3705=ORIENTED_EDGE('',*,*,#5409,.T.);
#3706=ORIENTED_EDGE('',*,*,#5410,.F.);
#3707=ORIENTED_EDGE('',*,*,#5411,.T.);
#3708=ORIENTED_EDGE('',*,*,#5412,.T.);
#3709=ORIENTED_EDGE('',*,*,#5408,.T.);
#3710=ORIENTED_EDGE('',*,*,#5406,.F.);
#3711=ORIENTED_EDGE('',*,*,#5404,.T.);
#3712=ORIENTED_EDGE('',*,*,#5396,.F.);
#3713=ORIENTED_EDGE('',*,*,#5395,.T.);
#3714=ORIENTED_EDGE('',*,*,#5375,.F.);
#3715=ORIENTED_EDGE('',*,*,#5380,.T.);
#3716=ORIENTED_EDGE('',*,*,#5385,.T.);
#3717=ORIENTED_EDGE('',*,*,#5391,.T.);
#3718=ORIENTED_EDGE('',*,*,#5389,.F.);
#3719=ORIENTED_EDGE('',*,*,#5384,.T.);
#3720=ORIENTED_EDGE('',*,*,#5372,.F.);
#3721=ORIENTED_EDGE('',*,*,#5370,.T.);
#3722=ORIENTED_EDGE('',*,*,#5351,.F.);
#3723=ORIENTED_EDGE('',*,*,#5356,.T.);
#3724=ORIENTED_EDGE('',*,*,#5358,.T.);
#3725=ORIENTED_EDGE('',*,*,#5365,.T.);
#3726=ORIENTED_EDGE('',*,*,#5367,.F.);
#3727=ORIENTED_EDGE('',*,*,#5362,.T.);
#3728=ORIENTED_EDGE('',*,*,#5348,.F.);
#3729=ORIENTED_EDGE('',*,*,#5347,.T.);
#3730=ORIENTED_EDGE('',*,*,#5327,.F.);
#3731=ORIENTED_EDGE('',*,*,#5332,.T.);
#3732=ORIENTED_EDGE('',*,*,#5335,.T.);
#3733=ORIENTED_EDGE('',*,*,#5341,.T.);
#3734=ORIENTED_EDGE('',*,*,#5343,.F.);
#3735=ORIENTED_EDGE('',*,*,#5339,.T.);
#3736=ORIENTED_EDGE('',*,*,#5323,.F.);
#3737=ORIENTED_EDGE('',*,*,#5400,.T.);
#3738=ORIENTED_EDGE('',*,*,#5413,.F.);
#3739=ORIENTED_EDGE('',*,*,#5315,.F.);
#3740=ORIENTED_EDGE('',*,*,#5317,.F.);
#3741=ORIENTED_EDGE('',*,*,#5319,.F.);
#3742=ORIENTED_EDGE('',*,*,#5321,.F.);
#3743=ORIENTED_EDGE('',*,*,#5414,.F.);
#3744=ORIENTED_EDGE('',*,*,#5401,.F.);
#3745=ORIENTED_EDGE('',*,*,#5325,.F.);
#3746=ORIENTED_EDGE('',*,*,#5338,.F.);
#3747=ORIENTED_EDGE('',*,*,#5344,.F.);
#3748=ORIENTED_EDGE('',*,*,#5342,.T.);
#3749=ORIENTED_EDGE('',*,*,#5336,.F.);
#3750=ORIENTED_EDGE('',*,*,#5333,.T.);
#3751=ORIENTED_EDGE('',*,*,#5329,.F.);
#3752=ORIENTED_EDGE('',*,*,#5346,.F.);
#3753=ORIENTED_EDGE('',*,*,#5350,.F.);
#3754=ORIENTED_EDGE('',*,*,#5361,.F.);
#3755=ORIENTED_EDGE('',*,*,#5368,.F.);
#3756=ORIENTED_EDGE('',*,*,#5366,.T.);
#3757=ORIENTED_EDGE('',*,*,#5359,.F.);
#3758=ORIENTED_EDGE('',*,*,#5357,.T.);
#3759=ORIENTED_EDGE('',*,*,#5353,.F.);
#3760=ORIENTED_EDGE('',*,*,#5369,.F.);
#3761=ORIENTED_EDGE('',*,*,#5374,.F.);
#3762=ORIENTED_EDGE('',*,*,#5383,.F.);
#3763=ORIENTED_EDGE('',*,*,#5388,.F.);
#3764=ORIENTED_EDGE('',*,*,#5392,.T.);
#3765=ORIENTED_EDGE('',*,*,#5386,.F.);
#3766=ORIENTED_EDGE('',*,*,#5381,.T.);
#3767=ORIENTED_EDGE('',*,*,#5377,.F.);
#3768=ORIENTED_EDGE('',*,*,#5394,.F.);
#3769=ORIENTED_EDGE('',*,*,#5398,.F.);
#3770=ORIENTED_EDGE('',*,*,#5403,.F.);
#3771=ORIENTED_EDGE('',*,*,#5405,.F.);
#3772=ORIENTED_EDGE('',*,*,#5410,.T.);
#3773=ORIENTED_EDGE('',*,*,#5415,.F.);
#3774=ORIENTED_EDGE('',*,*,#5416,.T.);
#3775=ORIENTED_EDGE('',*,*,#5316,.T.);
#3776=ORIENTED_EDGE('',*,*,#5318,.T.);
#3777=ORIENTED_EDGE('',*,*,#5320,.T.);
#3778=ORIENTED_EDGE('',*,*,#5322,.T.);
#3779=ORIENTED_EDGE('',*,*,#5413,.T.);
#3780=ORIENTED_EDGE('',*,*,#5399,.F.);
#3781=ORIENTED_EDGE('',*,*,#5414,.T.);
#3782=ORIENTED_EDGE('',*,*,#5417,.F.);
#3783=ORIENTED_EDGE('',*,*,#5418,.T.);
#3784=ORIENTED_EDGE('',*,*,#5415,.T.);
#3785=ORIENTED_EDGE('',*,*,#5409,.F.);
#3786=ORIENTED_EDGE('',*,*,#5412,.F.);
#3787=ORIENTED_EDGE('',*,*,#5418,.F.);
#3788=ORIENTED_EDGE('',*,*,#5411,.F.);
#3789=ORIENTED_EDGE('',*,*,#5417,.T.);
#3790=ORIENTED_EDGE('',*,*,#5416,.F.);
#3791=ORIENTED_EDGE('',*,*,#5419,.F.);
#3792=ORIENTED_EDGE('',*,*,#5420,.T.);
#3793=ORIENTED_EDGE('',*,*,#5421,.T.);
#3794=ORIENTED_EDGE('',*,*,#5422,.F.);
#3795=ORIENTED_EDGE('',*,*,#5421,.F.);
#3796=ORIENTED_EDGE('',*,*,#5423,.T.);
#3797=ORIENTED_EDGE('',*,*,#5424,.T.);
#3798=ORIENTED_EDGE('',*,*,#5425,.F.);
#3799=ORIENTED_EDGE('',*,*,#5424,.F.);
#3800=ORIENTED_EDGE('',*,*,#5426,.T.);
#3801=ORIENTED_EDGE('',*,*,#5427,.T.);
#3802=ORIENTED_EDGE('',*,*,#5428,.F.);
#3803=ORIENTED_EDGE('',*,*,#5427,.F.);
#3804=ORIENTED_EDGE('',*,*,#5429,.T.);
#3805=ORIENTED_EDGE('',*,*,#5419,.T.);
#3806=ORIENTED_EDGE('',*,*,#5430,.F.);
#3807=ORIENTED_EDGE('',*,*,#5429,.F.);
#3808=ORIENTED_EDGE('',*,*,#5426,.F.);
#3809=ORIENTED_EDGE('',*,*,#5423,.F.);
#3810=ORIENTED_EDGE('',*,*,#5420,.F.);
#3811=ORIENTED_EDGE('',*,*,#5422,.T.);
#3812=ORIENTED_EDGE('',*,*,#5425,.T.);
#3813=ORIENTED_EDGE('',*,*,#5428,.T.);
#3814=ORIENTED_EDGE('',*,*,#5430,.T.);
#3815=ORIENTED_EDGE('',*,*,#5431,.F.);
#3816=ORIENTED_EDGE('',*,*,#5432,.F.);
#3817=ORIENTED_EDGE('',*,*,#5432,.T.);
#3818=ORIENTED_EDGE('',*,*,#5433,.F.);
#3819=ORIENTED_EDGE('',*,*,#5433,.T.);
#3820=ORIENTED_EDGE('',*,*,#5434,.F.);
#3821=ORIENTED_EDGE('',*,*,#5435,.T.);
#3822=ORIENTED_EDGE('',*,*,#5436,.T.);
#3823=ORIENTED_EDGE('',*,*,#5436,.F.);
#3824=ORIENTED_EDGE('',*,*,#5437,.T.);
#3825=ORIENTED_EDGE('',*,*,#5437,.F.);
#3826=ORIENTED_EDGE('',*,*,#5438,.T.);
#3827=ORIENTED_EDGE('',*,*,#5439,.T.);
#3828=ORIENTED_EDGE('',*,*,#5440,.T.);
#3829=ORIENTED_EDGE('',*,*,#5440,.F.);
#3830=ORIENTED_EDGE('',*,*,#5441,.T.);
#3831=ORIENTED_EDGE('',*,*,#5441,.F.);
#3832=ORIENTED_EDGE('',*,*,#5442,.T.);
#3833=ORIENTED_EDGE('',*,*,#5443,.T.);
#3834=ORIENTED_EDGE('',*,*,#5444,.T.);
#3835=ORIENTED_EDGE('',*,*,#5445,.F.);
#3836=ORIENTED_EDGE('',*,*,#5446,.T.);
#3837=ORIENTED_EDGE('',*,*,#5447,.F.);
#3838=ORIENTED_EDGE('',*,*,#5448,.T.);
#3839=ORIENTED_EDGE('',*,*,#5449,.T.);
#3840=ORIENTED_EDGE('',*,*,#5450,.T.);
#3841=ORIENTED_EDGE('',*,*,#5451,.F.);
#3842=ORIENTED_EDGE('',*,*,#5452,.T.);
#3843=ORIENTED_EDGE('',*,*,#5453,.T.);
#3844=ORIENTED_EDGE('',*,*,#5454,.T.);
#3845=ORIENTED_EDGE('',*,*,#5455,.T.);
#3846=ORIENTED_EDGE('',*,*,#5456,.T.);
#3847=ORIENTED_EDGE('',*,*,#5457,.F.);
#3848=ORIENTED_EDGE('',*,*,#5458,.T.);
#3849=ORIENTED_EDGE('',*,*,#5459,.F.);
#3850=ORIENTED_EDGE('',*,*,#5460,.T.);
#3851=ORIENTED_EDGE('',*,*,#5447,.T.);
#3852=ORIENTED_EDGE('',*,*,#5461,.T.);
#3853=ORIENTED_EDGE('',*,*,#5462,.T.);
#3854=ORIENTED_EDGE('',*,*,#5463,.T.);
#3855=ORIENTED_EDGE('',*,*,#5449,.F.);
#3856=ORIENTED_EDGE('',*,*,#5464,.T.);
#3857=ORIENTED_EDGE('',*,*,#5465,.T.);
#3858=ORIENTED_EDGE('',*,*,#5466,.T.);
#3859=ORIENTED_EDGE('',*,*,#5443,.F.);
#3860=ORIENTED_EDGE('',*,*,#5467,.T.);
#3861=ORIENTED_EDGE('',*,*,#5445,.T.);
#3862=ORIENTED_EDGE('',*,*,#5468,.T.);
#3863=ORIENTED_EDGE('',*,*,#5469,.F.);
#3864=ORIENTED_EDGE('',*,*,#5470,.T.);
#3865=ORIENTED_EDGE('',*,*,#5438,.F.);
#3866=ORIENTED_EDGE('',*,*,#5434,.T.);
#3867=ORIENTED_EDGE('',*,*,#5442,.F.);
#3868=ORIENTED_EDGE('',*,*,#5471,.T.);
#3869=ORIENTED_EDGE('',*,*,#5469,.T.);
#3870=ORIENTED_EDGE('',*,*,#5472,.T.);
#3871=ORIENTED_EDGE('',*,*,#5465,.F.);
#3872=ORIENTED_EDGE('',*,*,#5473,.T.);
#3873=ORIENTED_EDGE('',*,*,#5462,.F.);
#3874=ORIENTED_EDGE('',*,*,#5474,.T.);
#3875=ORIENTED_EDGE('',*,*,#5459,.T.);
#3876=ORIENTED_EDGE('',*,*,#5475,.T.);
#3877=ORIENTED_EDGE('',*,*,#5453,.F.);
#3878=ORIENTED_EDGE('',*,*,#5476,.T.);
#3879=ORIENTED_EDGE('',*,*,#5477,.T.);
#3880=ORIENTED_EDGE('',*,*,#5478,.T.);
#3881=ORIENTED_EDGE('',*,*,#5451,.T.);
#3882=ORIENTED_EDGE('',*,*,#5479,.T.);
#3883=ORIENTED_EDGE('',*,*,#5480,.F.);
#3884=ORIENTED_EDGE('',*,*,#5481,.T.);
#3885=ORIENTED_EDGE('',*,*,#5457,.T.);
#3886=ORIENTED_EDGE('',*,*,#5482,.T.);
#3887=ORIENTED_EDGE('',*,*,#5483,.F.);
#3888=ORIENTED_EDGE('',*,*,#5484,.T.);
#3889=ORIENTED_EDGE('',*,*,#5485,.T.);
#3890=ORIENTED_EDGE('',*,*,#5486,.T.);
#3891=ORIENTED_EDGE('',*,*,#5455,.F.);
#3892=ORIENTED_EDGE('',*,*,#5487,.T.);
#3893=ORIENTED_EDGE('',*,*,#5435,.F.);
#3894=ORIENTED_EDGE('',*,*,#5431,.T.);
#3895=ORIENTED_EDGE('',*,*,#5439,.F.);
#3896=ORIENTED_EDGE('',*,*,#5488,.T.);
#3897=ORIENTED_EDGE('',*,*,#5483,.T.);
#3898=ORIENTED_EDGE('',*,*,#5489,.T.);
#3899=ORIENTED_EDGE('',*,*,#5485,.F.);
#3900=ORIENTED_EDGE('',*,*,#5490,.T.);
#3901=ORIENTED_EDGE('',*,*,#5477,.F.);
#3902=ORIENTED_EDGE('',*,*,#5491,.T.);
#3903=ORIENTED_EDGE('',*,*,#5480,.T.);
#3904=ORIENTED_EDGE('',*,*,#5492,.T.);
#3905=ORIENTED_EDGE('',*,*,#5444,.F.);
#3906=ORIENTED_EDGE('',*,*,#5466,.F.);
#3907=ORIENTED_EDGE('',*,*,#5472,.F.);
#3908=ORIENTED_EDGE('',*,*,#5468,.F.);
#3909=ORIENTED_EDGE('',*,*,#5489,.F.);
#3910=ORIENTED_EDGE('',*,*,#5482,.F.);
#3911=ORIENTED_EDGE('',*,*,#5456,.F.);
#3912=ORIENTED_EDGE('',*,*,#5486,.F.);
#3913=ORIENTED_EDGE('',*,*,#5450,.F.);
#3914=ORIENTED_EDGE('',*,*,#5463,.F.);
#3915=ORIENTED_EDGE('',*,*,#5473,.F.);
#3916=ORIENTED_EDGE('',*,*,#5467,.F.);
#3917=ORIENTED_EDGE('',*,*,#5492,.F.);
#3918=ORIENTED_EDGE('',*,*,#5479,.F.);
#3919=ORIENTED_EDGE('',*,*,#5458,.F.);
#3920=ORIENTED_EDGE('',*,*,#5484,.F.);
#3921=ORIENTED_EDGE('',*,*,#5448,.F.);
#3922=ORIENTED_EDGE('',*,*,#5460,.F.);
#3923=ORIENTED_EDGE('',*,*,#5474,.F.);
#3924=ORIENTED_EDGE('',*,*,#5464,.F.);
#3925=ORIENTED_EDGE('',*,*,#5491,.F.);
#3926=ORIENTED_EDGE('',*,*,#5476,.F.);
#3927=ORIENTED_EDGE('',*,*,#5452,.F.);
#3928=ORIENTED_EDGE('',*,*,#5481,.F.);
#3929=ORIENTED_EDGE('',*,*,#5446,.F.);
#3930=ORIENTED_EDGE('',*,*,#5470,.F.);
#3931=ORIENTED_EDGE('',*,*,#5475,.F.);
#3932=ORIENTED_EDGE('',*,*,#5461,.F.);
#3933=ORIENTED_EDGE('',*,*,#5490,.F.);
#3934=ORIENTED_EDGE('',*,*,#5487,.F.);
#3935=ORIENTED_EDGE('',*,*,#5454,.F.);
#3936=ORIENTED_EDGE('',*,*,#5478,.F.);
#3937=ORIENTED_EDGE('',*,*,#5488,.F.);
#3938=ORIENTED_EDGE('',*,*,#5493,.F.);
#3939=ORIENTED_EDGE('',*,*,#5493,.T.);
#3940=ORIENTED_EDGE('',*,*,#5494,.F.);
#3941=ORIENTED_EDGE('',*,*,#5494,.T.);
#3942=ORIENTED_EDGE('',*,*,#5471,.F.);
#3943=ORIENTED_EDGE('',*,*,#5495,.T.);
#3944=ORIENTED_EDGE('',*,*,#5496,.F.);
#3945=ORIENTED_EDGE('',*,*,#5497,.T.);
#3946=ORIENTED_EDGE('',*,*,#5498,.F.);
#3947=ORIENTED_EDGE('',*,*,#5499,.T.);
#3948=ORIENTED_EDGE('',*,*,#5500,.F.);
#3949=ORIENTED_EDGE('',*,*,#5501,.T.);
#3950=ORIENTED_EDGE('',*,*,#5502,.F.);
#3951=ORIENTED_EDGE('',*,*,#5503,.T.);
#3952=ORIENTED_EDGE('',*,*,#5504,.F.);
#3953=ORIENTED_EDGE('',*,*,#5505,.T.);
#3954=ORIENTED_EDGE('',*,*,#5506,.T.);
#3955=ORIENTED_EDGE('',*,*,#5507,.T.);
#3956=ORIENTED_EDGE('',*,*,#5508,.F.);
#3957=ORIENTED_EDGE('',*,*,#5509,.T.);
#3958=ORIENTED_EDGE('',*,*,#5510,.F.);
#3959=ORIENTED_EDGE('',*,*,#5511,.F.);
#3960=ORIENTED_EDGE('',*,*,#5512,.F.);
#3961=ORIENTED_EDGE('',*,*,#5510,.T.);
#3962=ORIENTED_EDGE('',*,*,#5513,.F.);
#3963=ORIENTED_EDGE('',*,*,#5514,.F.);
#3964=ORIENTED_EDGE('',*,*,#5515,.F.);
#3965=ORIENTED_EDGE('',*,*,#5511,.T.);
#3966=ORIENTED_EDGE('',*,*,#5516,.T.);
#3967=ORIENTED_EDGE('',*,*,#5517,.F.);
#3968=ORIENTED_EDGE('',*,*,#5518,.T.);
#3969=ORIENTED_EDGE('',*,*,#5504,.T.);
#3970=ORIENTED_EDGE('',*,*,#5519,.F.);
#3971=ORIENTED_EDGE('',*,*,#5520,.T.);
#3972=ORIENTED_EDGE('',*,*,#5521,.F.);
#3973=ORIENTED_EDGE('',*,*,#5514,.T.);
#3974=ORIENTED_EDGE('',*,*,#5522,.F.);
#3975=ORIENTED_EDGE('',*,*,#5523,.T.);
#3976=ORIENTED_EDGE('',*,*,#5520,.F.);
#3977=ORIENTED_EDGE('',*,*,#5524,.T.);
#3978=ORIENTED_EDGE('',*,*,#5517,.T.);
#3979=ORIENTED_EDGE('',*,*,#5525,.F.);
#3980=ORIENTED_EDGE('',*,*,#5526,.T.);
#3981=ORIENTED_EDGE('',*,*,#5508,.T.);
#3982=ORIENTED_EDGE('',*,*,#5527,.F.);
#3983=ORIENTED_EDGE('',*,*,#5528,.T.);
#3984=ORIENTED_EDGE('',*,*,#5529,.F.);
#3985=ORIENTED_EDGE('',*,*,#5530,.T.);
#3986=ORIENTED_EDGE('',*,*,#5525,.T.);
#3987=ORIENTED_EDGE('',*,*,#5531,.T.);
#3988=ORIENTED_EDGE('',*,*,#5532,.F.);
#3989=ORIENTED_EDGE('',*,*,#5533,.T.);
#3990=ORIENTED_EDGE('',*,*,#5534,.F.);
#3991=ORIENTED_EDGE('',*,*,#5535,.F.);
#3992=ORIENTED_EDGE('',*,*,#5536,.F.);
#3993=ORIENTED_EDGE('',*,*,#5534,.T.);
#3994=ORIENTED_EDGE('',*,*,#5537,.F.);
#3995=ORIENTED_EDGE('',*,*,#5538,.F.);
#3996=ORIENTED_EDGE('',*,*,#5535,.T.);
#3997=ORIENTED_EDGE('',*,*,#5539,.T.);
#3998=ORIENTED_EDGE('',*,*,#5540,.F.);
#3999=ORIENTED_EDGE('',*,*,#5541,.T.);
#4000=ORIENTED_EDGE('',*,*,#5529,.T.);
#4001=ORIENTED_EDGE('',*,*,#5542,.F.);
#4002=ORIENTED_EDGE('',*,*,#5543,.F.);
#4003=ORIENTED_EDGE('',*,*,#5544,.T.);
#4004=ORIENTED_EDGE('',*,*,#5545,.F.);
#4005=ORIENTED_EDGE('',*,*,#5540,.T.);
#4006=ORIENTED_EDGE('',*,*,#5546,.F.);
#4007=ORIENTED_EDGE('',*,*,#5547,.T.);
#4008=ORIENTED_EDGE('',*,*,#5544,.F.);
#4009=ORIENTED_EDGE('',*,*,#5548,.T.);
#4010=ORIENTED_EDGE('',*,*,#5543,.T.);
#4011=ORIENTED_EDGE('',*,*,#5549,.T.);
#4012=ORIENTED_EDGE('',*,*,#5532,.T.);
#4013=ORIENTED_EDGE('',*,*,#5550,.F.);
#4014=ORIENTED_EDGE('',*,*,#5551,.F.);
#4015=ORIENTED_EDGE('',*,*,#5552,.T.);
#4016=ORIENTED_EDGE('',*,*,#5553,.F.);
#4017=ORIENTED_EDGE('',*,*,#5554,.T.);
#4018=ORIENTED_EDGE('',*,*,#5551,.T.);
#4019=ORIENTED_EDGE('',*,*,#5555,.T.);
#4020=ORIENTED_EDGE('',*,*,#5556,.F.);
#4021=ORIENTED_EDGE('',*,*,#5557,.T.);
#4022=ORIENTED_EDGE('',*,*,#5558,.F.);
#4023=ORIENTED_EDGE('',*,*,#5559,.F.);
#4024=ORIENTED_EDGE('',*,*,#5560,.F.);
#4025=ORIENTED_EDGE('',*,*,#5558,.T.);
#4026=ORIENTED_EDGE('',*,*,#5561,.F.);
#4027=ORIENTED_EDGE('',*,*,#5562,.F.);
#4028=ORIENTED_EDGE('',*,*,#5563,.T.);
#4029=ORIENTED_EDGE('',*,*,#5553,.T.);
#4030=ORIENTED_EDGE('',*,*,#5564,.F.);
#4031=ORIENTED_EDGE('',*,*,#5565,.F.);
#4032=ORIENTED_EDGE('',*,*,#5559,.T.);
#4033=ORIENTED_EDGE('',*,*,#5566,.T.);
#4034=ORIENTED_EDGE('',*,*,#5567,.F.);
#4035=ORIENTED_EDGE('',*,*,#5568,.T.);
#4036=ORIENTED_EDGE('',*,*,#5562,.T.);
#4037=ORIENTED_EDGE('',*,*,#5569,.T.);
#4038=ORIENTED_EDGE('',*,*,#5570,.T.);
#4039=ORIENTED_EDGE('',*,*,#5570,.F.);
#4040=ORIENTED_EDGE('',*,*,#5571,.F.);
#4041=ORIENTED_EDGE('',*,*,#5567,.T.);
#4042=ORIENTED_EDGE('',*,*,#5572,.F.);
#4043=ORIENTED_EDGE('',*,*,#5573,.F.);
#4044=ORIENTED_EDGE('',*,*,#5574,.T.);
#4045=ORIENTED_EDGE('',*,*,#5556,.T.);
#4046=ORIENTED_EDGE('',*,*,#5575,.F.);
#4047=ORIENTED_EDGE('',*,*,#5576,.T.);
#4048=ORIENTED_EDGE('',*,*,#5577,.F.);
#4049=ORIENTED_EDGE('',*,*,#5578,.T.);
#4050=ORIENTED_EDGE('',*,*,#5573,.T.);
#4051=ORIENTED_EDGE('',*,*,#5579,.T.);
#4052=ORIENTED_EDGE('',*,*,#5580,.F.);
#4053=ORIENTED_EDGE('',*,*,#5506,.F.);
#4054=ORIENTED_EDGE('',*,*,#5581,.T.);
#4055=ORIENTED_EDGE('',*,*,#5582,.F.);
#4056=ORIENTED_EDGE('',*,*,#5583,.T.);
#4057=ORIENTED_EDGE('',*,*,#5577,.T.);
#4058=ORIENTED_EDGE('',*,*,#5584,.F.);
#4059=ORIENTED_EDGE('',*,*,#5585,.T.);
#4060=ORIENTED_EDGE('',*,*,#5582,.T.);
#4061=ORIENTED_EDGE('',*,*,#5586,.T.);
#4062=ORIENTED_EDGE('',*,*,#5587,.T.);
#4063=ORIENTED_EDGE('',*,*,#5587,.F.);
#4064=ORIENTED_EDGE('',*,*,#5588,.F.);
#4065=ORIENTED_EDGE('',*,*,#5589,.T.);
#4066=ORIENTED_EDGE('',*,*,#5590,.F.);
#4067=ORIENTED_EDGE('',*,*,#5591,.T.);
#4068=ORIENTED_EDGE('',*,*,#5592,.T.);
#4069=ORIENTED_EDGE('',*,*,#5588,.T.);
#4070=ORIENTED_EDGE('',*,*,#5586,.F.);
#4071=ORIENTED_EDGE('',*,*,#5584,.T.);
#4072=ORIENTED_EDGE('',*,*,#5576,.F.);
#4073=ORIENTED_EDGE('',*,*,#5575,.T.);
#4074=ORIENTED_EDGE('',*,*,#5555,.F.);
#4075=ORIENTED_EDGE('',*,*,#5560,.T.);
#4076=ORIENTED_EDGE('',*,*,#5565,.T.);
#4077=ORIENTED_EDGE('',*,*,#5571,.T.);
#4078=ORIENTED_EDGE('',*,*,#5569,.F.);
#4079=ORIENTED_EDGE('',*,*,#5564,.T.);
#4080=ORIENTED_EDGE('',*,*,#5552,.F.);
#4081=ORIENTED_EDGE('',*,*,#5550,.T.);
#4082=ORIENTED_EDGE('',*,*,#5531,.F.);
#4083=ORIENTED_EDGE('',*,*,#5536,.T.);
#4084=ORIENTED_EDGE('',*,*,#5538,.T.);
#4085=ORIENTED_EDGE('',*,*,#5545,.T.);
#4086=ORIENTED_EDGE('',*,*,#5547,.F.);
#4087=ORIENTED_EDGE('',*,*,#5542,.T.);
#4088=ORIENTED_EDGE('',*,*,#5528,.F.);
#4089=ORIENTED_EDGE('',*,*,#5527,.T.);
#4090=ORIENTED_EDGE('',*,*,#5507,.F.);
#4091=ORIENTED_EDGE('',*,*,#5512,.T.);
#4092=ORIENTED_EDGE('',*,*,#5515,.T.);
#4093=ORIENTED_EDGE('',*,*,#5521,.T.);
#4094=ORIENTED_EDGE('',*,*,#5523,.F.);
#4095=ORIENTED_EDGE('',*,*,#5519,.T.);
#4096=ORIENTED_EDGE('',*,*,#5503,.F.);
#4097=ORIENTED_EDGE('',*,*,#5580,.T.);
#4098=ORIENTED_EDGE('',*,*,#5593,.F.);
#4099=ORIENTED_EDGE('',*,*,#5495,.F.);
#4100=ORIENTED_EDGE('',*,*,#5497,.F.);
#4101=ORIENTED_EDGE('',*,*,#5499,.F.);
#4102=ORIENTED_EDGE('',*,*,#5501,.F.);
#4103=ORIENTED_EDGE('',*,*,#5594,.F.);
#4104=ORIENTED_EDGE('',*,*,#5581,.F.);
#4105=ORIENTED_EDGE('',*,*,#5505,.F.);
#4106=ORIENTED_EDGE('',*,*,#5518,.F.);
#4107=ORIENTED_EDGE('',*,*,#5524,.F.);
#4108=ORIENTED_EDGE('',*,*,#5522,.T.);
#4109=ORIENTED_EDGE('',*,*,#5516,.F.);
#4110=ORIENTED_EDGE('',*,*,#5513,.T.);
#4111=ORIENTED_EDGE('',*,*,#5509,.F.);
#4112=ORIENTED_EDGE('',*,*,#5526,.F.);
#4113=ORIENTED_EDGE('',*,*,#5530,.F.);
#4114=ORIENTED_EDGE('',*,*,#5541,.F.);
#4115=ORIENTED_EDGE('',*,*,#5548,.F.);
#4116=ORIENTED_EDGE('',*,*,#5546,.T.);
#4117=ORIENTED_EDGE('',*,*,#5539,.F.);
#4118=ORIENTED_EDGE('',*,*,#5537,.T.);
#4119=ORIENTED_EDGE('',*,*,#5533,.F.);
#4120=ORIENTED_EDGE('',*,*,#5549,.F.);
#4121=ORIENTED_EDGE('',*,*,#5554,.F.);
#4122=ORIENTED_EDGE('',*,*,#5563,.F.);
#4123=ORIENTED_EDGE('',*,*,#5568,.F.);
#4124=ORIENTED_EDGE('',*,*,#5572,.T.);
#4125=ORIENTED_EDGE('',*,*,#5566,.F.);
#4126=ORIENTED_EDGE('',*,*,#5561,.T.);
#4127=ORIENTED_EDGE('',*,*,#5557,.F.);
#4128=ORIENTED_EDGE('',*,*,#5574,.F.);
#4129=ORIENTED_EDGE('',*,*,#5578,.F.);
#4130=ORIENTED_EDGE('',*,*,#5583,.F.);
#4131=ORIENTED_EDGE('',*,*,#5585,.F.);
#4132=ORIENTED_EDGE('',*,*,#5590,.T.);
#4133=ORIENTED_EDGE('',*,*,#5595,.F.);
#4134=ORIENTED_EDGE('',*,*,#5596,.T.);
#4135=ORIENTED_EDGE('',*,*,#5496,.T.);
#4136=ORIENTED_EDGE('',*,*,#5498,.T.);
#4137=ORIENTED_EDGE('',*,*,#5500,.T.);
#4138=ORIENTED_EDGE('',*,*,#5502,.T.);
#4139=ORIENTED_EDGE('',*,*,#5593,.T.);
#4140=ORIENTED_EDGE('',*,*,#5579,.F.);
#4141=ORIENTED_EDGE('',*,*,#5594,.T.);
#4142=ORIENTED_EDGE('',*,*,#5597,.F.);
#4143=ORIENTED_EDGE('',*,*,#5598,.T.);
#4144=ORIENTED_EDGE('',*,*,#5595,.T.);
#4145=ORIENTED_EDGE('',*,*,#5589,.F.);
#4146=ORIENTED_EDGE('',*,*,#5592,.F.);
#4147=ORIENTED_EDGE('',*,*,#5598,.F.);
#4148=ORIENTED_EDGE('',*,*,#5591,.F.);
#4149=ORIENTED_EDGE('',*,*,#5597,.T.);
#4150=ORIENTED_EDGE('',*,*,#5596,.F.);
#4151=ORIENTED_EDGE('',*,*,#5599,.F.);
#4152=ORIENTED_EDGE('',*,*,#5600,.T.);
#4153=ORIENTED_EDGE('',*,*,#5601,.T.);
#4154=ORIENTED_EDGE('',*,*,#5602,.T.);
#4155=ORIENTED_EDGE('',*,*,#5603,.T.);
#4156=ORIENTED_EDGE('',*,*,#5604,.T.);
#4157=ORIENTED_EDGE('',*,*,#5605,.T.);
#4158=ORIENTED_EDGE('',*,*,#5606,.F.);
#4159=ORIENTED_EDGE('',*,*,#5607,.F.);
#4160=ORIENTED_EDGE('',*,*,#5608,.T.);
#4161=ORIENTED_EDGE('',*,*,#5609,.T.);
#4162=ORIENTED_EDGE('',*,*,#5600,.F.);
#4163=ORIENTED_EDGE('',*,*,#5609,.F.);
#4164=ORIENTED_EDGE('',*,*,#5610,.T.);
#4165=ORIENTED_EDGE('',*,*,#5611,.T.);
#4166=ORIENTED_EDGE('',*,*,#5601,.F.);
#4167=ORIENTED_EDGE('',*,*,#5611,.F.);
#4168=ORIENTED_EDGE('',*,*,#5612,.T.);
#4169=ORIENTED_EDGE('',*,*,#5613,.T.);
#4170=ORIENTED_EDGE('',*,*,#5602,.F.);
#4171=ORIENTED_EDGE('',*,*,#5613,.F.);
#4172=ORIENTED_EDGE('',*,*,#5614,.T.);
#4173=ORIENTED_EDGE('',*,*,#5615,.T.);
#4174=ORIENTED_EDGE('',*,*,#5603,.F.);
#4175=ORIENTED_EDGE('',*,*,#5615,.F.);
#4176=ORIENTED_EDGE('',*,*,#5616,.T.);
#4177=ORIENTED_EDGE('',*,*,#5617,.T.);
#4178=ORIENTED_EDGE('',*,*,#5604,.F.);
#4179=ORIENTED_EDGE('',*,*,#5617,.F.);
#4180=ORIENTED_EDGE('',*,*,#5618,.T.);
#4181=ORIENTED_EDGE('',*,*,#5607,.T.);
#4182=ORIENTED_EDGE('',*,*,#5605,.F.);
#4183=ORIENTED_EDGE('',*,*,#5618,.F.);
#4184=ORIENTED_EDGE('',*,*,#5616,.F.);
#4185=ORIENTED_EDGE('',*,*,#5614,.F.);
#4186=ORIENTED_EDGE('',*,*,#5612,.F.);
#4187=ORIENTED_EDGE('',*,*,#5610,.F.);
#4188=ORIENTED_EDGE('',*,*,#5608,.F.);
#4189=ORIENTED_EDGE('',*,*,#5619,.F.);
#4190=ORIENTED_EDGE('',*,*,#5620,.T.);
#4191=ORIENTED_EDGE('',*,*,#5620,.F.);
#4192=ORIENTED_EDGE('',*,*,#5619,.T.);
#4193=ORIENTED_EDGE('',*,*,#5606,.T.);
#4194=ORIENTED_EDGE('',*,*,#5599,.T.);
#4195=ORIENTED_EDGE('',*,*,#5621,.F.);
#4196=ORIENTED_EDGE('',*,*,#5622,.T.);
#4197=ORIENTED_EDGE('',*,*,#5623,.T.);
#4198=ORIENTED_EDGE('',*,*,#5624,.T.);
#4199=ORIENTED_EDGE('',*,*,#5625,.T.);
#4200=ORIENTED_EDGE('',*,*,#5626,.T.);
#4201=ORIENTED_EDGE('',*,*,#5627,.T.);
#4202=ORIENTED_EDGE('',*,*,#5628,.F.);
#4203=ORIENTED_EDGE('',*,*,#5629,.F.);
#4204=ORIENTED_EDGE('',*,*,#5630,.T.);
#4205=ORIENTED_EDGE('',*,*,#5631,.T.);
#4206=ORIENTED_EDGE('',*,*,#5622,.F.);
#4207=ORIENTED_EDGE('',*,*,#5631,.F.);
#4208=ORIENTED_EDGE('',*,*,#5632,.T.);
#4209=ORIENTED_EDGE('',*,*,#5633,.T.);
#4210=ORIENTED_EDGE('',*,*,#5623,.F.);
#4211=ORIENTED_EDGE('',*,*,#5633,.F.);
#4212=ORIENTED_EDGE('',*,*,#5634,.T.);
#4213=ORIENTED_EDGE('',*,*,#5635,.T.);
#4214=ORIENTED_EDGE('',*,*,#5624,.F.);
#4215=ORIENTED_EDGE('',*,*,#5635,.F.);
#4216=ORIENTED_EDGE('',*,*,#5636,.T.);
#4217=ORIENTED_EDGE('',*,*,#5637,.T.);
#4218=ORIENTED_EDGE('',*,*,#5625,.F.);
#4219=ORIENTED_EDGE('',*,*,#5637,.F.);
#4220=ORIENTED_EDGE('',*,*,#5638,.T.);
#4221=ORIENTED_EDGE('',*,*,#5639,.T.);
#4222=ORIENTED_EDGE('',*,*,#5626,.F.);
#4223=ORIENTED_EDGE('',*,*,#5639,.F.);
#4224=ORIENTED_EDGE('',*,*,#5640,.T.);
#4225=ORIENTED_EDGE('',*,*,#5629,.T.);
#4226=ORIENTED_EDGE('',*,*,#5627,.F.);
#4227=ORIENTED_EDGE('',*,*,#5640,.F.);
#4228=ORIENTED_EDGE('',*,*,#5638,.F.);
#4229=ORIENTED_EDGE('',*,*,#5636,.F.);
#4230=ORIENTED_EDGE('',*,*,#5634,.F.);
#4231=ORIENTED_EDGE('',*,*,#5632,.F.);
#4232=ORIENTED_EDGE('',*,*,#5630,.F.);
#4233=ORIENTED_EDGE('',*,*,#5641,.F.);
#4234=ORIENTED_EDGE('',*,*,#5642,.T.);
#4235=ORIENTED_EDGE('',*,*,#5642,.F.);
#4236=ORIENTED_EDGE('',*,*,#5641,.T.);
#4237=ORIENTED_EDGE('',*,*,#5628,.T.);
#4238=ORIENTED_EDGE('',*,*,#5621,.T.);
#4239=ORIENTED_EDGE('',*,*,#5643,.F.);
#4240=ORIENTED_EDGE('',*,*,#5644,.T.);
#4241=ORIENTED_EDGE('',*,*,#5645,.T.);
#4242=ORIENTED_EDGE('',*,*,#5646,.F.);
#4243=ORIENTED_EDGE('',*,*,#5645,.F.);
#4244=ORIENTED_EDGE('',*,*,#5647,.T.);
#4245=ORIENTED_EDGE('',*,*,#5648,.T.);
#4246=ORIENTED_EDGE('',*,*,#5649,.F.);
#4247=ORIENTED_EDGE('',*,*,#5648,.F.);
#4248=ORIENTED_EDGE('',*,*,#5650,.T.);
#4249=ORIENTED_EDGE('',*,*,#5651,.T.);
#4250=ORIENTED_EDGE('',*,*,#5652,.F.);
#4251=ORIENTED_EDGE('',*,*,#5651,.F.);
#4252=ORIENTED_EDGE('',*,*,#5653,.T.);
#4253=ORIENTED_EDGE('',*,*,#5643,.T.);
#4254=ORIENTED_EDGE('',*,*,#5654,.F.);
#4255=ORIENTED_EDGE('',*,*,#5653,.F.);
#4256=ORIENTED_EDGE('',*,*,#5650,.F.);
#4257=ORIENTED_EDGE('',*,*,#5647,.F.);
#4258=ORIENTED_EDGE('',*,*,#5644,.F.);
#4259=ORIENTED_EDGE('',*,*,#5646,.T.);
#4260=ORIENTED_EDGE('',*,*,#5649,.T.);
#4261=ORIENTED_EDGE('',*,*,#5652,.T.);
#4262=ORIENTED_EDGE('',*,*,#5654,.T.);
#4263=ORIENTED_EDGE('',*,*,#5655,.F.);
#4264=ORIENTED_EDGE('',*,*,#5656,.T.);
#4265=ORIENTED_EDGE('',*,*,#5657,.T.);
#4266=ORIENTED_EDGE('',*,*,#5658,.T.);
#4267=ORIENTED_EDGE('',*,*,#5659,.T.);
#4268=ORIENTED_EDGE('',*,*,#5660,.T.);
#4269=ORIENTED_EDGE('',*,*,#5661,.T.);
#4270=ORIENTED_EDGE('',*,*,#5662,.F.);
#4271=ORIENTED_EDGE('',*,*,#5663,.F.);
#4272=ORIENTED_EDGE('',*,*,#5664,.T.);
#4273=ORIENTED_EDGE('',*,*,#5665,.T.);
#4274=ORIENTED_EDGE('',*,*,#5656,.F.);
#4275=ORIENTED_EDGE('',*,*,#5665,.F.);
#4276=ORIENTED_EDGE('',*,*,#5666,.T.);
#4277=ORIENTED_EDGE('',*,*,#5667,.T.);
#4278=ORIENTED_EDGE('',*,*,#5657,.F.);
#4279=ORIENTED_EDGE('',*,*,#5667,.F.);
#4280=ORIENTED_EDGE('',*,*,#5668,.T.);
#4281=ORIENTED_EDGE('',*,*,#5669,.T.);
#4282=ORIENTED_EDGE('',*,*,#5658,.F.);
#4283=ORIENTED_EDGE('',*,*,#5669,.F.);
#4284=ORIENTED_EDGE('',*,*,#5670,.T.);
#4285=ORIENTED_EDGE('',*,*,#5671,.T.);
#4286=ORIENTED_EDGE('',*,*,#5659,.F.);
#4287=ORIENTED_EDGE('',*,*,#5671,.F.);
#4288=ORIENTED_EDGE('',*,*,#5672,.T.);
#4289=ORIENTED_EDGE('',*,*,#5673,.T.);
#4290=ORIENTED_EDGE('',*,*,#5660,.F.);
#4291=ORIENTED_EDGE('',*,*,#5673,.F.);
#4292=ORIENTED_EDGE('',*,*,#5674,.T.);
#4293=ORIENTED_EDGE('',*,*,#5663,.T.);
#4294=ORIENTED_EDGE('',*,*,#5661,.F.);
#4295=ORIENTED_EDGE('',*,*,#5674,.F.);
#4296=ORIENTED_EDGE('',*,*,#5672,.F.);
#4297=ORIENTED_EDGE('',*,*,#5670,.F.);
#4298=ORIENTED_EDGE('',*,*,#5668,.F.);
#4299=ORIENTED_EDGE('',*,*,#5666,.F.);
#4300=ORIENTED_EDGE('',*,*,#5664,.F.);
#4301=ORIENTED_EDGE('',*,*,#5675,.F.);
#4302=ORIENTED_EDGE('',*,*,#5676,.T.);
#4303=ORIENTED_EDGE('',*,*,#5676,.F.);
#4304=ORIENTED_EDGE('',*,*,#5675,.T.);
#4305=ORIENTED_EDGE('',*,*,#5662,.T.);
#4306=ORIENTED_EDGE('',*,*,#5655,.T.);
#4307=ORIENTED_EDGE('',*,*,#5677,.F.);
#4308=ORIENTED_EDGE('',*,*,#5678,.T.);
#4309=ORIENTED_EDGE('',*,*,#5679,.T.);
#4310=ORIENTED_EDGE('',*,*,#5680,.T.);
#4311=ORIENTED_EDGE('',*,*,#5681,.T.);
#4312=ORIENTED_EDGE('',*,*,#5682,.T.);
#4313=ORIENTED_EDGE('',*,*,#5683,.T.);
#4314=ORIENTED_EDGE('',*,*,#5684,.F.);
#4315=ORIENTED_EDGE('',*,*,#5685,.F.);
#4316=ORIENTED_EDGE('',*,*,#5686,.T.);
#4317=ORIENTED_EDGE('',*,*,#5687,.T.);
#4318=ORIENTED_EDGE('',*,*,#5678,.F.);
#4319=ORIENTED_EDGE('',*,*,#5687,.F.);
#4320=ORIENTED_EDGE('',*,*,#5688,.T.);
#4321=ORIENTED_EDGE('',*,*,#5689,.T.);
#4322=ORIENTED_EDGE('',*,*,#5679,.F.);
#4323=ORIENTED_EDGE('',*,*,#5689,.F.);
#4324=ORIENTED_EDGE('',*,*,#5690,.T.);
#4325=ORIENTED_EDGE('',*,*,#5691,.T.);
#4326=ORIENTED_EDGE('',*,*,#5680,.F.);
#4327=ORIENTED_EDGE('',*,*,#5691,.F.);
#4328=ORIENTED_EDGE('',*,*,#5692,.T.);
#4329=ORIENTED_EDGE('',*,*,#5693,.T.);
#4330=ORIENTED_EDGE('',*,*,#5681,.F.);
#4331=ORIENTED_EDGE('',*,*,#5693,.F.);
#4332=ORIENTED_EDGE('',*,*,#5694,.T.);
#4333=ORIENTED_EDGE('',*,*,#5695,.T.);
#4334=ORIENTED_EDGE('',*,*,#5682,.F.);
#4335=ORIENTED_EDGE('',*,*,#5695,.F.);
#4336=ORIENTED_EDGE('',*,*,#5696,.T.);
#4337=ORIENTED_EDGE('',*,*,#5685,.T.);
#4338=ORIENTED_EDGE('',*,*,#5683,.F.);
#4339=ORIENTED_EDGE('',*,*,#5696,.F.);
#4340=ORIENTED_EDGE('',*,*,#5694,.F.);
#4341=ORIENTED_EDGE('',*,*,#5692,.F.);
#4342=ORIENTED_EDGE('',*,*,#5690,.F.);
#4343=ORIENTED_EDGE('',*,*,#5688,.F.);
#4344=ORIENTED_EDGE('',*,*,#5686,.F.);
#4345=ORIENTED_EDGE('',*,*,#5697,.F.);
#4346=ORIENTED_EDGE('',*,*,#5698,.T.);
#4347=ORIENTED_EDGE('',*,*,#5698,.F.);
#4348=ORIENTED_EDGE('',*,*,#5697,.T.);
#4349=ORIENTED_EDGE('',*,*,#5684,.T.);
#4350=ORIENTED_EDGE('',*,*,#5677,.T.);
#4351=ORIENTED_EDGE('',*,*,#5699,.F.);
#4352=ORIENTED_EDGE('',*,*,#5700,.T.);
#4353=ORIENTED_EDGE('',*,*,#5701,.T.);
#4354=ORIENTED_EDGE('',*,*,#5702,.F.);
#4355=ORIENTED_EDGE('',*,*,#5701,.F.);
#4356=ORIENTED_EDGE('',*,*,#5703,.T.);
#4357=ORIENTED_EDGE('',*,*,#5704,.T.);
#4358=ORIENTED_EDGE('',*,*,#5705,.F.);
#4359=ORIENTED_EDGE('',*,*,#5704,.F.);
#4360=ORIENTED_EDGE('',*,*,#5706,.T.);
#4361=ORIENTED_EDGE('',*,*,#5707,.T.);
#4362=ORIENTED_EDGE('',*,*,#5708,.F.);
#4363=ORIENTED_EDGE('',*,*,#5707,.F.);
#4364=ORIENTED_EDGE('',*,*,#5709,.T.);
#4365=ORIENTED_EDGE('',*,*,#5699,.T.);
#4366=ORIENTED_EDGE('',*,*,#5710,.F.);
#4367=ORIENTED_EDGE('',*,*,#5709,.F.);
#4368=ORIENTED_EDGE('',*,*,#5706,.F.);
#4369=ORIENTED_EDGE('',*,*,#5703,.F.);
#4370=ORIENTED_EDGE('',*,*,#5700,.F.);
#4371=ORIENTED_EDGE('',*,*,#5702,.T.);
#4372=ORIENTED_EDGE('',*,*,#5705,.T.);
#4373=ORIENTED_EDGE('',*,*,#5708,.T.);
#4374=ORIENTED_EDGE('',*,*,#5710,.T.);
#4375=ORIENTED_EDGE('',*,*,#5711,.T.);
#4376=ORIENTED_EDGE('',*,*,#5712,.T.);
#4377=ORIENTED_EDGE('',*,*,#5713,.F.);
#4378=ORIENTED_EDGE('',*,*,#5714,.F.);
#4379=ORIENTED_EDGE('',*,*,#5713,.T.);
#4380=ORIENTED_EDGE('',*,*,#5714,.T.);
#4381=ORIENTED_EDGE('',*,*,#5715,.F.);
#4382=ORIENTED_EDGE('',*,*,#5716,.F.);
#4383=ORIENTED_EDGE('',*,*,#5717,.F.);
#4384=ORIENTED_EDGE('',*,*,#5718,.F.);
#4385=ORIENTED_EDGE('',*,*,#5719,.F.);
#4386=ORIENTED_EDGE('',*,*,#5720,.F.);
#4387=ORIENTED_EDGE('',*,*,#5721,.F.);
#4388=ORIENTED_EDGE('',*,*,#5715,.T.);
#4389=ORIENTED_EDGE('',*,*,#5722,.T.);
#4390=ORIENTED_EDGE('',*,*,#5723,.F.);
#4391=ORIENTED_EDGE('',*,*,#5724,.F.);
#4392=ORIENTED_EDGE('',*,*,#5716,.T.);
#4393=ORIENTED_EDGE('',*,*,#5721,.T.);
#4394=ORIENTED_EDGE('',*,*,#5725,.F.);
#4395=ORIENTED_EDGE('',*,*,#5726,.F.);
#4396=ORIENTED_EDGE('',*,*,#5717,.T.);
#4397=ORIENTED_EDGE('',*,*,#5724,.T.);
#4398=ORIENTED_EDGE('',*,*,#5727,.F.);
#4399=ORIENTED_EDGE('',*,*,#5728,.F.);
#4400=ORIENTED_EDGE('',*,*,#5718,.T.);
#4401=ORIENTED_EDGE('',*,*,#5726,.T.);
#4402=ORIENTED_EDGE('',*,*,#5729,.F.);
#4403=ORIENTED_EDGE('',*,*,#5730,.F.);
#4404=ORIENTED_EDGE('',*,*,#5719,.T.);
#4405=ORIENTED_EDGE('',*,*,#5728,.T.);
#4406=ORIENTED_EDGE('',*,*,#5731,.F.);
#4407=ORIENTED_EDGE('',*,*,#5722,.F.);
#4408=ORIENTED_EDGE('',*,*,#5720,.T.);
#4409=ORIENTED_EDGE('',*,*,#5730,.T.);
#4410=ORIENTED_EDGE('',*,*,#5732,.F.);
#4411=ORIENTED_EDGE('',*,*,#5712,.F.);
#4412=ORIENTED_EDGE('',*,*,#5732,.T.);
#4413=ORIENTED_EDGE('',*,*,#5731,.T.);
#4414=ORIENTED_EDGE('',*,*,#5729,.T.);
#4415=ORIENTED_EDGE('',*,*,#5727,.T.);
#4416=ORIENTED_EDGE('',*,*,#5725,.T.);
#4417=ORIENTED_EDGE('',*,*,#5723,.T.);
#4418=ORIENTED_EDGE('',*,*,#5711,.F.);
#4419=ORIENTED_EDGE('',*,*,#5733,.F.);
#4420=ORIENTED_EDGE('',*,*,#5734,.T.);
#4421=ORIENTED_EDGE('',*,*,#5735,.T.);
#4422=ORIENTED_EDGE('',*,*,#5736,.F.);
#4423=ORIENTED_EDGE('',*,*,#5735,.F.);
#4424=ORIENTED_EDGE('',*,*,#5737,.T.);
#4425=ORIENTED_EDGE('',*,*,#5738,.T.);
#4426=ORIENTED_EDGE('',*,*,#5739,.F.);
#4427=ORIENTED_EDGE('',*,*,#5738,.F.);
#4428=ORIENTED_EDGE('',*,*,#5740,.T.);
#4429=ORIENTED_EDGE('',*,*,#5741,.T.);
#4430=ORIENTED_EDGE('',*,*,#5742,.F.);
#4431=ORIENTED_EDGE('',*,*,#5741,.F.);
#4432=ORIENTED_EDGE('',*,*,#5743,.T.);
#4433=ORIENTED_EDGE('',*,*,#5733,.T.);
#4434=ORIENTED_EDGE('',*,*,#5744,.F.);
#4435=ORIENTED_EDGE('',*,*,#5743,.F.);
#4436=ORIENTED_EDGE('',*,*,#5740,.F.);
#4437=ORIENTED_EDGE('',*,*,#5737,.F.);
#4438=ORIENTED_EDGE('',*,*,#5734,.F.);
#4439=ORIENTED_EDGE('',*,*,#5736,.T.);
#4440=ORIENTED_EDGE('',*,*,#5739,.T.);
#4441=ORIENTED_EDGE('',*,*,#5742,.T.);
#4442=ORIENTED_EDGE('',*,*,#5744,.T.);
#4443=ORIENTED_EDGE('',*,*,#5745,.F.);
#4444=ORIENTED_EDGE('',*,*,#5746,.T.);
#4445=ORIENTED_EDGE('',*,*,#5747,.T.);
#4446=ORIENTED_EDGE('',*,*,#5748,.F.);
#4447=ORIENTED_EDGE('',*,*,#5747,.F.);
#4448=ORIENTED_EDGE('',*,*,#5749,.T.);
#4449=ORIENTED_EDGE('',*,*,#5750,.T.);
#4450=ORIENTED_EDGE('',*,*,#5751,.F.);
#4451=ORIENTED_EDGE('',*,*,#5750,.F.);
#4452=ORIENTED_EDGE('',*,*,#5752,.T.);
#4453=ORIENTED_EDGE('',*,*,#5753,.T.);
#4454=ORIENTED_EDGE('',*,*,#5754,.F.);
#4455=ORIENTED_EDGE('',*,*,#5753,.F.);
#4456=ORIENTED_EDGE('',*,*,#5755,.T.);
#4457=ORIENTED_EDGE('',*,*,#5745,.T.);
#4458=ORIENTED_EDGE('',*,*,#5756,.F.);
#4459=ORIENTED_EDGE('',*,*,#5755,.F.);
#4460=ORIENTED_EDGE('',*,*,#5752,.F.);
#4461=ORIENTED_EDGE('',*,*,#5749,.F.);
#4462=ORIENTED_EDGE('',*,*,#5746,.F.);
#4463=ORIENTED_EDGE('',*,*,#5748,.T.);
#4464=ORIENTED_EDGE('',*,*,#5751,.T.);
#4465=ORIENTED_EDGE('',*,*,#5754,.T.);
#4466=ORIENTED_EDGE('',*,*,#5756,.T.);
#4467=ORIENTED_EDGE('',*,*,#5757,.F.);
#4468=ORIENTED_EDGE('',*,*,#5758,.T.);
#4469=ORIENTED_EDGE('',*,*,#5759,.T.);
#4470=ORIENTED_EDGE('',*,*,#5760,.T.);
#4471=ORIENTED_EDGE('',*,*,#5761,.T.);
#4472=ORIENTED_EDGE('',*,*,#5762,.T.);
#4473=ORIENTED_EDGE('',*,*,#5763,.T.);
#4474=ORIENTED_EDGE('',*,*,#5764,.F.);
#4475=ORIENTED_EDGE('',*,*,#5765,.F.);
#4476=ORIENTED_EDGE('',*,*,#5766,.T.);
#4477=ORIENTED_EDGE('',*,*,#5767,.T.);
#4478=ORIENTED_EDGE('',*,*,#5758,.F.);
#4479=ORIENTED_EDGE('',*,*,#5767,.F.);
#4480=ORIENTED_EDGE('',*,*,#5768,.T.);
#4481=ORIENTED_EDGE('',*,*,#5769,.T.);
#4482=ORIENTED_EDGE('',*,*,#5759,.F.);
#4483=ORIENTED_EDGE('',*,*,#5769,.F.);
#4484=ORIENTED_EDGE('',*,*,#5770,.T.);
#4485=ORIENTED_EDGE('',*,*,#5771,.T.);
#4486=ORIENTED_EDGE('',*,*,#5760,.F.);
#4487=ORIENTED_EDGE('',*,*,#5771,.F.);
#4488=ORIENTED_EDGE('',*,*,#5772,.T.);
#4489=ORIENTED_EDGE('',*,*,#5773,.T.);
#4490=ORIENTED_EDGE('',*,*,#5761,.F.);
#4491=ORIENTED_EDGE('',*,*,#5773,.F.);
#4492=ORIENTED_EDGE('',*,*,#5774,.T.);
#4493=ORIENTED_EDGE('',*,*,#5775,.T.);
#4494=ORIENTED_EDGE('',*,*,#5762,.F.);
#4495=ORIENTED_EDGE('',*,*,#5775,.F.);
#4496=ORIENTED_EDGE('',*,*,#5776,.T.);
#4497=ORIENTED_EDGE('',*,*,#5765,.T.);
#4498=ORIENTED_EDGE('',*,*,#5763,.F.);
#4499=ORIENTED_EDGE('',*,*,#5776,.F.);
#4500=ORIENTED_EDGE('',*,*,#5774,.F.);
#4501=ORIENTED_EDGE('',*,*,#5772,.F.);
#4502=ORIENTED_EDGE('',*,*,#5770,.F.);
#4503=ORIENTED_EDGE('',*,*,#5768,.F.);
#4504=ORIENTED_EDGE('',*,*,#5766,.F.);
#4505=ORIENTED_EDGE('',*,*,#5777,.F.);
#4506=ORIENTED_EDGE('',*,*,#5778,.T.);
#4507=ORIENTED_EDGE('',*,*,#5778,.F.);
#4508=ORIENTED_EDGE('',*,*,#5777,.T.);
#4509=ORIENTED_EDGE('',*,*,#5764,.T.);
#4510=ORIENTED_EDGE('',*,*,#5757,.T.);
#4511=ORIENTED_EDGE('',*,*,#5779,.F.);
#4512=ORIENTED_EDGE('',*,*,#5780,.T.);
#4513=ORIENTED_EDGE('',*,*,#5781,.T.);
#4514=ORIENTED_EDGE('',*,*,#5782,.T.);
#4515=ORIENTED_EDGE('',*,*,#5783,.T.);
#4516=ORIENTED_EDGE('',*,*,#5784,.T.);
#4517=ORIENTED_EDGE('',*,*,#5785,.T.);
#4518=ORIENTED_EDGE('',*,*,#5786,.F.);
#4519=ORIENTED_EDGE('',*,*,#5787,.F.);
#4520=ORIENTED_EDGE('',*,*,#5788,.T.);
#4521=ORIENTED_EDGE('',*,*,#5789,.T.);
#4522=ORIENTED_EDGE('',*,*,#5780,.F.);
#4523=ORIENTED_EDGE('',*,*,#5789,.F.);
#4524=ORIENTED_EDGE('',*,*,#5790,.T.);
#4525=ORIENTED_EDGE('',*,*,#5791,.T.);
#4526=ORIENTED_EDGE('',*,*,#5781,.F.);
#4527=ORIENTED_EDGE('',*,*,#5791,.F.);
#4528=ORIENTED_EDGE('',*,*,#5792,.T.);
#4529=ORIENTED_EDGE('',*,*,#5793,.T.);
#4530=ORIENTED_EDGE('',*,*,#5782,.F.);
#4531=ORIENTED_EDGE('',*,*,#5793,.F.);
#4532=ORIENTED_EDGE('',*,*,#5794,.T.);
#4533=ORIENTED_EDGE('',*,*,#5795,.T.);
#4534=ORIENTED_EDGE('',*,*,#5783,.F.);
#4535=ORIENTED_EDGE('',*,*,#5795,.F.);
#4536=ORIENTED_EDGE('',*,*,#5796,.T.);
#4537=ORIENTED_EDGE('',*,*,#5797,.T.);
#4538=ORIENTED_EDGE('',*,*,#5784,.F.);
#4539=ORIENTED_EDGE('',*,*,#5797,.F.);
#4540=ORIENTED_EDGE('',*,*,#5798,.T.);
#4541=ORIENTED_EDGE('',*,*,#5787,.T.);
#4542=ORIENTED_EDGE('',*,*,#5785,.F.);
#4543=ORIENTED_EDGE('',*,*,#5798,.F.);
#4544=ORIENTED_EDGE('',*,*,#5796,.F.);
#4545=ORIENTED_EDGE('',*,*,#5794,.F.);
#4546=ORIENTED_EDGE('',*,*,#5792,.F.);
#4547=ORIENTED_EDGE('',*,*,#5790,.F.);
#4548=ORIENTED_EDGE('',*,*,#5788,.F.);
#4549=ORIENTED_EDGE('',*,*,#5799,.F.);
#4550=ORIENTED_EDGE('',*,*,#5800,.T.);
#4551=ORIENTED_EDGE('',*,*,#5800,.F.);
#4552=ORIENTED_EDGE('',*,*,#5799,.T.);
#4553=ORIENTED_EDGE('',*,*,#5786,.T.);
#4554=ORIENTED_EDGE('',*,*,#5779,.T.);
#4555=ORIENTED_EDGE('',*,*,#5801,.T.);
#4556=ORIENTED_EDGE('',*,*,#5802,.T.);
#4557=ORIENTED_EDGE('',*,*,#5803,.F.);
#4558=ORIENTED_EDGE('',*,*,#5804,.F.);
#4559=ORIENTED_EDGE('',*,*,#5803,.T.);
#4560=ORIENTED_EDGE('',*,*,#5804,.T.);
#4561=ORIENTED_EDGE('',*,*,#5805,.F.);
#4562=ORIENTED_EDGE('',*,*,#5806,.F.);
#4563=ORIENTED_EDGE('',*,*,#5807,.F.);
#4564=ORIENTED_EDGE('',*,*,#5808,.F.);
#4565=ORIENTED_EDGE('',*,*,#5809,.F.);
#4566=ORIENTED_EDGE('',*,*,#5810,.F.);
#4567=ORIENTED_EDGE('',*,*,#5811,.F.);
#4568=ORIENTED_EDGE('',*,*,#5805,.T.);
#4569=ORIENTED_EDGE('',*,*,#5812,.T.);
#4570=ORIENTED_EDGE('',*,*,#5813,.F.);
#4571=ORIENTED_EDGE('',*,*,#5814,.F.);
#4572=ORIENTED_EDGE('',*,*,#5806,.T.);
#4573=ORIENTED_EDGE('',*,*,#5811,.T.);
#4574=ORIENTED_EDGE('',*,*,#5815,.F.);
#4575=ORIENTED_EDGE('',*,*,#5816,.F.);
#4576=ORIENTED_EDGE('',*,*,#5807,.T.);
#4577=ORIENTED_EDGE('',*,*,#5814,.T.);
#4578=ORIENTED_EDGE('',*,*,#5817,.F.);
#4579=ORIENTED_EDGE('',*,*,#5818,.F.);
#4580=ORIENTED_EDGE('',*,*,#5808,.T.);
#4581=ORIENTED_EDGE('',*,*,#5816,.T.);
#4582=ORIENTED_EDGE('',*,*,#5819,.F.);
#4583=ORIENTED_EDGE('',*,*,#5820,.F.);
#4584=ORIENTED_EDGE('',*,*,#5809,.T.);
#4585=ORIENTED_EDGE('',*,*,#5818,.T.);
#4586=ORIENTED_EDGE('',*,*,#5821,.F.);
#4587=ORIENTED_EDGE('',*,*,#5812,.F.);
#4588=ORIENTED_EDGE('',*,*,#5810,.T.);
#4589=ORIENTED_EDGE('',*,*,#5820,.T.);
#4590=ORIENTED_EDGE('',*,*,#5822,.F.);
#4591=ORIENTED_EDGE('',*,*,#5802,.F.);
#4592=ORIENTED_EDGE('',*,*,#5822,.T.);
#4593=ORIENTED_EDGE('',*,*,#5821,.T.);
#4594=ORIENTED_EDGE('',*,*,#5819,.T.);
#4595=ORIENTED_EDGE('',*,*,#5817,.T.);
#4596=ORIENTED_EDGE('',*,*,#5815,.T.);
#4597=ORIENTED_EDGE('',*,*,#5813,.T.);
#4598=ORIENTED_EDGE('',*,*,#5801,.F.);
#4599=ORIENTED_EDGE('',*,*,#5823,.F.);
#4600=ORIENTED_EDGE('',*,*,#5824,.T.);
#4601=ORIENTED_EDGE('',*,*,#5825,.T.);
#4602=ORIENTED_EDGE('',*,*,#5826,.T.);
#4603=ORIENTED_EDGE('',*,*,#5827,.T.);
#4604=ORIENTED_EDGE('',*,*,#5828,.T.);
#4605=ORIENTED_EDGE('',*,*,#5829,.T.);
#4606=ORIENTED_EDGE('',*,*,#5830,.F.);
#4607=ORIENTED_EDGE('',*,*,#5831,.F.);
#4608=ORIENTED_EDGE('',*,*,#5832,.T.);
#4609=ORIENTED_EDGE('',*,*,#5833,.T.);
#4610=ORIENTED_EDGE('',*,*,#5824,.F.);
#4611=ORIENTED_EDGE('',*,*,#5833,.F.);
#4612=ORIENTED_EDGE('',*,*,#5834,.T.);
#4613=ORIENTED_EDGE('',*,*,#5835,.T.);
#4614=ORIENTED_EDGE('',*,*,#5825,.F.);
#4615=ORIENTED_EDGE('',*,*,#5835,.F.);
#4616=ORIENTED_EDGE('',*,*,#5836,.T.);
#4617=ORIENTED_EDGE('',*,*,#5837,.T.);
#4618=ORIENTED_EDGE('',*,*,#5826,.F.);
#4619=ORIENTED_EDGE('',*,*,#5837,.F.);
#4620=ORIENTED_EDGE('',*,*,#5838,.T.);
#4621=ORIENTED_EDGE('',*,*,#5839,.T.);
#4622=ORIENTED_EDGE('',*,*,#5827,.F.);
#4623=ORIENTED_EDGE('',*,*,#5839,.F.);
#4624=ORIENTED_EDGE('',*,*,#5840,.T.);
#4625=ORIENTED_EDGE('',*,*,#5841,.T.);
#4626=ORIENTED_EDGE('',*,*,#5828,.F.);
#4627=ORIENTED_EDGE('',*,*,#5841,.F.);
#4628=ORIENTED_EDGE('',*,*,#5842,.T.);
#4629=ORIENTED_EDGE('',*,*,#5831,.T.);
#4630=ORIENTED_EDGE('',*,*,#5829,.F.);
#4631=ORIENTED_EDGE('',*,*,#5842,.F.);
#4632=ORIENTED_EDGE('',*,*,#5840,.F.);
#4633=ORIENTED_EDGE('',*,*,#5838,.F.);
#4634=ORIENTED_EDGE('',*,*,#5836,.F.);
#4635=ORIENTED_EDGE('',*,*,#5834,.F.);
#4636=ORIENTED_EDGE('',*,*,#5832,.F.);
#4637=ORIENTED_EDGE('',*,*,#5843,.F.);
#4638=ORIENTED_EDGE('',*,*,#5844,.T.);
#4639=ORIENTED_EDGE('',*,*,#5844,.F.);
#4640=ORIENTED_EDGE('',*,*,#5843,.T.);
#4641=ORIENTED_EDGE('',*,*,#5830,.T.);
#4642=ORIENTED_EDGE('',*,*,#5823,.T.);
#4643=ORIENTED_EDGE('',*,*,#5845,.F.);
#4644=ORIENTED_EDGE('',*,*,#5846,.T.);
#4645=ORIENTED_EDGE('',*,*,#5847,.T.);
#4646=ORIENTED_EDGE('',*,*,#5848,.T.);
#4647=ORIENTED_EDGE('',*,*,#5849,.T.);
#4648=ORIENTED_EDGE('',*,*,#5850,.T.);
#4649=ORIENTED_EDGE('',*,*,#5851,.T.);
#4650=ORIENTED_EDGE('',*,*,#5852,.F.);
#4651=ORIENTED_EDGE('',*,*,#5853,.F.);
#4652=ORIENTED_EDGE('',*,*,#5854,.T.);
#4653=ORIENTED_EDGE('',*,*,#5855,.T.);
#4654=ORIENTED_EDGE('',*,*,#5846,.F.);
#4655=ORIENTED_EDGE('',*,*,#5855,.F.);
#4656=ORIENTED_EDGE('',*,*,#5856,.T.);
#4657=ORIENTED_EDGE('',*,*,#5857,.T.);
#4658=ORIENTED_EDGE('',*,*,#5847,.F.);
#4659=ORIENTED_EDGE('',*,*,#5857,.F.);
#4660=ORIENTED_EDGE('',*,*,#5858,.T.);
#4661=ORIENTED_EDGE('',*,*,#5859,.T.);
#4662=ORIENTED_EDGE('',*,*,#5848,.F.);
#4663=ORIENTED_EDGE('',*,*,#5859,.F.);
#4664=ORIENTED_EDGE('',*,*,#5860,.T.);
#4665=ORIENTED_EDGE('',*,*,#5861,.T.);
#4666=ORIENTED_EDGE('',*,*,#5849,.F.);
#4667=ORIENTED_EDGE('',*,*,#5861,.F.);
#4668=ORIENTED_EDGE('',*,*,#5862,.T.);
#4669=ORIENTED_EDGE('',*,*,#5863,.T.);
#4670=ORIENTED_EDGE('',*,*,#5850,.F.);
#4671=ORIENTED_EDGE('',*,*,#5863,.F.);
#4672=ORIENTED_EDGE('',*,*,#5864,.T.);
#4673=ORIENTED_EDGE('',*,*,#5853,.T.);
#4674=ORIENTED_EDGE('',*,*,#5851,.F.);
#4675=ORIENTED_EDGE('',*,*,#5864,.F.);
#4676=ORIENTED_EDGE('',*,*,#5862,.F.);
#4677=ORIENTED_EDGE('',*,*,#5860,.F.);
#4678=ORIENTED_EDGE('',*,*,#5858,.F.);
#4679=ORIENTED_EDGE('',*,*,#5856,.F.);
#4680=ORIENTED_EDGE('',*,*,#5854,.F.);
#4681=ORIENTED_EDGE('',*,*,#5865,.F.);
#4682=ORIENTED_EDGE('',*,*,#5866,.T.);
#4683=ORIENTED_EDGE('',*,*,#5866,.F.);
#4684=ORIENTED_EDGE('',*,*,#5865,.T.);
#4685=ORIENTED_EDGE('',*,*,#5852,.T.);
#4686=ORIENTED_EDGE('',*,*,#5845,.T.);
#4687=EDGE_CURVE('',#5867,#5867,#6707,.T.);
#4688=EDGE_CURVE('',#5868,#5868,#6708,.T.);
#4689=EDGE_CURVE('',#5869,#5869,#6709,.T.);
#4690=EDGE_CURVE('',#5870,#5870,#6710,.T.);
#4691=EDGE_CURVE('',#5871,#5872,#291,.T.);
#4692=EDGE_CURVE('',#5873,#5871,#292,.T.);
#4693=EDGE_CURVE('',#5874,#5873,#293,.T.);
#4694=EDGE_CURVE('',#5875,#5874,#294,.T.);
#4695=EDGE_CURVE('',#5876,#5875,#295,.T.);
#4696=EDGE_CURVE('',#5872,#5876,#296,.T.);
#4697=EDGE_CURVE('',#5871,#5877,#297,.T.);
#4698=EDGE_CURVE('',#5872,#5878,#298,.T.);
#4699=EDGE_CURVE('',#5877,#5878,#299,.T.);
#4700=EDGE_CURVE('',#5873,#5879,#300,.T.);
#4701=EDGE_CURVE('',#5879,#5877,#301,.T.);
#4702=EDGE_CURVE('',#5874,#5880,#302,.T.);
#4703=EDGE_CURVE('',#5880,#5879,#303,.T.);
#4704=EDGE_CURVE('',#5875,#5881,#304,.T.);
#4705=EDGE_CURVE('',#5881,#5880,#305,.T.);
#4706=EDGE_CURVE('',#5876,#5882,#306,.T.);
#4707=EDGE_CURVE('',#5882,#5881,#307,.T.);
#4708=EDGE_CURVE('',#5878,#5882,#308,.T.);
#4709=EDGE_CURVE('',#5883,#5883,#6711,.T.);
#4710=EDGE_CURVE('',#5884,#5884,#6712,.T.);
#4711=EDGE_CURVE('',#5885,#5885,#6713,.T.);
#4712=EDGE_CURVE('',#5886,#5886,#6714,.T.);
#4713=EDGE_CURVE('',#5887,#5888,#309,.T.);
#4714=EDGE_CURVE('',#5889,#5887,#310,.T.);
#4715=EDGE_CURVE('',#5890,#5889,#311,.T.);
#4716=EDGE_CURVE('',#5891,#5890,#312,.T.);
#4717=EDGE_CURVE('',#5892,#5891,#313,.T.);
#4718=EDGE_CURVE('',#5888,#5892,#314,.T.);
#4719=EDGE_CURVE('',#5887,#5893,#315,.T.);
#4720=EDGE_CURVE('',#5888,#5894,#316,.T.);
#4721=EDGE_CURVE('',#5893,#5894,#317,.T.);
#4722=EDGE_CURVE('',#5889,#5895,#318,.T.);
#4723=EDGE_CURVE('',#5895,#5893,#319,.T.);
#4724=EDGE_CURVE('',#5890,#5896,#320,.T.);
#4725=EDGE_CURVE('',#5896,#5895,#321,.T.);
#4726=EDGE_CURVE('',#5891,#5897,#322,.T.);
#4727=EDGE_CURVE('',#5897,#5896,#323,.T.);
#4728=EDGE_CURVE('',#5892,#5898,#324,.T.);
#4729=EDGE_CURVE('',#5898,#5897,#325,.T.);
#4730=EDGE_CURVE('',#5894,#5898,#326,.T.);
#4731=EDGE_CURVE('',#5899,#5899,#6715,.T.);
#4732=EDGE_CURVE('',#5900,#5900,#6716,.T.);
#4733=EDGE_CURVE('',#5901,#5901,#6717,.T.);
#4734=EDGE_CURVE('',#5902,#5902,#6718,.T.);
#4735=EDGE_CURVE('',#5903,#5904,#327,.T.);
#4736=EDGE_CURVE('',#5905,#5903,#328,.T.);
#4737=EDGE_CURVE('',#5906,#5905,#329,.T.);
#4738=EDGE_CURVE('',#5907,#5906,#330,.T.);
#4739=EDGE_CURVE('',#5908,#5907,#331,.T.);
#4740=EDGE_CURVE('',#5904,#5908,#332,.T.);
#4741=EDGE_CURVE('',#5903,#5909,#333,.T.);
#4742=EDGE_CURVE('',#5904,#5910,#334,.T.);
#4743=EDGE_CURVE('',#5909,#5910,#335,.T.);
#4744=EDGE_CURVE('',#5905,#5911,#336,.T.);
#4745=EDGE_CURVE('',#5911,#5909,#337,.T.);
#4746=EDGE_CURVE('',#5906,#5912,#338,.T.);
#4747=EDGE_CURVE('',#5912,#5911,#339,.T.);
#4748=EDGE_CURVE('',#5907,#5913,#340,.T.);
#4749=EDGE_CURVE('',#5913,#5912,#341,.T.);
#4750=EDGE_CURVE('',#5908,#5914,#342,.T.);
#4751=EDGE_CURVE('',#5914,#5913,#343,.T.);
#4752=EDGE_CURVE('',#5910,#5914,#344,.T.);
#4753=EDGE_CURVE('',#5915,#5915,#6719,.T.);
#4754=EDGE_CURVE('',#5916,#5917,#345,.T.);
#4755=EDGE_CURVE('',#5917,#5918,#346,.T.);
#4756=EDGE_CURVE('',#5918,#5919,#347,.T.);
#4757=EDGE_CURVE('',#5919,#5920,#348,.F.);
#4758=EDGE_CURVE('',#5920,#5921,#349,.T.);
#4759=EDGE_CURVE('',#5921,#5916,#350,.T.);
#4760=EDGE_CURVE('',#5922,#5922,#6720,.F.);
#4761=EDGE_CURVE('',#5923,#5916,#351,.T.);
#4762=EDGE_CURVE('',#5923,#5924,#352,.T.);
#4763=EDGE_CURVE('',#5924,#5917,#353,.T.);
#4764=EDGE_CURVE('',#5924,#5925,#354,.T.);
#4765=EDGE_CURVE('',#5925,#5918,#355,.T.);
#4766=EDGE_CURVE('',#5925,#5926,#356,.T.);
#4767=EDGE_CURVE('',#5926,#5919,#357,.T.);
#4768=EDGE_CURVE('',#5926,#5927,#358,.T.);
#4769=EDGE_CURVE('',#5927,#5920,#359,.T.);
#4770=EDGE_CURVE('',#5927,#5928,#360,.T.);
#4771=EDGE_CURVE('',#5928,#5921,#361,.T.);
#4772=EDGE_CURVE('',#5928,#5923,#362,.T.);
#4773=EDGE_CURVE('',#5929,#5929,#6721,.T.);
#4774=EDGE_CURVE('',#5930,#5930,#6722,.T.);
#4775=EDGE_CURVE('',#5931,#5931,#6723,.T.);
#4776=EDGE_CURVE('',#5932,#5932,#6724,.T.);
#4777=EDGE_CURVE('',#5933,#5933,#6725,.T.);
#4778=EDGE_CURVE('',#5934,#5934,#6726,.T.);
#4779=EDGE_CURVE('',#5935,#5935,#6727,.T.);
#4780=EDGE_CURVE('',#5936,#5936,#6728,.T.);
#4781=EDGE_CURVE('',#5937,#5937,#6729,.T.);
#4782=EDGE_CURVE('',#5938,#5938,#6730,.T.);
#4783=EDGE_CURVE('',#5939,#5940,#6731,.F.);
#4784=EDGE_CURVE('',#5941,#5940,#363,.T.);
#4785=EDGE_CURVE('',#5941,#5942,#6732,.T.);
#4786=EDGE_CURVE('',#5942,#5939,#364,.T.);
#4787=EDGE_CURVE('',#5943,#5944,#6733,.F.);
#4788=EDGE_CURVE('',#5945,#5944,#365,.T.);
#4789=EDGE_CURVE('',#5945,#5946,#6734,.T.);
#4790=EDGE_CURVE('',#5943,#5946,#366,.T.);
#4791=EDGE_CURVE('',#5947,#5948,#367,.F.);
#4792=EDGE_CURVE('',#5943,#5947,#6735,.T.);
#4793=EDGE_CURVE('',#5948,#5946,#6736,.F.);
#4794=EDGE_CURVE('',#5949,#5950,#368,.F.);
#4795=EDGE_CURVE('',#5947,#5949,#369,.T.);
#4796=EDGE_CURVE('',#5948,#5950,#370,.F.);
#4797=EDGE_CURVE('',#5951,#5952,#371,.F.);
#4798=EDGE_CURVE('',#5951,#5941,#372,.F.);
#4799=EDGE_CURVE('',#5952,#5940,#373,.T.);
#4800=EDGE_CURVE('',#5953,#5954,#374,.T.);
#4801=EDGE_CURVE('',#5949,#5954,#6737,.F.);
#4802=EDGE_CURVE('',#5953,#5950,#6738,.T.);
#4803=EDGE_CURVE('',#5952,#5954,#6739,.T.);
#4804=EDGE_CURVE('',#5953,#5951,#6740,.F.);
#4805=EDGE_CURVE('',#5955,#5956,#375,.T.);
#4806=EDGE_CURVE('',#5955,#5945,#376,.F.);
#4807=EDGE_CURVE('',#5956,#5944,#377,.T.);
#4808=EDGE_CURVE('',#5956,#5957,#6741,.F.);
#4809=EDGE_CURVE('',#5958,#5957,#378,.T.);
#4810=EDGE_CURVE('',#5958,#5955,#6742,.T.);
#4811=EDGE_CURVE('',#5959,#5960,#6743,.F.);
#4812=EDGE_CURVE('',#5961,#5960,#379,.T.);
#4813=EDGE_CURVE('',#5961,#5962,#6744,.T.);
#4814=EDGE_CURVE('',#5959,#5962,#380,.F.);
#4815=EDGE_CURVE('',#5963,#5964,#381,.F.);
#4816=EDGE_CURVE('',#5959,#5963,#6745,.F.);
#4817=EDGE_CURVE('',#5964,#5962,#6746,.T.);
#4818=EDGE_CURVE('',#5963,#5965,#382,.T.);
#4819=EDGE_CURVE('',#5964,#5966,#383,.T.);
#4820=EDGE_CURVE('',#5965,#5966,#384,.F.);
#4821=EDGE_CURVE('',#5967,#5958,#385,.T.);
#4822=EDGE_CURVE('',#5968,#5957,#386,.T.);
#4823=EDGE_CURVE('',#5967,#5968,#387,.T.);
#4824=EDGE_CURVE('',#5969,#5970,#388,.T.);
#4825=EDGE_CURVE('',#5965,#5970,#6747,.F.);
#4826=EDGE_CURVE('',#5969,#5966,#6748,.T.);
#4827=EDGE_CURVE('',#5968,#5970,#6749,.F.);
#4828=EDGE_CURVE('',#5969,#5967,#6750,.T.);
#4829=EDGE_CURVE('',#5971,#5961,#389,.T.);
#4830=EDGE_CURVE('',#5972,#5960,#390,.T.);
#4831=EDGE_CURVE('',#5971,#5972,#391,.T.);
#4832=EDGE_CURVE('',#5972,#5973,#6751,.F.);
#4833=EDGE_CURVE('',#5974,#5973,#392,.T.);
#4834=EDGE_CURVE('',#5974,#5971,#6752,.T.);
#4835=EDGE_CURVE('',#5975,#5976,#6753,.F.);
#4836=EDGE_CURVE('',#5977,#5976,#393,.T.);
#4837=EDGE_CURVE('',#5977,#5978,#6754,.T.);
#4838=EDGE_CURVE('',#5975,#5978,#394,.F.);
#4839=EDGE_CURVE('',#5979,#5980,#395,.F.);
#4840=EDGE_CURVE('',#5975,#5979,#6755,.F.);
#4841=EDGE_CURVE('',#5980,#5978,#6756,.T.);
#4842=EDGE_CURVE('',#5981,#5982,#396,.T.);
#4843=EDGE_CURVE('',#5981,#5974,#397,.F.);
#4844=EDGE_CURVE('',#5982,#5973,#398,.F.);
#4845=EDGE_CURVE('',#5979,#5983,#399,.F.);
#4846=EDGE_CURVE('',#5980,#5984,#400,.T.);
#4847=EDGE_CURVE('',#5983,#5984,#401,.F.);
#4848=EDGE_CURVE('',#5985,#5981,#6757,.T.);
#4849=EDGE_CURVE('',#5982,#5986,#6758,.F.);
#4850=EDGE_CURVE('',#5986,#5985,#402,.F.);
#4851=EDGE_CURVE('',#5983,#5986,#6759,.F.);
#4852=EDGE_CURVE('',#5985,#5984,#6760,.T.);
#4853=EDGE_CURVE('',#5987,#5988,#403,.T.);
#4854=EDGE_CURVE('',#5987,#5977,#404,.F.);
#4855=EDGE_CURVE('',#5988,#5976,#405,.F.);
#4856=EDGE_CURVE('',#5988,#5989,#6761,.F.);
#4857=EDGE_CURVE('',#5990,#5989,#406,.T.);
#4858=EDGE_CURVE('',#5990,#5987,#6762,.T.);
#4859=EDGE_CURVE('',#5991,#5992,#407,.T.);
#4860=EDGE_CURVE('',#5939,#5992,#408,.F.);
#4861=EDGE_CURVE('',#5942,#5991,#409,.F.);
#4862=EDGE_CURVE('',#5993,#5994,#410,.T.);
#4863=EDGE_CURVE('',#5993,#5990,#411,.F.);
#4864=EDGE_CURVE('',#5994,#5989,#412,.F.);
#4865=EDGE_CURVE('',#5995,#5993,#6763,.T.);
#4866=EDGE_CURVE('',#5994,#5996,#6764,.F.);
#4867=EDGE_CURVE('',#5996,#5995,#413,.F.);
#4868=EDGE_CURVE('',#5997,#5996,#6765,.T.);
#4869=EDGE_CURVE('',#5997,#5998,#414,.T.);
#4870=EDGE_CURVE('',#5995,#5998,#6766,.F.);
#4871=EDGE_CURVE('',#5999,#6000,#6767,.T.);
#4872=EDGE_CURVE('',#6000,#5997,#415,.F.);
#4873=EDGE_CURVE('',#5999,#5992,#6768,.F.);
#4874=EDGE_CURVE('',#5991,#6001,#6769,.T.);
#4875=EDGE_CURVE('',#6002,#5998,#416,.F.);
#4876=EDGE_CURVE('',#6002,#6001,#6770,.F.);
#4877=EDGE_CURVE('',#5999,#6001,#417,.T.);
#4878=EDGE_CURVE('',#6000,#6002,#418,.F.);
#4879=EDGE_CURVE('',#6003,#6004,#419,.T.);
#4880=EDGE_CURVE('',#6003,#6005,#420,.F.);
#4881=EDGE_CURVE('',#6005,#6006,#421,.T.);
#4882=EDGE_CURVE('',#6004,#6006,#422,.T.);
#4883=EDGE_CURVE('',#6005,#6007,#423,.T.);
#4884=EDGE_CURVE('',#6007,#6008,#424,.T.);
#4885=EDGE_CURVE('',#6006,#6008,#425,.F.);
#4886=EDGE_CURVE('',#6007,#6009,#426,.F.);
#4887=EDGE_CURVE('',#6009,#6010,#427,.T.);
#4888=EDGE_CURVE('',#6008,#6010,#428,.F.);
#4889=EDGE_CURVE('',#6009,#6003,#429,.T.);
#4890=EDGE_CURVE('',#6010,#6004,#430,.T.);
#4891=EDGE_CURVE('',#6011,#6012,#431,.T.);
#4892=EDGE_CURVE('',#6011,#6013,#432,.T.);
#4893=EDGE_CURVE('',#6013,#6014,#433,.T.);
#4894=EDGE_CURVE('',#6012,#6014,#434,.T.);
#4895=EDGE_CURVE('',#6013,#6015,#435,.T.);
#4896=EDGE_CURVE('',#6015,#6016,#436,.T.);
#4897=EDGE_CURVE('',#6014,#6016,#437,.T.);
#4898=EDGE_CURVE('',#6015,#6017,#438,.T.);
#4899=EDGE_CURVE('',#6017,#6018,#439,.T.);
#4900=EDGE_CURVE('',#6016,#6018,#440,.F.);
#4901=EDGE_CURVE('',#6017,#6011,#441,.T.);
#4902=EDGE_CURVE('',#6018,#6012,#442,.F.);
#4903=EDGE_CURVE('',#6019,#6019,#6771,.T.);
#4904=EDGE_CURVE('',#6020,#6021,#443,.T.);
#4905=EDGE_CURVE('',#6021,#6022,#444,.T.);
#4906=EDGE_CURVE('',#6022,#6023,#445,.T.);
#4907=EDGE_CURVE('',#6023,#6024,#446,.F.);
#4908=EDGE_CURVE('',#6024,#6025,#447,.T.);
#4909=EDGE_CURVE('',#6025,#6020,#448,.T.);
#4910=EDGE_CURVE('',#6026,#6026,#6772,.F.);
#4911=EDGE_CURVE('',#6027,#6020,#449,.T.);
#4912=EDGE_CURVE('',#6027,#6028,#450,.T.);
#4913=EDGE_CURVE('',#6028,#6021,#451,.T.);
#4914=EDGE_CURVE('',#6028,#6029,#452,.T.);
#4915=EDGE_CURVE('',#6029,#6022,#453,.T.);
#4916=EDGE_CURVE('',#6029,#6030,#454,.T.);
#4917=EDGE_CURVE('',#6030,#6023,#455,.T.);
#4918=EDGE_CURVE('',#6030,#6031,#456,.T.);
#4919=EDGE_CURVE('',#6031,#6024,#457,.T.);
#4920=EDGE_CURVE('',#6031,#6032,#458,.T.);
#4921=EDGE_CURVE('',#6032,#6025,#459,.T.);
#4922=EDGE_CURVE('',#6032,#6027,#460,.T.);
#4923=EDGE_CURVE('',#6033,#6033,#6773,.T.);
#4924=EDGE_CURVE('',#6034,#6034,#6774,.T.);
#4925=EDGE_CURVE('',#6035,#6035,#6775,.T.);
#4926=EDGE_CURVE('',#6036,#6036,#6776,.T.);
#4927=EDGE_CURVE('',#6037,#6037,#6777,.T.);
#4928=EDGE_CURVE('',#6038,#6038,#6778,.T.);
#4929=EDGE_CURVE('',#6039,#6039,#6779,.T.);
#4930=EDGE_CURVE('',#6040,#6040,#6780,.T.);
#4931=EDGE_CURVE('',#6041,#6042,#6781,.T.);
#4932=EDGE_CURVE('',#6041,#6043,#461,.T.);
#4933=EDGE_CURVE('',#6043,#6044,#6782,.T.);
#4934=EDGE_CURVE('',#6042,#6044,#462,.T.);
#4935=EDGE_CURVE('',#6045,#6044,#463,.T.);
#4936=EDGE_CURVE('',#6045,#6046,#464,.T.);
#4937=EDGE_CURVE('',#6046,#6042,#465,.T.);
#4938=EDGE_CURVE('',#6046,#6047,#6783,.T.);
#4939=EDGE_CURVE('',#6045,#6048,#6784,.T.);
#4940=EDGE_CURVE('',#6047,#6048,#466,.T.);
#4941=EDGE_CURVE('',#6048,#6049,#467,.T.);
#4942=EDGE_CURVE('',#6050,#6049,#468,.T.);
#4943=EDGE_CURVE('',#6047,#6050,#469,.T.);
#4944=EDGE_CURVE('',#6050,#6051,#6785,.T.);
#4945=EDGE_CURVE('',#6049,#6052,#6786,.T.);
#4946=EDGE_CURVE('',#6051,#6052,#470,.T.);
#4947=EDGE_CURVE('',#6052,#6053,#471,.T.);
#4948=EDGE_CURVE('',#6053,#6054,#472,.T.);
#4949=EDGE_CURVE('',#6051,#6054,#473,.T.);
#4950=EDGE_CURVE('',#6054,#6055,#6787,.T.);
#4951=EDGE_CURVE('',#6053,#6056,#6788,.T.);
#4952=EDGE_CURVE('',#6055,#6056,#474,.T.);
#4953=EDGE_CURVE('',#6041,#6055,#475,.T.);
#4954=EDGE_CURVE('',#6043,#6056,#476,.T.);
#4955=EDGE_CURVE('',#6057,#6057,#6789,.T.);
#4956=EDGE_CURVE('',#6058,#6058,#6790,.T.);
#4957=EDGE_CURVE('',#6059,#6059,#6791,.T.);
#4958=EDGE_CURVE('',#6060,#6061,#477,.T.);
#4959=EDGE_CURVE('',#6062,#6060,#6792,.T.);
#4960=EDGE_CURVE('',#6062,#6063,#478,.T.);
#4961=EDGE_CURVE('',#6063,#6064,#6793,.T.);
#4962=EDGE_CURVE('',#6064,#6065,#479,.T.);
#4963=EDGE_CURVE('',#6066,#6065,#6794,.T.);
#4964=EDGE_CURVE('',#6067,#6066,#480,.T.);
#4965=EDGE_CURVE('',#6067,#6061,#6795,.T.);
#4966=EDGE_CURVE('',#6068,#6068,#6796,.T.);
#4967=EDGE_CURVE('',#6069,#6069,#6797,.T.);
#4968=EDGE_CURVE('',#6070,#6070,#6798,.T.);
#4969=EDGE_CURVE('',#6071,#6071,#6799,.T.);
#4970=EDGE_CURVE('',#6072,#6073,#6800,.T.);
#4971=EDGE_CURVE('',#6072,#6061,#481,.T.);
#4972=EDGE_CURVE('',#6073,#6067,#482,.T.);
#4973=EDGE_CURVE('',#6074,#6072,#483,.T.);
#4974=EDGE_CURVE('',#6060,#6074,#484,.T.);
#4975=EDGE_CURVE('',#6075,#6074,#6801,.T.);
#4976=EDGE_CURVE('',#6075,#6062,#485,.T.);
#4977=EDGE_CURVE('',#6075,#6076,#486,.T.);
#4978=EDGE_CURVE('',#6076,#6063,#487,.T.);
#4979=EDGE_CURVE('',#6077,#6076,#6802,.T.);
#4980=EDGE_CURVE('',#6077,#6064,#488,.T.);
#4981=EDGE_CURVE('',#6077,#6078,#489,.T.);
#4982=EDGE_CURVE('',#6065,#6078,#490,.T.);
#4983=EDGE_CURVE('',#6079,#6078,#6803,.T.);
#4984=EDGE_CURVE('',#6079,#6066,#491,.T.);
#4985=EDGE_CURVE('',#6073,#6079,#492,.T.);
#4986=EDGE_CURVE('',#6080,#6080,#6804,.T.);
#4987=EDGE_CURVE('',#6081,#6081,#6805,.T.);
#4988=EDGE_CURVE('',#6082,#6082,#6806,.T.);
#4989=EDGE_CURVE('',#6083,#6083,#6807,.T.);
#4990=EDGE_CURVE('',#6084,#6085,#493,.T.);
#4991=EDGE_CURVE('',#6085,#6086,#494,.T.);
#4992=EDGE_CURVE('',#6086,#6087,#495,.T.);
#4993=EDGE_CURVE('',#6087,#6088,#496,.F.);
#4994=EDGE_CURVE('',#6088,#6089,#497,.T.);
#4995=EDGE_CURVE('',#6089,#6084,#498,.T.);
#4996=EDGE_CURVE('',#6090,#6090,#6808,.F.);
#4997=EDGE_CURVE('',#6091,#6084,#499,.T.);
#4998=EDGE_CURVE('',#6091,#6092,#500,.T.);
#4999=EDGE_CURVE('',#6092,#6085,#501,.T.);
#5000=EDGE_CURVE('',#6092,#6093,#502,.T.);
#5001=EDGE_CURVE('',#6093,#6086,#503,.T.);
#5002=EDGE_CURVE('',#6093,#6094,#504,.T.);
#5003=EDGE_CURVE('',#6094,#6087,#505,.T.);
#5004=EDGE_CURVE('',#6094,#6095,#506,.T.);
#5005=EDGE_CURVE('',#6095,#6088,#507,.T.);
#5006=EDGE_CURVE('',#6095,#6096,#508,.T.);
#5007=EDGE_CURVE('',#6096,#6089,#509,.T.);
#5008=EDGE_CURVE('',#6096,#6091,#510,.T.);
#5009=EDGE_CURVE('',#6097,#6097,#6809,.T.);
#5010=EDGE_CURVE('',#6098,#6098,#6810,.T.);
#5011=EDGE_CURVE('',#6099,#6099,#6811,.T.);
#5012=EDGE_CURVE('',#6100,#6100,#6812,.T.);
#5013=EDGE_CURVE('',#6101,#6101,#6813,.T.);
#5014=EDGE_CURVE('',#6102,#6102,#6814,.T.);
#5015=EDGE_CURVE('',#6103,#6104,#511,.T.);
#5016=EDGE_CURVE('',#6105,#6103,#512,.T.);
#5017=EDGE_CURVE('',#6106,#6105,#513,.T.);
#5018=EDGE_CURVE('',#6107,#6106,#514,.T.);
#5019=EDGE_CURVE('',#6108,#6107,#515,.T.);
#5020=EDGE_CURVE('',#6104,#6108,#516,.T.);
#5021=EDGE_CURVE('',#6103,#6109,#517,.T.);
#5022=EDGE_CURVE('',#6104,#6110,#518,.T.);
#5023=EDGE_CURVE('',#6109,#6110,#519,.T.);
#5024=EDGE_CURVE('',#6105,#6111,#520,.T.);
#5025=EDGE_CURVE('',#6111,#6109,#521,.T.);
#5026=EDGE_CURVE('',#6106,#6112,#522,.T.);
#5027=EDGE_CURVE('',#6112,#6111,#523,.T.);
#5028=EDGE_CURVE('',#6107,#6113,#524,.T.);
#5029=EDGE_CURVE('',#6113,#6112,#525,.T.);
#5030=EDGE_CURVE('',#6108,#6114,#526,.T.);
#5031=EDGE_CURVE('',#6114,#6113,#527,.T.);
#5032=EDGE_CURVE('',#6110,#6114,#528,.T.);
#5033=EDGE_CURVE('',#6115,#6115,#6815,.T.);
#5034=EDGE_CURVE('',#6116,#6117,#529,.T.);
#5035=EDGE_CURVE('',#6117,#6118,#530,.T.);
#5036=EDGE_CURVE('',#6118,#6119,#531,.T.);
#5037=EDGE_CURVE('',#6119,#6120,#532,.F.);
#5038=EDGE_CURVE('',#6120,#6121,#533,.T.);
#5039=EDGE_CURVE('',#6121,#6116,#534,.T.);
#5040=EDGE_CURVE('',#6122,#6122,#6816,.F.);
#5041=EDGE_CURVE('',#6123,#6116,#535,.T.);
#5042=EDGE_CURVE('',#6123,#6124,#536,.T.);
#5043=EDGE_CURVE('',#6124,#6117,#537,.T.);
#5044=EDGE_CURVE('',#6124,#6125,#538,.T.);
#5045=EDGE_CURVE('',#6125,#6118,#539,.T.);
#5046=EDGE_CURVE('',#6125,#6126,#540,.T.);
#5047=EDGE_CURVE('',#6126,#6119,#541,.T.);
#5048=EDGE_CURVE('',#6126,#6127,#542,.T.);
#5049=EDGE_CURVE('',#6127,#6120,#543,.T.);
#5050=EDGE_CURVE('',#6127,#6128,#544,.T.);
#5051=EDGE_CURVE('',#6128,#6121,#545,.T.);
#5052=EDGE_CURVE('',#6128,#6123,#546,.T.);
#5053=EDGE_CURVE('',#6129,#6129,#6817,.T.);
#5054=EDGE_CURVE('',#6130,#6130,#6818,.T.);
#5055=EDGE_CURVE('',#6131,#6132,#547,.T.);
#5056=EDGE_CURVE('',#6131,#6133,#548,.T.);
#5057=EDGE_CURVE('',#6133,#6134,#549,.T.);
#5058=EDGE_CURVE('',#6132,#6134,#550,.T.);
#5059=EDGE_CURVE('',#6133,#6135,#551,.T.);
#5060=EDGE_CURVE('',#6135,#6136,#552,.T.);
#5061=EDGE_CURVE('',#6134,#6136,#553,.T.);
#5062=EDGE_CURVE('',#6135,#6137,#554,.T.);
#5063=EDGE_CURVE('',#6137,#6138,#555,.T.);
#5064=EDGE_CURVE('',#6136,#6138,#556,.F.);
#5065=EDGE_CURVE('',#6137,#6131,#557,.T.);
#5066=EDGE_CURVE('',#6138,#6132,#558,.F.);
#5067=EDGE_CURVE('',#6139,#6140,#559,.T.);
#5068=EDGE_CURVE('',#6139,#6141,#560,.T.);
#5069=EDGE_CURVE('',#6141,#6142,#561,.T.);
#5070=EDGE_CURVE('',#6140,#6142,#562,.T.);
#5071=EDGE_CURVE('',#6139,#6143,#563,.F.);
#5072=EDGE_CURVE('',#6143,#6144,#564,.T.);
#5073=EDGE_CURVE('',#6141,#6144,#565,.F.);
#5074=EDGE_CURVE('',#6144,#6145,#566,.T.);
#5075=EDGE_CURVE('',#6145,#6142,#567,.T.);
#5076=EDGE_CURVE('',#6143,#6146,#568,.F.);
#5077=EDGE_CURVE('',#6146,#6145,#569,.T.);
#5078=EDGE_CURVE('',#6146,#6140,#570,.F.);
#5079=EDGE_CURVE('',#6147,#6147,#6819,.T.);
#5080=EDGE_CURVE('',#6148,#6149,#571,.T.);
#5081=EDGE_CURVE('',#6149,#6150,#572,.T.);
#5082=EDGE_CURVE('',#6150,#6151,#573,.T.);
#5083=EDGE_CURVE('',#6151,#6152,#574,.F.);
#5084=EDGE_CURVE('',#6152,#6153,#575,.T.);
#5085=EDGE_CURVE('',#6153,#6148,#576,.T.);
#5086=EDGE_CURVE('',#6154,#6154,#6820,.F.);
#5087=EDGE_CURVE('',#6155,#6148,#577,.T.);
#5088=EDGE_CURVE('',#6155,#6156,#578,.T.);
#5089=EDGE_CURVE('',#6156,#6149,#579,.T.);
#5090=EDGE_CURVE('',#6156,#6157,#580,.T.);
#5091=EDGE_CURVE('',#6157,#6150,#581,.T.);
#5092=EDGE_CURVE('',#6157,#6158,#582,.T.);
#5093=EDGE_CURVE('',#6158,#6151,#583,.T.);
#5094=EDGE_CURVE('',#6158,#6159,#584,.T.);
#5095=EDGE_CURVE('',#6159,#6152,#585,.T.);
#5096=EDGE_CURVE('',#6159,#6160,#586,.T.);
#5097=EDGE_CURVE('',#6160,#6153,#587,.T.);
#5098=EDGE_CURVE('',#6160,#6155,#588,.T.);
#5099=EDGE_CURVE('',#6161,#6161,#6821,.T.);
#5100=EDGE_CURVE('',#6162,#6162,#6822,.T.);
#5101=EDGE_CURVE('',#6163,#6163,#6823,.T.);
#5102=EDGE_CURVE('',#6164,#6164,#6824,.T.);
#5103=EDGE_CURVE('',#6165,#6165,#6825,.T.);
#5104=EDGE_CURVE('',#6166,#6166,#6826,.T.);
#5105=EDGE_CURVE('',#6167,#6168,#589,.T.);
#5106=EDGE_CURVE('',#6169,#6167,#590,.T.);
#5107=EDGE_CURVE('',#6170,#6169,#591,.T.);
#5108=EDGE_CURVE('',#6171,#6170,#592,.T.);
#5109=EDGE_CURVE('',#6172,#6171,#593,.T.);
#5110=EDGE_CURVE('',#6168,#6172,#594,.T.);
#5111=EDGE_CURVE('',#6167,#6173,#595,.T.);
#5112=EDGE_CURVE('',#6168,#6174,#596,.T.);
#5113=EDGE_CURVE('',#6173,#6174,#597,.T.);
#5114=EDGE_CURVE('',#6169,#6175,#598,.T.);
#5115=EDGE_CURVE('',#6175,#6173,#599,.T.);
#5116=EDGE_CURVE('',#6170,#6176,#600,.T.);
#5117=EDGE_CURVE('',#6176,#6175,#601,.T.);
#5118=EDGE_CURVE('',#6171,#6177,#602,.T.);
#5119=EDGE_CURVE('',#6177,#6176,#603,.T.);
#5120=EDGE_CURVE('',#6172,#6178,#604,.T.);
#5121=EDGE_CURVE('',#6178,#6177,#605,.T.);
#5122=EDGE_CURVE('',#6174,#6178,#606,.T.);
#5123=EDGE_CURVE('',#6179,#6179,#6827,.T.);
#5124=EDGE_CURVE('',#6180,#6180,#6828,.T.);
#5125=EDGE_CURVE('',#6181,#6181,#6829,.T.);
#5126=EDGE_CURVE('',#6182,#6182,#6830,.T.);
#5127=EDGE_CURVE('',#6183,#6183,#6831,.T.);
#5128=EDGE_CURVE('',#6184,#6184,#6832,.T.);
#5129=EDGE_CURVE('',#6185,#6185,#6833,.T.);
#5130=EDGE_CURVE('',#6186,#6186,#6834,.T.);
#5131=EDGE_CURVE('',#6187,#6188,#6835,.F.);
#5132=EDGE_CURVE('',#6189,#6188,#607,.T.);
#5133=EDGE_CURVE('',#6189,#6190,#6836,.T.);
#5134=EDGE_CURVE('',#6190,#6187,#608,.T.);
#5135=EDGE_CURVE('',#6191,#6192,#6837,.F.);
#5136=EDGE_CURVE('',#6193,#6192,#609,.T.);
#5137=EDGE_CURVE('',#6193,#6194,#6838,.T.);
#5138=EDGE_CURVE('',#6191,#6194,#610,.T.);
#5139=EDGE_CURVE('',#6195,#6196,#611,.F.);
#5140=EDGE_CURVE('',#6191,#6195,#6839,.T.);
#5141=EDGE_CURVE('',#6196,#6194,#6840,.F.);
#5142=EDGE_CURVE('',#6197,#6198,#612,.F.);
#5143=EDGE_CURVE('',#6195,#6197,#613,.T.);
#5144=EDGE_CURVE('',#6196,#6198,#614,.F.);
#5145=EDGE_CURVE('',#6199,#6200,#615,.F.);
#5146=EDGE_CURVE('',#6199,#6189,#616,.F.);
#5147=EDGE_CURVE('',#6200,#6188,#617,.T.);
#5148=EDGE_CURVE('',#6201,#6202,#618,.T.);
#5149=EDGE_CURVE('',#6197,#6202,#6841,.F.);
#5150=EDGE_CURVE('',#6201,#6198,#6842,.T.);
#5151=EDGE_CURVE('',#6200,#6202,#6843,.T.);
#5152=EDGE_CURVE('',#6201,#6199,#6844,.F.);
#5153=EDGE_CURVE('',#6203,#6204,#619,.T.);
#5154=EDGE_CURVE('',#6203,#6193,#620,.F.);
#5155=EDGE_CURVE('',#6204,#6192,#621,.T.);
#5156=EDGE_CURVE('',#6204,#6205,#6845,.F.);
#5157=EDGE_CURVE('',#6206,#6205,#622,.T.);
#5158=EDGE_CURVE('',#6206,#6203,#6846,.T.);
#5159=EDGE_CURVE('',#6207,#6208,#6847,.F.);
#5160=EDGE_CURVE('',#6209,#6208,#623,.T.);
#5161=EDGE_CURVE('',#6209,#6210,#6848,.T.);
#5162=EDGE_CURVE('',#6207,#6210,#624,.F.);
#5163=EDGE_CURVE('',#6211,#6212,#625,.F.);
#5164=EDGE_CURVE('',#6207,#6211,#6849,.F.);
#5165=EDGE_CURVE('',#6212,#6210,#6850,.T.);
#5166=EDGE_CURVE('',#6211,#6213,#626,.T.);
#5167=EDGE_CURVE('',#6212,#6214,#627,.T.);
#5168=EDGE_CURVE('',#6213,#6214,#628,.F.);
#5169=EDGE_CURVE('',#6215,#6206,#629,.T.);
#5170=EDGE_CURVE('',#6216,#6205,#630,.T.);
#5171=EDGE_CURVE('',#6215,#6216,#631,.T.);
#5172=EDGE_CURVE('',#6217,#6218,#632,.T.);
#5173=EDGE_CURVE('',#6213,#6218,#6851,.F.);
#5174=EDGE_CURVE('',#6217,#6214,#6852,.T.);
#5175=EDGE_CURVE('',#6216,#6218,#6853,.F.);
#5176=EDGE_CURVE('',#6217,#6215,#6854,.T.);
#5177=EDGE_CURVE('',#6219,#6209,#633,.T.);
#5178=EDGE_CURVE('',#6220,#6208,#634,.T.);
#5179=EDGE_CURVE('',#6219,#6220,#635,.T.);
#5180=EDGE_CURVE('',#6220,#6221,#6855,.F.);
#5181=EDGE_CURVE('',#6222,#6221,#636,.T.);
#5182=EDGE_CURVE('',#6222,#6219,#6856,.T.);
#5183=EDGE_CURVE('',#6223,#6224,#6857,.F.);
#5184=EDGE_CURVE('',#6225,#6224,#637,.T.);
#5185=EDGE_CURVE('',#6225,#6226,#6858,.T.);
#5186=EDGE_CURVE('',#6223,#6226,#638,.F.);
#5187=EDGE_CURVE('',#6227,#6228,#639,.F.);
#5188=EDGE_CURVE('',#6223,#6227,#6859,.F.);
#5189=EDGE_CURVE('',#6228,#6226,#6860,.T.);
#5190=EDGE_CURVE('',#6229,#6230,#640,.T.);
#5191=EDGE_CURVE('',#6229,#6222,#641,.F.);
#5192=EDGE_CURVE('',#6230,#6221,#642,.F.);
#5193=EDGE_CURVE('',#6227,#6231,#643,.F.);
#5194=EDGE_CURVE('',#6228,#6232,#644,.T.);
#5195=EDGE_CURVE('',#6231,#6232,#645,.F.);
#5196=EDGE_CURVE('',#6233,#6229,#6861,.T.);
#5197=EDGE_CURVE('',#6230,#6234,#6862,.F.);
#5198=EDGE_CURVE('',#6234,#6233,#646,.F.);
#5199=EDGE_CURVE('',#6231,#6234,#6863,.F.);
#5200=EDGE_CURVE('',#6233,#6232,#6864,.T.);
#5201=EDGE_CURVE('',#6235,#6236,#647,.T.);
#5202=EDGE_CURVE('',#6235,#6225,#648,.F.);
#5203=EDGE_CURVE('',#6236,#6224,#649,.F.);
#5204=EDGE_CURVE('',#6236,#6237,#6865,.F.);
#5205=EDGE_CURVE('',#6238,#6237,#650,.T.);
#5206=EDGE_CURVE('',#6238,#6235,#6866,.T.);
#5207=EDGE_CURVE('',#6239,#6240,#651,.T.);
#5208=EDGE_CURVE('',#6187,#6240,#652,.F.);
#5209=EDGE_CURVE('',#6190,#6239,#653,.F.);
#5210=EDGE_CURVE('',#6241,#6242,#654,.T.);
#5211=EDGE_CURVE('',#6241,#6238,#655,.F.);
#5212=EDGE_CURVE('',#6242,#6237,#656,.F.);
#5213=EDGE_CURVE('',#6243,#6241,#6867,.T.);
#5214=EDGE_CURVE('',#6242,#6244,#6868,.F.);
#5215=EDGE_CURVE('',#6244,#6243,#657,.F.);
#5216=EDGE_CURVE('',#6245,#6244,#6869,.T.);
#5217=EDGE_CURVE('',#6245,#6246,#658,.T.);
#5218=EDGE_CURVE('',#6243,#6246,#6870,.F.);
#5219=EDGE_CURVE('',#6247,#6248,#6871,.T.);
#5220=EDGE_CURVE('',#6248,#6245,#659,.F.);
#5221=EDGE_CURVE('',#6247,#6240,#6872,.F.);
#5222=EDGE_CURVE('',#6239,#6249,#6873,.T.);
#5223=EDGE_CURVE('',#6250,#6246,#660,.F.);
#5224=EDGE_CURVE('',#6250,#6249,#6874,.F.);
#5225=EDGE_CURVE('',#6247,#6249,#661,.T.);
#5226=EDGE_CURVE('',#6248,#6250,#662,.F.);
#5227=EDGE_CURVE('',#6251,#6251,#6875,.T.);
#5228=EDGE_CURVE('',#6252,#6253,#663,.T.);
#5229=EDGE_CURVE('',#6253,#6254,#664,.T.);
#5230=EDGE_CURVE('',#6254,#6255,#665,.T.);
#5231=EDGE_CURVE('',#6255,#6256,#666,.F.);
#5232=EDGE_CURVE('',#6256,#6257,#667,.T.);
#5233=EDGE_CURVE('',#6257,#6252,#668,.T.);
#5234=EDGE_CURVE('',#6258,#6258,#6876,.F.);
#5235=EDGE_CURVE('',#6259,#6252,#669,.T.);
#5236=EDGE_CURVE('',#6259,#6260,#670,.T.);
#5237=EDGE_CURVE('',#6260,#6253,#671,.T.);
#5238=EDGE_CURVE('',#6260,#6261,#672,.T.);
#5239=EDGE_CURVE('',#6261,#6254,#673,.T.);
#5240=EDGE_CURVE('',#6261,#6262,#674,.T.);
#5241=EDGE_CURVE('',#6262,#6255,#675,.T.);
#5242=EDGE_CURVE('',#6262,#6263,#676,.T.);
#5243=EDGE_CURVE('',#6263,#6256,#677,.T.);
#5244=EDGE_CURVE('',#6263,#6264,#678,.T.);
#5245=EDGE_CURVE('',#6264,#6257,#679,.T.);
#5246=EDGE_CURVE('',#6264,#6259,#680,.T.);
#5247=EDGE_CURVE('',#6265,#6265,#6877,.T.);
#5248=EDGE_CURVE('',#6266,#6266,#6878,.T.);
#5249=EDGE_CURVE('',#6267,#6267,#6879,.T.);
#5250=EDGE_CURVE('',#6268,#6268,#6880,.T.);
#5251=EDGE_CURVE('',#6269,#6269,#6881,.T.);
#5252=EDGE_CURVE('',#6270,#6270,#6882,.T.);
#5253=EDGE_CURVE('',#6271,#6272,#681,.T.);
#5254=EDGE_CURVE('',#6273,#6271,#682,.T.);
#5255=EDGE_CURVE('',#6274,#6273,#683,.T.);
#5256=EDGE_CURVE('',#6275,#6274,#684,.T.);
#5257=EDGE_CURVE('',#6276,#6275,#685,.T.);
#5258=EDGE_CURVE('',#6272,#6276,#686,.T.);
#5259=EDGE_CURVE('',#6271,#6277,#687,.T.);
#5260=EDGE_CURVE('',#6272,#6278,#688,.T.);
#5261=EDGE_CURVE('',#6277,#6278,#689,.T.);
#5262=EDGE_CURVE('',#6273,#6279,#690,.T.);
#5263=EDGE_CURVE('',#6279,#6277,#691,.T.);
#5264=EDGE_CURVE('',#6274,#6280,#692,.T.);
#5265=EDGE_CURVE('',#6280,#6279,#693,.T.);
#5266=EDGE_CURVE('',#6275,#6281,#694,.T.);
#5267=EDGE_CURVE('',#6281,#6280,#695,.T.);
#5268=EDGE_CURVE('',#6276,#6282,#696,.T.);
#5269=EDGE_CURVE('',#6282,#6281,#697,.T.);
#5270=EDGE_CURVE('',#6278,#6282,#698,.T.);
#5271=EDGE_CURVE('',#6283,#6283,#6883,.T.);
#5272=EDGE_CURVE('',#6284,#6285,#699,.T.);
#5273=EDGE_CURVE('',#6285,#6286,#700,.T.);
#5274=EDGE_CURVE('',#6286,#6287,#701,.T.);
#5275=EDGE_CURVE('',#6287,#6288,#702,.F.);
#5276=EDGE_CURVE('',#6288,#6289,#703,.T.);
#5277=EDGE_CURVE('',#6289,#6284,#704,.T.);
#5278=EDGE_CURVE('',#6290,#6290,#6884,.F.);
#5279=EDGE_CURVE('',#6291,#6284,#705,.T.);
#5280=EDGE_CURVE('',#6291,#6292,#706,.T.);
#5281=EDGE_CURVE('',#6292,#6285,#707,.T.);
#5282=EDGE_CURVE('',#6292,#6293,#708,.T.);
#5283=EDGE_CURVE('',#6293,#6286,#709,.T.);
#5284=EDGE_CURVE('',#6293,#6294,#710,.T.);
#5285=EDGE_CURVE('',#6294,#6287,#711,.T.);
#5286=EDGE_CURVE('',#6294,#6295,#712,.T.);
#5287=EDGE_CURVE('',#6295,#6288,#713,.T.);
#5288=EDGE_CURVE('',#6295,#6296,#714,.T.);
#5289=EDGE_CURVE('',#6296,#6289,#715,.T.);
#5290=EDGE_CURVE('',#6296,#6291,#716,.T.);
#5291=EDGE_CURVE('',#6297,#6297,#6885,.T.);
#5292=EDGE_CURVE('',#6298,#6298,#6886,.T.);
#5293=EDGE_CURVE('',#6299,#6299,#6887,.T.);
#5294=EDGE_CURVE('',#6300,#6301,#717,.T.);
#5295=EDGE_CURVE('',#6301,#6302,#718,.T.);
#5296=EDGE_CURVE('',#6302,#6303,#719,.T.);
#5297=EDGE_CURVE('',#6303,#6304,#720,.F.);
#5298=EDGE_CURVE('',#6304,#6305,#721,.T.);
#5299=EDGE_CURVE('',#6305,#6300,#722,.T.);
#5300=EDGE_CURVE('',#6306,#6306,#6888,.F.);
#5301=EDGE_CURVE('',#6307,#6300,#723,.T.);
#5302=EDGE_CURVE('',#6307,#6308,#724,.T.);
#5303=EDGE_CURVE('',#6308,#6301,#725,.T.);
#5304=EDGE_CURVE('',#6308,#6309,#726,.T.);
#5305=EDGE_CURVE('',#6309,#6302,#727,.T.);
#5306=EDGE_CURVE('',#6309,#6310,#728,.T.);
#5307=EDGE_CURVE('',#6310,#6303,#729,.T.);
#5308=EDGE_CURVE('',#6310,#6311,#730,.T.);
#5309=EDGE_CURVE('',#6311,#6304,#731,.T.);
#5310=EDGE_CURVE('',#6311,#6312,#732,.T.);
#5311=EDGE_CURVE('',#6312,#6305,#733,.T.);
#5312=EDGE_CURVE('',#6312,#6307,#734,.T.);
#5313=EDGE_CURVE('',#6313,#6313,#6889,.T.);
#5314=EDGE_CURVE('',#6314,#6314,#6890,.T.);
#5315=EDGE_CURVE('',#6315,#6315,#6891,.T.);
#5316=EDGE_CURVE('',#6316,#6316,#6892,.T.);
#5317=EDGE_CURVE('',#6317,#6317,#6893,.T.);
#5318=EDGE_CURVE('',#6318,#6318,#6894,.T.);
#5319=EDGE_CURVE('',#6319,#6319,#6895,.T.);
#5320=EDGE_CURVE('',#6320,#6320,#6896,.T.);
#5321=EDGE_CURVE('',#6321,#6321,#6897,.T.);
#5322=EDGE_CURVE('',#6322,#6322,#6898,.T.);
#5323=EDGE_CURVE('',#6323,#6324,#6899,.F.);
#5324=EDGE_CURVE('',#6325,#6324,#735,.T.);
#5325=EDGE_CURVE('',#6325,#6326,#6900,.T.);
#5326=EDGE_CURVE('',#6326,#6323,#736,.T.);
#5327=EDGE_CURVE('',#6327,#6328,#6901,.F.);
#5328=EDGE_CURVE('',#6329,#6328,#737,.T.);
#5329=EDGE_CURVE('',#6329,#6330,#6902,.T.);
#5330=EDGE_CURVE('',#6327,#6330,#738,.T.);
#5331=EDGE_CURVE('',#6331,#6332,#739,.F.);
#5332=EDGE_CURVE('',#6327,#6331,#6903,.T.);
#5333=EDGE_CURVE('',#6332,#6330,#6904,.F.);
#5334=EDGE_CURVE('',#6333,#6334,#740,.F.);
#5335=EDGE_CURVE('',#6331,#6333,#741,.T.);
#5336=EDGE_CURVE('',#6332,#6334,#742,.F.);
#5337=EDGE_CURVE('',#6335,#6336,#743,.F.);
#5338=EDGE_CURVE('',#6335,#6325,#744,.F.);
#5339=EDGE_CURVE('',#6336,#6324,#745,.T.);
#5340=EDGE_CURVE('',#6337,#6338,#746,.T.);
#5341=EDGE_CURVE('',#6333,#6338,#6905,.F.);
#5342=EDGE_CURVE('',#6337,#6334,#6906,.T.);
#5343=EDGE_CURVE('',#6336,#6338,#6907,.T.);
#5344=EDGE_CURVE('',#6337,#6335,#6908,.F.);
#5345=EDGE_CURVE('',#6339,#6340,#747,.T.);
#5346=EDGE_CURVE('',#6339,#6329,#748,.F.);
#5347=EDGE_CURVE('',#6340,#6328,#749,.T.);
#5348=EDGE_CURVE('',#6340,#6341,#6909,.F.);
#5349=EDGE_CURVE('',#6342,#6341,#750,.T.);
#5350=EDGE_CURVE('',#6342,#6339,#6910,.T.);
#5351=EDGE_CURVE('',#6343,#6344,#6911,.F.);
#5352=EDGE_CURVE('',#6345,#6344,#751,.T.);
#5353=EDGE_CURVE('',#6345,#6346,#6912,.T.);
#5354=EDGE_CURVE('',#6343,#6346,#752,.F.);
#5355=EDGE_CURVE('',#6347,#6348,#753,.F.);
#5356=EDGE_CURVE('',#6343,#6347,#6913,.F.);
#5357=EDGE_CURVE('',#6348,#6346,#6914,.T.);
#5358=EDGE_CURVE('',#6347,#6349,#754,.T.);
#5359=EDGE_CURVE('',#6348,#6350,#755,.T.);
#5360=EDGE_CURVE('',#6349,#6350,#756,.F.);
#5361=EDGE_CURVE('',#6351,#6342,#757,.T.);
#5362=EDGE_CURVE('',#6352,#6341,#758,.T.);
#5363=EDGE_CURVE('',#6351,#6352,#759,.T.);
#5364=EDGE_CURVE('',#6353,#6354,#760,.T.);
#5365=EDGE_CURVE('',#6349,#6354,#6915,.F.);
#5366=EDGE_CURVE('',#6353,#6350,#6916,.T.);
#5367=EDGE_CURVE('',#6352,#6354,#6917,.F.);
#5368=EDGE_CURVE('',#6353,#6351,#6918,.T.);
#5369=EDGE_CURVE('',#6355,#6345,#761,.T.);
#5370=EDGE_CURVE('',#6356,#6344,#762,.T.);
#5371=EDGE_CURVE('',#6355,#6356,#763,.T.);
#5372=EDGE_CURVE('',#6356,#6357,#6919,.F.);
#5373=EDGE_CURVE('',#6358,#6357,#764,.T.);
#5374=EDGE_CURVE('',#6358,#6355,#6920,.T.);
#5375=EDGE_CURVE('',#6359,#6360,#6921,.F.);
#5376=EDGE_CURVE('',#6361,#6360,#765,.T.);
#5377=EDGE_CURVE('',#6361,#6362,#6922,.T.);
#5378=EDGE_CURVE('',#6359,#6362,#766,.F.);
#5379=EDGE_CURVE('',#6363,#6364,#767,.F.);
#5380=EDGE_CURVE('',#6359,#6363,#6923,.F.);
#5381=EDGE_CURVE('',#6364,#6362,#6924,.T.);
#5382=EDGE_CURVE('',#6365,#6366,#768,.T.);
#5383=EDGE_CURVE('',#6365,#6358,#769,.F.);
#5384=EDGE_CURVE('',#6366,#6357,#770,.F.);
#5385=EDGE_CURVE('',#6363,#6367,#771,.F.);
#5386=EDGE_CURVE('',#6364,#6368,#772,.T.);
#5387=EDGE_CURVE('',#6367,#6368,#773,.F.);
#5388=EDGE_CURVE('',#6369,#6365,#6925,.T.);
#5389=EDGE_CURVE('',#6366,#6370,#6926,.F.);
#5390=EDGE_CURVE('',#6370,#6369,#774,.F.);
#5391=EDGE_CURVE('',#6367,#6370,#6927,.F.);
#5392=EDGE_CURVE('',#6369,#6368,#6928,.T.);
#5393=EDGE_CURVE('',#6371,#6372,#775,.T.);
#5394=EDGE_CURVE('',#6371,#6361,#776,.F.);
#5395=EDGE_CURVE('',#6372,#6360,#777,.F.);
#5396=EDGE_CURVE('',#6372,#6373,#6929,.F.);
#5397=EDGE_CURVE('',#6374,#6373,#778,.T.);
#5398=EDGE_CURVE('',#6374,#6371,#6930,.T.);
#5399=EDGE_CURVE('',#6375,#6376,#779,.T.);
#5400=EDGE_CURVE('',#6323,#6376,#780,.F.);
#5401=EDGE_CURVE('',#6326,#6375,#781,.F.);
#5402=EDGE_CURVE('',#6377,#6378,#782,.T.);
#5403=EDGE_CURVE('',#6377,#6374,#783,.F.);
#5404=EDGE_CURVE('',#6378,#6373,#784,.F.);
#5405=EDGE_CURVE('',#6379,#6377,#6931,.T.);
#5406=EDGE_CURVE('',#6378,#6380,#6932,.F.);
#5407=EDGE_CURVE('',#6380,#6379,#785,.F.);
#5408=EDGE_CURVE('',#6381,#6380,#6933,.T.);
#5409=EDGE_CURVE('',#6381,#6382,#786,.T.);
#5410=EDGE_CURVE('',#6379,#6382,#6934,.F.);
#5411=EDGE_CURVE('',#6383,#6384,#6935,.T.);
#5412=EDGE_CURVE('',#6384,#6381,#787,.F.);
#5413=EDGE_CURVE('',#6383,#6376,#6936,.F.);
#5414=EDGE_CURVE('',#6375,#6385,#6937,.T.);
#5415=EDGE_CURVE('',#6386,#6382,#788,.F.);
#5416=EDGE_CURVE('',#6386,#6385,#6938,.F.);
#5417=EDGE_CURVE('',#6383,#6385,#789,.T.);
#5418=EDGE_CURVE('',#6384,#6386,#790,.F.);
#5419=EDGE_CURVE('',#6387,#6388,#791,.T.);
#5420=EDGE_CURVE('',#6387,#6389,#792,.F.);
#5421=EDGE_CURVE('',#6389,#6390,#793,.T.);
#5422=EDGE_CURVE('',#6388,#6390,#794,.T.);
#5423=EDGE_CURVE('',#6389,#6391,#795,.T.);
#5424=EDGE_CURVE('',#6391,#6392,#796,.T.);
#5425=EDGE_CURVE('',#6390,#6392,#797,.F.);
#5426=EDGE_CURVE('',#6391,#6393,#798,.F.);
#5427=EDGE_CURVE('',#6393,#6394,#799,.T.);
#5428=EDGE_CURVE('',#6392,#6394,#800,.F.);
#5429=EDGE_CURVE('',#6393,#6387,#801,.T.);
#5430=EDGE_CURVE('',#6394,#6388,#802,.T.);
#5431=EDGE_CURVE('',#6395,#6395,#6939,.F.);
#5432=EDGE_CURVE('',#6396,#6396,#6940,.T.);
#5433=EDGE_CURVE('',#6397,#6397,#6941,.T.);
#5434=EDGE_CURVE('',#6398,#6398,#6942,.T.);
#5435=EDGE_CURVE('',#6399,#6399,#6943,.F.);
#5436=EDGE_CURVE('',#6400,#6400,#6944,.T.);
#5437=EDGE_CURVE('',#6401,#6401,#6945,.T.);
#5438=EDGE_CURVE('',#6402,#6402,#6946,.T.);
#5439=EDGE_CURVE('',#6403,#6403,#6947,.F.);
#5440=EDGE_CURVE('',#6404,#6404,#6948,.T.);
#5441=EDGE_CURVE('',#6405,#6405,#6949,.T.);
#5442=EDGE_CURVE('',#6406,#6406,#6950,.T.);
#5443=EDGE_CURVE('',#6407,#6408,#803,.T.);
#5444=EDGE_CURVE('',#6408,#6409,#6951,.T.);
#5445=EDGE_CURVE('',#6410,#6409,#804,.T.);
#5446=EDGE_CURVE('',#6410,#6411,#6952,.T.);
#5447=EDGE_CURVE('',#6412,#6411,#805,.T.);
#5448=EDGE_CURVE('',#6412,#6413,#6953,.T.);
#5449=EDGE_CURVE('',#6413,#6414,#806,.T.);
#5450=EDGE_CURVE('',#6414,#6407,#6954,.T.);
#5451=EDGE_CURVE('',#6415,#6416,#807,.T.);
#5452=EDGE_CURVE('',#6415,#6417,#6955,.F.);
#5453=EDGE_CURVE('',#6417,#6418,#808,.T.);
#5454=EDGE_CURVE('',#6418,#6419,#6956,.F.);
#5455=EDGE_CURVE('',#6419,#6420,#809,.T.);
#5456=EDGE_CURVE('',#6420,#6421,#6957,.F.);
#5457=EDGE_CURVE('',#6422,#6421,#810,.T.);
#5458=EDGE_CURVE('',#6422,#6416,#6958,.F.);
#5459=EDGE_CURVE('',#6423,#6424,#811,.T.);
#5460=EDGE_CURVE('',#6423,#6412,#812,.F.);
#5461=EDGE_CURVE('',#6411,#6424,#813,.T.);
#5462=EDGE_CURVE('',#6425,#6426,#814,.T.);
#5463=EDGE_CURVE('',#6426,#6414,#815,.F.);
#5464=EDGE_CURVE('',#6413,#6425,#816,.T.);
#5465=EDGE_CURVE('',#6427,#6428,#817,.T.);
#5466=EDGE_CURVE('',#6428,#6408,#818,.F.);
#5467=EDGE_CURVE('',#6407,#6427,#819,.T.);
#5468=EDGE_CURVE('',#6409,#6429,#820,.T.);
#5469=EDGE_CURVE('',#6430,#6429,#821,.T.);
#5470=EDGE_CURVE('',#6430,#6410,#822,.F.);
#5471=EDGE_CURVE('',#6431,#6431,#6959,.T.);
#5472=EDGE_CURVE('',#6429,#6428,#6960,.F.);
#5473=EDGE_CURVE('',#6427,#6426,#6961,.F.);
#5474=EDGE_CURVE('',#6425,#6423,#6962,.F.);
#5475=EDGE_CURVE('',#6424,#6430,#6963,.F.);
#5476=EDGE_CURVE('',#6417,#6432,#823,.F.);
#5477=EDGE_CURVE('',#6432,#6433,#824,.T.);
#5478=EDGE_CURVE('',#6433,#6418,#825,.T.);
#5479=EDGE_CURVE('',#6416,#6434,#826,.F.);
#5480=EDGE_CURVE('',#6435,#6434,#827,.T.);
#5481=EDGE_CURVE('',#6435,#6415,#828,.T.);
#5482=EDGE_CURVE('',#6421,#6436,#829,.F.);
#5483=EDGE_CURVE('',#6437,#6436,#830,.T.);
#5484=EDGE_CURVE('',#6437,#6422,#831,.T.);
#5485=EDGE_CURVE('',#6438,#6439,#832,.T.);
#5486=EDGE_CURVE('',#6439,#6420,#833,.T.);
#5487=EDGE_CURVE('',#6419,#6438,#834,.F.);
#5488=EDGE_CURVE('',#6440,#6440,#6964,.F.);
#5489=EDGE_CURVE('',#6436,#6439,#6965,.T.);
#5490=EDGE_CURVE('',#6438,#6433,#6966,.T.);
#5491=EDGE_CURVE('',#6432,#6435,#6967,.T.);
#5492=EDGE_CURVE('',#6434,#6437,#6968,.T.);
#5493=EDGE_CURVE('',#6441,#6441,#6969,.T.);
#5494=EDGE_CURVE('',#6442,#6442,#6970,.T.);
#5495=EDGE_CURVE('',#6443,#6443,#6971,.T.);
#5496=EDGE_CURVE('',#6444,#6444,#6972,.T.);
#5497=EDGE_CURVE('',#6445,#6445,#6973,.T.);
#5498=EDGE_CURVE('',#6446,#6446,#6974,.T.);
#5499=EDGE_CURVE('',#6447,#6447,#6975,.T.);
#5500=EDGE_CURVE('',#6448,#6448,#6976,.T.);
#5501=EDGE_CURVE('',#6449,#6449,#6977,.T.);
#5502=EDGE_CURVE('',#6450,#6450,#6978,.T.);
#5503=EDGE_CURVE('',#6451,#6452,#6979,.F.);
#5504=EDGE_CURVE('',#6453,#6452,#835,.T.);
#5505=EDGE_CURVE('',#6453,#6454,#6980,.T.);
#5506=EDGE_CURVE('',#6454,#6451,#836,.T.);
#5507=EDGE_CURVE('',#6455,#6456,#6981,.F.);
#5508=EDGE_CURVE('',#6457,#6456,#837,.T.);
#5509=EDGE_CURVE('',#6457,#6458,#6982,.T.);
#5510=EDGE_CURVE('',#6455,#6458,#838,.T.);
#5511=EDGE_CURVE('',#6459,#6460,#839,.F.);
#5512=EDGE_CURVE('',#6455,#6459,#6983,.T.);
#5513=EDGE_CURVE('',#6460,#6458,#6984,.F.);
#5514=EDGE_CURVE('',#6461,#6462,#840,.F.);
#5515=EDGE_CURVE('',#6459,#6461,#841,.T.);
#5516=EDGE_CURVE('',#6460,#6462,#842,.F.);
#5517=EDGE_CURVE('',#6463,#6464,#843,.F.);
#5518=EDGE_CURVE('',#6463,#6453,#844,.F.);
#5519=EDGE_CURVE('',#6464,#6452,#845,.T.);
#5520=EDGE_CURVE('',#6465,#6466,#846,.T.);
#5521=EDGE_CURVE('',#6461,#6466,#6985,.F.);
#5522=EDGE_CURVE('',#6465,#6462,#6986,.T.);
#5523=EDGE_CURVE('',#6464,#6466,#6987,.T.);
#5524=EDGE_CURVE('',#6465,#6463,#6988,.F.);
#5525=EDGE_CURVE('',#6467,#6468,#847,.T.);
#5526=EDGE_CURVE('',#6467,#6457,#848,.F.);
#5527=EDGE_CURVE('',#6468,#6456,#849,.T.);
#5528=EDGE_CURVE('',#6468,#6469,#6989,.F.);
#5529=EDGE_CURVE('',#6470,#6469,#850,.T.);
#5530=EDGE_CURVE('',#6470,#6467,#6990,.T.);
#5531=EDGE_CURVE('',#6471,#6472,#6991,.F.);
#5532=EDGE_CURVE('',#6473,#6472,#851,.T.);
#5533=EDGE_CURVE('',#6473,#6474,#6992,.T.);
#5534=EDGE_CURVE('',#6471,#6474,#852,.F.);
#5535=EDGE_CURVE('',#6475,#6476,#853,.F.);
#5536=EDGE_CURVE('',#6471,#6475,#6993,.F.);
#5537=EDGE_CURVE('',#6476,#6474,#6994,.T.);
#5538=EDGE_CURVE('',#6475,#6477,#854,.T.);
#5539=EDGE_CURVE('',#6476,#6478,#855,.T.);
#5540=EDGE_CURVE('',#6477,#6478,#856,.F.);
#5541=EDGE_CURVE('',#6479,#6470,#857,.T.);
#5542=EDGE_CURVE('',#6480,#6469,#858,.T.);
#5543=EDGE_CURVE('',#6479,#6480,#859,.T.);
#5544=EDGE_CURVE('',#6481,#6482,#860,.T.);
#5545=EDGE_CURVE('',#6477,#6482,#6995,.F.);
#5546=EDGE_CURVE('',#6481,#6478,#6996,.T.);
#5547=EDGE_CURVE('',#6480,#6482,#6997,.F.);
#5548=EDGE_CURVE('',#6481,#6479,#6998,.T.);
#5549=EDGE_CURVE('',#6483,#6473,#861,.T.);
#5550=EDGE_CURVE('',#6484,#6472,#862,.T.);
#5551=EDGE_CURVE('',#6483,#6484,#863,.T.);
#5552=EDGE_CURVE('',#6484,#6485,#6999,.F.);
#5553=EDGE_CURVE('',#6486,#6485,#864,.T.);
#5554=EDGE_CURVE('',#6486,#6483,#7000,.T.);
#5555=EDGE_CURVE('',#6487,#6488,#7001,.F.);
#5556=EDGE_CURVE('',#6489,#6488,#865,.T.);
#5557=EDGE_CURVE('',#6489,#6490,#7002,.T.);
#5558=EDGE_CURVE('',#6487,#6490,#866,.F.);
#5559=EDGE_CURVE('',#6491,#6492,#867,.F.);
#5560=EDGE_CURVE('',#6487,#6491,#7003,.F.);
#5561=EDGE_CURVE('',#6492,#6490,#7004,.T.);
#5562=EDGE_CURVE('',#6493,#6494,#868,.T.);
#5563=EDGE_CURVE('',#6493,#6486,#869,.F.);
#5564=EDGE_CURVE('',#6494,#6485,#870,.F.);
#5565=EDGE_CURVE('',#6491,#6495,#871,.F.);
#5566=EDGE_CURVE('',#6492,#6496,#872,.T.);
#5567=EDGE_CURVE('',#6495,#6496,#873,.F.);
#5568=EDGE_CURVE('',#6497,#6493,#7005,.T.);
#5569=EDGE_CURVE('',#6494,#6498,#7006,.F.);
#5570=EDGE_CURVE('',#6498,#6497,#874,.F.);
#5571=EDGE_CURVE('',#6495,#6498,#7007,.F.);
#5572=EDGE_CURVE('',#6497,#6496,#7008,.T.);
#5573=EDGE_CURVE('',#6499,#6500,#875,.T.);
#5574=EDGE_CURVE('',#6499,#6489,#876,.F.);
#5575=EDGE_CURVE('',#6500,#6488,#877,.F.);
#5576=EDGE_CURVE('',#6500,#6501,#7009,.F.);
#5577=EDGE_CURVE('',#6502,#6501,#878,.T.);
#5578=EDGE_CURVE('',#6502,#6499,#7010,.T.);
#5579=EDGE_CURVE('',#6503,#6504,#879,.T.);
#5580=EDGE_CURVE('',#6451,#6504,#880,.F.);
#5581=EDGE_CURVE('',#6454,#6503,#881,.F.);
#5582=EDGE_CURVE('',#6505,#6506,#882,.T.);
#5583=EDGE_CURVE('',#6505,#6502,#883,.F.);
#5584=EDGE_CURVE('',#6506,#6501,#884,.F.);
#5585=EDGE_CURVE('',#6507,#6505,#7011,.T.);
#5586=EDGE_CURVE('',#6506,#6508,#7012,.F.);
#5587=EDGE_CURVE('',#6508,#6507,#885,.F.);
#5588=EDGE_CURVE('',#6509,#6508,#7013,.T.);
#5589=EDGE_CURVE('',#6509,#6510,#886,.T.);
#5590=EDGE_CURVE('',#6507,#6510,#7014,.F.);
#5591=EDGE_CURVE('',#6511,#6512,#7015,.T.);
#5592=EDGE_CURVE('',#6512,#6509,#887,.F.);
#5593=EDGE_CURVE('',#6511,#6504,#7016,.F.);
#5594=EDGE_CURVE('',#6503,#6513,#7017,.T.);
#5595=EDGE_CURVE('',#6514,#6510,#888,.F.);
#5596=EDGE_CURVE('',#6514,#6513,#7018,.F.);
#5597=EDGE_CURVE('',#6511,#6513,#889,.T.);
#5598=EDGE_CURVE('',#6512,#6514,#890,.F.);
#5599=EDGE_CURVE('',#6515,#6515,#7019,.T.);
#5600=EDGE_CURVE('',#6516,#6517,#891,.T.);
#5601=EDGE_CURVE('',#6517,#6518,#892,.T.);
#5602=EDGE_CURVE('',#6518,#6519,#893,.T.);
#5603=EDGE_CURVE('',#6519,#6520,#894,.F.);
#5604=EDGE_CURVE('',#6520,#6521,#895,.T.);
#5605=EDGE_CURVE('',#6521,#6516,#896,.T.);
#5606=EDGE_CURVE('',#6522,#6522,#7020,.F.);
#5607=EDGE_CURVE('',#6523,#6516,#897,.T.);
#5608=EDGE_CURVE('',#6523,#6524,#898,.T.);
#5609=EDGE_CURVE('',#6524,#6517,#899,.T.);
#5610=EDGE_CURVE('',#6524,#6525,#900,.T.);
#5611=EDGE_CURVE('',#6525,#6518,#901,.T.);
#5612=EDGE_CURVE('',#6525,#6526,#902,.T.);
#5613=EDGE_CURVE('',#6526,#6519,#903,.T.);
#5614=EDGE_CURVE('',#6526,#6527,#904,.T.);
#5615=EDGE_CURVE('',#6527,#6520,#905,.T.);
#5616=EDGE_CURVE('',#6527,#6528,#906,.T.);
#5617=EDGE_CURVE('',#6528,#6521,#907,.T.);
#5618=EDGE_CURVE('',#6528,#6523,#908,.T.);
#5619=EDGE_CURVE('',#6529,#6529,#7021,.T.);
#5620=EDGE_CURVE('',#6530,#6530,#7022,.T.);
#5621=EDGE_CURVE('',#6531,#6531,#7023,.T.);
#5622=EDGE_CURVE('',#6532,#6533,#909,.T.);
#5623=EDGE_CURVE('',#6533,#6534,#910,.T.);
#5624=EDGE_CURVE('',#6534,#6535,#911,.T.);
#5625=EDGE_CURVE('',#6535,#6536,#912,.F.);
#5626=EDGE_CURVE('',#6536,#6537,#913,.T.);
#5627=EDGE_CURVE('',#6537,#6532,#914,.T.);
#5628=EDGE_CURVE('',#6538,#6538,#7024,.F.);
#5629=EDGE_CURVE('',#6539,#6532,#915,.T.);
#5630=EDGE_CURVE('',#6539,#6540,#916,.T.);
#5631=EDGE_CURVE('',#6540,#6533,#917,.T.);
#5632=EDGE_CURVE('',#6540,#6541,#918,.T.);
#5633=EDGE_CURVE('',#6541,#6534,#919,.T.);
#5634=EDGE_CURVE('',#6541,#6542,#920,.T.);
#5635=EDGE_CURVE('',#6542,#6535,#921,.T.);
#5636=EDGE_CURVE('',#6542,#6543,#922,.T.);
#5637=EDGE_CURVE('',#6543,#6536,#923,.T.);
#5638=EDGE_CURVE('',#6543,#6544,#924,.T.);
#5639=EDGE_CURVE('',#6544,#6537,#925,.T.);
#5640=EDGE_CURVE('',#6544,#6539,#926,.T.);
#5641=EDGE_CURVE('',#6545,#6545,#7025,.T.);
#5642=EDGE_CURVE('',#6546,#6546,#7026,.T.);
#5643=EDGE_CURVE('',#6547,#6548,#927,.T.);
#5644=EDGE_CURVE('',#6547,#6549,#928,.T.);
#5645=EDGE_CURVE('',#6549,#6550,#929,.T.);
#5646=EDGE_CURVE('',#6548,#6550,#930,.T.);
#5647=EDGE_CURVE('',#6549,#6551,#931,.T.);
#5648=EDGE_CURVE('',#6551,#6552,#932,.T.);
#5649=EDGE_CURVE('',#6550,#6552,#933,.T.);
#5650=EDGE_CURVE('',#6551,#6553,#934,.T.);
#5651=EDGE_CURVE('',#6553,#6554,#935,.T.);
#5652=EDGE_CURVE('',#6552,#6554,#936,.F.);
#5653=EDGE_CURVE('',#6553,#6547,#937,.T.);
#5654=EDGE_CURVE('',#6554,#6548,#938,.F.);
#5655=EDGE_CURVE('',#6555,#6555,#7027,.T.);
#5656=EDGE_CURVE('',#6556,#6557,#939,.T.);
#5657=EDGE_CURVE('',#6557,#6558,#940,.T.);
#5658=EDGE_CURVE('',#6558,#6559,#941,.T.);
#5659=EDGE_CURVE('',#6559,#6560,#942,.F.);
#5660=EDGE_CURVE('',#6560,#6561,#943,.T.);
#5661=EDGE_CURVE('',#6561,#6556,#944,.T.);
#5662=EDGE_CURVE('',#6562,#6562,#7028,.F.);
#5663=EDGE_CURVE('',#6563,#6556,#945,.T.);
#5664=EDGE_CURVE('',#6563,#6564,#946,.T.);
#5665=EDGE_CURVE('',#6564,#6557,#947,.T.);
#5666=EDGE_CURVE('',#6564,#6565,#948,.T.);
#5667=EDGE_CURVE('',#6565,#6558,#949,.T.);
#5668=EDGE_CURVE('',#6565,#6566,#950,.T.);
#5669=EDGE_CURVE('',#6566,#6559,#951,.T.);
#5670=EDGE_CURVE('',#6566,#6567,#952,.T.);
#5671=EDGE_CURVE('',#6567,#6560,#953,.T.);
#5672=EDGE_CURVE('',#6567,#6568,#954,.T.);
#5673=EDGE_CURVE('',#6568,#6561,#955,.T.);
#5674=EDGE_CURVE('',#6568,#6563,#956,.T.);
#5675=EDGE_CURVE('',#6569,#6569,#7029,.T.);
#5676=EDGE_CURVE('',#6570,#6570,#7030,.T.);
#5677=EDGE_CURVE('',#6571,#6571,#7031,.T.);
#5678=EDGE_CURVE('',#6572,#6573,#957,.T.);
#5679=EDGE_CURVE('',#6573,#6574,#958,.T.);
#5680=EDGE_CURVE('',#6574,#6575,#959,.T.);
#5681=EDGE_CURVE('',#6575,#6576,#960,.F.);
#5682=EDGE_CURVE('',#6576,#6577,#961,.T.);
#5683=EDGE_CURVE('',#6577,#6572,#962,.T.);
#5684=EDGE_CURVE('',#6578,#6578,#7032,.F.);
#5685=EDGE_CURVE('',#6579,#6572,#963,.T.);
#5686=EDGE_CURVE('',#6579,#6580,#964,.T.);
#5687=EDGE_CURVE('',#6580,#6573,#965,.T.);
#5688=EDGE_CURVE('',#6580,#6581,#966,.T.);
#5689=EDGE_CURVE('',#6581,#6574,#967,.T.);
#5690=EDGE_CURVE('',#6581,#6582,#968,.T.);
#5691=EDGE_CURVE('',#6582,#6575,#969,.T.);
#5692=EDGE_CURVE('',#6582,#6583,#970,.T.);
#5693=EDGE_CURVE('',#6583,#6576,#971,.T.);
#5694=EDGE_CURVE('',#6583,#6584,#972,.T.);
#5695=EDGE_CURVE('',#6584,#6577,#973,.T.);
#5696=EDGE_CURVE('',#6584,#6579,#974,.T.);
#5697=EDGE_CURVE('',#6585,#6585,#7033,.T.);
#5698=EDGE_CURVE('',#6586,#6586,#7034,.T.);
#5699=EDGE_CURVE('',#6587,#6588,#975,.T.);
#5700=EDGE_CURVE('',#6587,#6589,#976,.F.);
#5701=EDGE_CURVE('',#6589,#6590,#977,.T.);
#5702=EDGE_CURVE('',#6588,#6590,#978,.T.);
#5703=EDGE_CURVE('',#6589,#6591,#979,.T.);
#5704=EDGE_CURVE('',#6591,#6592,#980,.T.);
#5705=EDGE_CURVE('',#6590,#6592,#981,.F.);
#5706=EDGE_CURVE('',#6591,#6593,#982,.F.);
#5707=EDGE_CURVE('',#6593,#6594,#983,.T.);
#5708=EDGE_CURVE('',#6592,#6594,#984,.F.);
#5709=EDGE_CURVE('',#6593,#6587,#985,.T.);
#5710=EDGE_CURVE('',#6594,#6588,#986,.T.);
#5711=EDGE_CURVE('',#6595,#6595,#7035,.T.);
#5712=EDGE_CURVE('',#6596,#6596,#7036,.T.);
#5713=EDGE_CURVE('',#6597,#6597,#7037,.T.);
#5714=EDGE_CURVE('',#6598,#6598,#7038,.T.);
#5715=EDGE_CURVE('',#6599,#6600,#987,.T.);
#5716=EDGE_CURVE('',#6601,#6599,#988,.T.);
#5717=EDGE_CURVE('',#6602,#6601,#989,.T.);
#5718=EDGE_CURVE('',#6603,#6602,#990,.T.);
#5719=EDGE_CURVE('',#6604,#6603,#991,.T.);
#5720=EDGE_CURVE('',#6600,#6604,#992,.T.);
#5721=EDGE_CURVE('',#6599,#6605,#993,.T.);
#5722=EDGE_CURVE('',#6600,#6606,#994,.T.);
#5723=EDGE_CURVE('',#6605,#6606,#995,.T.);
#5724=EDGE_CURVE('',#6601,#6607,#996,.T.);
#5725=EDGE_CURVE('',#6607,#6605,#997,.T.);
#5726=EDGE_CURVE('',#6602,#6608,#998,.T.);
#5727=EDGE_CURVE('',#6608,#6607,#999,.T.);
#5728=EDGE_CURVE('',#6603,#6609,#1000,.T.);
#5729=EDGE_CURVE('',#6609,#6608,#1001,.T.);
#5730=EDGE_CURVE('',#6604,#6610,#1002,.T.);
#5731=EDGE_CURVE('',#6610,#6609,#1003,.T.);
#5732=EDGE_CURVE('',#6606,#6610,#1004,.T.);
#5733=EDGE_CURVE('',#6611,#6612,#1005,.T.);
#5734=EDGE_CURVE('',#6611,#6613,#1006,.F.);
#5735=EDGE_CURVE('',#6613,#6614,#1007,.T.);
#5736=EDGE_CURVE('',#6612,#6614,#1008,.T.);
#5737=EDGE_CURVE('',#6613,#6615,#1009,.T.);
#5738=EDGE_CURVE('',#6615,#6616,#1010,.T.);
#5739=EDGE_CURVE('',#6614,#6616,#1011,.F.);
#5740=EDGE_CURVE('',#6615,#6617,#1012,.F.);
#5741=EDGE_CURVE('',#6617,#6618,#1013,.T.);
#5742=EDGE_CURVE('',#6616,#6618,#1014,.F.);
#5743=EDGE_CURVE('',#6617,#6611,#1015,.T.);
#5744=EDGE_CURVE('',#6618,#6612,#1016,.T.);
#5745=EDGE_CURVE('',#6619,#6620,#1017,.T.);
#5746=EDGE_CURVE('',#6619,#6621,#1018,.T.);
#5747=EDGE_CURVE('',#6621,#6622,#1019,.T.);
#5748=EDGE_CURVE('',#6620,#6622,#1020,.T.);
#5749=EDGE_CURVE('',#6621,#6623,#1021,.T.);
#5750=EDGE_CURVE('',#6623,#6624,#1022,.T.);
#5751=EDGE_CURVE('',#6622,#6624,#1023,.T.);
#5752=EDGE_CURVE('',#6623,#6625,#1024,.T.);
#5753=EDGE_CURVE('',#6625,#6626,#1025,.T.);
#5754=EDGE_CURVE('',#6624,#6626,#1026,.F.);
#5755=EDGE_CURVE('',#6625,#6619,#1027,.T.);
#5756=EDGE_CURVE('',#6626,#6620,#1028,.F.);
#5757=EDGE_CURVE('',#6627,#6627,#7039,.T.);
#5758=EDGE_CURVE('',#6628,#6629,#1029,.T.);
#5759=EDGE_CURVE('',#6629,#6630,#1030,.T.);
#5760=EDGE_CURVE('',#6630,#6631,#1031,.T.);
#5761=EDGE_CURVE('',#6631,#6632,#1032,.F.);
#5762=EDGE_CURVE('',#6632,#6633,#1033,.T.);
#5763=EDGE_CURVE('',#6633,#6628,#1034,.T.);
#5764=EDGE_CURVE('',#6634,#6634,#7040,.F.);
#5765=EDGE_CURVE('',#6635,#6628,#1035,.T.);
#5766=EDGE_CURVE('',#6635,#6636,#1036,.T.);
#5767=EDGE_CURVE('',#6636,#6629,#1037,.T.);
#5768=EDGE_CURVE('',#6636,#6637,#1038,.T.);
#5769=EDGE_CURVE('',#6637,#6630,#1039,.T.);
#5770=EDGE_CURVE('',#6637,#6638,#1040,.T.);
#5771=EDGE_CURVE('',#6638,#6631,#1041,.T.);
#5772=EDGE_CURVE('',#6638,#6639,#1042,.T.);
#5773=EDGE_CURVE('',#6639,#6632,#1043,.T.);
#5774=EDGE_CURVE('',#6639,#6640,#1044,.T.);
#5775=EDGE_CURVE('',#6640,#6633,#1045,.T.);
#5776=EDGE_CURVE('',#6640,#6635,#1046,.T.);
#5777=EDGE_CURVE('',#6641,#6641,#7041,.T.);
#5778=EDGE_CURVE('',#6642,#6642,#7042,.T.);
#5779=EDGE_CURVE('',#6643,#6643,#7043,.T.);
#5780=EDGE_CURVE('',#6644,#6645,#1047,.T.);
#5781=EDGE_CURVE('',#6645,#6646,#1048,.T.);
#5782=EDGE_CURVE('',#6646,#6647,#1049,.T.);
#5783=EDGE_CURVE('',#6647,#6648,#1050,.F.);
#5784=EDGE_CURVE('',#6648,#6649,#1051,.T.);
#5785=EDGE_CURVE('',#6649,#6644,#1052,.T.);
#5786=EDGE_CURVE('',#6650,#6650,#7044,.F.);
#5787=EDGE_CURVE('',#6651,#6644,#1053,.T.);
#5788=EDGE_CURVE('',#6651,#6652,#1054,.T.);
#5789=EDGE_CURVE('',#6652,#6645,#1055,.T.);
#5790=EDGE_CURVE('',#6652,#6653,#1056,.T.);
#5791=EDGE_CURVE('',#6653,#6646,#1057,.T.);
#5792=EDGE_CURVE('',#6653,#6654,#1058,.T.);
#5793=EDGE_CURVE('',#6654,#6647,#1059,.T.);
#5794=EDGE_CURVE('',#6654,#6655,#1060,.T.);
#5795=EDGE_CURVE('',#6655,#6648,#1061,.T.);
#5796=EDGE_CURVE('',#6655,#6656,#1062,.T.);
#5797=EDGE_CURVE('',#6656,#6649,#1063,.T.);
#5798=EDGE_CURVE('',#6656,#6651,#1064,.T.);
#5799=EDGE_CURVE('',#6657,#6657,#7045,.T.);
#5800=EDGE_CURVE('',#6658,#6658,#7046,.T.);
#5801=EDGE_CURVE('',#6659,#6659,#7047,.T.);
#5802=EDGE_CURVE('',#6660,#6660,#7048,.T.);
#5803=EDGE_CURVE('',#6661,#6661,#7049,.T.);
#5804=EDGE_CURVE('',#6662,#6662,#7050,.T.);
#5805=EDGE_CURVE('',#6663,#6664,#1065,.T.);
#5806=EDGE_CURVE('',#6665,#6663,#1066,.T.);
#5807=EDGE_CURVE('',#6666,#6665,#1067,.T.);
#5808=EDGE_CURVE('',#6667,#6666,#1068,.T.);
#5809=EDGE_CURVE('',#6668,#6667,#1069,.T.);
#5810=EDGE_CURVE('',#6664,#6668,#1070,.T.);
#5811=EDGE_CURVE('',#6663,#6669,#1071,.T.);
#5812=EDGE_CURVE('',#6664,#6670,#1072,.T.);
#5813=EDGE_CURVE('',#6669,#6670,#1073,.T.);
#5814=EDGE_CURVE('',#6665,#6671,#1074,.T.);
#5815=EDGE_CURVE('',#6671,#6669,#1075,.T.);
#5816=EDGE_CURVE('',#6666,#6672,#1076,.T.);
#5817=EDGE_CURVE('',#6672,#6671,#1077,.T.);
#5818=EDGE_CURVE('',#6667,#6673,#1078,.T.);
#5819=EDGE_CURVE('',#6673,#6672,#1079,.T.);
#5820=EDGE_CURVE('',#6668,#6674,#1080,.T.);
#5821=EDGE_CURVE('',#6674,#6673,#1081,.T.);
#5822=EDGE_CURVE('',#6670,#6674,#1082,.T.);
#5823=EDGE_CURVE('',#6675,#6675,#7051,.T.);
#5824=EDGE_CURVE('',#6676,#6677,#1083,.T.);
#5825=EDGE_CURVE('',#6677,#6678,#1084,.T.);
#5826=EDGE_CURVE('',#6678,#6679,#1085,.T.);
#5827=EDGE_CURVE('',#6679,#6680,#1086,.F.);
#5828=EDGE_CURVE('',#6680,#6681,#1087,.T.);
#5829=EDGE_CURVE('',#6681,#6676,#1088,.T.);
#5830=EDGE_CURVE('',#6682,#6682,#7052,.F.);
#5831=EDGE_CURVE('',#6683,#6676,#1089,.T.);
#5832=EDGE_CURVE('',#6683,#6684,#1090,.T.);
#5833=EDGE_CURVE('',#6684,#6677,#1091,.T.);
#5834=EDGE_CURVE('',#6684,#6685,#1092,.T.);
#5835=EDGE_CURVE('',#6685,#6678,#1093,.T.);
#5836=EDGE_CURVE('',#6685,#6686,#1094,.T.);
#5837=EDGE_CURVE('',#6686,#6679,#1095,.T.);
#5838=EDGE_CURVE('',#6686,#6687,#1096,.T.);
#5839=EDGE_CURVE('',#6687,#6680,#1097,.T.);
#5840=EDGE_CURVE('',#6687,#6688,#1098,.T.);
#5841=EDGE_CURVE('',#6688,#6681,#1099,.T.);
#5842=EDGE_CURVE('',#6688,#6683,#1100,.T.);
#5843=EDGE_CURVE('',#6689,#6689,#7053,.T.);
#5844=EDGE_CURVE('',#6690,#6690,#7054,.T.);
#5845=EDGE_CURVE('',#6691,#6691,#7055,.T.);
#5846=EDGE_CURVE('',#6692,#6693,#1101,.T.);
#5847=EDGE_CURVE('',#6693,#6694,#1102,.T.);
#5848=EDGE_CURVE('',#6694,#6695,#1103,.T.);
#5849=EDGE_CURVE('',#6695,#6696,#1104,.F.);
#5850=EDGE_CURVE('',#6696,#6697,#1105,.T.);
#5851=EDGE_CURVE('',#6697,#6692,#1106,.T.);
#5852=EDGE_CURVE('',#6698,#6698,#7056,.F.);
#5853=EDGE_CURVE('',#6699,#6692,#1107,.T.);
#5854=EDGE_CURVE('',#6699,#6700,#1108,.T.);
#5855=EDGE_CURVE('',#6700,#6693,#1109,.T.);
#5856=EDGE_CURVE('',#6700,#6701,#1110,.T.);
#5857=EDGE_CURVE('',#6701,#6694,#1111,.T.);
#5858=EDGE_CURVE('',#6701,#6702,#1112,.T.);
#5859=EDGE_CURVE('',#6702,#6695,#1113,.T.);
#5860=EDGE_CURVE('',#6702,#6703,#1114,.T.);
#5861=EDGE_CURVE('',#6703,#6696,#1115,.T.);
#5862=EDGE_CURVE('',#6703,#6704,#1116,.T.);
#5863=EDGE_CURVE('',#6704,#6697,#1117,.T.);
#5864=EDGE_CURVE('',#6704,#6699,#1118,.T.);
#5865=EDGE_CURVE('',#6705,#6705,#7057,.T.);
#5866=EDGE_CURVE('',#6706,#6706,#7058,.T.);
#5867=VERTEX_POINT('',#13581);
#5868=VERTEX_POINT('',#13583);
#5869=VERTEX_POINT('',#13586);
#5870=VERTEX_POINT('',#13588);
#5871=VERTEX_POINT('',#13592);
#5872=VERTEX_POINT('',#13593);
#5873=VERTEX_POINT('',#13595);
#5874=VERTEX_POINT('',#13597);
#5875=VERTEX_POINT('',#13599);
#5876=VERTEX_POINT('',#13601);
#5877=VERTEX_POINT('',#13605);
#5878=VERTEX_POINT('',#13607);
#5879=VERTEX_POINT('',#13611);
#5880=VERTEX_POINT('',#13615);
#5881=VERTEX_POINT('',#13619);
#5882=VERTEX_POINT('',#13623);
#5883=VERTEX_POINT('',#13632);
#5884=VERTEX_POINT('',#13634);
#5885=VERTEX_POINT('',#13637);
#5886=VERTEX_POINT('',#13639);
#5887=VERTEX_POINT('',#13643);
#5888=VERTEX_POINT('',#13644);
#5889=VERTEX_POINT('',#13646);
#5890=VERTEX_POINT('',#13648);
#5891=VERTEX_POINT('',#13650);
#5892=VERTEX_POINT('',#13652);
#5893=VERTEX_POINT('',#13656);
#5894=VERTEX_POINT('',#13658);
#5895=VERTEX_POINT('',#13662);
#5896=VERTEX_POINT('',#13666);
#5897=VERTEX_POINT('',#13670);
#5898=VERTEX_POINT('',#13674);
#5899=VERTEX_POINT('',#13683);
#5900=VERTEX_POINT('',#13685);
#5901=VERTEX_POINT('',#13688);
#5902=VERTEX_POINT('',#13690);
#5903=VERTEX_POINT('',#13694);
#5904=VERTEX_POINT('',#13695);
#5905=VERTEX_POINT('',#13697);
#5906=VERTEX_POINT('',#13699);
#5907=VERTEX_POINT('',#13701);
#5908=VERTEX_POINT('',#13703);
#5909=VERTEX_POINT('',#13707);
#5910=VERTEX_POINT('',#13709);
#5911=VERTEX_POINT('',#13713);
#5912=VERTEX_POINT('',#13717);
#5913=VERTEX_POINT('',#13721);
#5914=VERTEX_POINT('',#13725);
#5915=VERTEX_POINT('',#13735);
#5916=VERTEX_POINT('',#13738);
#5917=VERTEX_POINT('',#13739);
#5918=VERTEX_POINT('',#13741);
#5919=VERTEX_POINT('',#13743);
#5920=VERTEX_POINT('',#13745);
#5921=VERTEX_POINT('',#13747);
#5922=VERTEX_POINT('',#13750);
#5923=VERTEX_POINT('',#13753);
#5924=VERTEX_POINT('',#13755);
#5925=VERTEX_POINT('',#13759);
#5926=VERTEX_POINT('',#13763);
#5927=VERTEX_POINT('',#13767);
#5928=VERTEX_POINT('',#13771);
#5929=VERTEX_POINT('',#13777);
#5930=VERTEX_POINT('',#13780);
#5931=VERTEX_POINT('',#13786);
#5932=VERTEX_POINT('',#13788);
#5933=VERTEX_POINT('',#13791);
#5934=VERTEX_POINT('',#13793);
#5935=VERTEX_POINT('',#13796);
#5936=VERTEX_POINT('',#13798);
#5937=VERTEX_POINT('',#13801);
#5938=VERTEX_POINT('',#13803);
#5939=VERTEX_POINT('',#13806);
#5940=VERTEX_POINT('',#13807);
#5941=VERTEX_POINT('',#13809);
#5942=VERTEX_POINT('',#13811);
#5943=VERTEX_POINT('',#13815);
#5944=VERTEX_POINT('',#13816);
#5945=VERTEX_POINT('',#13818);
#5946=VERTEX_POINT('',#13820);
#5947=VERTEX_POINT('',#13824);
#5948=VERTEX_POINT('',#13825);
#5949=VERTEX_POINT('',#13830);
#5950=VERTEX_POINT('',#13831);
#5951=VERTEX_POINT('',#13836);
#5952=VERTEX_POINT('',#13837);
#5953=VERTEX_POINT('',#13842);
#5954=VERTEX_POINT('',#13843);
#5955=VERTEX_POINT('',#13851);
#5956=VERTEX_POINT('',#13852);
#5957=VERTEX_POINT('',#13857);
#5958=VERTEX_POINT('',#13859);
#5959=VERTEX_POINT('',#13863);
#5960=VERTEX_POINT('',#13864);
#5961=VERTEX_POINT('',#13866);
#5962=VERTEX_POINT('',#13868);
#5963=VERTEX_POINT('',#13872);
#5964=VERTEX_POINT('',#13873);
#5965=VERTEX_POINT('',#13878);
#5966=VERTEX_POINT('',#13880);
#5967=VERTEX_POINT('',#13884);
#5968=VERTEX_POINT('',#13886);
#5969=VERTEX_POINT('',#13890);
#5970=VERTEX_POINT('',#13891);
#5971=VERTEX_POINT('',#13899);
#5972=VERTEX_POINT('',#13901);
#5973=VERTEX_POINT('',#13905);
#5974=VERTEX_POINT('',#13907);
#5975=VERTEX_POINT('',#13911);
#5976=VERTEX_POINT('',#13912);
#5977=VERTEX_POINT('',#13914);
#5978=VERTEX_POINT('',#13916);
#5979=VERTEX_POINT('',#13920);
#5980=VERTEX_POINT('',#13921);
#5981=VERTEX_POINT('',#13926);
#5982=VERTEX_POINT('',#13927);
#5983=VERTEX_POINT('',#13932);
#5984=VERTEX_POINT('',#13934);
#5985=VERTEX_POINT('',#13938);
#5986=VERTEX_POINT('',#13940);
#5987=VERTEX_POINT('',#13947);
#5988=VERTEX_POINT('',#13948);
#5989=VERTEX_POINT('',#13953);
#5990=VERTEX_POINT('',#13955);
#5991=VERTEX_POINT('',#13959);
#5992=VERTEX_POINT('',#13960);
#5993=VERTEX_POINT('',#13965);
#5994=VERTEX_POINT('',#13966);
#5995=VERTEX_POINT('',#13971);
#5996=VERTEX_POINT('',#13973);
#5997=VERTEX_POINT('',#13977);
#5998=VERTEX_POINT('',#13979);
#5999=VERTEX_POINT('',#13983);
#6000=VERTEX_POINT('',#13984);
#6001=VERTEX_POINT('',#13989);
#6002=VERTEX_POINT('',#13991);
#6003=VERTEX_POINT('',#14001);
#6004=VERTEX_POINT('',#14002);
#6005=VERTEX_POINT('',#14004);
#6006=VERTEX_POINT('',#14006);
#6007=VERTEX_POINT('',#14010);
#6008=VERTEX_POINT('',#14012);
#6009=VERTEX_POINT('',#14016);
#6010=VERTEX_POINT('',#14018);
#6011=VERTEX_POINT('',#14028);
#6012=VERTEX_POINT('',#14029);
#6013=VERTEX_POINT('',#14031);
#6014=VERTEX_POINT('',#14033);
#6015=VERTEX_POINT('',#14037);
#6016=VERTEX_POINT('',#14039);
#6017=VERTEX_POINT('',#14043);
#6018=VERTEX_POINT('',#14045);
#6019=VERTEX_POINT('',#14055);
#6020=VERTEX_POINT('',#14058);
#6021=VERTEX_POINT('',#14059);
#6022=VERTEX_POINT('',#14061);
#6023=VERTEX_POINT('',#14063);
#6024=VERTEX_POINT('',#14065);
#6025=VERTEX_POINT('',#14067);
#6026=VERTEX_POINT('',#14070);
#6027=VERTEX_POINT('',#14073);
#6028=VERTEX_POINT('',#14075);
#6029=VERTEX_POINT('',#14079);
#6030=VERTEX_POINT('',#14083);
#6031=VERTEX_POINT('',#14087);
#6032=VERTEX_POINT('',#14091);
#6033=VERTEX_POINT('',#14097);
#6034=VERTEX_POINT('',#14100);
#6035=VERTEX_POINT('',#14106);
#6036=VERTEX_POINT('',#14108);
#6037=VERTEX_POINT('',#14111);
#6038=VERTEX_POINT('',#14113);
#6039=VERTEX_POINT('',#14116);
#6040=VERTEX_POINT('',#14118);
#6041=VERTEX_POINT('',#14121);
#6042=VERTEX_POINT('',#14122);
#6043=VERTEX_POINT('',#14124);
#6044=VERTEX_POINT('',#14126);
#6045=VERTEX_POINT('',#14130);
#6046=VERTEX_POINT('',#14132);
#6047=VERTEX_POINT('',#14136);
#6048=VERTEX_POINT('',#14138);
#6049=VERTEX_POINT('',#14142);
#6050=VERTEX_POINT('',#14144);
#6051=VERTEX_POINT('',#14148);
#6052=VERTEX_POINT('',#14150);
#6053=VERTEX_POINT('',#14154);
#6054=VERTEX_POINT('',#14156);
#6055=VERTEX_POINT('',#14160);
#6056=VERTEX_POINT('',#14162);
#6057=VERTEX_POINT('',#14169);
#6058=VERTEX_POINT('',#14172);
#6059=VERTEX_POINT('',#14175);
#6060=VERTEX_POINT('',#14178);
#6061=VERTEX_POINT('',#14179);
#6062=VERTEX_POINT('',#14181);
#6063=VERTEX_POINT('',#14183);
#6064=VERTEX_POINT('',#14185);
#6065=VERTEX_POINT('',#14187);
#6066=VERTEX_POINT('',#14189);
#6067=VERTEX_POINT('',#14191);
#6068=VERTEX_POINT('',#14195);
#6069=VERTEX_POINT('',#14198);
#6070=VERTEX_POINT('',#14201);
#6071=VERTEX_POINT('',#14204);
#6072=VERTEX_POINT('',#14207);
#6073=VERTEX_POINT('',#14208);
#6074=VERTEX_POINT('',#14213);
#6075=VERTEX_POINT('',#14217);
#6076=VERTEX_POINT('',#14221);
#6077=VERTEX_POINT('',#14225);
#6078=VERTEX_POINT('',#14229);
#6079=VERTEX_POINT('',#14233);
#6080=VERTEX_POINT('',#14239);
#6081=VERTEX_POINT('',#14242);
#6082=VERTEX_POINT('',#14245);
#6083=VERTEX_POINT('',#14251);
#6084=VERTEX_POINT('',#14254);
#6085=VERTEX_POINT('',#14255);
#6086=VERTEX_POINT('',#14257);
#6087=VERTEX_POINT('',#14259);
#6088=VERTEX_POINT('',#14261);
#6089=VERTEX_POINT('',#14263);
#6090=VERTEX_POINT('',#14266);
#6091=VERTEX_POINT('',#14269);
#6092=VERTEX_POINT('',#14271);
#6093=VERTEX_POINT('',#14275);
#6094=VERTEX_POINT('',#14279);
#6095=VERTEX_POINT('',#14283);
#6096=VERTEX_POINT('',#14287);
#6097=VERTEX_POINT('',#14293);
#6098=VERTEX_POINT('',#14296);
#6099=VERTEX_POINT('',#14302);
#6100=VERTEX_POINT('',#14304);
#6101=VERTEX_POINT('',#14307);
#6102=VERTEX_POINT('',#14309);
#6103=VERTEX_POINT('',#14313);
#6104=VERTEX_POINT('',#14314);
#6105=VERTEX_POINT('',#14316);
#6106=VERTEX_POINT('',#14318);
#6107=VERTEX_POINT('',#14320);
#6108=VERTEX_POINT('',#14322);
#6109=VERTEX_POINT('',#14326);
#6110=VERTEX_POINT('',#14328);
#6111=VERTEX_POINT('',#14332);
#6112=VERTEX_POINT('',#14336);
#6113=VERTEX_POINT('',#14340);
#6114=VERTEX_POINT('',#14344);
#6115=VERTEX_POINT('',#14353);
#6116=VERTEX_POINT('',#14356);
#6117=VERTEX_POINT('',#14357);
#6118=VERTEX_POINT('',#14359);
#6119=VERTEX_POINT('',#14361);
#6120=VERTEX_POINT('',#14363);
#6121=VERTEX_POINT('',#14365);
#6122=VERTEX_POINT('',#14368);
#6123=VERTEX_POINT('',#14371);
#6124=VERTEX_POINT('',#14373);
#6125=VERTEX_POINT('',#14377);
#6126=VERTEX_POINT('',#14381);
#6127=VERTEX_POINT('',#14385);
#6128=VERTEX_POINT('',#14389);
#6129=VERTEX_POINT('',#14395);
#6130=VERTEX_POINT('',#14398);
#6131=VERTEX_POINT('',#14404);
#6132=VERTEX_POINT('',#14405);
#6133=VERTEX_POINT('',#14407);
#6134=VERTEX_POINT('',#14409);
#6135=VERTEX_POINT('',#14413);
#6136=VERTEX_POINT('',#14415);
#6137=VERTEX_POINT('',#14419);
#6138=VERTEX_POINT('',#14421);
#6139=VERTEX_POINT('',#14431);
#6140=VERTEX_POINT('',#14432);
#6141=VERTEX_POINT('',#14434);
#6142=VERTEX_POINT('',#14436);
#6143=VERTEX_POINT('',#14440);
#6144=VERTEX_POINT('',#14442);
#6145=VERTEX_POINT('',#14446);
#6146=VERTEX_POINT('',#14450);
#6147=VERTEX_POINT('',#14458);
#6148=VERTEX_POINT('',#14461);
#6149=VERTEX_POINT('',#14462);
#6150=VERTEX_POINT('',#14464);
#6151=VERTEX_POINT('',#14466);
#6152=VERTEX_POINT('',#14468);
#6153=VERTEX_POINT('',#14470);
#6154=VERTEX_POINT('',#14473);
#6155=VERTEX_POINT('',#14476);
#6156=VERTEX_POINT('',#14478);
#6157=VERTEX_POINT('',#14482);
#6158=VERTEX_POINT('',#14486);
#6159=VERTEX_POINT('',#14490);
#6160=VERTEX_POINT('',#14494);
#6161=VERTEX_POINT('',#14500);
#6162=VERTEX_POINT('',#14503);
#6163=VERTEX_POINT('',#14509);
#6164=VERTEX_POINT('',#14511);
#6165=VERTEX_POINT('',#14514);
#6166=VERTEX_POINT('',#14516);
#6167=VERTEX_POINT('',#14520);
#6168=VERTEX_POINT('',#14521);
#6169=VERTEX_POINT('',#14523);
#6170=VERTEX_POINT('',#14525);
#6171=VERTEX_POINT('',#14527);
#6172=VERTEX_POINT('',#14529);
#6173=VERTEX_POINT('',#14533);
#6174=VERTEX_POINT('',#14535);
#6175=VERTEX_POINT('',#14539);
#6176=VERTEX_POINT('',#14543);
#6177=VERTEX_POINT('',#14547);
#6178=VERTEX_POINT('',#14551);
#6179=VERTEX_POINT('',#14560);
#6180=VERTEX_POINT('',#14562);
#6181=VERTEX_POINT('',#14565);
#6182=VERTEX_POINT('',#14567);
#6183=VERTEX_POINT('',#14570);
#6184=VERTEX_POINT('',#14572);
#6185=VERTEX_POINT('',#14575);
#6186=VERTEX_POINT('',#14577);
#6187=VERTEX_POINT('',#14580);
#6188=VERTEX_POINT('',#14581);
#6189=VERTEX_POINT('',#14583);
#6190=VERTEX_POINT('',#14585);
#6191=VERTEX_POINT('',#14589);
#6192=VERTEX_POINT('',#14590);
#6193=VERTEX_POINT('',#14592);
#6194=VERTEX_POINT('',#14594);
#6195=VERTEX_POINT('',#14598);
#6196=VERTEX_POINT('',#14599);
#6197=VERTEX_POINT('',#14604);
#6198=VERTEX_POINT('',#14605);
#6199=VERTEX_POINT('',#14610);
#6200=VERTEX_POINT('',#14611);
#6201=VERTEX_POINT('',#14616);
#6202=VERTEX_POINT('',#14617);
#6203=VERTEX_POINT('',#14625);
#6204=VERTEX_POINT('',#14626);
#6205=VERTEX_POINT('',#14631);
#6206=VERTEX_POINT('',#14633);
#6207=VERTEX_POINT('',#14637);
#6208=VERTEX_POINT('',#14638);
#6209=VERTEX_POINT('',#14640);
#6210=VERTEX_POINT('',#14642);
#6211=VERTEX_POINT('',#14646);
#6212=VERTEX_POINT('',#14647);
#6213=VERTEX_POINT('',#14652);
#6214=VERTEX_POINT('',#14654);
#6215=VERTEX_POINT('',#14658);
#6216=VERTEX_POINT('',#14660);
#6217=VERTEX_POINT('',#14664);
#6218=VERTEX_POINT('',#14665);
#6219=VERTEX_POINT('',#14673);
#6220=VERTEX_POINT('',#14675);
#6221=VERTEX_POINT('',#14679);
#6222=VERTEX_POINT('',#14681);
#6223=VERTEX_POINT('',#14685);
#6224=VERTEX_POINT('',#14686);
#6225=VERTEX_POINT('',#14688);
#6226=VERTEX_POINT('',#14690);
#6227=VERTEX_POINT('',#14694);
#6228=VERTEX_POINT('',#14695);
#6229=VERTEX_POINT('',#14700);
#6230=VERTEX_POINT('',#14701);
#6231=VERTEX_POINT('',#14706);
#6232=VERTEX_POINT('',#14708);
#6233=VERTEX_POINT('',#14712);
#6234=VERTEX_POINT('',#14714);
#6235=VERTEX_POINT('',#14721);
#6236=VERTEX_POINT('',#14722);
#6237=VERTEX_POINT('',#14727);
#6238=VERTEX_POINT('',#14729);
#6239=VERTEX_POINT('',#14733);
#6240=VERTEX_POINT('',#14734);
#6241=VERTEX_POINT('',#14739);
#6242=VERTEX_POINT('',#14740);
#6243=VERTEX_POINT('',#14745);
#6244=VERTEX_POINT('',#14747);
#6245=VERTEX_POINT('',#14751);
#6246=VERTEX_POINT('',#14753);
#6247=VERTEX_POINT('',#14757);
#6248=VERTEX_POINT('',#14758);
#6249=VERTEX_POINT('',#14763);
#6250=VERTEX_POINT('',#14765);
#6251=VERTEX_POINT('',#14775);
#6252=VERTEX_POINT('',#14778);
#6253=VERTEX_POINT('',#14779);
#6254=VERTEX_POINT('',#14781);
#6255=VERTEX_POINT('',#14783);
#6256=VERTEX_POINT('',#14785);
#6257=VERTEX_POINT('',#14787);
#6258=VERTEX_POINT('',#14790);
#6259=VERTEX_POINT('',#14793);
#6260=VERTEX_POINT('',#14795);
#6261=VERTEX_POINT('',#14799);
#6262=VERTEX_POINT('',#14803);
#6263=VERTEX_POINT('',#14807);
#6264=VERTEX_POINT('',#14811);
#6265=VERTEX_POINT('',#14817);
#6266=VERTEX_POINT('',#14820);
#6267=VERTEX_POINT('',#14826);
#6268=VERTEX_POINT('',#14828);
#6269=VERTEX_POINT('',#14831);
#6270=VERTEX_POINT('',#14833);
#6271=VERTEX_POINT('',#14837);
#6272=VERTEX_POINT('',#14838);
#6273=VERTEX_POINT('',#14840);
#6274=VERTEX_POINT('',#14842);
#6275=VERTEX_POINT('',#14844);
#6276=VERTEX_POINT('',#14846);
#6277=VERTEX_POINT('',#14850);
#6278=VERTEX_POINT('',#14852);
#6279=VERTEX_POINT('',#14856);
#6280=VERTEX_POINT('',#14860);
#6281=VERTEX_POINT('',#14864);
#6282=VERTEX_POINT('',#14868);
#6283=VERTEX_POINT('',#14877);
#6284=VERTEX_POINT('',#14880);
#6285=VERTEX_POINT('',#14881);
#6286=VERTEX_POINT('',#14883);
#6287=VERTEX_POINT('',#14885);
#6288=VERTEX_POINT('',#14887);
#6289=VERTEX_POINT('',#14889);
#6290=VERTEX_POINT('',#14892);
#6291=VERTEX_POINT('',#14895);
#6292=VERTEX_POINT('',#14897);
#6293=VERTEX_POINT('',#14901);
#6294=VERTEX_POINT('',#14905);
#6295=VERTEX_POINT('',#14909);
#6296=VERTEX_POINT('',#14913);
#6297=VERTEX_POINT('',#14919);
#6298=VERTEX_POINT('',#14922);
#6299=VERTEX_POINT('',#14928);
#6300=VERTEX_POINT('',#14931);
#6301=VERTEX_POINT('',#14932);
#6302=VERTEX_POINT('',#14934);
#6303=VERTEX_POINT('',#14936);
#6304=VERTEX_POINT('',#14938);
#6305=VERTEX_POINT('',#14940);
#6306=VERTEX_POINT('',#14943);
#6307=VERTEX_POINT('',#14946);
#6308=VERTEX_POINT('',#14948);
#6309=VERTEX_POINT('',#14952);
#6310=VERTEX_POINT('',#14956);
#6311=VERTEX_POINT('',#14960);
#6312=VERTEX_POINT('',#14964);
#6313=VERTEX_POINT('',#14970);
#6314=VERTEX_POINT('',#14973);
#6315=VERTEX_POINT('',#14979);
#6316=VERTEX_POINT('',#14981);
#6317=VERTEX_POINT('',#14984);
#6318=VERTEX_POINT('',#14986);
#6319=VERTEX_POINT('',#14989);
#6320=VERTEX_POINT('',#14991);
#6321=VERTEX_POINT('',#14994);
#6322=VERTEX_POINT('',#14996);
#6323=VERTEX_POINT('',#14999);
#6324=VERTEX_POINT('',#15000);
#6325=VERTEX_POINT('',#15002);
#6326=VERTEX_POINT('',#15004);
#6327=VERTEX_POINT('',#15008);
#6328=VERTEX_POINT('',#15009);
#6329=VERTEX_POINT('',#15011);
#6330=VERTEX_POINT('',#15013);
#6331=VERTEX_POINT('',#15017);
#6332=VERTEX_POINT('',#15018);
#6333=VERTEX_POINT('',#15023);
#6334=VERTEX_POINT('',#15024);
#6335=VERTEX_POINT('',#15029);
#6336=VERTEX_POINT('',#15030);
#6337=VERTEX_POINT('',#15035);
#6338=VERTEX_POINT('',#15036);
#6339=VERTEX_POINT('',#15044);
#6340=VERTEX_POINT('',#15045);
#6341=VERTEX_POINT('',#15050);
#6342=VERTEX_POINT('',#15052);
#6343=VERTEX_POINT('',#15056);
#6344=VERTEX_POINT('',#15057);
#6345=VERTEX_POINT('',#15059);
#6346=VERTEX_POINT('',#15061);
#6347=VERTEX_POINT('',#15065);
#6348=VERTEX_POINT('',#15066);
#6349=VERTEX_POINT('',#15071);
#6350=VERTEX_POINT('',#15073);
#6351=VERTEX_POINT('',#15077);
#6352=VERTEX_POINT('',#15079);
#6353=VERTEX_POINT('',#15083);
#6354=VERTEX_POINT('',#15084);
#6355=VERTEX_POINT('',#15092);
#6356=VERTEX_POINT('',#15094);
#6357=VERTEX_POINT('',#15098);
#6358=VERTEX_POINT('',#15100);
#6359=VERTEX_POINT('',#15104);
#6360=VERTEX_POINT('',#15105);
#6361=VERTEX_POINT('',#15107);
#6362=VERTEX_POINT('',#15109);
#6363=VERTEX_POINT('',#15113);
#6364=VERTEX_POINT('',#15114);
#6365=VERTEX_POINT('',#15119);
#6366=VERTEX_POINT('',#15120);
#6367=VERTEX_POINT('',#15125);
#6368=VERTEX_POINT('',#15127);
#6369=VERTEX_POINT('',#15131);
#6370=VERTEX_POINT('',#15133);
#6371=VERTEX_POINT('',#15140);
#6372=VERTEX_POINT('',#15141);
#6373=VERTEX_POINT('',#15146);
#6374=VERTEX_POINT('',#15148);
#6375=VERTEX_POINT('',#15152);
#6376=VERTEX_POINT('',#15153);
#6377=VERTEX_POINT('',#15158);
#6378=VERTEX_POINT('',#15159);
#6379=VERTEX_POINT('',#15164);
#6380=VERTEX_POINT('',#15166);
#6381=VERTEX_POINT('',#15170);
#6382=VERTEX_POINT('',#15172);
#6383=VERTEX_POINT('',#15176);
#6384=VERTEX_POINT('',#15177);
#6385=VERTEX_POINT('',#15182);
#6386=VERTEX_POINT('',#15184);
#6387=VERTEX_POINT('',#15195);
#6388=VERTEX_POINT('',#15196);
#6389=VERTEX_POINT('',#15198);
#6390=VERTEX_POINT('',#15200);
#6391=VERTEX_POINT('',#15204);
#6392=VERTEX_POINT('',#15206);
#6393=VERTEX_POINT('',#15210);
#6394=VERTEX_POINT('',#15212);
#6395=VERTEX_POINT('',#15222);
#6396=VERTEX_POINT('',#15224);
#6397=VERTEX_POINT('',#15227);
#6398=VERTEX_POINT('',#15230);
#6399=VERTEX_POINT('',#15233);
#6400=VERTEX_POINT('',#15235);
#6401=VERTEX_POINT('',#15238);
#6402=VERTEX_POINT('',#15241);
#6403=VERTEX_POINT('',#15244);
#6404=VERTEX_POINT('',#15246);
#6405=VERTEX_POINT('',#15249);
#6406=VERTEX_POINT('',#15252);
#6407=VERTEX_POINT('',#15255);
#6408=VERTEX_POINT('',#15256);
#6409=VERTEX_POINT('',#15258);
#6410=VERTEX_POINT('',#15260);
#6411=VERTEX_POINT('',#15262);
#6412=VERTEX_POINT('',#15264);
#6413=VERTEX_POINT('',#15266);
#6414=VERTEX_POINT('',#15268);
#6415=VERTEX_POINT('',#15271);
#6416=VERTEX_POINT('',#15272);
#6417=VERTEX_POINT('',#15274);
#6418=VERTEX_POINT('',#15276);
#6419=VERTEX_POINT('',#15278);
#6420=VERTEX_POINT('',#15280);
#6421=VERTEX_POINT('',#15282);
#6422=VERTEX_POINT('',#15284);
#6423=VERTEX_POINT('',#15288);
#6424=VERTEX_POINT('',#15289);
#6425=VERTEX_POINT('',#15294);
#6426=VERTEX_POINT('',#15295);
#6427=VERTEX_POINT('',#15300);
#6428=VERTEX_POINT('',#15301);
#6429=VERTEX_POINT('',#15306);
#6430=VERTEX_POINT('',#15308);
#6431=VERTEX_POINT('',#15312);
#6432=VERTEX_POINT('',#15319);
#6433=VERTEX_POINT('',#15321);
#6434=VERTEX_POINT('',#15325);
#6435=VERTEX_POINT('',#15327);
#6436=VERTEX_POINT('',#15331);
#6437=VERTEX_POINT('',#15333);
#6438=VERTEX_POINT('',#15337);
#6439=VERTEX_POINT('',#15338);
#6440=VERTEX_POINT('',#15343);
#6441=VERTEX_POINT('',#15358);
#6442=VERTEX_POINT('',#15361);
#6443=VERTEX_POINT('',#15366);
#6444=VERTEX_POINT('',#15368);
#6445=VERTEX_POINT('',#15371);
#6446=VERTEX_POINT('',#15373);
#6447=VERTEX_POINT('',#15376);
#6448=VERTEX_POINT('',#15378);
#6449=VERTEX_POINT('',#15381);
#6450=VERTEX_POINT('',#15383);
#6451=VERTEX_POINT('',#15386);
#6452=VERTEX_POINT('',#15387);
#6453=VERTEX_POINT('',#15389);
#6454=VERTEX_POINT('',#15391);
#6455=VERTEX_POINT('',#15395);
#6456=VERTEX_POINT('',#15396);
#6457=VERTEX_POINT('',#15398);
#6458=VERTEX_POINT('',#15400);
#6459=VERTEX_POINT('',#15404);
#6460=VERTEX_POINT('',#15405);
#6461=VERTEX_POINT('',#15410);
#6462=VERTEX_POINT('',#15411);
#6463=VERTEX_POINT('',#15416);
#6464=VERTEX_POINT('',#15417);
#6465=VERTEX_POINT('',#15422);
#6466=VERTEX_POINT('',#15423);
#6467=VERTEX_POINT('',#15431);
#6468=VERTEX_POINT('',#15432);
#6469=VERTEX_POINT('',#15437);
#6470=VERTEX_POINT('',#15439);
#6471=VERTEX_POINT('',#15443);
#6472=VERTEX_POINT('',#15444);
#6473=VERTEX_POINT('',#15446);
#6474=VERTEX_POINT('',#15448);
#6475=VERTEX_POINT('',#15452);
#6476=VERTEX_POINT('',#15453);
#6477=VERTEX_POINT('',#15458);
#6478=VERTEX_POINT('',#15460);
#6479=VERTEX_POINT('',#15464);
#6480=VERTEX_POINT('',#15466);
#6481=VERTEX_POINT('',#15470);
#6482=VERTEX_POINT('',#15471);
#6483=VERTEX_POINT('',#15479);
#6484=VERTEX_POINT('',#15481);
#6485=VERTEX_POINT('',#15485);
#6486=VERTEX_POINT('',#15487);
#6487=VERTEX_POINT('',#15491);
#6488=VERTEX_POINT('',#15492);
#6489=VERTEX_POINT('',#15494);
#6490=VERTEX_POINT('',#15496);
#6491=VERTEX_POINT('',#15500);
#6492=VERTEX_POINT('',#15501);
#6493=VERTEX_POINT('',#15506);
#6494=VERTEX_POINT('',#15507);
#6495=VERTEX_POINT('',#15512);
#6496=VERTEX_POINT('',#15514);
#6497=VERTEX_POINT('',#15518);
#6498=VERTEX_POINT('',#15520);
#6499=VERTEX_POINT('',#15527);
#6500=VERTEX_POINT('',#15528);
#6501=VERTEX_POINT('',#15533);
#6502=VERTEX_POINT('',#15535);
#6503=VERTEX_POINT('',#15539);
#6504=VERTEX_POINT('',#15540);
#6505=VERTEX_POINT('',#15545);
#6506=VERTEX_POINT('',#15546);
#6507=VERTEX_POINT('',#15551);
#6508=VERTEX_POINT('',#15553);
#6509=VERTEX_POINT('',#15557);
#6510=VERTEX_POINT('',#15559);
#6511=VERTEX_POINT('',#15563);
#6512=VERTEX_POINT('',#15564);
#6513=VERTEX_POINT('',#15569);
#6514=VERTEX_POINT('',#15571);
#6515=VERTEX_POINT('',#15581);
#6516=VERTEX_POINT('',#15584);
#6517=VERTEX_POINT('',#15585);
#6518=VERTEX_POINT('',#15587);
#6519=VERTEX_POINT('',#15589);
#6520=VERTEX_POINT('',#15591);
#6521=VERTEX_POINT('',#15593);
#6522=VERTEX_POINT('',#15596);
#6523=VERTEX_POINT('',#15599);
#6524=VERTEX_POINT('',#15601);
#6525=VERTEX_POINT('',#15605);
#6526=VERTEX_POINT('',#15609);
#6527=VERTEX_POINT('',#15613);
#6528=VERTEX_POINT('',#15617);
#6529=VERTEX_POINT('',#15623);
#6530=VERTEX_POINT('',#15626);
#6531=VERTEX_POINT('',#15632);
#6532=VERTEX_POINT('',#15635);
#6533=VERTEX_POINT('',#15636);
#6534=VERTEX_POINT('',#15638);
#6535=VERTEX_POINT('',#15640);
#6536=VERTEX_POINT('',#15642);
#6537=VERTEX_POINT('',#15644);
#6538=VERTEX_POINT('',#15647);
#6539=VERTEX_POINT('',#15650);
#6540=VERTEX_POINT('',#15652);
#6541=VERTEX_POINT('',#15656);
#6542=VERTEX_POINT('',#15660);
#6543=VERTEX_POINT('',#15664);
#6544=VERTEX_POINT('',#15668);
#6545=VERTEX_POINT('',#15674);
#6546=VERTEX_POINT('',#15677);
#6547=VERTEX_POINT('',#15683);
#6548=VERTEX_POINT('',#15684);
#6549=VERTEX_POINT('',#15686);
#6550=VERTEX_POINT('',#15688);
#6551=VERTEX_POINT('',#15692);
#6552=VERTEX_POINT('',#15694);
#6553=VERTEX_POINT('',#15698);
#6554=VERTEX_POINT('',#15700);
#6555=VERTEX_POINT('',#15710);
#6556=VERTEX_POINT('',#15713);
#6557=VERTEX_POINT('',#15714);
#6558=VERTEX_POINT('',#15716);
#6559=VERTEX_POINT('',#15718);
#6560=VERTEX_POINT('',#15720);
#6561=VERTEX_POINT('',#15722);
#6562=VERTEX_POINT('',#15725);
#6563=VERTEX_POINT('',#15728);
#6564=VERTEX_POINT('',#15730);
#6565=VERTEX_POINT('',#15734);
#6566=VERTEX_POINT('',#15738);
#6567=VERTEX_POINT('',#15742);
#6568=VERTEX_POINT('',#15746);
#6569=VERTEX_POINT('',#15752);
#6570=VERTEX_POINT('',#15755);
#6571=VERTEX_POINT('',#15761);
#6572=VERTEX_POINT('',#15764);
#6573=VERTEX_POINT('',#15765);
#6574=VERTEX_POINT('',#15767);
#6575=VERTEX_POINT('',#15769);
#6576=VERTEX_POINT('',#15771);
#6577=VERTEX_POINT('',#15773);
#6578=VERTEX_POINT('',#15776);
#6579=VERTEX_POINT('',#15779);
#6580=VERTEX_POINT('',#15781);
#6581=VERTEX_POINT('',#15785);
#6582=VERTEX_POINT('',#15789);
#6583=VERTEX_POINT('',#15793);
#6584=VERTEX_POINT('',#15797);
#6585=VERTEX_POINT('',#15803);
#6586=VERTEX_POINT('',#15806);
#6587=VERTEX_POINT('',#15813);
#6588=VERTEX_POINT('',#15814);
#6589=VERTEX_POINT('',#15816);
#6590=VERTEX_POINT('',#15818);
#6591=VERTEX_POINT('',#15822);
#6592=VERTEX_POINT('',#15824);
#6593=VERTEX_POINT('',#15828);
#6594=VERTEX_POINT('',#15830);
#6595=VERTEX_POINT('',#15840);
#6596=VERTEX_POINT('',#15842);
#6597=VERTEX_POINT('',#15845);
#6598=VERTEX_POINT('',#15847);
#6599=VERTEX_POINT('',#15851);
#6600=VERTEX_POINT('',#15852);
#6601=VERTEX_POINT('',#15854);
#6602=VERTEX_POINT('',#15856);
#6603=VERTEX_POINT('',#15858);
#6604=VERTEX_POINT('',#15860);
#6605=VERTEX_POINT('',#15864);
#6606=VERTEX_POINT('',#15866);
#6607=VERTEX_POINT('',#15870);
#6608=VERTEX_POINT('',#15874);
#6609=VERTEX_POINT('',#15878);
#6610=VERTEX_POINT('',#15882);
#6611=VERTEX_POINT('',#15891);
#6612=VERTEX_POINT('',#15892);
#6613=VERTEX_POINT('',#15894);
#6614=VERTEX_POINT('',#15896);
#6615=VERTEX_POINT('',#15900);
#6616=VERTEX_POINT('',#15902);
#6617=VERTEX_POINT('',#15906);
#6618=VERTEX_POINT('',#15908);
#6619=VERTEX_POINT('',#15918);
#6620=VERTEX_POINT('',#15919);
#6621=VERTEX_POINT('',#15921);
#6622=VERTEX_POINT('',#15923);
#6623=VERTEX_POINT('',#15927);
#6624=VERTEX_POINT('',#15929);
#6625=VERTEX_POINT('',#15933);
#6626=VERTEX_POINT('',#15935);
#6627=VERTEX_POINT('',#15945);
#6628=VERTEX_POINT('',#15948);
#6629=VERTEX_POINT('',#15949);
#6630=VERTEX_POINT('',#15951);
#6631=VERTEX_POINT('',#15953);
#6632=VERTEX_POINT('',#15955);
#6633=VERTEX_POINT('',#15957);
#6634=VERTEX_POINT('',#15960);
#6635=VERTEX_POINT('',#15963);
#6636=VERTEX_POINT('',#15965);
#6637=VERTEX_POINT('',#15969);
#6638=VERTEX_POINT('',#15973);
#6639=VERTEX_POINT('',#15977);
#6640=VERTEX_POINT('',#15981);
#6641=VERTEX_POINT('',#15987);
#6642=VERTEX_POINT('',#15990);
#6643=VERTEX_POINT('',#15996);
#6644=VERTEX_POINT('',#15999);
#6645=VERTEX_POINT('',#16000);
#6646=VERTEX_POINT('',#16002);
#6647=VERTEX_POINT('',#16004);
#6648=VERTEX_POINT('',#16006);
#6649=VERTEX_POINT('',#16008);
#6650=VERTEX_POINT('',#16011);
#6651=VERTEX_POINT('',#16014);
#6652=VERTEX_POINT('',#16016);
#6653=VERTEX_POINT('',#16020);
#6654=VERTEX_POINT('',#16024);
#6655=VERTEX_POINT('',#16028);
#6656=VERTEX_POINT('',#16032);
#6657=VERTEX_POINT('',#16038);
#6658=VERTEX_POINT('',#16041);
#6659=VERTEX_POINT('',#16047);
#6660=VERTEX_POINT('',#16049);
#6661=VERTEX_POINT('',#16052);
#6662=VERTEX_POINT('',#16054);
#6663=VERTEX_POINT('',#16058);
#6664=VERTEX_POINT('',#16059);
#6665=VERTEX_POINT('',#16061);
#6666=VERTEX_POINT('',#16063);
#6667=VERTEX_POINT('',#16065);
#6668=VERTEX_POINT('',#16067);
#6669=VERTEX_POINT('',#16071);
#6670=VERTEX_POINT('',#16073);
#6671=VERTEX_POINT('',#16077);
#6672=VERTEX_POINT('',#16081);
#6673=VERTEX_POINT('',#16085);
#6674=VERTEX_POINT('',#16089);
#6675=VERTEX_POINT('',#16098);
#6676=VERTEX_POINT('',#16101);
#6677=VERTEX_POINT('',#16102);
#6678=VERTEX_POINT('',#16104);
#6679=VERTEX_POINT('',#16106);
#6680=VERTEX_POINT('',#16108);
#6681=VERTEX_POINT('',#16110);
#6682=VERTEX_POINT('',#16113);
#6683=VERTEX_POINT('',#16116);
#6684=VERTEX_POINT('',#16118);
#6685=VERTEX_POINT('',#16122);
#6686=VERTEX_POINT('',#16126);
#6687=VERTEX_POINT('',#16130);
#6688=VERTEX_POINT('',#16134);
#6689=VERTEX_POINT('',#16140);
#6690=VERTEX_POINT('',#16143);
#6691=VERTEX_POINT('',#16149);
#6692=VERTEX_POINT('',#16152);
#6693=VERTEX_POINT('',#16153);
#6694=VERTEX_POINT('',#16155);
#6695=VERTEX_POINT('',#16157);
#6696=VERTEX_POINT('',#16159);
#6697=VERTEX_POINT('',#16161);
#6698=VERTEX_POINT('',#16164);
#6699=VERTEX_POINT('',#16167);
#6700=VERTEX_POINT('',#16169);
#6701=VERTEX_POINT('',#16173);
#6702=VERTEX_POINT('',#16177);
#6703=VERTEX_POINT('',#16181);
#6704=VERTEX_POINT('',#16185);
#6705=VERTEX_POINT('',#16191);
#6706=VERTEX_POINT('',#16194);
#6707=CIRCLE('',#9896,0.0016);
#6708=CIRCLE('',#9897,0.0016);
#6709=CIRCLE('',#9899,0.0016);
#6710=CIRCLE('',#9900,0.0016);
#6711=CIRCLE('',#9913,0.0016);
#6712=CIRCLE('',#9914,0.0016);
#6713=CIRCLE('',#9916,0.0016);
#6714=CIRCLE('',#9917,0.0016);
#6715=CIRCLE('',#9930,0.0016);
#6716=CIRCLE('',#9931,0.0016);
#6717=CIRCLE('',#9933,0.0016);
#6718=CIRCLE('',#9934,0.0016);
#6719=CIRCLE('',#9948,0.0016);
#6720=CIRCLE('',#9950,0.0016);
#6721=CIRCLE('',#9958,0.0016);
#6722=CIRCLE('',#9960,0.0016);
#6723=CIRCLE('',#9965,0.0016);
#6724=CIRCLE('',#9966,0.0016);
#6725=CIRCLE('',#9968,0.0016);
#6726=CIRCLE('',#9969,0.0016);
#6727=CIRCLE('',#9971,0.0016);
#6728=CIRCLE('',#9972,0.0016);
#6729=CIRCLE('',#9974,0.0016);
#6730=CIRCLE('',#9975,0.0016);
#6731=CIRCLE('',#9977,0.0012);
#6732=CIRCLE('',#9978,0.0012);
#6733=CIRCLE('',#9980,0.0012);
#6734=CIRCLE('',#9981,0.0012);
#6735=CIRCLE('',#9983,0.0012);
#6736=CIRCLE('',#9984,0.0012);
#6737=CIRCLE('',#9988,0.0012);
#6738=CIRCLE('',#9989,0.0012);
#6739=CIRCLE('',#9991,0.0012);
#6740=CIRCLE('',#9992,0.0012);
#6741=CIRCLE('',#9995,0.0012);
#6742=CIRCLE('',#9996,0.0012);
#6743=CIRCLE('',#9998,0.0012);
#6744=CIRCLE('',#9999,0.0012);
#6745=CIRCLE('',#10001,0.0012);
#6746=CIRCLE('',#10002,0.0012);
#6747=CIRCLE('',#10006,0.0012);
#6748=CIRCLE('',#10007,0.0012);
#6749=CIRCLE('',#10009,0.0012);
#6750=CIRCLE('',#10010,0.0012);
#6751=CIRCLE('',#10013,0.0012);
#6752=CIRCLE('',#10014,0.0012);
#6753=CIRCLE('',#10016,0.0012);
#6754=CIRCLE('',#10017,0.0012);
#6755=CIRCLE('',#10019,0.0012);
#6756=CIRCLE('',#10020,0.0012);
#6757=CIRCLE('',#10024,0.0012);
#6758=CIRCLE('',#10025,0.0012);
#6759=CIRCLE('',#10027,0.0012);
#6760=CIRCLE('',#10028,0.0012);
#6761=CIRCLE('',#10031,0.0012);
#6762=CIRCLE('',#10032,0.0012);
#6763=CIRCLE('',#10036,0.0012);
#6764=CIRCLE('',#10037,0.0012);
#6765=CIRCLE('',#10039,0.0012);
#6766=CIRCLE('',#10040,0.0012);
#6767=CIRCLE('',#10042,0.0012);
#6768=CIRCLE('',#10043,0.0012);
#6769=CIRCLE('',#10045,0.0012);
#6770=CIRCLE('',#10046,0.0012);
#6771=CIRCLE('',#10066,0.0016);
#6772=CIRCLE('',#10068,0.0016);
#6773=CIRCLE('',#10076,0.0016);
#6774=CIRCLE('',#10078,0.0016);
#6775=CIRCLE('',#10083,0.0025);
#6776=CIRCLE('',#10084,0.0025);
#6777=CIRCLE('',#10086,0.0025);
#6778=CIRCLE('',#10087,0.0025);
#6779=CIRCLE('',#10089,0.0025);
#6780=CIRCLE('',#10090,0.0025);
#6781=CIRCLE('',#10092,0.00199999999996);
#6782=CIRCLE('',#10093,0.00199999999996);
#6783=CIRCLE('',#10096,0.00199999999996);
#6784=CIRCLE('',#10097,0.00199999999996);
#6785=CIRCLE('',#10100,0.00199999999996);
#6786=CIRCLE('',#10101,0.00199999999996);
#6787=CIRCLE('',#10104,0.00199999999996);
#6788=CIRCLE('',#10105,0.00199999999996);
#6789=CIRCLE('',#10108,0.0016);
#6790=CIRCLE('',#10110,0.0016);
#6791=CIRCLE('',#10112,0.0016);
#6792=CIRCLE('',#10114,0.002);
#6793=CIRCLE('',#10115,0.002);
#6794=CIRCLE('',#10116,0.002);
#6795=CIRCLE('',#10117,0.002);
#6796=CIRCLE('',#10119,0.0025);
#6797=CIRCLE('',#10121,0.0016);
#6798=CIRCLE('',#10123,0.0016);
#6799=CIRCLE('',#10125,0.00159999999963);
#6800=CIRCLE('',#10127,0.00199999999996);
#6801=CIRCLE('',#10130,0.00199999999996);
#6802=CIRCLE('',#10133,0.00199999999996);
#6803=CIRCLE('',#10136,0.00199999999996);
#6804=CIRCLE('',#10139,0.0025);
#6805=CIRCLE('',#10141,0.0016);
#6806=CIRCLE('',#10143,0.0016);
#6807=CIRCLE('',#10148,0.0016);
#6808=CIRCLE('',#10150,0.0016);
#6809=CIRCLE('',#10158,0.0016);
#6810=CIRCLE('',#10160,0.0016);
#6811=CIRCLE('',#10165,0.0016);
#6812=CIRCLE('',#10166,0.0016);
#6813=CIRCLE('',#10168,0.0016);
#6814=CIRCLE('',#10169,0.0016);
#6815=CIRCLE('',#10182,0.0016);
#6816=CIRCLE('',#10184,0.0016);
#6817=CIRCLE('',#10192,0.0016);
#6818=CIRCLE('',#10194,0.0016);
#6819=CIRCLE('',#10213,0.0016);
#6820=CIRCLE('',#10215,0.0016);
#6821=CIRCLE('',#10223,0.0016);
#6822=CIRCLE('',#10225,0.0016);
#6823=CIRCLE('',#10230,0.0016);
#6824=CIRCLE('',#10231,0.0016);
#6825=CIRCLE('',#10233,0.0016);
#6826=CIRCLE('',#10234,0.0016);
#6827=CIRCLE('',#10247,0.0016);
#6828=CIRCLE('',#10248,0.0016);
#6829=CIRCLE('',#10250,0.0016);
#6830=CIRCLE('',#10251,0.0016);
#6831=CIRCLE('',#10253,0.0016);
#6832=CIRCLE('',#10254,0.0016);
#6833=CIRCLE('',#10256,0.0016);
#6834=CIRCLE('',#10257,0.0016);
#6835=CIRCLE('',#10259,0.0012);
#6836=CIRCLE('',#10260,0.0012);
#6837=CIRCLE('',#10262,0.0012);
#6838=CIRCLE('',#10263,0.0012);
#6839=CIRCLE('',#10265,0.0012);
#6840=CIRCLE('',#10266,0.0012);
#6841=CIRCLE('',#10270,0.0012);
#6842=CIRCLE('',#10271,0.0012);
#6843=CIRCLE('',#10273,0.0012);
#6844=CIRCLE('',#10274,0.0012);
#6845=CIRCLE('',#10277,0.0012);
#6846=CIRCLE('',#10278,0.0012);
#6847=CIRCLE('',#10280,0.0012);
#6848=CIRCLE('',#10281,0.0012);
#6849=CIRCLE('',#10283,0.0012);
#6850=CIRCLE('',#10284,0.0012);
#6851=CIRCLE('',#10288,0.0012);
#6852=CIRCLE('',#10289,0.0012);
#6853=CIRCLE('',#10291,0.0012);
#6854=CIRCLE('',#10292,0.0012);
#6855=CIRCLE('',#10295,0.0012);
#6856=CIRCLE('',#10296,0.0012);
#6857=CIRCLE('',#10298,0.0012);
#6858=CIRCLE('',#10299,0.0012);
#6859=CIRCLE('',#10301,0.0012);
#6860=CIRCLE('',#10302,0.0012);
#6861=CIRCLE('',#10306,0.0012);
#6862=CIRCLE('',#10307,0.0012);
#6863=CIRCLE('',#10309,0.0012);
#6864=CIRCLE('',#10310,0.0012);
#6865=CIRCLE('',#10313,0.0012);
#6866=CIRCLE('',#10314,0.0012);
#6867=CIRCLE('',#10318,0.0012);
#6868=CIRCLE('',#10319,0.0012);
#6869=CIRCLE('',#10321,0.0012);
#6870=CIRCLE('',#10322,0.0012);
#6871=CIRCLE('',#10324,0.0012);
#6872=CIRCLE('',#10325,0.0012);
#6873=CIRCLE('',#10327,0.0012);
#6874=CIRCLE('',#10328,0.0012);
#6875=CIRCLE('',#10334,0.0016);
#6876=CIRCLE('',#10336,0.0016);
#6877=CIRCLE('',#10344,0.0016);
#6878=CIRCLE('',#10346,0.0016);
#6879=CIRCLE('',#10351,0.0016);
#6880=CIRCLE('',#10352,0.0016);
#6881=CIRCLE('',#10354,0.0016);
#6882=CIRCLE('',#10355,0.0016);
#6883=CIRCLE('',#10368,0.0016);
#6884=CIRCLE('',#10370,0.0016);
#6885=CIRCLE('',#10378,0.0016);
#6886=CIRCLE('',#10380,0.0016);
#6887=CIRCLE('',#10385,0.0016);
#6888=CIRCLE('',#10387,0.0016);
#6889=CIRCLE('',#10395,0.0016);
#6890=CIRCLE('',#10397,0.0016);
#6891=CIRCLE('',#10402,0.0016);
#6892=CIRCLE('',#10403,0.0016);
#6893=CIRCLE('',#10405,0.0016);
#6894=CIRCLE('',#10406,0.0016);
#6895=CIRCLE('',#10408,0.0016);
#6896=CIRCLE('',#10409,0.0016);
#6897=CIRCLE('',#10411,0.0016);
#6898=CIRCLE('',#10412,0.0016);
#6899=CIRCLE('',#10414,0.0012);
#6900=CIRCLE('',#10415,0.0012);
#6901=CIRCLE('',#10417,0.0012);
#6902=CIRCLE('',#10418,0.0012);
#6903=CIRCLE('',#10420,0.0012);
#6904=CIRCLE('',#10421,0.0012);
#6905=CIRCLE('',#10425,0.0012);
#6906=CIRCLE('',#10426,0.0012);
#6907=CIRCLE('',#10428,0.0012);
#6908=CIRCLE('',#10429,0.0012);
#6909=CIRCLE('',#10432,0.0012);
#6910=CIRCLE('',#10433,0.0012);
#6911=CIRCLE('',#10435,0.0012);
#6912=CIRCLE('',#10436,0.0012);
#6913=CIRCLE('',#10438,0.0012);
#6914=CIRCLE('',#10439,0.0012);
#6915=CIRCLE('',#10443,0.0012);
#6916=CIRCLE('',#10444,0.0012);
#6917=CIRCLE('',#10446,0.0012);
#6918=CIRCLE('',#10447,0.0012);
#6919=CIRCLE('',#10450,0.0012);
#6920=CIRCLE('',#10451,0.0012);
#6921=CIRCLE('',#10453,0.0012);
#6922=CIRCLE('',#10454,0.0012);
#6923=CIRCLE('',#10456,0.0012);
#6924=CIRCLE('',#10457,0.0012);
#6925=CIRCLE('',#10461,0.0012);
#6926=CIRCLE('',#10462,0.0012);
#6927=CIRCLE('',#10464,0.0012);
#6928=CIRCLE('',#10465,0.0012);
#6929=CIRCLE('',#10468,0.0012);
#6930=CIRCLE('',#10469,0.0012);
#6931=CIRCLE('',#10473,0.0012);
#6932=CIRCLE('',#10474,0.0012);
#6933=CIRCLE('',#10476,0.0012);
#6934=CIRCLE('',#10477,0.0012);
#6935=CIRCLE('',#10479,0.0012);
#6936=CIRCLE('',#10480,0.0012);
#6937=CIRCLE('',#10482,0.0012);
#6938=CIRCLE('',#10483,0.0012);
#6939=CIRCLE('',#10497,0.0016);
#6940=CIRCLE('',#10498,0.0016);
#6941=CIRCLE('',#10500,0.0025);
#6942=CIRCLE('',#10502,0.0025);
#6943=CIRCLE('',#10504,0.0016);
#6944=CIRCLE('',#10505,0.0016);
#6945=CIRCLE('',#10507,0.0025);
#6946=CIRCLE('',#10509,0.0025);
#6947=CIRCLE('',#10511,0.0016);
#6948=CIRCLE('',#10512,0.0016);
#6949=CIRCLE('',#10514,0.0025);
#6950=CIRCLE('',#10516,0.0025);
#6951=CIRCLE('',#10518,0.002);
#6952=CIRCLE('',#10519,0.002);
#6953=CIRCLE('',#10520,0.002);
#6954=CIRCLE('',#10521,0.002);
#6955=CIRCLE('',#10522,0.002);
#6956=CIRCLE('',#10523,0.002);
#6957=CIRCLE('',#10524,0.002);
#6958=CIRCLE('',#10525,0.002);
#6959=CIRCLE('',#10531,0.0025);
#6960=CIRCLE('',#10532,0.002);
#6961=CIRCLE('',#10533,0.002);
#6962=CIRCLE('',#10534,0.002);
#6963=CIRCLE('',#10535,0.002);
#6964=CIRCLE('',#10541,0.0016);
#6965=CIRCLE('',#10542,0.002);
#6966=CIRCLE('',#10543,0.002);
#6967=CIRCLE('',#10544,0.002);
#6968=CIRCLE('',#10545,0.002);
#6969=CIRCLE('',#10555,0.0016);
#6970=CIRCLE('',#10557,0.0025);
#6971=CIRCLE('',#10561,0.0016);
#6972=CIRCLE('',#10562,0.0016);
#6973=CIRCLE('',#10564,0.0016);
#6974=CIRCLE('',#10565,0.0016);
#6975=CIRCLE('',#10567,0.0016);
#6976=CIRCLE('',#10568,0.0016);
#6977=CIRCLE('',#10570,0.0016);
#6978=CIRCLE('',#10571,0.0016);
#6979=CIRCLE('',#10573,0.0012);
#6980=CIRCLE('',#10574,0.0012);
#6981=CIRCLE('',#10576,0.0012);
#6982=CIRCLE('',#10577,0.0012);
#6983=CIRCLE('',#10579,0.0012);
#6984=CIRCLE('',#10580,0.0012);
#6985=CIRCLE('',#10584,0.0012);
#6986=CIRCLE('',#10585,0.0012);
#6987=CIRCLE('',#10587,0.0012);
#6988=CIRCLE('',#10588,0.0012);
#6989=CIRCLE('',#10591,0.0012);
#6990=CIRCLE('',#10592,0.0012);
#6991=CIRCLE('',#10594,0.0012);
#6992=CIRCLE('',#10595,0.0012);
#6993=CIRCLE('',#10597,0.0012);
#6994=CIRCLE('',#10598,0.0012);
#6995=CIRCLE('',#10602,0.0012);
#6996=CIRCLE('',#10603,0.0012);
#6997=CIRCLE('',#10605,0.0012);
#6998=CIRCLE('',#10606,0.0012);
#6999=CIRCLE('',#10609,0.0012);
#7000=CIRCLE('',#10610,0.0012);
#7001=CIRCLE('',#10612,0.0012);
#7002=CIRCLE('',#10613,0.0012);
#7003=CIRCLE('',#10615,0.0012);
#7004=CIRCLE('',#10616,0.0012);
#7005=CIRCLE('',#10620,0.0012);
#7006=CIRCLE('',#10621,0.0012);
#7007=CIRCLE('',#10623,0.0012);
#7008=CIRCLE('',#10624,0.0012);
#7009=CIRCLE('',#10627,0.0012);
#7010=CIRCLE('',#10628,0.0012);
#7011=CIRCLE('',#10632,0.0012);
#7012=CIRCLE('',#10633,0.0012);
#7013=CIRCLE('',#10635,0.0012);
#7014=CIRCLE('',#10636,0.0012);
#7015=CIRCLE('',#10638,0.0012);
#7016=CIRCLE('',#10639,0.0012);
#7017=CIRCLE('',#10641,0.0012);
#7018=CIRCLE('',#10642,0.0012);
#7019=CIRCLE('',#10648,0.0016);
#7020=CIRCLE('',#10650,0.0016);
#7021=CIRCLE('',#10658,0.0016);
#7022=CIRCLE('',#10660,0.0016);
#7023=CIRCLE('',#10665,0.0016);
#7024=CIRCLE('',#10667,0.0016);
#7025=CIRCLE('',#10675,0.0016);
#7026=CIRCLE('',#10677,0.0016);
#7027=CIRCLE('',#10689,0.0016);
#7028=CIRCLE('',#10691,0.0016);
#7029=CIRCLE('',#10699,0.0016);
#7030=CIRCLE('',#10701,0.0016);
#7031=CIRCLE('',#10706,0.0016);
#7032=CIRCLE('',#10708,0.0016);
#7033=CIRCLE('',#10716,0.0016);
#7034=CIRCLE('',#10718,0.0016);
#7035=CIRCLE('',#10731,0.0016);
#7036=CIRCLE('',#10732,0.0016);
#7037=CIRCLE('',#10734,0.0016);
#7038=CIRCLE('',#10735,0.0016);
#7039=CIRCLE('',#10762,0.0016);
#7040=CIRCLE('',#10764,0.0016);
#7041=CIRCLE('',#10772,0.0016);
#7042=CIRCLE('',#10774,0.0016);
#7043=CIRCLE('',#10779,0.0016);
#7044=CIRCLE('',#10781,0.0016);
#7045=CIRCLE('',#10789,0.0016);
#7046=CIRCLE('',#10791,0.0016);
#7047=CIRCLE('',#10796,0.0016);
#7048=CIRCLE('',#10797,0.0016);
#7049=CIRCLE('',#10799,0.0016);
#7050=CIRCLE('',#10800,0.0016);
#7051=CIRCLE('',#10813,0.0016);
#7052=CIRCLE('',#10815,0.0016);
#7053=CIRCLE('',#10823,0.0016);
#7054=CIRCLE('',#10825,0.0016);
#7055=CIRCLE('',#10830,0.0016);
#7056=CIRCLE('',#10832,0.0016);
#7057=CIRCLE('',#10840,0.0016);
#7058=CIRCLE('',#10842,0.0016);
#7059=EDGE_LOOP('',(#2327));
#7060=EDGE_LOOP('',(#2328));
#7061=EDGE_LOOP('',(#2329));
#7062=EDGE_LOOP('',(#2330));
#7063=EDGE_LOOP('',(#2331));
#7064=EDGE_LOOP('',(#2332));
#7065=EDGE_LOOP('',(#2333,#2334,#2335,#2336,#2337,#2338));
#7066=EDGE_LOOP('',(#2339,#2340,#2341,#2342));
#7067=EDGE_LOOP('',(#2343,#2344,#2345,#2346));
#7068=EDGE_LOOP('',(#2347,#2348,#2349,#2350));
#7069=EDGE_LOOP('',(#2351,#2352,#2353,#2354));
#7070=EDGE_LOOP('',(#2355,#2356,#2357,#2358));
#7071=EDGE_LOOP('',(#2359,#2360,#2361,#2362));
#7072=EDGE_LOOP('',(#2363));
#7073=EDGE_LOOP('',(#2364,#2365,#2366,#2367,#2368,#2369));
#7074=EDGE_LOOP('',(#2370));
#7075=EDGE_LOOP('',(#2371));
#7076=EDGE_LOOP('',(#2372));
#7077=EDGE_LOOP('',(#2373));
#7078=EDGE_LOOP('',(#2374));
#7079=EDGE_LOOP('',(#2375));
#7080=EDGE_LOOP('',(#2376));
#7081=EDGE_LOOP('',(#2377,#2378,#2379,#2380,#2381,#2382));
#7082=EDGE_LOOP('',(#2383,#2384,#2385,#2386));
#7083=EDGE_LOOP('',(#2387,#2388,#2389,#2390));
#7084=EDGE_LOOP('',(#2391,#2392,#2393,#2394));
#7085=EDGE_LOOP('',(#2395,#2396,#2397,#2398));
#7086=EDGE_LOOP('',(#2399,#2400,#2401,#2402));
#7087=EDGE_LOOP('',(#2403,#2404,#2405,#2406));
#7088=EDGE_LOOP('',(#2407));
#7089=EDGE_LOOP('',(#2408,#2409,#2410,#2411,#2412,#2413));
#7090=EDGE_LOOP('',(#2414));
#7091=EDGE_LOOP('',(#2415));
#7092=EDGE_LOOP('',(#2416));
#7093=EDGE_LOOP('',(#2417));
#7094=EDGE_LOOP('',(#2418));
#7095=EDGE_LOOP('',(#2419));
#7096=EDGE_LOOP('',(#2420));
#7097=EDGE_LOOP('',(#2421,#2422,#2423,#2424,#2425,#2426));
#7098=EDGE_LOOP('',(#2427,#2428,#2429,#2430));
#7099=EDGE_LOOP('',(#2431,#2432,#2433,#2434));
#7100=EDGE_LOOP('',(#2435,#2436,#2437,#2438));
#7101=EDGE_LOOP('',(#2439,#2440,#2441,#2442));
#7102=EDGE_LOOP('',(#2443,#2444,#2445,#2446));
#7103=EDGE_LOOP('',(#2447,#2448,#2449,#2450));
#7104=EDGE_LOOP('',(#2451));
#7105=EDGE_LOOP('',(#2452,#2453,#2454,#2455,#2456,#2457));
#7106=EDGE_LOOP('',(#2458));
#7107=EDGE_LOOP('',(#2459));
#7108=EDGE_LOOP('',(#2460,#2461,#2462,#2463,#2464,#2465));
#7109=EDGE_LOOP('',(#2466));
#7110=EDGE_LOOP('',(#2467,#2468,#2469,#2470));
#7111=EDGE_LOOP('',(#2471,#2472,#2473,#2474));
#7112=EDGE_LOOP('',(#2475,#2476,#2477,#2478));
#7113=EDGE_LOOP('',(#2479,#2480,#2481,#2482));
#7114=EDGE_LOOP('',(#2483,#2484,#2485,#2486));
#7115=EDGE_LOOP('',(#2487,#2488,#2489,#2490));
#7116=EDGE_LOOP('',(#2491,#2492,#2493,#2494,#2495,#2496));
#7117=EDGE_LOOP('',(#2497));
#7118=EDGE_LOOP('',(#2498));
#7119=EDGE_LOOP('',(#2499));
#7120=EDGE_LOOP('',(#2500));
#7121=EDGE_LOOP('',(#2501));
#7122=EDGE_LOOP('',(#2502));
#7123=EDGE_LOOP('',(#2503));
#7124=EDGE_LOOP('',(#2504));
#7125=EDGE_LOOP('',(#2505));
#7126=EDGE_LOOP('',(#2506));
#7127=EDGE_LOOP('',(#2507));
#7128=EDGE_LOOP('',(#2508));
#7129=EDGE_LOOP('',(#2509));
#7130=EDGE_LOOP('',(#2510));
#7131=EDGE_LOOP('',(#2511,#2512,#2513,#2514));
#7132=EDGE_LOOP('',(#2515,#2516,#2517,#2518));
#7133=EDGE_LOOP('',(#2519,#2520,#2521,#2522));
#7134=EDGE_LOOP('',(#2523,#2524,#2525,#2526));
#7135=EDGE_LOOP('',(#2527,#2528,#2529,#2530));
#7136=EDGE_LOOP('',(#2531,#2532,#2533,#2534));
#7137=EDGE_LOOP('',(#2535,#2536,#2537,#2538));
#7138=EDGE_LOOP('',(#2539,#2540,#2541,#2542));
#7139=EDGE_LOOP('',(#2543,#2544,#2545,#2546));
#7140=EDGE_LOOP('',(#2547,#2548,#2549,#2550));
#7141=EDGE_LOOP('',(#2551,#2552,#2553,#2554));
#7142=EDGE_LOOP('',(#2555,#2556,#2557,#2558));
#7143=EDGE_LOOP('',(#2559,#2560,#2561,#2562));
#7144=EDGE_LOOP('',(#2563,#2564,#2565,#2566));
#7145=EDGE_LOOP('',(#2567,#2568,#2569,#2570));
#7146=EDGE_LOOP('',(#2571,#2572,#2573,#2574));
#7147=EDGE_LOOP('',(#2575,#2576,#2577,#2578));
#7148=EDGE_LOOP('',(#2579,#2580,#2581,#2582));
#7149=EDGE_LOOP('',(#2583,#2584,#2585,#2586));
#7150=EDGE_LOOP('',(#2587,#2588,#2589,#2590));
#7151=EDGE_LOOP('',(#2591,#2592,#2593,#2594));
#7152=EDGE_LOOP('',(#2595,#2596,#2597,#2598));
#7153=EDGE_LOOP('',(#2599,#2600,#2601,#2602));
#7154=EDGE_LOOP('',(#2603,#2604,#2605,#2606));
#7155=EDGE_LOOP('',(#2607,#2608,#2609,#2610));
#7156=EDGE_LOOP('',(#2611,#2612,#2613,#2614));
#7157=EDGE_LOOP('',(#2615,#2616,#2617,#2618));
#7158=EDGE_LOOP('',(#2619,#2620,#2621,#2622));
#7159=EDGE_LOOP('',(#2623,#2624,#2625,#2626));
#7160=EDGE_LOOP('',(#2627,#2628,#2629,#2630,#2631,#2632,#2633,#2634,#2635,
#2636,#2637,#2638,#2639,#2640,#2641,#2642,#2643,#2644,#2645,#2646,#2647,
#2648,#2649,#2650,#2651,#2652,#2653,#2654,#2655,#2656,#2657,#2658));
#7161=EDGE_LOOP('',(#2659));
#7162=EDGE_LOOP('',(#2660));
#7163=EDGE_LOOP('',(#2661));
#7164=EDGE_LOOP('',(#2662));
#7165=EDGE_LOOP('',(#2663,#2664,#2665,#2666,#2667,#2668,#2669,#2670,#2671,
#2672,#2673,#2674,#2675,#2676,#2677,#2678,#2679,#2680,#2681,#2682,#2683,
#2684,#2685,#2686,#2687,#2688,#2689,#2690,#2691,#2692,#2693,#2694));
#7166=EDGE_LOOP('',(#2695));
#7167=EDGE_LOOP('',(#2696));
#7168=EDGE_LOOP('',(#2697));
#7169=EDGE_LOOP('',(#2698));
#7170=EDGE_LOOP('',(#2699,#2700,#2701,#2702));
#7171=EDGE_LOOP('',(#2703,#2704,#2705,#2706));
#7172=EDGE_LOOP('',(#2707,#2708,#2709,#2710));
#7173=EDGE_LOOP('',(#2711,#2712,#2713,#2714));
#7174=EDGE_LOOP('',(#2715,#2716,#2717,#2718));
#7175=EDGE_LOOP('',(#2719,#2720,#2721,#2722));
#7176=EDGE_LOOP('',(#2723,#2724,#2725,#2726));
#7177=EDGE_LOOP('',(#2727,#2728,#2729,#2730));
#7178=EDGE_LOOP('',(#2731,#2732,#2733,#2734));
#7179=EDGE_LOOP('',(#2735,#2736,#2737,#2738));
#7180=EDGE_LOOP('',(#2739,#2740,#2741,#2742));
#7181=EDGE_LOOP('',(#2743,#2744,#2745,#2746));
#7182=EDGE_LOOP('',(#2747,#2748,#2749,#2750));
#7183=EDGE_LOOP('',(#2751,#2752,#2753,#2754));
#7184=EDGE_LOOP('',(#2755,#2756,#2757,#2758));
#7185=EDGE_LOOP('',(#2759));
#7186=EDGE_LOOP('',(#2760,#2761,#2762,#2763,#2764,#2765));
#7187=EDGE_LOOP('',(#2766));
#7188=EDGE_LOOP('',(#2767,#2768,#2769,#2770));
#7189=EDGE_LOOP('',(#2771,#2772,#2773,#2774));
#7190=EDGE_LOOP('',(#2775,#2776,#2777,#2778));
#7191=EDGE_LOOP('',(#2779,#2780,#2781,#2782));
#7192=EDGE_LOOP('',(#2783,#2784,#2785,#2786));
#7193=EDGE_LOOP('',(#2787,#2788,#2789,#2790));
#7194=EDGE_LOOP('',(#2791,#2792,#2793,#2794,#2795,#2796));
#7195=EDGE_LOOP('',(#2797));
#7196=EDGE_LOOP('',(#2798));
#7197=EDGE_LOOP('',(#2799));
#7198=EDGE_LOOP('',(#2800));
#7199=EDGE_LOOP('',(#2801));
#7200=EDGE_LOOP('',(#2802));
#7201=EDGE_LOOP('',(#2803));
#7202=EDGE_LOOP('',(#2804));
#7203=EDGE_LOOP('',(#2805));
#7204=EDGE_LOOP('',(#2806));
#7205=EDGE_LOOP('',(#2807));
#7206=EDGE_LOOP('',(#2808));
#7207=EDGE_LOOP('',(#2809,#2810,#2811,#2812));
#7208=EDGE_LOOP('',(#2813,#2814,#2815,#2816));
#7209=EDGE_LOOP('',(#2817,#2818,#2819,#2820));
#7210=EDGE_LOOP('',(#2821,#2822,#2823,#2824));
#7211=EDGE_LOOP('',(#2825,#2826,#2827,#2828));
#7212=EDGE_LOOP('',(#2829,#2830,#2831,#2832));
#7213=EDGE_LOOP('',(#2833,#2834,#2835,#2836));
#7214=EDGE_LOOP('',(#2837,#2838,#2839,#2840));
#7215=EDGE_LOOP('',(#2841));
#7216=EDGE_LOOP('',(#2842));
#7217=EDGE_LOOP('',(#2843));
#7218=EDGE_LOOP('',(#2844));
#7219=EDGE_LOOP('',(#2845));
#7220=EDGE_LOOP('',(#2846));
#7221=EDGE_LOOP('',(#2847,#2848,#2849,#2850,#2851,#2852,#2853,#2854));
#7222=EDGE_LOOP('',(#2855,#2856,#2857,#2858,#2859,#2860,#2861,#2862));
#7223=EDGE_LOOP('',(#2863));
#7224=EDGE_LOOP('',(#2864));
#7225=EDGE_LOOP('',(#2865));
#7226=EDGE_LOOP('',(#2866));
#7227=EDGE_LOOP('',(#2867,#2868,#2869,#2870,#2871,#2872,#2873,#2874));
#7228=EDGE_LOOP('',(#2875));
#7229=EDGE_LOOP('',(#2876));
#7230=EDGE_LOOP('',(#2877));
#7231=EDGE_LOOP('',(#2878));
#7232=EDGE_LOOP('',(#2879));
#7233=EDGE_LOOP('',(#2880));
#7234=EDGE_LOOP('',(#2881,#2882,#2883,#2884));
#7235=EDGE_LOOP('',(#2885,#2886,#2887,#2888));
#7236=EDGE_LOOP('',(#2889,#2890,#2891,#2892));
#7237=EDGE_LOOP('',(#2893,#2894,#2895,#2896));
#7238=EDGE_LOOP('',(#2897,#2898,#2899,#2900));
#7239=EDGE_LOOP('',(#2901,#2902,#2903,#2904));
#7240=EDGE_LOOP('',(#2905,#2906,#2907,#2908));
#7241=EDGE_LOOP('',(#2909,#2910,#2911,#2912));
#7242=EDGE_LOOP('',(#2913));
#7243=EDGE_LOOP('',(#2914));
#7244=EDGE_LOOP('',(#2915));
#7245=EDGE_LOOP('',(#2916));
#7246=EDGE_LOOP('',(#2917));
#7247=EDGE_LOOP('',(#2918));
#7248=EDGE_LOOP('',(#2919,#2920,#2921,#2922,#2923,#2924,#2925,#2926));
#7249=EDGE_LOOP('',(#2927));
#7250=EDGE_LOOP('',(#2928));
#7251=EDGE_LOOP('',(#2929));
#7252=EDGE_LOOP('',(#2930));
#7253=EDGE_LOOP('',(#2931));
#7254=EDGE_LOOP('',(#2932,#2933,#2934,#2935,#2936,#2937));
#7255=EDGE_LOOP('',(#2938));
#7256=EDGE_LOOP('',(#2939,#2940,#2941,#2942));
#7257=EDGE_LOOP('',(#2943,#2944,#2945,#2946));
#7258=EDGE_LOOP('',(#2947,#2948,#2949,#2950));
#7259=EDGE_LOOP('',(#2951,#2952,#2953,#2954));
#7260=EDGE_LOOP('',(#2955,#2956,#2957,#2958));
#7261=EDGE_LOOP('',(#2959,#2960,#2961,#2962));
#7262=EDGE_LOOP('',(#2963,#2964,#2965,#2966,#2967,#2968));
#7263=EDGE_LOOP('',(#2969));
#7264=EDGE_LOOP('',(#2970));
#7265=EDGE_LOOP('',(#2971));
#7266=EDGE_LOOP('',(#2972));
#7267=EDGE_LOOP('',(#2973));
#7268=EDGE_LOOP('',(#2974));
#7269=EDGE_LOOP('',(#2975));
#7270=EDGE_LOOP('',(#2976));
#7271=EDGE_LOOP('',(#2977));
#7272=EDGE_LOOP('',(#2978));
#7273=EDGE_LOOP('',(#2979));
#7274=EDGE_LOOP('',(#2980));
#7275=EDGE_LOOP('',(#2981,#2982,#2983,#2984,#2985,#2986));
#7276=EDGE_LOOP('',(#2987,#2988,#2989,#2990));
#7277=EDGE_LOOP('',(#2991,#2992,#2993,#2994));
#7278=EDGE_LOOP('',(#2995,#2996,#2997,#2998));
#7279=EDGE_LOOP('',(#2999,#3000,#3001,#3002));
#7280=EDGE_LOOP('',(#3003,#3004,#3005,#3006));
#7281=EDGE_LOOP('',(#3007,#3008,#3009,#3010));
#7282=EDGE_LOOP('',(#3011));
#7283=EDGE_LOOP('',(#3012,#3013,#3014,#3015,#3016,#3017));
#7284=EDGE_LOOP('',(#3018));
#7285=EDGE_LOOP('',(#3019));
#7286=EDGE_LOOP('',(#3020,#3021,#3022,#3023,#3024,#3025));
#7287=EDGE_LOOP('',(#3026));
#7288=EDGE_LOOP('',(#3027,#3028,#3029,#3030));
#7289=EDGE_LOOP('',(#3031,#3032,#3033,#3034));
#7290=EDGE_LOOP('',(#3035,#3036,#3037,#3038));
#7291=EDGE_LOOP('',(#3039,#3040,#3041,#3042));
#7292=EDGE_LOOP('',(#3043,#3044,#3045,#3046));
#7293=EDGE_LOOP('',(#3047,#3048,#3049,#3050));
#7294=EDGE_LOOP('',(#3051,#3052,#3053,#3054,#3055,#3056));
#7295=EDGE_LOOP('',(#3057));
#7296=EDGE_LOOP('',(#3058));
#7297=EDGE_LOOP('',(#3059));
#7298=EDGE_LOOP('',(#3060));
#7299=EDGE_LOOP('',(#3061));
#7300=EDGE_LOOP('',(#3062));
#7301=EDGE_LOOP('',(#3063,#3064,#3065,#3066));
#7302=EDGE_LOOP('',(#3067,#3068,#3069,#3070));
#7303=EDGE_LOOP('',(#3071,#3072,#3073,#3074));
#7304=EDGE_LOOP('',(#3075,#3076,#3077,#3078));
#7305=EDGE_LOOP('',(#3079,#3080,#3081,#3082));
#7306=EDGE_LOOP('',(#3083,#3084,#3085,#3086));
#7307=EDGE_LOOP('',(#3087,#3088,#3089,#3090));
#7308=EDGE_LOOP('',(#3091,#3092,#3093,#3094));
#7309=EDGE_LOOP('',(#3095,#3096,#3097,#3098));
#7310=EDGE_LOOP('',(#3099,#3100,#3101,#3102));
#7311=EDGE_LOOP('',(#3103,#3104,#3105,#3106));
#7312=EDGE_LOOP('',(#3107,#3108,#3109,#3110));
#7313=EDGE_LOOP('',(#3111));
#7314=EDGE_LOOP('',(#3112,#3113,#3114,#3115,#3116,#3117));
#7315=EDGE_LOOP('',(#3118));
#7316=EDGE_LOOP('',(#3119,#3120,#3121,#3122));
#7317=EDGE_LOOP('',(#3123,#3124,#3125,#3126));
#7318=EDGE_LOOP('',(#3127,#3128,#3129,#3130));
#7319=EDGE_LOOP('',(#3131,#3132,#3133,#3134));
#7320=EDGE_LOOP('',(#3135,#3136,#3137,#3138));
#7321=EDGE_LOOP('',(#3139,#3140,#3141,#3142));
#7322=EDGE_LOOP('',(#3143,#3144,#3145,#3146,#3147,#3148));
#7323=EDGE_LOOP('',(#3149));
#7324=EDGE_LOOP('',(#3150));
#7325=EDGE_LOOP('',(#3151));
#7326=EDGE_LOOP('',(#3152));
#7327=EDGE_LOOP('',(#3153));
#7328=EDGE_LOOP('',(#3154));
#7329=EDGE_LOOP('',(#3155));
#7330=EDGE_LOOP('',(#3156));
#7331=EDGE_LOOP('',(#3157));
#7332=EDGE_LOOP('',(#3158));
#7333=EDGE_LOOP('',(#3159));
#7334=EDGE_LOOP('',(#3160));
#7335=EDGE_LOOP('',(#3161,#3162,#3163,#3164,#3165,#3166));
#7336=EDGE_LOOP('',(#3167,#3168,#3169,#3170));
#7337=EDGE_LOOP('',(#3171,#3172,#3173,#3174));
#7338=EDGE_LOOP('',(#3175,#3176,#3177,#3178));
#7339=EDGE_LOOP('',(#3179,#3180,#3181,#3182));
#7340=EDGE_LOOP('',(#3183,#3184,#3185,#3186));
#7341=EDGE_LOOP('',(#3187,#3188,#3189,#3190));
#7342=EDGE_LOOP('',(#3191));
#7343=EDGE_LOOP('',(#3192,#3193,#3194,#3195,#3196,#3197));
#7344=EDGE_LOOP('',(#3198));
#7345=EDGE_LOOP('',(#3199));
#7346=EDGE_LOOP('',(#3200));
#7347=EDGE_LOOP('',(#3201));
#7348=EDGE_LOOP('',(#3202));
#7349=EDGE_LOOP('',(#3203));
#7350=EDGE_LOOP('',(#3204));
#7351=EDGE_LOOP('',(#3205));
#7352=EDGE_LOOP('',(#3206));
#7353=EDGE_LOOP('',(#3207,#3208,#3209,#3210));
#7354=EDGE_LOOP('',(#3211,#3212,#3213,#3214));
#7355=EDGE_LOOP('',(#3215,#3216,#3217,#3218));
#7356=EDGE_LOOP('',(#3219,#3220,#3221,#3222));
#7357=EDGE_LOOP('',(#3223,#3224,#3225,#3226));
#7358=EDGE_LOOP('',(#3227,#3228,#3229,#3230));
#7359=EDGE_LOOP('',(#3231,#3232,#3233,#3234));
#7360=EDGE_LOOP('',(#3235,#3236,#3237,#3238));
#7361=EDGE_LOOP('',(#3239,#3240,#3241,#3242));
#7362=EDGE_LOOP('',(#3243,#3244,#3245,#3246));
#7363=EDGE_LOOP('',(#3247,#3248,#3249,#3250));
#7364=EDGE_LOOP('',(#3251,#3252,#3253,#3254));
#7365=EDGE_LOOP('',(#3255,#3256,#3257,#3258));
#7366=EDGE_LOOP('',(#3259,#3260,#3261,#3262));
#7367=EDGE_LOOP('',(#3263,#3264,#3265,#3266));
#7368=EDGE_LOOP('',(#3267,#3268,#3269,#3270));
#7369=EDGE_LOOP('',(#3271,#3272,#3273,#3274));
#7370=EDGE_LOOP('',(#3275,#3276,#3277,#3278));
#7371=EDGE_LOOP('',(#3279,#3280,#3281,#3282));
#7372=EDGE_LOOP('',(#3283,#3284,#3285,#3286));
#7373=EDGE_LOOP('',(#3287,#3288,#3289,#3290));
#7374=EDGE_LOOP('',(#3291,#3292,#3293,#3294));
#7375=EDGE_LOOP('',(#3295,#3296,#3297,#3298));
#7376=EDGE_LOOP('',(#3299,#3300,#3301,#3302));
#7377=EDGE_LOOP('',(#3303,#3304,#3305,#3306));
#7378=EDGE_LOOP('',(#3307,#3308,#3309,#3310));
#7379=EDGE_LOOP('',(#3311,#3312,#3313,#3314));
#7380=EDGE_LOOP('',(#3315,#3316,#3317,#3318));
#7381=EDGE_LOOP('',(#3319,#3320,#3321,#3322));
#7382=EDGE_LOOP('',(#3323,#3324,#3325,#3326,#3327,#3328,#3329,#3330,#3331,
#3332,#3333,#3334,#3335,#3336,#3337,#3338,#3339,#3340,#3341,#3342,#3343,
#3344,#3345,#3346,#3347,#3348,#3349,#3350,#3351,#3352,#3353,#3354));
#7383=EDGE_LOOP('',(#3355));
#7384=EDGE_LOOP('',(#3356));
#7385=EDGE_LOOP('',(#3357));
#7386=EDGE_LOOP('',(#3358));
#7387=EDGE_LOOP('',(#3359,#3360,#3361,#3362,#3363,#3364,#3365,#3366,#3367,
#3368,#3369,#3370,#3371,#3372,#3373,#3374,#3375,#3376,#3377,#3378,#3379,
#3380,#3381,#3382,#3383,#3384,#3385,#3386,#3387,#3388,#3389,#3390));
#7388=EDGE_LOOP('',(#3391));
#7389=EDGE_LOOP('',(#3392));
#7390=EDGE_LOOP('',(#3393));
#7391=EDGE_LOOP('',(#3394));
#7392=EDGE_LOOP('',(#3395,#3396,#3397,#3398));
#7393=EDGE_LOOP('',(#3399,#3400,#3401,#3402));
#7394=EDGE_LOOP('',(#3403,#3404,#3405,#3406));
#7395=EDGE_LOOP('',(#3407));
#7396=EDGE_LOOP('',(#3408,#3409,#3410,#3411,#3412,#3413));
#7397=EDGE_LOOP('',(#3414));
#7398=EDGE_LOOP('',(#3415,#3416,#3417,#3418));
#7399=EDGE_LOOP('',(#3419,#3420,#3421,#3422));
#7400=EDGE_LOOP('',(#3423,#3424,#3425,#3426));
#7401=EDGE_LOOP('',(#3427,#3428,#3429,#3430));
#7402=EDGE_LOOP('',(#3431,#3432,#3433,#3434));
#7403=EDGE_LOOP('',(#3435,#3436,#3437,#3438));
#7404=EDGE_LOOP('',(#3439,#3440,#3441,#3442,#3443,#3444));
#7405=EDGE_LOOP('',(#3445));
#7406=EDGE_LOOP('',(#3446));
#7407=EDGE_LOOP('',(#3447));
#7408=EDGE_LOOP('',(#3448));
#7409=EDGE_LOOP('',(#3449));
#7410=EDGE_LOOP('',(#3450));
#7411=EDGE_LOOP('',(#3451));
#7412=EDGE_LOOP('',(#3452));
#7413=EDGE_LOOP('',(#3453));
#7414=EDGE_LOOP('',(#3454));
#7415=EDGE_LOOP('',(#3455));
#7416=EDGE_LOOP('',(#3456));
#7417=EDGE_LOOP('',(#3457,#3458,#3459,#3460,#3461,#3462));
#7418=EDGE_LOOP('',(#3463,#3464,#3465,#3466));
#7419=EDGE_LOOP('',(#3467,#3468,#3469,#3470));
#7420=EDGE_LOOP('',(#3471,#3472,#3473,#3474));
#7421=EDGE_LOOP('',(#3475,#3476,#3477,#3478));
#7422=EDGE_LOOP('',(#3479,#3480,#3481,#3482));
#7423=EDGE_LOOP('',(#3483,#3484,#3485,#3486));
#7424=EDGE_LOOP('',(#3487));
#7425=EDGE_LOOP('',(#3488,#3489,#3490,#3491,#3492,#3493));
#7426=EDGE_LOOP('',(#3494));
#7427=EDGE_LOOP('',(#3495));
#7428=EDGE_LOOP('',(#3496,#3497,#3498,#3499,#3500,#3501));
#7429=EDGE_LOOP('',(#3502));
#7430=EDGE_LOOP('',(#3503,#3504,#3505,#3506));
#7431=EDGE_LOOP('',(#3507,#3508,#3509,#3510));
#7432=EDGE_LOOP('',(#3511,#3512,#3513,#3514));
#7433=EDGE_LOOP('',(#3515,#3516,#3517,#3518));
#7434=EDGE_LOOP('',(#3519,#3520,#3521,#3522));
#7435=EDGE_LOOP('',(#3523,#3524,#3525,#3526));
#7436=EDGE_LOOP('',(#3527,#3528,#3529,#3530,#3531,#3532));
#7437=EDGE_LOOP('',(#3533));
#7438=EDGE_LOOP('',(#3534));
#7439=EDGE_LOOP('',(#3535));
#7440=EDGE_LOOP('',(#3536));
#7441=EDGE_LOOP('',(#3537));
#7442=EDGE_LOOP('',(#3538));
#7443=EDGE_LOOP('',(#3539));
#7444=EDGE_LOOP('',(#3540,#3541,#3542,#3543,#3544,#3545));
#7445=EDGE_LOOP('',(#3546));
#7446=EDGE_LOOP('',(#3547,#3548,#3549,#3550));
#7447=EDGE_LOOP('',(#3551,#3552,#3553,#3554));
#7448=EDGE_LOOP('',(#3555,#3556,#3557,#3558));
#7449=EDGE_LOOP('',(#3559,#3560,#3561,#3562));
#7450=EDGE_LOOP('',(#3563,#3564,#3565,#3566));
#7451=EDGE_LOOP('',(#3567,#3568,#3569,#3570));
#7452=EDGE_LOOP('',(#3571,#3572,#3573,#3574,#3575,#3576));
#7453=EDGE_LOOP('',(#3577));
#7454=EDGE_LOOP('',(#3578));
#7455=EDGE_LOOP('',(#3579));
#7456=EDGE_LOOP('',(#3580));
#7457=EDGE_LOOP('',(#3581));
#7458=EDGE_LOOP('',(#3582));
#7459=EDGE_LOOP('',(#3583));
#7460=EDGE_LOOP('',(#3584));
#7461=EDGE_LOOP('',(#3585));
#7462=EDGE_LOOP('',(#3586));
#7463=EDGE_LOOP('',(#3587));
#7464=EDGE_LOOP('',(#3588));
#7465=EDGE_LOOP('',(#3589));
#7466=EDGE_LOOP('',(#3590));
#7467=EDGE_LOOP('',(#3591,#3592,#3593,#3594));
#7468=EDGE_LOOP('',(#3595,#3596,#3597,#3598));
#7469=EDGE_LOOP('',(#3599,#3600,#3601,#3602));
#7470=EDGE_LOOP('',(#3603,#3604,#3605,#3606));
#7471=EDGE_LOOP('',(#3607,#3608,#3609,#3610));
#7472=EDGE_LOOP('',(#3611,#3612,#3613,#3614));
#7473=EDGE_LOOP('',(#3615,#3616,#3617,#3618));
#7474=EDGE_LOOP('',(#3619,#3620,#3621,#3622));
#7475=EDGE_LOOP('',(#3623,#3624,#3625,#3626));
#7476=EDGE_LOOP('',(#3627,#3628,#3629,#3630));
#7477=EDGE_LOOP('',(#3631,#3632,#3633,#3634));
#7478=EDGE_LOOP('',(#3635,#3636,#3637,#3638));
#7479=EDGE_LOOP('',(#3639,#3640,#3641,#3642));
#7480=EDGE_LOOP('',(#3643,#3644,#3645,#3646));
#7481=EDGE_LOOP('',(#3647,#3648,#3649,#3650));
#7482=EDGE_LOOP('',(#3651,#3652,#3653,#3654));
#7483=EDGE_LOOP('',(#3655,#3656,#3657,#3658));
#7484=EDGE_LOOP('',(#3659,#3660,#3661,#3662));
#7485=EDGE_LOOP('',(#3663,#3664,#3665,#3666));
#7486=EDGE_LOOP('',(#3667,#3668,#3669,#3670));
#7487=EDGE_LOOP('',(#3671,#3672,#3673,#3674));
#7488=EDGE_LOOP('',(#3675,#3676,#3677,#3678));
#7489=EDGE_LOOP('',(#3679,#3680,#3681,#3682));
#7490=EDGE_LOOP('',(#3683,#3684,#3685,#3686));
#7491=EDGE_LOOP('',(#3687,#3688,#3689,#3690));
#7492=EDGE_LOOP('',(#3691,#3692,#3693,#3694));
#7493=EDGE_LOOP('',(#3695,#3696,#3697,#3698));
#7494=EDGE_LOOP('',(#3699,#3700,#3701,#3702));
#7495=EDGE_LOOP('',(#3703,#3704,#3705,#3706));
#7496=EDGE_LOOP('',(#3707,#3708,#3709,#3710,#3711,#3712,#3713,#3714,#3715,
#3716,#3717,#3718,#3719,#3720,#3721,#3722,#3723,#3724,#3725,#3726,#3727,
#3728,#3729,#3730,#3731,#3732,#3733,#3734,#3735,#3736,#3737,#3738));
#7497=EDGE_LOOP('',(#3739));
#7498=EDGE_LOOP('',(#3740));
#7499=EDGE_LOOP('',(#3741));
#7500=EDGE_LOOP('',(#3742));
#7501=EDGE_LOOP('',(#3743,#3744,#3745,#3746,#3747,#3748,#3749,#3750,#3751,
#3752,#3753,#3754,#3755,#3756,#3757,#3758,#3759,#3760,#3761,#3762,#3763,
#3764,#3765,#3766,#3767,#3768,#3769,#3770,#3771,#3772,#3773,#3774));
#7502=EDGE_LOOP('',(#3775));
#7503=EDGE_LOOP('',(#3776));
#7504=EDGE_LOOP('',(#3777));
#7505=EDGE_LOOP('',(#3778));
#7506=EDGE_LOOP('',(#3779,#3780,#3781,#3782));
#7507=EDGE_LOOP('',(#3783,#3784,#3785,#3786));
#7508=EDGE_LOOP('',(#3787,#3788,#3789,#3790));
#7509=EDGE_LOOP('',(#3791,#3792,#3793,#3794));
#7510=EDGE_LOOP('',(#3795,#3796,#3797,#3798));
#7511=EDGE_LOOP('',(#3799,#3800,#3801,#3802));
#7512=EDGE_LOOP('',(#3803,#3804,#3805,#3806));
#7513=EDGE_LOOP('',(#3807,#3808,#3809,#3810));
#7514=EDGE_LOOP('',(#3811,#3812,#3813,#3814));
#7515=EDGE_LOOP('',(#3815));
#7516=EDGE_LOOP('',(#3816));
#7517=EDGE_LOOP('',(#3817));
#7518=EDGE_LOOP('',(#3818));
#7519=EDGE_LOOP('',(#3819));
#7520=EDGE_LOOP('',(#3820));
#7521=EDGE_LOOP('',(#3821));
#7522=EDGE_LOOP('',(#3822));
#7523=EDGE_LOOP('',(#3823));
#7524=EDGE_LOOP('',(#3824));
#7525=EDGE_LOOP('',(#3825));
#7526=EDGE_LOOP('',(#3826));
#7527=EDGE_LOOP('',(#3827));
#7528=EDGE_LOOP('',(#3828));
#7529=EDGE_LOOP('',(#3829));
#7530=EDGE_LOOP('',(#3830));
#7531=EDGE_LOOP('',(#3831));
#7532=EDGE_LOOP('',(#3832));
#7533=EDGE_LOOP('',(#3833,#3834,#3835,#3836,#3837,#3838,#3839,#3840));
#7534=EDGE_LOOP('',(#3841,#3842,#3843,#3844,#3845,#3846,#3847,#3848));
#7535=EDGE_LOOP('',(#3849,#3850,#3851,#3852));
#7536=EDGE_LOOP('',(#3853,#3854,#3855,#3856));
#7537=EDGE_LOOP('',(#3857,#3858,#3859,#3860));
#7538=EDGE_LOOP('',(#3861,#3862,#3863,#3864));
#7539=EDGE_LOOP('',(#3865));
#7540=EDGE_LOOP('',(#3866));
#7541=EDGE_LOOP('',(#3867));
#7542=EDGE_LOOP('',(#3868));
#7543=EDGE_LOOP('',(#3869,#3870,#3871,#3872,#3873,#3874,#3875,#3876));
#7544=EDGE_LOOP('',(#3877,#3878,#3879,#3880));
#7545=EDGE_LOOP('',(#3881,#3882,#3883,#3884));
#7546=EDGE_LOOP('',(#3885,#3886,#3887,#3888));
#7547=EDGE_LOOP('',(#3889,#3890,#3891,#3892));
#7548=EDGE_LOOP('',(#3893));
#7549=EDGE_LOOP('',(#3894));
#7550=EDGE_LOOP('',(#3895));
#7551=EDGE_LOOP('',(#3896));
#7552=EDGE_LOOP('',(#3897,#3898,#3899,#3900,#3901,#3902,#3903,#3904));
#7553=EDGE_LOOP('',(#3905,#3906,#3907,#3908));
#7554=EDGE_LOOP('',(#3909,#3910,#3911,#3912));
#7555=EDGE_LOOP('',(#3913,#3914,#3915,#3916));
#7556=EDGE_LOOP('',(#3917,#3918,#3919,#3920));
#7557=EDGE_LOOP('',(#3921,#3922,#3923,#3924));
#7558=EDGE_LOOP('',(#3925,#3926,#3927,#3928));
#7559=EDGE_LOOP('',(#3929,#3930,#3931,#3932));
#7560=EDGE_LOOP('',(#3933,#3934,#3935,#3936));
#7561=EDGE_LOOP('',(#3937));
#7562=EDGE_LOOP('',(#3938));
#7563=EDGE_LOOP('',(#3939));
#7564=EDGE_LOOP('',(#3940));
#7565=EDGE_LOOP('',(#3941));
#7566=EDGE_LOOP('',(#3942));
#7567=EDGE_LOOP('',(#3943));
#7568=EDGE_LOOP('',(#3944));
#7569=EDGE_LOOP('',(#3945));
#7570=EDGE_LOOP('',(#3946));
#7571=EDGE_LOOP('',(#3947));
#7572=EDGE_LOOP('',(#3948));
#7573=EDGE_LOOP('',(#3949));
#7574=EDGE_LOOP('',(#3950));
#7575=EDGE_LOOP('',(#3951,#3952,#3953,#3954));
#7576=EDGE_LOOP('',(#3955,#3956,#3957,#3958));
#7577=EDGE_LOOP('',(#3959,#3960,#3961,#3962));
#7578=EDGE_LOOP('',(#3963,#3964,#3965,#3966));
#7579=EDGE_LOOP('',(#3967,#3968,#3969,#3970));
#7580=EDGE_LOOP('',(#3971,#3972,#3973,#3974));
#7581=EDGE_LOOP('',(#3975,#3976,#3977,#3978));
#7582=EDGE_LOOP('',(#3979,#3980,#3981,#3982));
#7583=EDGE_LOOP('',(#3983,#3984,#3985,#3986));
#7584=EDGE_LOOP('',(#3987,#3988,#3989,#3990));
#7585=EDGE_LOOP('',(#3991,#3992,#3993,#3994));
#7586=EDGE_LOOP('',(#3995,#3996,#3997,#3998));
#7587=EDGE_LOOP('',(#3999,#4000,#4001,#4002));
#7588=EDGE_LOOP('',(#4003,#4004,#4005,#4006));
#7589=EDGE_LOOP('',(#4007,#4008,#4009,#4010));
#7590=EDGE_LOOP('',(#4011,#4012,#4013,#4014));
#7591=EDGE_LOOP('',(#4015,#4016,#4017,#4018));
#7592=EDGE_LOOP('',(#4019,#4020,#4021,#4022));
#7593=EDGE_LOOP('',(#4023,#4024,#4025,#4026));
#7594=EDGE_LOOP('',(#4027,#4028,#4029,#4030));
#7595=EDGE_LOOP('',(#4031,#4032,#4033,#4034));
#7596=EDGE_LOOP('',(#4035,#4036,#4037,#4038));
#7597=EDGE_LOOP('',(#4039,#4040,#4041,#4042));
#7598=EDGE_LOOP('',(#4043,#4044,#4045,#4046));
#7599=EDGE_LOOP('',(#4047,#4048,#4049,#4050));
#7600=EDGE_LOOP('',(#4051,#4052,#4053,#4054));
#7601=EDGE_LOOP('',(#4055,#4056,#4057,#4058));
#7602=EDGE_LOOP('',(#4059,#4060,#4061,#4062));
#7603=EDGE_LOOP('',(#4063,#4064,#4065,#4066));
#7604=EDGE_LOOP('',(#4067,#4068,#4069,#4070,#4071,#4072,#4073,#4074,#4075,
#4076,#4077,#4078,#4079,#4080,#4081,#4082,#4083,#4084,#4085,#4086,#4087,
#4088,#4089,#4090,#4091,#4092,#4093,#4094,#4095,#4096,#4097,#4098));
#7605=EDGE_LOOP('',(#4099));
#7606=EDGE_LOOP('',(#4100));
#7607=EDGE_LOOP('',(#4101));
#7608=EDGE_LOOP('',(#4102));
#7609=EDGE_LOOP('',(#4103,#4104,#4105,#4106,#4107,#4108,#4109,#4110,#4111,
#4112,#4113,#4114,#4115,#4116,#4117,#4118,#4119,#4120,#4121,#4122,#4123,
#4124,#4125,#4126,#4127,#4128,#4129,#4130,#4131,#4132,#4133,#4134));
#7610=EDGE_LOOP('',(#4135));
#7611=EDGE_LOOP('',(#4136));
#7612=EDGE_LOOP('',(#4137));
#7613=EDGE_LOOP('',(#4138));
#7614=EDGE_LOOP('',(#4139,#4140,#4141,#4142));
#7615=EDGE_LOOP('',(#4143,#4144,#4145,#4146));
#7616=EDGE_LOOP('',(#4147,#4148,#4149,#4150));
#7617=EDGE_LOOP('',(#4151));
#7618=EDGE_LOOP('',(#4152,#4153,#4154,#4155,#4156,#4157));
#7619=EDGE_LOOP('',(#4158));
#7620=EDGE_LOOP('',(#4159,#4160,#4161,#4162));
#7621=EDGE_LOOP('',(#4163,#4164,#4165,#4166));
#7622=EDGE_LOOP('',(#4167,#4168,#4169,#4170));
#7623=EDGE_LOOP('',(#4171,#4172,#4173,#4174));
#7624=EDGE_LOOP('',(#4175,#4176,#4177,#4178));
#7625=EDGE_LOOP('',(#4179,#4180,#4181,#4182));
#7626=EDGE_LOOP('',(#4183,#4184,#4185,#4186,#4187,#4188));
#7627=EDGE_LOOP('',(#4189));
#7628=EDGE_LOOP('',(#4190));
#7629=EDGE_LOOP('',(#4191));
#7630=EDGE_LOOP('',(#4192));
#7631=EDGE_LOOP('',(#4193));
#7632=EDGE_LOOP('',(#4194));
#7633=EDGE_LOOP('',(#4195));
#7634=EDGE_LOOP('',(#4196,#4197,#4198,#4199,#4200,#4201));
#7635=EDGE_LOOP('',(#4202));
#7636=EDGE_LOOP('',(#4203,#4204,#4205,#4206));
#7637=EDGE_LOOP('',(#4207,#4208,#4209,#4210));
#7638=EDGE_LOOP('',(#4211,#4212,#4213,#4214));
#7639=EDGE_LOOP('',(#4215,#4216,#4217,#4218));
#7640=EDGE_LOOP('',(#4219,#4220,#4221,#4222));
#7641=EDGE_LOOP('',(#4223,#4224,#4225,#4226));
#7642=EDGE_LOOP('',(#4227,#4228,#4229,#4230,#4231,#4232));
#7643=EDGE_LOOP('',(#4233));
#7644=EDGE_LOOP('',(#4234));
#7645=EDGE_LOOP('',(#4235));
#7646=EDGE_LOOP('',(#4236));
#7647=EDGE_LOOP('',(#4237));
#7648=EDGE_LOOP('',(#4238));
#7649=EDGE_LOOP('',(#4239,#4240,#4241,#4242));
#7650=EDGE_LOOP('',(#4243,#4244,#4245,#4246));
#7651=EDGE_LOOP('',(#4247,#4248,#4249,#4250));
#7652=EDGE_LOOP('',(#4251,#4252,#4253,#4254));
#7653=EDGE_LOOP('',(#4255,#4256,#4257,#4258));
#7654=EDGE_LOOP('',(#4259,#4260,#4261,#4262));
#7655=EDGE_LOOP('',(#4263));
#7656=EDGE_LOOP('',(#4264,#4265,#4266,#4267,#4268,#4269));
#7657=EDGE_LOOP('',(#4270));
#7658=EDGE_LOOP('',(#4271,#4272,#4273,#4274));
#7659=EDGE_LOOP('',(#4275,#4276,#4277,#4278));
#7660=EDGE_LOOP('',(#4279,#4280,#4281,#4282));
#7661=EDGE_LOOP('',(#4283,#4284,#4285,#4286));
#7662=EDGE_LOOP('',(#4287,#4288,#4289,#4290));
#7663=EDGE_LOOP('',(#4291,#4292,#4293,#4294));
#7664=EDGE_LOOP('',(#4295,#4296,#4297,#4298,#4299,#4300));
#7665=EDGE_LOOP('',(#4301));
#7666=EDGE_LOOP('',(#4302));
#7667=EDGE_LOOP('',(#4303));
#7668=EDGE_LOOP('',(#4304));
#7669=EDGE_LOOP('',(#4305));
#7670=EDGE_LOOP('',(#4306));
#7671=EDGE_LOOP('',(#4307));
#7672=EDGE_LOOP('',(#4308,#4309,#4310,#4311,#4312,#4313));
#7673=EDGE_LOOP('',(#4314));
#7674=EDGE_LOOP('',(#4315,#4316,#4317,#4318));
#7675=EDGE_LOOP('',(#4319,#4320,#4321,#4322));
#7676=EDGE_LOOP('',(#4323,#4324,#4325,#4326));
#7677=EDGE_LOOP('',(#4327,#4328,#4329,#4330));
#7678=EDGE_LOOP('',(#4331,#4332,#4333,#4334));
#7679=EDGE_LOOP('',(#4335,#4336,#4337,#4338));
#7680=EDGE_LOOP('',(#4339,#4340,#4341,#4342,#4343,#4344));
#7681=EDGE_LOOP('',(#4345));
#7682=EDGE_LOOP('',(#4346));
#7683=EDGE_LOOP('',(#4347));
#7684=EDGE_LOOP('',(#4348));
#7685=EDGE_LOOP('',(#4349));
#7686=EDGE_LOOP('',(#4350));
#7687=EDGE_LOOP('',(#4351,#4352,#4353,#4354));
#7688=EDGE_LOOP('',(#4355,#4356,#4357,#4358));
#7689=EDGE_LOOP('',(#4359,#4360,#4361,#4362));
#7690=EDGE_LOOP('',(#4363,#4364,#4365,#4366));
#7691=EDGE_LOOP('',(#4367,#4368,#4369,#4370));
#7692=EDGE_LOOP('',(#4371,#4372,#4373,#4374));
#7693=EDGE_LOOP('',(#4375));
#7694=EDGE_LOOP('',(#4376));
#7695=EDGE_LOOP('',(#4377));
#7696=EDGE_LOOP('',(#4378));
#7697=EDGE_LOOP('',(#4379));
#7698=EDGE_LOOP('',(#4380));
#7699=EDGE_LOOP('',(#4381,#4382,#4383,#4384,#4385,#4386));
#7700=EDGE_LOOP('',(#4387,#4388,#4389,#4390));
#7701=EDGE_LOOP('',(#4391,#4392,#4393,#4394));
#7702=EDGE_LOOP('',(#4395,#4396,#4397,#4398));
#7703=EDGE_LOOP('',(#4399,#4400,#4401,#4402));
#7704=EDGE_LOOP('',(#4403,#4404,#4405,#4406));
#7705=EDGE_LOOP('',(#4407,#4408,#4409,#4410));
#7706=EDGE_LOOP('',(#4411));
#7707=EDGE_LOOP('',(#4412,#4413,#4414,#4415,#4416,#4417));
#7708=EDGE_LOOP('',(#4418));
#7709=EDGE_LOOP('',(#4419,#4420,#4421,#4422));
#7710=EDGE_LOOP('',(#4423,#4424,#4425,#4426));
#7711=EDGE_LOOP('',(#4427,#4428,#4429,#4430));
#7712=EDGE_LOOP('',(#4431,#4432,#4433,#4434));
#7713=EDGE_LOOP('',(#4435,#4436,#4437,#4438));
#7714=EDGE_LOOP('',(#4439,#4440,#4441,#4442));
#7715=EDGE_LOOP('',(#4443,#4444,#4445,#4446));
#7716=EDGE_LOOP('',(#4447,#4448,#4449,#4450));
#7717=EDGE_LOOP('',(#4451,#4452,#4453,#4454));
#7718=EDGE_LOOP('',(#4455,#4456,#4457,#4458));
#7719=EDGE_LOOP('',(#4459,#4460,#4461,#4462));
#7720=EDGE_LOOP('',(#4463,#4464,#4465,#4466));
#7721=EDGE_LOOP('',(#4467));
#7722=EDGE_LOOP('',(#4468,#4469,#4470,#4471,#4472,#4473));
#7723=EDGE_LOOP('',(#4474));
#7724=EDGE_LOOP('',(#4475,#4476,#4477,#4478));
#7725=EDGE_LOOP('',(#4479,#4480,#4481,#4482));
#7726=EDGE_LOOP('',(#4483,#4484,#4485,#4486));
#7727=EDGE_LOOP('',(#4487,#4488,#4489,#4490));
#7728=EDGE_LOOP('',(#4491,#4492,#4493,#4494));
#7729=EDGE_LOOP('',(#4495,#4496,#4497,#4498));
#7730=EDGE_LOOP('',(#4499,#4500,#4501,#4502,#4503,#4504));
#7731=EDGE_LOOP('',(#4505));
#7732=EDGE_LOOP('',(#4506));
#7733=EDGE_LOOP('',(#4507));
#7734=EDGE_LOOP('',(#4508));
#7735=EDGE_LOOP('',(#4509));
#7736=EDGE_LOOP('',(#4510));
#7737=EDGE_LOOP('',(#4511));
#7738=EDGE_LOOP('',(#4512,#4513,#4514,#4515,#4516,#4517));
#7739=EDGE_LOOP('',(#4518));
#7740=EDGE_LOOP('',(#4519,#4520,#4521,#4522));
#7741=EDGE_LOOP('',(#4523,#4524,#4525,#4526));
#7742=EDGE_LOOP('',(#4527,#4528,#4529,#4530));
#7743=EDGE_LOOP('',(#4531,#4532,#4533,#4534));
#7744=EDGE_LOOP('',(#4535,#4536,#4537,#4538));
#7745=EDGE_LOOP('',(#4539,#4540,#4541,#4542));
#7746=EDGE_LOOP('',(#4543,#4544,#4545,#4546,#4547,#4548));
#7747=EDGE_LOOP('',(#4549));
#7748=EDGE_LOOP('',(#4550));
#7749=EDGE_LOOP('',(#4551));
#7750=EDGE_LOOP('',(#4552));
#7751=EDGE_LOOP('',(#4553));
#7752=EDGE_LOOP('',(#4554));
#7753=EDGE_LOOP('',(#4555));
#7754=EDGE_LOOP('',(#4556));
#7755=EDGE_LOOP('',(#4557));
#7756=EDGE_LOOP('',(#4558));
#7757=EDGE_LOOP('',(#4559));
#7758=EDGE_LOOP('',(#4560));
#7759=EDGE_LOOP('',(#4561,#4562,#4563,#4564,#4565,#4566));
#7760=EDGE_LOOP('',(#4567,#4568,#4569,#4570));
#7761=EDGE_LOOP('',(#4571,#4572,#4573,#4574));
#7762=EDGE_LOOP('',(#4575,#4576,#4577,#4578));
#7763=EDGE_LOOP('',(#4579,#4580,#4581,#4582));
#7764=EDGE_LOOP('',(#4583,#4584,#4585,#4586));
#7765=EDGE_LOOP('',(#4587,#4588,#4589,#4590));
#7766=EDGE_LOOP('',(#4591));
#7767=EDGE_LOOP('',(#4592,#4593,#4594,#4595,#4596,#4597));
#7768=EDGE_LOOP('',(#4598));
#7769=EDGE_LOOP('',(#4599));
#7770=EDGE_LOOP('',(#4600,#4601,#4602,#4603,#4604,#4605));
#7771=EDGE_LOOP('',(#4606));
#7772=EDGE_LOOP('',(#4607,#4608,#4609,#4610));
#7773=EDGE_LOOP('',(#4611,#4612,#4613,#4614));
#7774=EDGE_LOOP('',(#4615,#4616,#4617,#4618));
#7775=EDGE_LOOP('',(#4619,#4620,#4621,#4622));
#7776=EDGE_LOOP('',(#4623,#4624,#4625,#4626));
#7777=EDGE_LOOP('',(#4627,#4628,#4629,#4630));
#7778=EDGE_LOOP('',(#4631,#4632,#4633,#4634,#4635,#4636));
#7779=EDGE_LOOP('',(#4637));
#7780=EDGE_LOOP('',(#4638));
#7781=EDGE_LOOP('',(#4639));
#7782=EDGE_LOOP('',(#4640));
#7783=EDGE_LOOP('',(#4641));
#7784=EDGE_LOOP('',(#4642));
#7785=EDGE_LOOP('',(#4643));
#7786=EDGE_LOOP('',(#4644,#4645,#4646,#4647,#4648,#4649));
#7787=EDGE_LOOP('',(#4650));
#7788=EDGE_LOOP('',(#4651,#4652,#4653,#4654));
#7789=EDGE_LOOP('',(#4655,#4656,#4657,#4658));
#7790=EDGE_LOOP('',(#4659,#4660,#4661,#4662));
#7791=EDGE_LOOP('',(#4663,#4664,#4665,#4666));
#7792=EDGE_LOOP('',(#4667,#4668,#4669,#4670));
#7793=EDGE_LOOP('',(#4671,#4672,#4673,#4674));
#7794=EDGE_LOOP('',(#4675,#4676,#4677,#4678,#4679,#4680));
#7795=EDGE_LOOP('',(#4681));
#7796=EDGE_LOOP('',(#4682));
#7797=EDGE_LOOP('',(#4683));
#7798=EDGE_LOOP('',(#4684));
#7799=EDGE_LOOP('',(#4685));
#7800=EDGE_LOOP('',(#4686));
#7801=FACE_BOUND('',#7059,.T.);
#7802=FACE_BOUND('',#7060,.T.);
#7803=FACE_BOUND('',#7061,.T.);
#7804=FACE_BOUND('',#7062,.T.);
#7805=FACE_BOUND('',#7063,.T.);
#7806=FACE_BOUND('',#7064,.T.);
#7807=FACE_BOUND('',#7065,.T.);
#7808=FACE_BOUND('',#7066,.T.);
#7809=FACE_BOUND('',#7067,.T.);
#7810=FACE_BOUND('',#7068,.T.);
#7811=FACE_BOUND('',#7069,.T.);
#7812=FACE_BOUND('',#7070,.T.);
#7813=FACE_BOUND('',#7071,.T.);
#7814=FACE_BOUND('',#7072,.T.);
#7815=FACE_BOUND('',#7073,.T.);
#7816=FACE_BOUND('',#7074,.T.);
#7817=FACE_BOUND('',#7075,.T.);
#7818=FACE_BOUND('',#7076,.T.);
#7819=FACE_BOUND('',#7077,.T.);
#7820=FACE_BOUND('',#7078,.T.);
#7821=FACE_BOUND('',#7079,.T.);
#7822=FACE_BOUND('',#7080,.T.);
#7823=FACE_BOUND('',#7081,.T.);
#7824=FACE_BOUND('',#7082,.T.);
#7825=FACE_BOUND('',#7083,.T.);
#7826=FACE_BOUND('',#7084,.T.);
#7827=FACE_BOUND('',#7085,.T.);
#7828=FACE_BOUND('',#7086,.T.);
#7829=FACE_BOUND('',#7087,.T.);
#7830=FACE_BOUND('',#7088,.T.);
#7831=FACE_BOUND('',#7089,.T.);
#7832=FACE_BOUND('',#7090,.T.);
#7833=FACE_BOUND('',#7091,.T.);
#7834=FACE_BOUND('',#7092,.T.);
#7835=FACE_BOUND('',#7093,.T.);
#7836=FACE_BOUND('',#7094,.T.);
#7837=FACE_BOUND('',#7095,.T.);
#7838=FACE_BOUND('',#7096,.T.);
#7839=FACE_BOUND('',#7097,.T.);
#7840=FACE_BOUND('',#7098,.T.);
#7841=FACE_BOUND('',#7099,.T.);
#7842=FACE_BOUND('',#7100,.T.);
#7843=FACE_BOUND('',#7101,.T.);
#7844=FACE_BOUND('',#7102,.T.);
#7845=FACE_BOUND('',#7103,.T.);
#7846=FACE_BOUND('',#7104,.T.);
#7847=FACE_BOUND('',#7105,.T.);
#7848=FACE_BOUND('',#7106,.T.);
#7849=FACE_BOUND('',#7107,.T.);
#7850=FACE_BOUND('',#7108,.T.);
#7851=FACE_BOUND('',#7109,.T.);
#7852=FACE_BOUND('',#7110,.T.);
#7853=FACE_BOUND('',#7111,.T.);
#7854=FACE_BOUND('',#7112,.T.);
#7855=FACE_BOUND('',#7113,.T.);
#7856=FACE_BOUND('',#7114,.T.);
#7857=FACE_BOUND('',#7115,.T.);
#7858=FACE_BOUND('',#7116,.T.);
#7859=FACE_BOUND('',#7117,.T.);
#7860=FACE_BOUND('',#7118,.T.);
#7861=FACE_BOUND('',#7119,.T.);
#7862=FACE_BOUND('',#7120,.T.);
#7863=FACE_BOUND('',#7121,.T.);
#7864=FACE_BOUND('',#7122,.T.);
#7865=FACE_BOUND('',#7123,.T.);
#7866=FACE_BOUND('',#7124,.T.);
#7867=FACE_BOUND('',#7125,.T.);
#7868=FACE_BOUND('',#7126,.T.);
#7869=FACE_BOUND('',#7127,.T.);
#7870=FACE_BOUND('',#7128,.T.);
#7871=FACE_BOUND('',#7129,.T.);
#7872=FACE_BOUND('',#7130,.T.);
#7873=FACE_BOUND('',#7131,.T.);
#7874=FACE_BOUND('',#7132,.T.);
#7875=FACE_BOUND('',#7133,.T.);
#7876=FACE_BOUND('',#7134,.T.);
#7877=FACE_BOUND('',#7135,.T.);
#7878=FACE_BOUND('',#7136,.T.);
#7879=FACE_BOUND('',#7137,.T.);
#7880=FACE_BOUND('',#7138,.T.);
#7881=FACE_BOUND('',#7139,.T.);
#7882=FACE_BOUND('',#7140,.T.);
#7883=FACE_BOUND('',#7141,.T.);
#7884=FACE_BOUND('',#7142,.T.);
#7885=FACE_BOUND('',#7143,.T.);
#7886=FACE_BOUND('',#7144,.T.);
#7887=FACE_BOUND('',#7145,.T.);
#7888=FACE_BOUND('',#7146,.T.);
#7889=FACE_BOUND('',#7147,.T.);
#7890=FACE_BOUND('',#7148,.T.);
#7891=FACE_BOUND('',#7149,.T.);
#7892=FACE_BOUND('',#7150,.T.);
#7893=FACE_BOUND('',#7151,.T.);
#7894=FACE_BOUND('',#7152,.T.);
#7895=FACE_BOUND('',#7153,.T.);
#7896=FACE_BOUND('',#7154,.T.);
#7897=FACE_BOUND('',#7155,.T.);
#7898=FACE_BOUND('',#7156,.T.);
#7899=FACE_BOUND('',#7157,.T.);
#7900=FACE_BOUND('',#7158,.T.);
#7901=FACE_BOUND('',#7159,.T.);
#7902=FACE_BOUND('',#7160,.T.);
#7903=FACE_BOUND('',#7161,.T.);
#7904=FACE_BOUND('',#7162,.T.);
#7905=FACE_BOUND('',#7163,.T.);
#7906=FACE_BOUND('',#7164,.T.);
#7907=FACE_BOUND('',#7165,.T.);
#7908=FACE_BOUND('',#7166,.T.);
#7909=FACE_BOUND('',#7167,.T.);
#7910=FACE_BOUND('',#7168,.T.);
#7911=FACE_BOUND('',#7169,.T.);
#7912=FACE_BOUND('',#7170,.T.);
#7913=FACE_BOUND('',#7171,.T.);
#7914=FACE_BOUND('',#7172,.T.);
#7915=FACE_BOUND('',#7173,.T.);
#7916=FACE_BOUND('',#7174,.T.);
#7917=FACE_BOUND('',#7175,.T.);
#7918=FACE_BOUND('',#7176,.T.);
#7919=FACE_BOUND('',#7177,.T.);
#7920=FACE_BOUND('',#7178,.T.);
#7921=FACE_BOUND('',#7179,.T.);
#7922=FACE_BOUND('',#7180,.T.);
#7923=FACE_BOUND('',#7181,.T.);
#7924=FACE_BOUND('',#7182,.T.);
#7925=FACE_BOUND('',#7183,.T.);
#7926=FACE_BOUND('',#7184,.T.);
#7927=FACE_BOUND('',#7185,.T.);
#7928=FACE_BOUND('',#7186,.T.);
#7929=FACE_BOUND('',#7187,.T.);
#7930=FACE_BOUND('',#7188,.T.);
#7931=FACE_BOUND('',#7189,.T.);
#7932=FACE_BOUND('',#7190,.T.);
#7933=FACE_BOUND('',#7191,.T.);
#7934=FACE_BOUND('',#7192,.T.);
#7935=FACE_BOUND('',#7193,.T.);
#7936=FACE_BOUND('',#7194,.T.);
#7937=FACE_BOUND('',#7195,.T.);
#7938=FACE_BOUND('',#7196,.T.);
#7939=FACE_BOUND('',#7197,.T.);
#7940=FACE_BOUND('',#7198,.T.);
#7941=FACE_BOUND('',#7199,.T.);
#7942=FACE_BOUND('',#7200,.T.);
#7943=FACE_BOUND('',#7201,.T.);
#7944=FACE_BOUND('',#7202,.T.);
#7945=FACE_BOUND('',#7203,.T.);
#7946=FACE_BOUND('',#7204,.T.);
#7947=FACE_BOUND('',#7205,.T.);
#7948=FACE_BOUND('',#7206,.T.);
#7949=FACE_BOUND('',#7207,.T.);
#7950=FACE_BOUND('',#7208,.T.);
#7951=FACE_BOUND('',#7209,.T.);
#7952=FACE_BOUND('',#7210,.T.);
#7953=FACE_BOUND('',#7211,.T.);
#7954=FACE_BOUND('',#7212,.T.);
#7955=FACE_BOUND('',#7213,.T.);
#7956=FACE_BOUND('',#7214,.T.);
#7957=FACE_BOUND('',#7215,.T.);
#7958=FACE_BOUND('',#7216,.T.);
#7959=FACE_BOUND('',#7217,.T.);
#7960=FACE_BOUND('',#7218,.T.);
#7961=FACE_BOUND('',#7219,.T.);
#7962=FACE_BOUND('',#7220,.T.);
#7963=FACE_BOUND('',#7221,.T.);
#7964=FACE_BOUND('',#7222,.T.);
#7965=FACE_BOUND('',#7223,.T.);
#7966=FACE_BOUND('',#7224,.T.);
#7967=FACE_BOUND('',#7225,.T.);
#7968=FACE_BOUND('',#7226,.T.);
#7969=FACE_BOUND('',#7227,.T.);
#7970=FACE_BOUND('',#7228,.T.);
#7971=FACE_BOUND('',#7229,.T.);
#7972=FACE_BOUND('',#7230,.T.);
#7973=FACE_BOUND('',#7231,.T.);
#7974=FACE_BOUND('',#7232,.T.);
#7975=FACE_BOUND('',#7233,.T.);
#7976=FACE_BOUND('',#7234,.T.);
#7977=FACE_BOUND('',#7235,.T.);
#7978=FACE_BOUND('',#7236,.T.);
#7979=FACE_BOUND('',#7237,.T.);
#7980=FACE_BOUND('',#7238,.T.);
#7981=FACE_BOUND('',#7239,.T.);
#7982=FACE_BOUND('',#7240,.T.);
#7983=FACE_BOUND('',#7241,.T.);
#7984=FACE_BOUND('',#7242,.T.);
#7985=FACE_BOUND('',#7243,.T.);
#7986=FACE_BOUND('',#7244,.T.);
#7987=FACE_BOUND('',#7245,.T.);
#7988=FACE_BOUND('',#7246,.T.);
#7989=FACE_BOUND('',#7247,.T.);
#7990=FACE_BOUND('',#7248,.T.);
#7991=FACE_BOUND('',#7249,.T.);
#7992=FACE_BOUND('',#7250,.T.);
#7993=FACE_BOUND('',#7251,.T.);
#7994=FACE_BOUND('',#7252,.T.);
#7995=FACE_BOUND('',#7253,.T.);
#7996=FACE_BOUND('',#7254,.T.);
#7997=FACE_BOUND('',#7255,.T.);
#7998=FACE_BOUND('',#7256,.T.);
#7999=FACE_BOUND('',#7257,.T.);
#8000=FACE_BOUND('',#7258,.T.);
#8001=FACE_BOUND('',#7259,.T.);
#8002=FACE_BOUND('',#7260,.T.);
#8003=FACE_BOUND('',#7261,.T.);
#8004=FACE_BOUND('',#7262,.T.);
#8005=FACE_BOUND('',#7263,.T.);
#8006=FACE_BOUND('',#7264,.T.);
#8007=FACE_BOUND('',#7265,.T.);
#8008=FACE_BOUND('',#7266,.T.);
#8009=FACE_BOUND('',#7267,.T.);
#8010=FACE_BOUND('',#7268,.T.);
#8011=FACE_BOUND('',#7269,.T.);
#8012=FACE_BOUND('',#7270,.T.);
#8013=FACE_BOUND('',#7271,.T.);
#8014=FACE_BOUND('',#7272,.T.);
#8015=FACE_BOUND('',#7273,.T.);
#8016=FACE_BOUND('',#7274,.T.);
#8017=FACE_BOUND('',#7275,.T.);
#8018=FACE_BOUND('',#7276,.T.);
#8019=FACE_BOUND('',#7277,.T.);
#8020=FACE_BOUND('',#7278,.T.);
#8021=FACE_BOUND('',#7279,.T.);
#8022=FACE_BOUND('',#7280,.T.);
#8023=FACE_BOUND('',#7281,.T.);
#8024=FACE_BOUND('',#7282,.T.);
#8025=FACE_BOUND('',#7283,.T.);
#8026=FACE_BOUND('',#7284,.T.);
#8027=FACE_BOUND('',#7285,.T.);
#8028=FACE_BOUND('',#7286,.T.);
#8029=FACE_BOUND('',#7287,.T.);
#8030=FACE_BOUND('',#7288,.T.);
#8031=FACE_BOUND('',#7289,.T.);
#8032=FACE_BOUND('',#7290,.T.);
#8033=FACE_BOUND('',#7291,.T.);
#8034=FACE_BOUND('',#7292,.T.);
#8035=FACE_BOUND('',#7293,.T.);
#8036=FACE_BOUND('',#7294,.T.);
#8037=FACE_BOUND('',#7295,.T.);
#8038=FACE_BOUND('',#7296,.T.);
#8039=FACE_BOUND('',#7297,.T.);
#8040=FACE_BOUND('',#7298,.T.);
#8041=FACE_BOUND('',#7299,.T.);
#8042=FACE_BOUND('',#7300,.T.);
#8043=FACE_BOUND('',#7301,.T.);
#8044=FACE_BOUND('',#7302,.T.);
#8045=FACE_BOUND('',#7303,.T.);
#8046=FACE_BOUND('',#7304,.T.);
#8047=FACE_BOUND('',#7305,.T.);
#8048=FACE_BOUND('',#7306,.T.);
#8049=FACE_BOUND('',#7307,.T.);
#8050=FACE_BOUND('',#7308,.T.);
#8051=FACE_BOUND('',#7309,.T.);
#8052=FACE_BOUND('',#7310,.T.);
#8053=FACE_BOUND('',#7311,.T.);
#8054=FACE_BOUND('',#7312,.T.);
#8055=FACE_BOUND('',#7313,.T.);
#8056=FACE_BOUND('',#7314,.T.);
#8057=FACE_BOUND('',#7315,.T.);
#8058=FACE_BOUND('',#7316,.T.);
#8059=FACE_BOUND('',#7317,.T.);
#8060=FACE_BOUND('',#7318,.T.);
#8061=FACE_BOUND('',#7319,.T.);
#8062=FACE_BOUND('',#7320,.T.);
#8063=FACE_BOUND('',#7321,.T.);
#8064=FACE_BOUND('',#7322,.T.);
#8065=FACE_BOUND('',#7323,.T.);
#8066=FACE_BOUND('',#7324,.T.);
#8067=FACE_BOUND('',#7325,.T.);
#8068=FACE_BOUND('',#7326,.T.);
#8069=FACE_BOUND('',#7327,.T.);
#8070=FACE_BOUND('',#7328,.T.);
#8071=FACE_BOUND('',#7329,.T.);
#8072=FACE_BOUND('',#7330,.T.);
#8073=FACE_BOUND('',#7331,.T.);
#8074=FACE_BOUND('',#7332,.T.);
#8075=FACE_BOUND('',#7333,.T.);
#8076=FACE_BOUND('',#7334,.T.);
#8077=FACE_BOUND('',#7335,.T.);
#8078=FACE_BOUND('',#7336,.T.);
#8079=FACE_BOUND('',#7337,.T.);
#8080=FACE_BOUND('',#7338,.T.);
#8081=FACE_BOUND('',#7339,.T.);
#8082=FACE_BOUND('',#7340,.T.);
#8083=FACE_BOUND('',#7341,.T.);
#8084=FACE_BOUND('',#7342,.T.);
#8085=FACE_BOUND('',#7343,.T.);
#8086=FACE_BOUND('',#7344,.T.);
#8087=FACE_BOUND('',#7345,.T.);
#8088=FACE_BOUND('',#7346,.T.);
#8089=FACE_BOUND('',#7347,.T.);
#8090=FACE_BOUND('',#7348,.T.);
#8091=FACE_BOUND('',#7349,.T.);
#8092=FACE_BOUND('',#7350,.T.);
#8093=FACE_BOUND('',#7351,.T.);
#8094=FACE_BOUND('',#7352,.T.);
#8095=FACE_BOUND('',#7353,.T.);
#8096=FACE_BOUND('',#7354,.T.);
#8097=FACE_BOUND('',#7355,.T.);
#8098=FACE_BOUND('',#7356,.T.);
#8099=FACE_BOUND('',#7357,.T.);
#8100=FACE_BOUND('',#7358,.T.);
#8101=FACE_BOUND('',#7359,.T.);
#8102=FACE_BOUND('',#7360,.T.);
#8103=FACE_BOUND('',#7361,.T.);
#8104=FACE_BOUND('',#7362,.T.);
#8105=FACE_BOUND('',#7363,.T.);
#8106=FACE_BOUND('',#7364,.T.);
#8107=FACE_BOUND('',#7365,.T.);
#8108=FACE_BOUND('',#7366,.T.);
#8109=FACE_BOUND('',#7367,.T.);
#8110=FACE_BOUND('',#7368,.T.);
#8111=FACE_BOUND('',#7369,.T.);
#8112=FACE_BOUND('',#7370,.T.);
#8113=FACE_BOUND('',#7371,.T.);
#8114=FACE_BOUND('',#7372,.T.);
#8115=FACE_BOUND('',#7373,.T.);
#8116=FACE_BOUND('',#7374,.T.);
#8117=FACE_BOUND('',#7375,.T.);
#8118=FACE_BOUND('',#7376,.T.);
#8119=FACE_BOUND('',#7377,.T.);
#8120=FACE_BOUND('',#7378,.T.);
#8121=FACE_BOUND('',#7379,.T.);
#8122=FACE_BOUND('',#7380,.T.);
#8123=FACE_BOUND('',#7381,.T.);
#8124=FACE_BOUND('',#7382,.T.);
#8125=FACE_BOUND('',#7383,.T.);
#8126=FACE_BOUND('',#7384,.T.);
#8127=FACE_BOUND('',#7385,.T.);
#8128=FACE_BOUND('',#7386,.T.);
#8129=FACE_BOUND('',#7387,.T.);
#8130=FACE_BOUND('',#7388,.T.);
#8131=FACE_BOUND('',#7389,.T.);
#8132=FACE_BOUND('',#7390,.T.);
#8133=FACE_BOUND('',#7391,.T.);
#8134=FACE_BOUND('',#7392,.T.);
#8135=FACE_BOUND('',#7393,.T.);
#8136=FACE_BOUND('',#7394,.T.);
#8137=FACE_BOUND('',#7395,.T.);
#8138=FACE_BOUND('',#7396,.T.);
#8139=FACE_BOUND('',#7397,.T.);
#8140=FACE_BOUND('',#7398,.T.);
#8141=FACE_BOUND('',#7399,.T.);
#8142=FACE_BOUND('',#7400,.T.);
#8143=FACE_BOUND('',#7401,.T.);
#8144=FACE_BOUND('',#7402,.T.);
#8145=FACE_BOUND('',#7403,.T.);
#8146=FACE_BOUND('',#7404,.T.);
#8147=FACE_BOUND('',#7405,.T.);
#8148=FACE_BOUND('',#7406,.T.);
#8149=FACE_BOUND('',#7407,.T.);
#8150=FACE_BOUND('',#7408,.T.);
#8151=FACE_BOUND('',#7409,.T.);
#8152=FACE_BOUND('',#7410,.T.);
#8153=FACE_BOUND('',#7411,.T.);
#8154=FACE_BOUND('',#7412,.T.);
#8155=FACE_BOUND('',#7413,.T.);
#8156=FACE_BOUND('',#7414,.T.);
#8157=FACE_BOUND('',#7415,.T.);
#8158=FACE_BOUND('',#7416,.T.);
#8159=FACE_BOUND('',#7417,.T.);
#8160=FACE_BOUND('',#7418,.T.);
#8161=FACE_BOUND('',#7419,.T.);
#8162=FACE_BOUND('',#7420,.T.);
#8163=FACE_BOUND('',#7421,.T.);
#8164=FACE_BOUND('',#7422,.T.);
#8165=FACE_BOUND('',#7423,.T.);
#8166=FACE_BOUND('',#7424,.T.);
#8167=FACE_BOUND('',#7425,.T.);
#8168=FACE_BOUND('',#7426,.T.);
#8169=FACE_BOUND('',#7427,.T.);
#8170=FACE_BOUND('',#7428,.T.);
#8171=FACE_BOUND('',#7429,.T.);
#8172=FACE_BOUND('',#7430,.T.);
#8173=FACE_BOUND('',#7431,.T.);
#8174=FACE_BOUND('',#7432,.T.);
#8175=FACE_BOUND('',#7433,.T.);
#8176=FACE_BOUND('',#7434,.T.);
#8177=FACE_BOUND('',#7435,.T.);
#8178=FACE_BOUND('',#7436,.T.);
#8179=FACE_BOUND('',#7437,.T.);
#8180=FACE_BOUND('',#7438,.T.);
#8181=FACE_BOUND('',#7439,.T.);
#8182=FACE_BOUND('',#7440,.T.);
#8183=FACE_BOUND('',#7441,.T.);
#8184=FACE_BOUND('',#7442,.T.);
#8185=FACE_BOUND('',#7443,.T.);
#8186=FACE_BOUND('',#7444,.T.);
#8187=FACE_BOUND('',#7445,.T.);
#8188=FACE_BOUND('',#7446,.T.);
#8189=FACE_BOUND('',#7447,.T.);
#8190=FACE_BOUND('',#7448,.T.);
#8191=FACE_BOUND('',#7449,.T.);
#8192=FACE_BOUND('',#7450,.T.);
#8193=FACE_BOUND('',#7451,.T.);
#8194=FACE_BOUND('',#7452,.T.);
#8195=FACE_BOUND('',#7453,.T.);
#8196=FACE_BOUND('',#7454,.T.);
#8197=FACE_BOUND('',#7455,.T.);
#8198=FACE_BOUND('',#7456,.T.);
#8199=FACE_BOUND('',#7457,.T.);
#8200=FACE_BOUND('',#7458,.T.);
#8201=FACE_BOUND('',#7459,.T.);
#8202=FACE_BOUND('',#7460,.T.);
#8203=FACE_BOUND('',#7461,.T.);
#8204=FACE_BOUND('',#7462,.T.);
#8205=FACE_BOUND('',#7463,.T.);
#8206=FACE_BOUND('',#7464,.T.);
#8207=FACE_BOUND('',#7465,.T.);
#8208=FACE_BOUND('',#7466,.T.);
#8209=FACE_BOUND('',#7467,.T.);
#8210=FACE_BOUND('',#7468,.T.);
#8211=FACE_BOUND('',#7469,.T.);
#8212=FACE_BOUND('',#7470,.T.);
#8213=FACE_BOUND('',#7471,.T.);
#8214=FACE_BOUND('',#7472,.T.);
#8215=FACE_BOUND('',#7473,.T.);
#8216=FACE_BOUND('',#7474,.T.);
#8217=FACE_BOUND('',#7475,.T.);
#8218=FACE_BOUND('',#7476,.T.);
#8219=FACE_BOUND('',#7477,.T.);
#8220=FACE_BOUND('',#7478,.T.);
#8221=FACE_BOUND('',#7479,.T.);
#8222=FACE_BOUND('',#7480,.T.);
#8223=FACE_BOUND('',#7481,.T.);
#8224=FACE_BOUND('',#7482,.T.);
#8225=FACE_BOUND('',#7483,.T.);
#8226=FACE_BOUND('',#7484,.T.);
#8227=FACE_BOUND('',#7485,.T.);
#8228=FACE_BOUND('',#7486,.T.);
#8229=FACE_BOUND('',#7487,.T.);
#8230=FACE_BOUND('',#7488,.T.);
#8231=FACE_BOUND('',#7489,.T.);
#8232=FACE_BOUND('',#7490,.T.);
#8233=FACE_BOUND('',#7491,.T.);
#8234=FACE_BOUND('',#7492,.T.);
#8235=FACE_BOUND('',#7493,.T.);
#8236=FACE_BOUND('',#7494,.T.);
#8237=FACE_BOUND('',#7495,.T.);
#8238=FACE_BOUND('',#7496,.T.);
#8239=FACE_BOUND('',#7497,.T.);
#8240=FACE_BOUND('',#7498,.T.);
#8241=FACE_BOUND('',#7499,.T.);
#8242=FACE_BOUND('',#7500,.T.);
#8243=FACE_BOUND('',#7501,.T.);
#8244=FACE_BOUND('',#7502,.T.);
#8245=FACE_BOUND('',#7503,.T.);
#8246=FACE_BOUND('',#7504,.T.);
#8247=FACE_BOUND('',#7505,.T.);
#8248=FACE_BOUND('',#7506,.T.);
#8249=FACE_BOUND('',#7507,.T.);
#8250=FACE_BOUND('',#7508,.T.);
#8251=FACE_BOUND('',#7509,.T.);
#8252=FACE_BOUND('',#7510,.T.);
#8253=FACE_BOUND('',#7511,.T.);
#8254=FACE_BOUND('',#7512,.T.);
#8255=FACE_BOUND('',#7513,.T.);
#8256=FACE_BOUND('',#7514,.T.);
#8257=FACE_BOUND('',#7515,.T.);
#8258=FACE_BOUND('',#7516,.T.);
#8259=FACE_BOUND('',#7517,.T.);
#8260=FACE_BOUND('',#7518,.T.);
#8261=FACE_BOUND('',#7519,.T.);
#8262=FACE_BOUND('',#7520,.T.);
#8263=FACE_BOUND('',#7521,.T.);
#8264=FACE_BOUND('',#7522,.T.);
#8265=FACE_BOUND('',#7523,.T.);
#8266=FACE_BOUND('',#7524,.T.);
#8267=FACE_BOUND('',#7525,.T.);
#8268=FACE_BOUND('',#7526,.T.);
#8269=FACE_BOUND('',#7527,.T.);
#8270=FACE_BOUND('',#7528,.T.);
#8271=FACE_BOUND('',#7529,.T.);
#8272=FACE_BOUND('',#7530,.T.);
#8273=FACE_BOUND('',#7531,.T.);
#8274=FACE_BOUND('',#7532,.T.);
#8275=FACE_BOUND('',#7533,.T.);
#8276=FACE_BOUND('',#7534,.T.);
#8277=FACE_BOUND('',#7535,.T.);
#8278=FACE_BOUND('',#7536,.T.);
#8279=FACE_BOUND('',#7537,.T.);
#8280=FACE_BOUND('',#7538,.T.);
#8281=FACE_BOUND('',#7539,.T.);
#8282=FACE_BOUND('',#7540,.T.);
#8283=FACE_BOUND('',#7541,.T.);
#8284=FACE_BOUND('',#7542,.T.);
#8285=FACE_BOUND('',#7543,.T.);
#8286=FACE_BOUND('',#7544,.T.);
#8287=FACE_BOUND('',#7545,.T.);
#8288=FACE_BOUND('',#7546,.T.);
#8289=FACE_BOUND('',#7547,.T.);
#8290=FACE_BOUND('',#7548,.T.);
#8291=FACE_BOUND('',#7549,.T.);
#8292=FACE_BOUND('',#7550,.T.);
#8293=FACE_BOUND('',#7551,.T.);
#8294=FACE_BOUND('',#7552,.T.);
#8295=FACE_BOUND('',#7553,.T.);
#8296=FACE_BOUND('',#7554,.T.);
#8297=FACE_BOUND('',#7555,.T.);
#8298=FACE_BOUND('',#7556,.T.);
#8299=FACE_BOUND('',#7557,.T.);
#8300=FACE_BOUND('',#7558,.T.);
#8301=FACE_BOUND('',#7559,.T.);
#8302=FACE_BOUND('',#7560,.T.);
#8303=FACE_BOUND('',#7561,.T.);
#8304=FACE_BOUND('',#7562,.T.);
#8305=FACE_BOUND('',#7563,.T.);
#8306=FACE_BOUND('',#7564,.T.);
#8307=FACE_BOUND('',#7565,.T.);
#8308=FACE_BOUND('',#7566,.T.);
#8309=FACE_BOUND('',#7567,.T.);
#8310=FACE_BOUND('',#7568,.T.);
#8311=FACE_BOUND('',#7569,.T.);
#8312=FACE_BOUND('',#7570,.T.);
#8313=FACE_BOUND('',#7571,.T.);
#8314=FACE_BOUND('',#7572,.T.);
#8315=FACE_BOUND('',#7573,.T.);
#8316=FACE_BOUND('',#7574,.T.);
#8317=FACE_BOUND('',#7575,.T.);
#8318=FACE_BOUND('',#7576,.T.);
#8319=FACE_BOUND('',#7577,.T.);
#8320=FACE_BOUND('',#7578,.T.);
#8321=FACE_BOUND('',#7579,.T.);
#8322=FACE_BOUND('',#7580,.T.);
#8323=FACE_BOUND('',#7581,.T.);
#8324=FACE_BOUND('',#7582,.T.);
#8325=FACE_BOUND('',#7583,.T.);
#8326=FACE_BOUND('',#7584,.T.);
#8327=FACE_BOUND('',#7585,.T.);
#8328=FACE_BOUND('',#7586,.T.);
#8329=FACE_BOUND('',#7587,.T.);
#8330=FACE_BOUND('',#7588,.T.);
#8331=FACE_BOUND('',#7589,.T.);
#8332=FACE_BOUND('',#7590,.T.);
#8333=FACE_BOUND('',#7591,.T.);
#8334=FACE_BOUND('',#7592,.T.);
#8335=FACE_BOUND('',#7593,.T.);
#8336=FACE_BOUND('',#7594,.T.);
#8337=FACE_BOUND('',#7595,.T.);
#8338=FACE_BOUND('',#7596,.T.);
#8339=FACE_BOUND('',#7597,.T.);
#8340=FACE_BOUND('',#7598,.T.);
#8341=FACE_BOUND('',#7599,.T.);
#8342=FACE_BOUND('',#7600,.T.);
#8343=FACE_BOUND('',#7601,.T.);
#8344=FACE_BOUND('',#7602,.T.);
#8345=FACE_BOUND('',#7603,.T.);
#8346=FACE_BOUND('',#7604,.T.);
#8347=FACE_BOUND('',#7605,.T.);
#8348=FACE_BOUND('',#7606,.T.);
#8349=FACE_BOUND('',#7607,.T.);
#8350=FACE_BOUND('',#7608,.T.);
#8351=FACE_BOUND('',#7609,.T.);
#8352=FACE_BOUND('',#7610,.T.);
#8353=FACE_BOUND('',#7611,.T.);
#8354=FACE_BOUND('',#7612,.T.);
#8355=FACE_BOUND('',#7613,.T.);
#8356=FACE_BOUND('',#7614,.T.);
#8357=FACE_BOUND('',#7615,.T.);
#8358=FACE_BOUND('',#7616,.T.);
#8359=FACE_BOUND('',#7617,.T.);
#8360=FACE_BOUND('',#7618,.T.);
#8361=FACE_BOUND('',#7619,.T.);
#8362=FACE_BOUND('',#7620,.T.);
#8363=FACE_BOUND('',#7621,.T.);
#8364=FACE_BOUND('',#7622,.T.);
#8365=FACE_BOUND('',#7623,.T.);
#8366=FACE_BOUND('',#7624,.T.);
#8367=FACE_BOUND('',#7625,.T.);
#8368=FACE_BOUND('',#7626,.T.);
#8369=FACE_BOUND('',#7627,.T.);
#8370=FACE_BOUND('',#7628,.T.);
#8371=FACE_BOUND('',#7629,.T.);
#8372=FACE_BOUND('',#7630,.T.);
#8373=FACE_BOUND('',#7631,.T.);
#8374=FACE_BOUND('',#7632,.T.);
#8375=FACE_BOUND('',#7633,.T.);
#8376=FACE_BOUND('',#7634,.T.);
#8377=FACE_BOUND('',#7635,.T.);
#8378=FACE_BOUND('',#7636,.T.);
#8379=FACE_BOUND('',#7637,.T.);
#8380=FACE_BOUND('',#7638,.T.);
#8381=FACE_BOUND('',#7639,.T.);
#8382=FACE_BOUND('',#7640,.T.);
#8383=FACE_BOUND('',#7641,.T.);
#8384=FACE_BOUND('',#7642,.T.);
#8385=FACE_BOUND('',#7643,.T.);
#8386=FACE_BOUND('',#7644,.T.);
#8387=FACE_BOUND('',#7645,.T.);
#8388=FACE_BOUND('',#7646,.T.);
#8389=FACE_BOUND('',#7647,.T.);
#8390=FACE_BOUND('',#7648,.T.);
#8391=FACE_BOUND('',#7649,.T.);
#8392=FACE_BOUND('',#7650,.T.);
#8393=FACE_BOUND('',#7651,.T.);
#8394=FACE_BOUND('',#7652,.T.);
#8395=FACE_BOUND('',#7653,.T.);
#8396=FACE_BOUND('',#7654,.T.);
#8397=FACE_BOUND('',#7655,.T.);
#8398=FACE_BOUND('',#7656,.T.);
#8399=FACE_BOUND('',#7657,.T.);
#8400=FACE_BOUND('',#7658,.T.);
#8401=FACE_BOUND('',#7659,.T.);
#8402=FACE_BOUND('',#7660,.T.);
#8403=FACE_BOUND('',#7661,.T.);
#8404=FACE_BOUND('',#7662,.T.);
#8405=FACE_BOUND('',#7663,.T.);
#8406=FACE_BOUND('',#7664,.T.);
#8407=FACE_BOUND('',#7665,.T.);
#8408=FACE_BOUND('',#7666,.T.);
#8409=FACE_BOUND('',#7667,.T.);
#8410=FACE_BOUND('',#7668,.T.);
#8411=FACE_BOUND('',#7669,.T.);
#8412=FACE_BOUND('',#7670,.T.);
#8413=FACE_BOUND('',#7671,.T.);
#8414=FACE_BOUND('',#7672,.T.);
#8415=FACE_BOUND('',#7673,.T.);
#8416=FACE_BOUND('',#7674,.T.);
#8417=FACE_BOUND('',#7675,.T.);
#8418=FACE_BOUND('',#7676,.T.);
#8419=FACE_BOUND('',#7677,.T.);
#8420=FACE_BOUND('',#7678,.T.);
#8421=FACE_BOUND('',#7679,.T.);
#8422=FACE_BOUND('',#7680,.T.);
#8423=FACE_BOUND('',#7681,.T.);
#8424=FACE_BOUND('',#7682,.T.);
#8425=FACE_BOUND('',#7683,.T.);
#8426=FACE_BOUND('',#7684,.T.);
#8427=FACE_BOUND('',#7685,.T.);
#8428=FACE_BOUND('',#7686,.T.);
#8429=FACE_BOUND('',#7687,.T.);
#8430=FACE_BOUND('',#7688,.T.);
#8431=FACE_BOUND('',#7689,.T.);
#8432=FACE_BOUND('',#7690,.T.);
#8433=FACE_BOUND('',#7691,.T.);
#8434=FACE_BOUND('',#7692,.T.);
#8435=FACE_BOUND('',#7693,.T.);
#8436=FACE_BOUND('',#7694,.T.);
#8437=FACE_BOUND('',#7695,.T.);
#8438=FACE_BOUND('',#7696,.T.);
#8439=FACE_BOUND('',#7697,.T.);
#8440=FACE_BOUND('',#7698,.T.);
#8441=FACE_BOUND('',#7699,.T.);
#8442=FACE_BOUND('',#7700,.T.);
#8443=FACE_BOUND('',#7701,.T.);
#8444=FACE_BOUND('',#7702,.T.);
#8445=FACE_BOUND('',#7703,.T.);
#8446=FACE_BOUND('',#7704,.T.);
#8447=FACE_BOUND('',#7705,.T.);
#8448=FACE_BOUND('',#7706,.T.);
#8449=FACE_BOUND('',#7707,.T.);
#8450=FACE_BOUND('',#7708,.T.);
#8451=FACE_BOUND('',#7709,.T.);
#8452=FACE_BOUND('',#7710,.T.);
#8453=FACE_BOUND('',#7711,.T.);
#8454=FACE_BOUND('',#7712,.T.);
#8455=FACE_BOUND('',#7713,.T.);
#8456=FACE_BOUND('',#7714,.T.);
#8457=FACE_BOUND('',#7715,.T.);
#8458=FACE_BOUND('',#7716,.T.);
#8459=FACE_BOUND('',#7717,.T.);
#8460=FACE_BOUND('',#7718,.T.);
#8461=FACE_BOUND('',#7719,.T.);
#8462=FACE_BOUND('',#7720,.T.);
#8463=FACE_BOUND('',#7721,.T.);
#8464=FACE_BOUND('',#7722,.T.);
#8465=FACE_BOUND('',#7723,.T.);
#8466=FACE_BOUND('',#7724,.T.);
#8467=FACE_BOUND('',#7725,.T.);
#8468=FACE_BOUND('',#7726,.T.);
#8469=FACE_BOUND('',#7727,.T.);
#8470=FACE_BOUND('',#7728,.T.);
#8471=FACE_BOUND('',#7729,.T.);
#8472=FACE_BOUND('',#7730,.T.);
#8473=FACE_BOUND('',#7731,.T.);
#8474=FACE_BOUND('',#7732,.T.);
#8475=FACE_BOUND('',#7733,.T.);
#8476=FACE_BOUND('',#7734,.T.);
#8477=FACE_BOUND('',#7735,.T.);
#8478=FACE_BOUND('',#7736,.T.);
#8479=FACE_BOUND('',#7737,.T.);
#8480=FACE_BOUND('',#7738,.T.);
#8481=FACE_BOUND('',#7739,.T.);
#8482=FACE_BOUND('',#7740,.T.);
#8483=FACE_BOUND('',#7741,.T.);
#8484=FACE_BOUND('',#7742,.T.);
#8485=FACE_BOUND('',#7743,.T.);
#8486=FACE_BOUND('',#7744,.T.);
#8487=FACE_BOUND('',#7745,.T.);
#8488=FACE_BOUND('',#7746,.T.);
#8489=FACE_BOUND('',#7747,.T.);
#8490=FACE_BOUND('',#7748,.T.);
#8491=FACE_BOUND('',#7749,.T.);
#8492=FACE_BOUND('',#7750,.T.);
#8493=FACE_BOUND('',#7751,.T.);
#8494=FACE_BOUND('',#7752,.T.);
#8495=FACE_BOUND('',#7753,.T.);
#8496=FACE_BOUND('',#7754,.T.);
#8497=FACE_BOUND('',#7755,.T.);
#8498=FACE_BOUND('',#7756,.T.);
#8499=FACE_BOUND('',#7757,.T.);
#8500=FACE_BOUND('',#7758,.T.);
#8501=FACE_BOUND('',#7759,.T.);
#8502=FACE_BOUND('',#7760,.T.);
#8503=FACE_BOUND('',#7761,.T.);
#8504=FACE_BOUND('',#7762,.T.);
#8505=FACE_BOUND('',#7763,.T.);
#8506=FACE_BOUND('',#7764,.T.);
#8507=FACE_BOUND('',#7765,.T.);
#8508=FACE_BOUND('',#7766,.T.);
#8509=FACE_BOUND('',#7767,.T.);
#8510=FACE_BOUND('',#7768,.T.);
#8511=FACE_BOUND('',#7769,.T.);
#8512=FACE_BOUND('',#7770,.T.);
#8513=FACE_BOUND('',#7771,.T.);
#8514=FACE_BOUND('',#7772,.T.);
#8515=FACE_BOUND('',#7773,.T.);
#8516=FACE_BOUND('',#7774,.T.);
#8517=FACE_BOUND('',#7775,.T.);
#8518=FACE_BOUND('',#7776,.T.);
#8519=FACE_BOUND('',#7777,.T.);
#8520=FACE_BOUND('',#7778,.T.);
#8521=FACE_BOUND('',#7779,.T.);
#8522=FACE_BOUND('',#7780,.T.);
#8523=FACE_BOUND('',#7781,.T.);
#8524=FACE_BOUND('',#7782,.T.);
#8525=FACE_BOUND('',#7783,.T.);
#8526=FACE_BOUND('',#7784,.T.);
#8527=FACE_BOUND('',#7785,.T.);
#8528=FACE_BOUND('',#7786,.T.);
#8529=FACE_BOUND('',#7787,.T.);
#8530=FACE_BOUND('',#7788,.T.);
#8531=FACE_BOUND('',#7789,.T.);
#8532=FACE_BOUND('',#7790,.T.);
#8533=FACE_BOUND('',#7791,.T.);
#8534=FACE_BOUND('',#7792,.T.);
#8535=FACE_BOUND('',#7793,.T.);
#8536=FACE_BOUND('',#7794,.T.);
#8537=FACE_BOUND('',#7795,.T.);
#8538=FACE_BOUND('',#7796,.T.);
#8539=FACE_BOUND('',#7797,.T.);
#8540=FACE_BOUND('',#7798,.T.);
#8541=FACE_BOUND('',#7799,.T.);
#8542=FACE_BOUND('',#7800,.T.);
#8543=CYLINDRICAL_SURFACE('',#9895,0.0016);
#8544=CYLINDRICAL_SURFACE('',#9898,0.0016);
#8545=CYLINDRICAL_SURFACE('',#9912,0.0016);
#8546=CYLINDRICAL_SURFACE('',#9915,0.0016);
#8547=CYLINDRICAL_SURFACE('',#9929,0.0016);
#8548=CYLINDRICAL_SURFACE('',#9932,0.0016);
#8549=CYLINDRICAL_SURFACE('',#9961,0.0016);
#8550=CYLINDRICAL_SURFACE('',#9962,0.0016);
#8551=CYLINDRICAL_SURFACE('',#9964,0.0016);
#8552=CYLINDRICAL_SURFACE('',#9967,0.0016);
#8553=CYLINDRICAL_SURFACE('',#9970,0.0016);
#8554=CYLINDRICAL_SURFACE('',#9973,0.0016);
#8555=CYLINDRICAL_SURFACE('',#9976,0.0012);
#8556=CYLINDRICAL_SURFACE('',#9979,0.0012);
#8557=CYLINDRICAL_SURFACE('',#9982,0.0012);
#8558=CYLINDRICAL_SURFACE('',#9987,0.0012);
#8559=CYLINDRICAL_SURFACE('',#9990,0.0012);
#8560=CYLINDRICAL_SURFACE('',#9994,0.0012);
#8561=CYLINDRICAL_SURFACE('',#9997,0.0012);
#8562=CYLINDRICAL_SURFACE('',#10000,0.0012);
#8563=CYLINDRICAL_SURFACE('',#10005,0.0012);
#8564=CYLINDRICAL_SURFACE('',#10008,0.0012);
#8565=CYLINDRICAL_SURFACE('',#10012,0.0012);
#8566=CYLINDRICAL_SURFACE('',#10015,0.0012);
#8567=CYLINDRICAL_SURFACE('',#10018,0.0012);
#8568=CYLINDRICAL_SURFACE('',#10023,0.0012);
#8569=CYLINDRICAL_SURFACE('',#10026,0.0012);
#8570=CYLINDRICAL_SURFACE('',#10030,0.0012);
#8571=CYLINDRICAL_SURFACE('',#10035,0.0012);
#8572=CYLINDRICAL_SURFACE('',#10038,0.0012);
#8573=CYLINDRICAL_SURFACE('',#10047,0.0012);
#8574=CYLINDRICAL_SURFACE('',#10049,0.0012);
#8575=CYLINDRICAL_SURFACE('',#10079,0.0016);
#8576=CYLINDRICAL_SURFACE('',#10080,0.0016);
#8577=CYLINDRICAL_SURFACE('',#10082,0.0025);
#8578=CYLINDRICAL_SURFACE('',#10085,0.0025);
#8579=CYLINDRICAL_SURFACE('',#10088,0.0025);
#8580=CYLINDRICAL_SURFACE('',#10091,0.002);
#8581=CYLINDRICAL_SURFACE('',#10095,0.002);
#8582=CYLINDRICAL_SURFACE('',#10099,0.002);
#8583=CYLINDRICAL_SURFACE('',#10103,0.002);
#8584=CYLINDRICAL_SURFACE('',#10120,0.0016);
#8585=CYLINDRICAL_SURFACE('',#10122,0.0016);
#8586=CYLINDRICAL_SURFACE('',#10124,0.0016);
#8587=CYLINDRICAL_SURFACE('',#10126,0.002);
#8588=CYLINDRICAL_SURFACE('',#10129,0.002);
#8589=CYLINDRICAL_SURFACE('',#10132,0.002);
#8590=CYLINDRICAL_SURFACE('',#10135,0.002);
#8591=CYLINDRICAL_SURFACE('',#10138,0.0025);
#8592=CYLINDRICAL_SURFACE('',#10144,0.0016);
#8593=CYLINDRICAL_SURFACE('',#10161,0.0016);
#8594=CYLINDRICAL_SURFACE('',#10162,0.0016);
#8595=CYLINDRICAL_SURFACE('',#10164,0.0016);
#8596=CYLINDRICAL_SURFACE('',#10167,0.0016);
#8597=CYLINDRICAL_SURFACE('',#10195,0.0016);
#8598=CYLINDRICAL_SURFACE('',#10196,0.0016);
#8599=CYLINDRICAL_SURFACE('',#10226,0.0016);
#8600=CYLINDRICAL_SURFACE('',#10227,0.0016);
#8601=CYLINDRICAL_SURFACE('',#10229,0.0016);
#8602=CYLINDRICAL_SURFACE('',#10232,0.0016);
#8603=CYLINDRICAL_SURFACE('',#10246,0.0016);
#8604=CYLINDRICAL_SURFACE('',#10249,0.0016);
#8605=CYLINDRICAL_SURFACE('',#10252,0.0016);
#8606=CYLINDRICAL_SURFACE('',#10255,0.0016);
#8607=CYLINDRICAL_SURFACE('',#10258,0.0012);
#8608=CYLINDRICAL_SURFACE('',#10261,0.0012);
#8609=CYLINDRICAL_SURFACE('',#10264,0.0012);
#8610=CYLINDRICAL_SURFACE('',#10269,0.0012);
#8611=CYLINDRICAL_SURFACE('',#10272,0.0012);
#8612=CYLINDRICAL_SURFACE('',#10276,0.0012);
#8613=CYLINDRICAL_SURFACE('',#10279,0.0012);
#8614=CYLINDRICAL_SURFACE('',#10282,0.0012);
#8615=CYLINDRICAL_SURFACE('',#10287,0.0012);
#8616=CYLINDRICAL_SURFACE('',#10290,0.0012);
#8617=CYLINDRICAL_SURFACE('',#10294,0.0012);
#8618=CYLINDRICAL_SURFACE('',#10297,0.0012);
#8619=CYLINDRICAL_SURFACE('',#10300,0.0012);
#8620=CYLINDRICAL_SURFACE('',#10305,0.0012);
#8621=CYLINDRICAL_SURFACE('',#10308,0.0012);
#8622=CYLINDRICAL_SURFACE('',#10312,0.0012);
#8623=CYLINDRICAL_SURFACE('',#10317,0.0012);
#8624=CYLINDRICAL_SURFACE('',#10320,0.0012);
#8625=CYLINDRICAL_SURFACE('',#10329,0.0012);
#8626=CYLINDRICAL_SURFACE('',#10331,0.0012);
#8627=CYLINDRICAL_SURFACE('',#10347,0.0016);
#8628=CYLINDRICAL_SURFACE('',#10348,0.0016);
#8629=CYLINDRICAL_SURFACE('',#10350,0.0016);
#8630=CYLINDRICAL_SURFACE('',#10353,0.0016);
#8631=CYLINDRICAL_SURFACE('',#10381,0.0016);
#8632=CYLINDRICAL_SURFACE('',#10382,0.0016);
#8633=CYLINDRICAL_SURFACE('',#10398,0.0016);
#8634=CYLINDRICAL_SURFACE('',#10399,0.0016);
#8635=CYLINDRICAL_SURFACE('',#10401,0.0016);
#8636=CYLINDRICAL_SURFACE('',#10404,0.0016);
#8637=CYLINDRICAL_SURFACE('',#10407,0.0016);
#8638=CYLINDRICAL_SURFACE('',#10410,0.0016);
#8639=CYLINDRICAL_SURFACE('',#10413,0.0012);
#8640=CYLINDRICAL_SURFACE('',#10416,0.0012);
#8641=CYLINDRICAL_SURFACE('',#10419,0.0012);
#8642=CYLINDRICAL_SURFACE('',#10424,0.0012);
#8643=CYLINDRICAL_SURFACE('',#10427,0.0012);
#8644=CYLINDRICAL_SURFACE('',#10431,0.0012);
#8645=CYLINDRICAL_SURFACE('',#10434,0.0012);
#8646=CYLINDRICAL_SURFACE('',#10437,0.0012);
#8647=CYLINDRICAL_SURFACE('',#10442,0.0012);
#8648=CYLINDRICAL_SURFACE('',#10445,0.0012);
#8649=CYLINDRICAL_SURFACE('',#10449,0.0012);
#8650=CYLINDRICAL_SURFACE('',#10452,0.0012);
#8651=CYLINDRICAL_SURFACE('',#10455,0.0012);
#8652=CYLINDRICAL_SURFACE('',#10460,0.0012);
#8653=CYLINDRICAL_SURFACE('',#10463,0.0012);
#8654=CYLINDRICAL_SURFACE('',#10467,0.0012);
#8655=CYLINDRICAL_SURFACE('',#10472,0.0012);
#8656=CYLINDRICAL_SURFACE('',#10475,0.0012);
#8657=CYLINDRICAL_SURFACE('',#10484,0.0012);
#8658=CYLINDRICAL_SURFACE('',#10486,0.0012);
#8659=CYLINDRICAL_SURFACE('',#10496,0.0016);
#8660=CYLINDRICAL_SURFACE('',#10501,0.0025);
#8661=CYLINDRICAL_SURFACE('',#10503,0.0016);
#8662=CYLINDRICAL_SURFACE('',#10508,0.0025);
#8663=CYLINDRICAL_SURFACE('',#10510,0.0016);
#8664=CYLINDRICAL_SURFACE('',#10515,0.0025);
#8665=CYLINDRICAL_SURFACE('',#10546,0.002);
#8666=CYLINDRICAL_SURFACE('',#10547,0.002);
#8667=CYLINDRICAL_SURFACE('',#10548,0.002);
#8668=CYLINDRICAL_SURFACE('',#10549,0.002);
#8669=CYLINDRICAL_SURFACE('',#10550,0.002);
#8670=CYLINDRICAL_SURFACE('',#10551,0.002);
#8671=CYLINDRICAL_SURFACE('',#10552,0.002);
#8672=CYLINDRICAL_SURFACE('',#10553,0.002);
#8673=CYLINDRICAL_SURFACE('',#10554,0.0016);
#8674=CYLINDRICAL_SURFACE('',#10558,0.0025);
#8675=CYLINDRICAL_SURFACE('',#10560,0.0016);
#8676=CYLINDRICAL_SURFACE('',#10563,0.0016);
#8677=CYLINDRICAL_SURFACE('',#10566,0.0016);
#8678=CYLINDRICAL_SURFACE('',#10569,0.0016);
#8679=CYLINDRICAL_SURFACE('',#10572,0.0012);
#8680=CYLINDRICAL_SURFACE('',#10575,0.0012);
#8681=CYLINDRICAL_SURFACE('',#10578,0.0012);
#8682=CYLINDRICAL_SURFACE('',#10583,0.0012);
#8683=CYLINDRICAL_SURFACE('',#10586,0.0012);
#8684=CYLINDRICAL_SURFACE('',#10590,0.0012);
#8685=CYLINDRICAL_SURFACE('',#10593,0.0012);
#8686=CYLINDRICAL_SURFACE('',#10596,0.0012);
#8687=CYLINDRICAL_SURFACE('',#10601,0.0012);
#8688=CYLINDRICAL_SURFACE('',#10604,0.0012);
#8689=CYLINDRICAL_SURFACE('',#10608,0.0012);
#8690=CYLINDRICAL_SURFACE('',#10611,0.0012);
#8691=CYLINDRICAL_SURFACE('',#10614,0.0012);
#8692=CYLINDRICAL_SURFACE('',#10619,0.0012);
#8693=CYLINDRICAL_SURFACE('',#10622,0.0012);
#8694=CYLINDRICAL_SURFACE('',#10626,0.0012);
#8695=CYLINDRICAL_SURFACE('',#10631,0.0012);
#8696=CYLINDRICAL_SURFACE('',#10634,0.0012);
#8697=CYLINDRICAL_SURFACE('',#10643,0.0012);
#8698=CYLINDRICAL_SURFACE('',#10645,0.0012);
#8699=CYLINDRICAL_SURFACE('',#10661,0.0016);
#8700=CYLINDRICAL_SURFACE('',#10662,0.0016);
#8701=CYLINDRICAL_SURFACE('',#10678,0.0016);
#8702=CYLINDRICAL_SURFACE('',#10679,0.0016);
#8703=CYLINDRICAL_SURFACE('',#10702,0.0016);
#8704=CYLINDRICAL_SURFACE('',#10703,0.0016);
#8705=CYLINDRICAL_SURFACE('',#10719,0.0016);
#8706=CYLINDRICAL_SURFACE('',#10720,0.0016);
#8707=CYLINDRICAL_SURFACE('',#10730,0.0016);
#8708=CYLINDRICAL_SURFACE('',#10733,0.0016);
#8709=CYLINDRICAL_SURFACE('',#10775,0.0016);
#8710=CYLINDRICAL_SURFACE('',#10776,0.0016);
#8711=CYLINDRICAL_SURFACE('',#10792,0.0016);
#8712=CYLINDRICAL_SURFACE('',#10793,0.0016);
#8713=CYLINDRICAL_SURFACE('',#10795,0.0016);
#8714=CYLINDRICAL_SURFACE('',#10798,0.0016);
#8715=CYLINDRICAL_SURFACE('',#10826,0.0016);
#8716=CYLINDRICAL_SURFACE('',#10827,0.0016);
#8717=CYLINDRICAL_SURFACE('',#10843,0.0016);
#8718=CYLINDRICAL_SURFACE('',#10844,0.0016);
#8719=ADVANCED_FACE('',(#7801,#7802),#8543,.F.);
#8720=ADVANCED_FACE('',(#7803,#7804),#8544,.T.);
#8721=ADVANCED_FACE('',(#7805),#1947,.T.);
#8722=ADVANCED_FACE('',(#7806,#7807),#1948,.F.);
#8723=ADVANCED_FACE('',(#7808),#1949,.T.);
#8724=ADVANCED_FACE('',(#7809),#1950,.T.);
#8725=ADVANCED_FACE('',(#7810),#1951,.T.);
#8726=ADVANCED_FACE('',(#7811),#1952,.T.);
#8727=ADVANCED_FACE('',(#7812),#1953,.T.);
#8728=ADVANCED_FACE('',(#7813),#1954,.T.);
#8729=ADVANCED_FACE('',(#7814,#7815),#1955,.T.);
#8730=ADVANCED_FACE('',(#7816),#1956,.F.);
#8731=ADVANCED_FACE('',(#7817,#7818),#8545,.F.);
#8732=ADVANCED_FACE('',(#7819,#7820),#8546,.T.);
#8733=ADVANCED_FACE('',(#7821),#1957,.T.);
#8734=ADVANCED_FACE('',(#7822,#7823),#1958,.F.);
#8735=ADVANCED_FACE('',(#7824),#1959,.T.);
#8736=ADVANCED_FACE('',(#7825),#1960,.T.);
#8737=ADVANCED_FACE('',(#7826),#1961,.T.);
#8738=ADVANCED_FACE('',(#7827),#1962,.T.);
#8739=ADVANCED_FACE('',(#7828),#1963,.T.);
#8740=ADVANCED_FACE('',(#7829),#1964,.T.);
#8741=ADVANCED_FACE('',(#7830,#7831),#1965,.T.);
#8742=ADVANCED_FACE('',(#7832),#1966,.F.);
#8743=ADVANCED_FACE('',(#7833,#7834),#8547,.F.);
#8744=ADVANCED_FACE('',(#7835,#7836),#8548,.T.);
#8745=ADVANCED_FACE('',(#7837),#1967,.T.);
#8746=ADVANCED_FACE('',(#7838,#7839),#1968,.F.);
#8747=ADVANCED_FACE('',(#7840),#1969,.T.);
#8748=ADVANCED_FACE('',(#7841),#1970,.T.);
#8749=ADVANCED_FACE('',(#7842),#1971,.T.);
#8750=ADVANCED_FACE('',(#7843),#1972,.T.);
#8751=ADVANCED_FACE('',(#7844),#1973,.T.);
#8752=ADVANCED_FACE('',(#7845),#1974,.T.);
#8753=ADVANCED_FACE('',(#7846,#7847),#1975,.T.);
#8754=ADVANCED_FACE('',(#7848),#1976,.F.);
#8755=ADVANCED_FACE('PartBody',(#7849),#1977,.F.);
#8756=ADVANCED_FACE('PartBody',(#7850,#7851),#1978,.T.);
#8757=ADVANCED_FACE('PartBody',(#7852),#1979,.T.);
#8758=ADVANCED_FACE('PartBody',(#7853),#1980,.T.);
#8759=ADVANCED_FACE('PartBody',(#7854),#1981,.T.);
#8760=ADVANCED_FACE('PartBody',(#7855),#1982,.T.);
#8761=ADVANCED_FACE('PartBody',(#7856),#1983,.T.);
#8762=ADVANCED_FACE('PartBody',(#7857),#1984,.T.);
#8763=ADVANCED_FACE('PartBody',(#7858,#7859),#1985,.F.);
#8764=ADVANCED_FACE('PartBody',(#7860),#1986,.T.);
#8765=ADVANCED_FACE('PartBody',(#7861,#7862),#8549,.T.);
#8766=ADVANCED_FACE('PartBody',(#7863,#7864),#8550,.F.);
#8767=ADVANCED_FACE('PartBody',(#7865,#7866),#8551,.F.);
#8768=ADVANCED_FACE('PartBody',(#7867,#7868),#8552,.F.);
#8769=ADVANCED_FACE('PartBody',(#7869,#7870),#8553,.F.);
#8770=ADVANCED_FACE('PartBody',(#7871,#7872),#8554,.F.);
#8771=ADVANCED_FACE('PartBody',(#7873),#8555,.T.);
#8772=ADVANCED_FACE('PartBody',(#7874),#8556,.T.);
#8773=ADVANCED_FACE('PartBody',(#7875),#8557,.F.);
#8774=ADVANCED_FACE('PartBody',(#7876),#1987,.F.);
#8775=ADVANCED_FACE('PartBody',(#7877),#1988,.F.);
#8776=ADVANCED_FACE('PartBody',(#7878),#8558,.F.);
#8777=ADVANCED_FACE('PartBody',(#7879),#8559,.T.);
#8778=ADVANCED_FACE('PartBody',(#7880),#1989,.F.);
#8779=ADVANCED_FACE('PartBody',(#7881),#8560,.T.);
#8780=ADVANCED_FACE('PartBody',(#7882),#8561,.T.);
#8781=ADVANCED_FACE('PartBody',(#7883),#8562,.F.);
#8782=ADVANCED_FACE('PartBody',(#7884),#1990,.T.);
#8783=ADVANCED_FACE('PartBody',(#7885),#1991,.T.);
#8784=ADVANCED_FACE('PartBody',(#7886),#8563,.F.);
#8785=ADVANCED_FACE('PartBody',(#7887),#8564,.T.);
#8786=ADVANCED_FACE('PartBody',(#7888),#1992,.T.);
#8787=ADVANCED_FACE('PartBody',(#7889),#8565,.T.);
#8788=ADVANCED_FACE('PartBody',(#7890),#8566,.T.);
#8789=ADVANCED_FACE('PartBody',(#7891),#8567,.F.);
#8790=ADVANCED_FACE('PartBody',(#7892),#1993,.F.);
#8791=ADVANCED_FACE('PartBody',(#7893),#1994,.T.);
#8792=ADVANCED_FACE('PartBody',(#7894),#8568,.T.);
#8793=ADVANCED_FACE('PartBody',(#7895),#8569,.F.);
#8794=ADVANCED_FACE('PartBody',(#7896),#1995,.F.);
#8795=ADVANCED_FACE('PartBody',(#7897),#8570,.T.);
#8796=ADVANCED_FACE('PartBody',(#7898),#1996,.F.);
#8797=ADVANCED_FACE('PartBody',(#7899),#1997,.F.);
#8798=ADVANCED_FACE('PartBody',(#7900),#8571,.T.);
#8799=ADVANCED_FACE('PartBody',(#7901),#8572,.F.);
#8800=ADVANCED_FACE('PartBody',(#7902,#7903,#7904,#7905,#7906),#1998,.T.);
#8801=ADVANCED_FACE('PartBody',(#7907,#7908,#7909,#7910,#7911),#1999,.F.);
#8802=ADVANCED_FACE('PartBody',(#7912),#8573,.T.);
#8803=ADVANCED_FACE('PartBody',(#7913),#2000,.F.);
#8804=ADVANCED_FACE('PartBody',(#7914),#8574,.F.);
#8805=ADVANCED_FACE('PartBody',(#7915),#2001,.F.);
#8806=ADVANCED_FACE('PartBody',(#7916),#2002,.T.);
#8807=ADVANCED_FACE('PartBody',(#7917),#2003,.F.);
#8808=ADVANCED_FACE('PartBody',(#7918),#2004,.T.);
#8809=ADVANCED_FACE('PartBody',(#7919),#2005,.F.);
#8810=ADVANCED_FACE('PartBody',(#7920),#2006,.T.);
#8811=ADVANCED_FACE('PartBody',(#7921),#2007,.T.);
#8812=ADVANCED_FACE('PartBody',(#7922),#2008,.T.);
#8813=ADVANCED_FACE('PartBody',(#7923),#2009,.T.);
#8814=ADVANCED_FACE('PartBody',(#7924),#2010,.T.);
#8815=ADVANCED_FACE('PartBody',(#7925),#2011,.F.);
#8816=ADVANCED_FACE('PartBody',(#7926),#2012,.T.);
#8817=ADVANCED_FACE('PartBody',(#7927),#2013,.F.);
#8818=ADVANCED_FACE('PartBody',(#7928,#7929),#2014,.T.);
#8819=ADVANCED_FACE('PartBody',(#7930),#2015,.T.);
#8820=ADVANCED_FACE('PartBody',(#7931),#2016,.T.);
#8821=ADVANCED_FACE('PartBody',(#7932),#2017,.T.);
#8822=ADVANCED_FACE('PartBody',(#7933),#2018,.T.);
#8823=ADVANCED_FACE('PartBody',(#7934),#2019,.T.);
#8824=ADVANCED_FACE('PartBody',(#7935),#2020,.T.);
#8825=ADVANCED_FACE('PartBody',(#7936,#7937),#2021,.F.);
#8826=ADVANCED_FACE('PartBody',(#7938),#2022,.T.);
#8827=ADVANCED_FACE('PartBody',(#7939,#7940),#8575,.T.);
#8828=ADVANCED_FACE('PartBody',(#7941,#7942),#8576,.F.);
#8829=ADVANCED_FACE('',(#7943,#7944),#8577,.F.);
#8830=ADVANCED_FACE('',(#7945,#7946),#8578,.F.);
#8831=ADVANCED_FACE('',(#7947,#7948),#8579,.F.);
#8832=ADVANCED_FACE('',(#7949),#8580,.T.);
#8833=ADVANCED_FACE('',(#7950),#2023,.T.);
#8834=ADVANCED_FACE('',(#7951),#8581,.T.);
#8835=ADVANCED_FACE('',(#7952),#2024,.F.);
#8836=ADVANCED_FACE('',(#7953),#8582,.T.);
#8837=ADVANCED_FACE('',(#7954),#2025,.F.);
#8838=ADVANCED_FACE('',(#7955),#8583,.T.);
#8839=ADVANCED_FACE('',(#7956),#2026,.T.);
#8840=ADVANCED_FACE('',(#7957,#7958),#2027,.F.);
#8841=ADVANCED_FACE('',(#7959,#7960),#2028,.F.);
#8842=ADVANCED_FACE('',(#7961,#7962),#2029,.F.);
#8843=ADVANCED_FACE('',(#7963,#7964),#2030,.T.);
#8844=ADVANCED_FACE('',(#7965,#7966,#7967,#7968,#7969),#2031,.F.);
#8845=ADVANCED_FACE('',(#7970,#7971),#8584,.F.);
#8846=ADVANCED_FACE('',(#7972,#7973),#8585,.F.);
#8847=ADVANCED_FACE('',(#7974,#7975),#8586,.F.);
#8848=ADVANCED_FACE('',(#7976),#8587,.T.);
#8849=ADVANCED_FACE('',(#7977),#2032,.F.);
#8850=ADVANCED_FACE('',(#7978),#8588,.T.);
#8851=ADVANCED_FACE('',(#7979),#2033,.T.);
#8852=ADVANCED_FACE('',(#7980),#8589,.T.);
#8853=ADVANCED_FACE('',(#7981),#2034,.T.);
#8854=ADVANCED_FACE('',(#7982),#8590,.T.);
#8855=ADVANCED_FACE('',(#7983),#2035,.F.);
#8856=ADVANCED_FACE('',(#7984,#7985),#8591,.F.);
#8857=ADVANCED_FACE('',(#7986,#7987,#7988,#7989,#7990),#2036,.T.);
#8858=ADVANCED_FACE('',(#7991,#7992),#2037,.F.);
#8859=ADVANCED_FACE('',(#7993,#7994),#8592,.F.);
#8860=ADVANCED_FACE('PartBody',(#7995),#2038,.F.);
#8861=ADVANCED_FACE('PartBody',(#7996,#7997),#2039,.T.);
#8862=ADVANCED_FACE('PartBody',(#7998),#2040,.T.);
#8863=ADVANCED_FACE('PartBody',(#7999),#2041,.T.);
#8864=ADVANCED_FACE('PartBody',(#8000),#2042,.T.);
#8865=ADVANCED_FACE('PartBody',(#8001),#2043,.T.);
#8866=ADVANCED_FACE('PartBody',(#8002),#2044,.T.);
#8867=ADVANCED_FACE('PartBody',(#8003),#2045,.T.);
#8868=ADVANCED_FACE('PartBody',(#8004,#8005),#2046,.F.);
#8869=ADVANCED_FACE('PartBody',(#8006),#2047,.T.);
#8870=ADVANCED_FACE('PartBody',(#8007,#8008),#8593,.T.);
#8871=ADVANCED_FACE('PartBody',(#8009,#8010),#8594,.F.);
#8872=ADVANCED_FACE('',(#8011,#8012),#8595,.F.);
#8873=ADVANCED_FACE('',(#8013,#8014),#8596,.T.);
#8874=ADVANCED_FACE('',(#8015),#2048,.T.);
#8875=ADVANCED_FACE('',(#8016,#8017),#2049,.F.);
#8876=ADVANCED_FACE('',(#8018),#2050,.T.);
#8877=ADVANCED_FACE('',(#8019),#2051,.T.);
#8878=ADVANCED_FACE('',(#8020),#2052,.T.);
#8879=ADVANCED_FACE('',(#8021),#2053,.T.);
#8880=ADVANCED_FACE('',(#8022),#2054,.T.);
#8881=ADVANCED_FACE('',(#8023),#2055,.T.);
#8882=ADVANCED_FACE('',(#8024,#8025),#2056,.T.);
#8883=ADVANCED_FACE('',(#8026),#2057,.F.);
#8884=ADVANCED_FACE('PartBody',(#8027),#2058,.F.);
#8885=ADVANCED_FACE('PartBody',(#8028,#8029),#2059,.T.);
#8886=ADVANCED_FACE('PartBody',(#8030),#2060,.T.);
#8887=ADVANCED_FACE('PartBody',(#8031),#2061,.T.);
#8888=ADVANCED_FACE('PartBody',(#8032),#2062,.T.);
#8889=ADVANCED_FACE('PartBody',(#8033),#2063,.T.);
#8890=ADVANCED_FACE('PartBody',(#8034),#2064,.T.);
#8891=ADVANCED_FACE('PartBody',(#8035),#2065,.T.);
#8892=ADVANCED_FACE('PartBody',(#8036,#8037),#2066,.F.);
#8893=ADVANCED_FACE('PartBody',(#8038),#2067,.T.);
#8894=ADVANCED_FACE('PartBody',(#8039,#8040),#8597,.T.);
#8895=ADVANCED_FACE('PartBody',(#8041,#8042),#8598,.F.);
#8896=ADVANCED_FACE('PartBody',(#8043),#2068,.T.);
#8897=ADVANCED_FACE('PartBody',(#8044),#2069,.T.);
#8898=ADVANCED_FACE('PartBody',(#8045),#2070,.T.);
#8899=ADVANCED_FACE('PartBody',(#8046),#2071,.T.);
#8900=ADVANCED_FACE('PartBody',(#8047),#2072,.F.);
#8901=ADVANCED_FACE('PartBody',(#8048),#2073,.T.);
#8902=ADVANCED_FACE('PartBody',(#8049),#2074,.T.);
#8903=ADVANCED_FACE('PartBody',(#8050),#2075,.F.);
#8904=ADVANCED_FACE('PartBody',(#8051),#2076,.T.);
#8905=ADVANCED_FACE('PartBody',(#8052),#2077,.F.);
#8906=ADVANCED_FACE('PartBody',(#8053),#2078,.F.);
#8907=ADVANCED_FACE('PartBody',(#8054),#2079,.F.);
#8908=ADVANCED_FACE('PartBody',(#8055),#2080,.F.);
#8909=ADVANCED_FACE('PartBody',(#8056,#8057),#2081,.T.);
#8910=ADVANCED_FACE('PartBody',(#8058),#2082,.T.);
#8911=ADVANCED_FACE('PartBody',(#8059),#2083,.T.);
#8912=ADVANCED_FACE('PartBody',(#8060),#2084,.T.);
#8913=ADVANCED_FACE('PartBody',(#8061),#2085,.T.);
#8914=ADVANCED_FACE('PartBody',(#8062),#2086,.T.);
#8915=ADVANCED_FACE('PartBody',(#8063),#2087,.T.);
#8916=ADVANCED_FACE('PartBody',(#8064,#8065),#2088,.F.);
#8917=ADVANCED_FACE('PartBody',(#8066),#2089,.T.);
#8918=ADVANCED_FACE('PartBody',(#8067,#8068),#8599,.T.);
#8919=ADVANCED_FACE('PartBody',(#8069,#8070),#8600,.F.);
#8920=ADVANCED_FACE('',(#8071,#8072),#8601,.F.);
#8921=ADVANCED_FACE('',(#8073,#8074),#8602,.T.);
#8922=ADVANCED_FACE('',(#8075),#2090,.T.);
#8923=ADVANCED_FACE('',(#8076,#8077),#2091,.F.);
#8924=ADVANCED_FACE('',(#8078),#2092,.T.);
#8925=ADVANCED_FACE('',(#8079),#2093,.T.);
#8926=ADVANCED_FACE('',(#8080),#2094,.T.);
#8927=ADVANCED_FACE('',(#8081),#2095,.T.);
#8928=ADVANCED_FACE('',(#8082),#2096,.T.);
#8929=ADVANCED_FACE('',(#8083),#2097,.T.);
#8930=ADVANCED_FACE('',(#8084,#8085),#2098,.T.);
#8931=ADVANCED_FACE('',(#8086),#2099,.F.);
#8932=ADVANCED_FACE('PartBody',(#8087,#8088),#8603,.F.);
#8933=ADVANCED_FACE('PartBody',(#8089,#8090),#8604,.F.);
#8934=ADVANCED_FACE('PartBody',(#8091,#8092),#8605,.F.);
#8935=ADVANCED_FACE('PartBody',(#8093,#8094),#8606,.F.);
#8936=ADVANCED_FACE('PartBody',(#8095),#8607,.T.);
#8937=ADVANCED_FACE('PartBody',(#8096),#8608,.T.);
#8938=ADVANCED_FACE('PartBody',(#8097),#8609,.F.);
#8939=ADVANCED_FACE('PartBody',(#8098),#2100,.F.);
#8940=ADVANCED_FACE('PartBody',(#8099),#2101,.F.);
#8941=ADVANCED_FACE('PartBody',(#8100),#8610,.F.);
#8942=ADVANCED_FACE('PartBody',(#8101),#8611,.T.);
#8943=ADVANCED_FACE('PartBody',(#8102),#2102,.F.);
#8944=ADVANCED_FACE('PartBody',(#8103),#8612,.T.);
#8945=ADVANCED_FACE('PartBody',(#8104),#8613,.T.);
#8946=ADVANCED_FACE('PartBody',(#8105),#8614,.F.);
#8947=ADVANCED_FACE('PartBody',(#8106),#2103,.T.);
#8948=ADVANCED_FACE('PartBody',(#8107),#2104,.T.);
#8949=ADVANCED_FACE('PartBody',(#8108),#8615,.F.);
#8950=ADVANCED_FACE('PartBody',(#8109),#8616,.T.);
#8951=ADVANCED_FACE('PartBody',(#8110),#2105,.T.);
#8952=ADVANCED_FACE('PartBody',(#8111),#8617,.T.);
#8953=ADVANCED_FACE('PartBody',(#8112),#8618,.T.);
#8954=ADVANCED_FACE('PartBody',(#8113),#8619,.F.);
#8955=ADVANCED_FACE('PartBody',(#8114),#2106,.F.);
#8956=ADVANCED_FACE('PartBody',(#8115),#2107,.T.);
#8957=ADVANCED_FACE('PartBody',(#8116),#8620,.T.);
#8958=ADVANCED_FACE('PartBody',(#8117),#8621,.F.);
#8959=ADVANCED_FACE('PartBody',(#8118),#2108,.F.);
#8960=ADVANCED_FACE('PartBody',(#8119),#8622,.T.);
#8961=ADVANCED_FACE('PartBody',(#8120),#2109,.F.);
#8962=ADVANCED_FACE('PartBody',(#8121),#2110,.F.);
#8963=ADVANCED_FACE('PartBody',(#8122),#8623,.T.);
#8964=ADVANCED_FACE('PartBody',(#8123),#8624,.F.);
#8965=ADVANCED_FACE('PartBody',(#8124,#8125,#8126,#8127,#8128),#2111,.T.);
#8966=ADVANCED_FACE('PartBody',(#8129,#8130,#8131,#8132,#8133),#2112,.F.);
#8967=ADVANCED_FACE('PartBody',(#8134),#8625,.T.);
#8968=ADVANCED_FACE('PartBody',(#8135),#2113,.F.);
#8969=ADVANCED_FACE('PartBody',(#8136),#8626,.F.);
#8970=ADVANCED_FACE('PartBody',(#8137),#2114,.F.);
#8971=ADVANCED_FACE('PartBody',(#8138,#8139),#2115,.T.);
#8972=ADVANCED_FACE('PartBody',(#8140),#2116,.T.);
#8973=ADVANCED_FACE('PartBody',(#8141),#2117,.T.);
#8974=ADVANCED_FACE('PartBody',(#8142),#2118,.T.);
#8975=ADVANCED_FACE('PartBody',(#8143),#2119,.T.);
#8976=ADVANCED_FACE('PartBody',(#8144),#2120,.T.);
#8977=ADVANCED_FACE('PartBody',(#8145),#2121,.T.);
#8978=ADVANCED_FACE('PartBody',(#8146,#8147),#2122,.F.);
#8979=ADVANCED_FACE('PartBody',(#8148),#2123,.T.);
#8980=ADVANCED_FACE('PartBody',(#8149,#8150),#8627,.T.);
#8981=ADVANCED_FACE('PartBody',(#8151,#8152),#8628,.F.);
#8982=ADVANCED_FACE('',(#8153,#8154),#8629,.F.);
#8983=ADVANCED_FACE('',(#8155,#8156),#8630,.T.);
#8984=ADVANCED_FACE('',(#8157),#2124,.T.);
#8985=ADVANCED_FACE('',(#8158,#8159),#2125,.F.);
#8986=ADVANCED_FACE('',(#8160),#2126,.T.);
#8987=ADVANCED_FACE('',(#8161),#2127,.T.);
#8988=ADVANCED_FACE('',(#8162),#2128,.T.);
#8989=ADVANCED_FACE('',(#8163),#2129,.T.);
#8990=ADVANCED_FACE('',(#8164),#2130,.T.);
#8991=ADVANCED_FACE('',(#8165),#2131,.T.);
#8992=ADVANCED_FACE('',(#8166,#8167),#2132,.T.);
#8993=ADVANCED_FACE('',(#8168),#2133,.F.);
#8994=ADVANCED_FACE('PartBody',(#8169),#2134,.F.);
#8995=ADVANCED_FACE('PartBody',(#8170,#8171),#2135,.T.);
#8996=ADVANCED_FACE('PartBody',(#8172),#2136,.T.);
#8997=ADVANCED_FACE('PartBody',(#8173),#2137,.T.);
#8998=ADVANCED_FACE('PartBody',(#8174),#2138,.T.);
#8999=ADVANCED_FACE('PartBody',(#8175),#2139,.T.);
#9000=ADVANCED_FACE('PartBody',(#8176),#2140,.T.);
#9001=ADVANCED_FACE('PartBody',(#8177),#2141,.T.);
#9002=ADVANCED_FACE('PartBody',(#8178,#8179),#2142,.F.);
#9003=ADVANCED_FACE('PartBody',(#8180),#2143,.T.);
#9004=ADVANCED_FACE('PartBody',(#8181,#8182),#8631,.T.);
#9005=ADVANCED_FACE('PartBody',(#8183,#8184),#8632,.F.);
#9006=ADVANCED_FACE('PartBody',(#8185),#2144,.F.);
#9007=ADVANCED_FACE('PartBody',(#8186,#8187),#2145,.T.);
#9008=ADVANCED_FACE('PartBody',(#8188),#2146,.T.);
#9009=ADVANCED_FACE('PartBody',(#8189),#2147,.T.);
#9010=ADVANCED_FACE('PartBody',(#8190),#2148,.T.);
#9011=ADVANCED_FACE('PartBody',(#8191),#2149,.T.);
#9012=ADVANCED_FACE('PartBody',(#8192),#2150,.T.);
#9013=ADVANCED_FACE('PartBody',(#8193),#2151,.T.);
#9014=ADVANCED_FACE('PartBody',(#8194,#8195),#2152,.F.);
#9015=ADVANCED_FACE('PartBody',(#8196),#2153,.T.);
#9016=ADVANCED_FACE('PartBody',(#8197,#8198),#8633,.T.);
#9017=ADVANCED_FACE('PartBody',(#8199,#8200),#8634,.F.);
#9018=ADVANCED_FACE('PartBody',(#8201,#8202),#8635,.F.);
#9019=ADVANCED_FACE('PartBody',(#8203,#8204),#8636,.F.);
#9020=ADVANCED_FACE('PartBody',(#8205,#8206),#8637,.F.);
#9021=ADVANCED_FACE('PartBody',(#8207,#8208),#8638,.F.);
#9022=ADVANCED_FACE('PartBody',(#8209),#8639,.T.);
#9023=ADVANCED_FACE('PartBody',(#8210),#8640,.T.);
#9024=ADVANCED_FACE('PartBody',(#8211),#8641,.F.);
#9025=ADVANCED_FACE('PartBody',(#8212),#2154,.F.);
#9026=ADVANCED_FACE('PartBody',(#8213),#2155,.F.);
#9027=ADVANCED_FACE('PartBody',(#8214),#8642,.F.);
#9028=ADVANCED_FACE('PartBody',(#8215),#8643,.T.);
#9029=ADVANCED_FACE('PartBody',(#8216),#2156,.F.);
#9030=ADVANCED_FACE('PartBody',(#8217),#8644,.T.);
#9031=ADVANCED_FACE('PartBody',(#8218),#8645,.T.);
#9032=ADVANCED_FACE('PartBody',(#8219),#8646,.F.);
#9033=ADVANCED_FACE('PartBody',(#8220),#2157,.T.);
#9034=ADVANCED_FACE('PartBody',(#8221),#2158,.T.);
#9035=ADVANCED_FACE('PartBody',(#8222),#8647,.F.);
#9036=ADVANCED_FACE('PartBody',(#8223),#8648,.T.);
#9037=ADVANCED_FACE('PartBody',(#8224),#2159,.T.);
#9038=ADVANCED_FACE('PartBody',(#8225),#8649,.T.);
#9039=ADVANCED_FACE('PartBody',(#8226),#8650,.T.);
#9040=ADVANCED_FACE('PartBody',(#8227),#8651,.F.);
#9041=ADVANCED_FACE('PartBody',(#8228),#2160,.F.);
#9042=ADVANCED_FACE('PartBody',(#8229),#2161,.T.);
#9043=ADVANCED_FACE('PartBody',(#8230),#8652,.T.);
#9044=ADVANCED_FACE('PartBody',(#8231),#8653,.F.);
#9045=ADVANCED_FACE('PartBody',(#8232),#2162,.F.);
#9046=ADVANCED_FACE('PartBody',(#8233),#8654,.T.);
#9047=ADVANCED_FACE('PartBody',(#8234),#2163,.F.);
#9048=ADVANCED_FACE('PartBody',(#8235),#2164,.F.);
#9049=ADVANCED_FACE('PartBody',(#8236),#8655,.T.);
#9050=ADVANCED_FACE('PartBody',(#8237),#8656,.F.);
#9051=ADVANCED_FACE('PartBody',(#8238,#8239,#8240,#8241,#8242),#2165,.T.);
#9052=ADVANCED_FACE('PartBody',(#8243,#8244,#8245,#8246,#8247),#2166,.F.);
#9053=ADVANCED_FACE('PartBody',(#8248),#8657,.T.);
#9054=ADVANCED_FACE('PartBody',(#8249),#2167,.F.);
#9055=ADVANCED_FACE('PartBody',(#8250),#8658,.F.);
#9056=ADVANCED_FACE('PartBody',(#8251),#2168,.F.);
#9057=ADVANCED_FACE('PartBody',(#8252),#2169,.T.);
#9058=ADVANCED_FACE('PartBody',(#8253),#2170,.F.);
#9059=ADVANCED_FACE('PartBody',(#8254),#2171,.T.);
#9060=ADVANCED_FACE('PartBody',(#8255),#2172,.F.);
#9061=ADVANCED_FACE('PartBody',(#8256),#2173,.T.);
#9062=ADVANCED_FACE('',(#8257,#8258),#8659,.F.);
#9063=ADVANCED_FACE('',(#8259,#8260),#2174,.T.);
#9064=ADVANCED_FACE('',(#8261,#8262),#8660,.F.);
#9065=ADVANCED_FACE('',(#8263,#8264),#8661,.F.);
#9066=ADVANCED_FACE('',(#8265,#8266),#2175,.T.);
#9067=ADVANCED_FACE('',(#8267,#8268),#8662,.F.);
#9068=ADVANCED_FACE('',(#8269,#8270),#8663,.F.);
#9069=ADVANCED_FACE('',(#8271,#8272),#2176,.T.);
#9070=ADVANCED_FACE('',(#8273,#8274),#8664,.F.);
#9071=ADVANCED_FACE('',(#8275,#8276),#2177,.T.);
#9072=ADVANCED_FACE('',(#8277),#2178,.T.);
#9073=ADVANCED_FACE('',(#8278),#2179,.F.);
#9074=ADVANCED_FACE('',(#8279),#2180,.F.);
#9075=ADVANCED_FACE('',(#8280),#2181,.T.);
#9076=ADVANCED_FACE('',(#8281,#8282,#8283,#8284,#8285),#2182,.F.);
#9077=ADVANCED_FACE('',(#8286),#2183,.T.);
#9078=ADVANCED_FACE('',(#8287),#2184,.F.);
#9079=ADVANCED_FACE('',(#8288),#2185,.F.);
#9080=ADVANCED_FACE('',(#8289),#2186,.T.);
#9081=ADVANCED_FACE('',(#8290,#8291,#8292,#8293,#8294),#2187,.T.);
#9082=ADVANCED_FACE('',(#8295),#8665,.T.);
#9083=ADVANCED_FACE('',(#8296),#8666,.T.);
#9084=ADVANCED_FACE('',(#8297),#8667,.T.);
#9085=ADVANCED_FACE('',(#8298),#8668,.T.);
#9086=ADVANCED_FACE('',(#8299),#8669,.T.);
#9087=ADVANCED_FACE('',(#8300),#8670,.T.);
#9088=ADVANCED_FACE('',(#8301),#8671,.T.);
#9089=ADVANCED_FACE('',(#8302),#8672,.T.);
#9090=ADVANCED_FACE('',(#8303,#8304),#8673,.F.);
#9091=ADVANCED_FACE('',(#8305,#8306),#2188,.T.);
#9092=ADVANCED_FACE('',(#8307,#8308),#8674,.F.);
#9093=ADVANCED_FACE('PartBody',(#8309,#8310),#8675,.F.);
#9094=ADVANCED_FACE('PartBody',(#8311,#8312),#8676,.F.);
#9095=ADVANCED_FACE('PartBody',(#8313,#8314),#8677,.F.);
#9096=ADVANCED_FACE('PartBody',(#8315,#8316),#8678,.F.);
#9097=ADVANCED_FACE('PartBody',(#8317),#8679,.T.);
#9098=ADVANCED_FACE('PartBody',(#8318),#8680,.T.);
#9099=ADVANCED_FACE('PartBody',(#8319),#8681,.F.);
#9100=ADVANCED_FACE('PartBody',(#8320),#2189,.F.);
#9101=ADVANCED_FACE('PartBody',(#8321),#2190,.F.);
#9102=ADVANCED_FACE('PartBody',(#8322),#8682,.F.);
#9103=ADVANCED_FACE('PartBody',(#8323),#8683,.T.);
#9104=ADVANCED_FACE('PartBody',(#8324),#2191,.F.);
#9105=ADVANCED_FACE('PartBody',(#8325),#8684,.T.);
#9106=ADVANCED_FACE('PartBody',(#8326),#8685,.T.);
#9107=ADVANCED_FACE('PartBody',(#8327),#8686,.F.);
#9108=ADVANCED_FACE('PartBody',(#8328),#2192,.T.);
#9109=ADVANCED_FACE('PartBody',(#8329),#2193,.T.);
#9110=ADVANCED_FACE('PartBody',(#8330),#8687,.F.);
#9111=ADVANCED_FACE('PartBody',(#8331),#8688,.T.);
#9112=ADVANCED_FACE('PartBody',(#8332),#2194,.T.);
#9113=ADVANCED_FACE('PartBody',(#8333),#8689,.T.);
#9114=ADVANCED_FACE('PartBody',(#8334),#8690,.T.);
#9115=ADVANCED_FACE('PartBody',(#8335),#8691,.F.);
#9116=ADVANCED_FACE('PartBody',(#8336),#2195,.F.);
#9117=ADVANCED_FACE('PartBody',(#8337),#2196,.T.);
#9118=ADVANCED_FACE('PartBody',(#8338),#8692,.T.);
#9119=ADVANCED_FACE('PartBody',(#8339),#8693,.F.);
#9120=ADVANCED_FACE('PartBody',(#8340),#2197,.F.);
#9121=ADVANCED_FACE('PartBody',(#8341),#8694,.T.);
#9122=ADVANCED_FACE('PartBody',(#8342),#2198,.F.);
#9123=ADVANCED_FACE('PartBody',(#8343),#2199,.F.);
#9124=ADVANCED_FACE('PartBody',(#8344),#8695,.T.);
#9125=ADVANCED_FACE('PartBody',(#8345),#8696,.F.);
#9126=ADVANCED_FACE('PartBody',(#8346,#8347,#8348,#8349,#8350),#2200,.T.);
#9127=ADVANCED_FACE('PartBody',(#8351,#8352,#8353,#8354,#8355),#2201,.F.);
#9128=ADVANCED_FACE('PartBody',(#8356),#8697,.T.);
#9129=ADVANCED_FACE('PartBody',(#8357),#2202,.F.);
#9130=ADVANCED_FACE('PartBody',(#8358),#8698,.F.);
#9131=ADVANCED_FACE('PartBody',(#8359),#2203,.F.);
#9132=ADVANCED_FACE('PartBody',(#8360,#8361),#2204,.T.);
#9133=ADVANCED_FACE('PartBody',(#8362),#2205,.T.);
#9134=ADVANCED_FACE('PartBody',(#8363),#2206,.T.);
#9135=ADVANCED_FACE('PartBody',(#8364),#2207,.T.);
#9136=ADVANCED_FACE('PartBody',(#8365),#2208,.T.);
#9137=ADVANCED_FACE('PartBody',(#8366),#2209,.T.);
#9138=ADVANCED_FACE('PartBody',(#8367),#2210,.T.);
#9139=ADVANCED_FACE('PartBody',(#8368,#8369),#2211,.F.);
#9140=ADVANCED_FACE('PartBody',(#8370),#2212,.T.);
#9141=ADVANCED_FACE('PartBody',(#8371,#8372),#8699,.T.);
#9142=ADVANCED_FACE('PartBody',(#8373,#8374),#8700,.F.);
#9143=ADVANCED_FACE('PartBody',(#8375),#2213,.F.);
#9144=ADVANCED_FACE('PartBody',(#8376,#8377),#2214,.T.);
#9145=ADVANCED_FACE('PartBody',(#8378),#2215,.T.);
#9146=ADVANCED_FACE('PartBody',(#8379),#2216,.T.);
#9147=ADVANCED_FACE('PartBody',(#8380),#2217,.T.);
#9148=ADVANCED_FACE('PartBody',(#8381),#2218,.T.);
#9149=ADVANCED_FACE('PartBody',(#8382),#2219,.T.);
#9150=ADVANCED_FACE('PartBody',(#8383),#2220,.T.);
#9151=ADVANCED_FACE('PartBody',(#8384,#8385),#2221,.F.);
#9152=ADVANCED_FACE('PartBody',(#8386),#2222,.T.);
#9153=ADVANCED_FACE('PartBody',(#8387,#8388),#8701,.T.);
#9154=ADVANCED_FACE('PartBody',(#8389,#8390),#8702,.F.);
#9155=ADVANCED_FACE('PartBody',(#8391),#2223,.T.);
#9156=ADVANCED_FACE('PartBody',(#8392),#2224,.T.);
#9157=ADVANCED_FACE('PartBody',(#8393),#2225,.T.);
#9158=ADVANCED_FACE('PartBody',(#8394),#2226,.T.);
#9159=ADVANCED_FACE('PartBody',(#8395),#2227,.F.);
#9160=ADVANCED_FACE('PartBody',(#8396),#2228,.T.);
#9161=ADVANCED_FACE('PartBody',(#8397),#2229,.F.);
#9162=ADVANCED_FACE('PartBody',(#8398,#8399),#2230,.T.);
#9163=ADVANCED_FACE('PartBody',(#8400),#2231,.T.);
#9164=ADVANCED_FACE('PartBody',(#8401),#2232,.T.);
#9165=ADVANCED_FACE('PartBody',(#8402),#2233,.T.);
#9166=ADVANCED_FACE('PartBody',(#8403),#2234,.T.);
#9167=ADVANCED_FACE('PartBody',(#8404),#2235,.T.);
#9168=ADVANCED_FACE('PartBody',(#8405),#2236,.T.);
#9169=ADVANCED_FACE('PartBody',(#8406,#8407),#2237,.F.);
#9170=ADVANCED_FACE('PartBody',(#8408),#2238,.T.);
#9171=ADVANCED_FACE('PartBody',(#8409,#8410),#8703,.T.);
#9172=ADVANCED_FACE('PartBody',(#8411,#8412),#8704,.F.);
#9173=ADVANCED_FACE('PartBody',(#8413),#2239,.F.);
#9174=ADVANCED_FACE('PartBody',(#8414,#8415),#2240,.T.);
#9175=ADVANCED_FACE('PartBody',(#8416),#2241,.T.);
#9176=ADVANCED_FACE('PartBody',(#8417),#2242,.T.);
#9177=ADVANCED_FACE('PartBody',(#8418),#2243,.T.);
#9178=ADVANCED_FACE('PartBody',(#8419),#2244,.T.);
#9179=ADVANCED_FACE('PartBody',(#8420),#2245,.T.);
#9180=ADVANCED_FACE('PartBody',(#8421),#2246,.T.);
#9181=ADVANCED_FACE('PartBody',(#8422,#8423),#2247,.F.);
#9182=ADVANCED_FACE('PartBody',(#8424),#2248,.T.);
#9183=ADVANCED_FACE('PartBody',(#8425,#8426),#8705,.T.);
#9184=ADVANCED_FACE('PartBody',(#8427,#8428),#8706,.F.);
#9185=ADVANCED_FACE('PartBody',(#8429),#2249,.F.);
#9186=ADVANCED_FACE('PartBody',(#8430),#2250,.T.);
#9187=ADVANCED_FACE('PartBody',(#8431),#2251,.F.);
#9188=ADVANCED_FACE('PartBody',(#8432),#2252,.T.);
#9189=ADVANCED_FACE('PartBody',(#8433),#2253,.F.);
#9190=ADVANCED_FACE('PartBody',(#8434),#2254,.T.);
#9191=ADVANCED_FACE('',(#8435,#8436),#8707,.F.);
#9192=ADVANCED_FACE('',(#8437,#8438),#8708,.T.);
#9193=ADVANCED_FACE('',(#8439),#2255,.T.);
#9194=ADVANCED_FACE('',(#8440,#8441),#2256,.F.);
#9195=ADVANCED_FACE('',(#8442),#2257,.T.);
#9196=ADVANCED_FACE('',(#8443),#2258,.T.);
#9197=ADVANCED_FACE('',(#8444),#2259,.T.);
#9198=ADVANCED_FACE('',(#8445),#2260,.T.);
#9199=ADVANCED_FACE('',(#8446),#2261,.T.);
#9200=ADVANCED_FACE('',(#8447),#2262,.T.);
#9201=ADVANCED_FACE('',(#8448,#8449),#2263,.T.);
#9202=ADVANCED_FACE('',(#8450),#2264,.F.);
#9203=ADVANCED_FACE('PartBody',(#8451),#2265,.F.);
#9204=ADVANCED_FACE('PartBody',(#8452),#2266,.T.);
#9205=ADVANCED_FACE('PartBody',(#8453),#2267,.F.);
#9206=ADVANCED_FACE('PartBody',(#8454),#2268,.T.);
#9207=ADVANCED_FACE('PartBody',(#8455),#2269,.F.);
#9208=ADVANCED_FACE('PartBody',(#8456),#2270,.T.);
#9209=ADVANCED_FACE('PartBody',(#8457),#2271,.T.);
#9210=ADVANCED_FACE('PartBody',(#8458),#2272,.T.);
#9211=ADVANCED_FACE('PartBody',(#8459),#2273,.T.);
#9212=ADVANCED_FACE('PartBody',(#8460),#2274,.T.);
#9213=ADVANCED_FACE('PartBody',(#8461),#2275,.F.);
#9214=ADVANCED_FACE('PartBody',(#8462),#2276,.T.);
#9215=ADVANCED_FACE('PartBody',(#8463),#2277,.F.);
#9216=ADVANCED_FACE('PartBody',(#8464,#8465),#2278,.T.);
#9217=ADVANCED_FACE('PartBody',(#8466),#2279,.T.);
#9218=ADVANCED_FACE('PartBody',(#8467),#2280,.T.);
#9219=ADVANCED_FACE('PartBody',(#8468),#2281,.T.);
#9220=ADVANCED_FACE('PartBody',(#8469),#2282,.T.);
#9221=ADVANCED_FACE('PartBody',(#8470),#2283,.T.);
#9222=ADVANCED_FACE('PartBody',(#8471),#2284,.T.);
#9223=ADVANCED_FACE('PartBody',(#8472,#8473),#2285,.F.);
#9224=ADVANCED_FACE('PartBody',(#8474),#2286,.T.);
#9225=ADVANCED_FACE('PartBody',(#8475,#8476),#8709,.T.);
#9226=ADVANCED_FACE('PartBody',(#8477,#8478),#8710,.F.);
#9227=ADVANCED_FACE('PartBody',(#8479),#2287,.F.);
#9228=ADVANCED_FACE('PartBody',(#8480,#8481),#2288,.T.);
#9229=ADVANCED_FACE('PartBody',(#8482),#2289,.T.);
#9230=ADVANCED_FACE('PartBody',(#8483),#2290,.T.);
#9231=ADVANCED_FACE('PartBody',(#8484),#2291,.T.);
#9232=ADVANCED_FACE('PartBody',(#8485),#2292,.T.);
#9233=ADVANCED_FACE('PartBody',(#8486),#2293,.T.);
#9234=ADVANCED_FACE('PartBody',(#8487),#2294,.T.);
#9235=ADVANCED_FACE('PartBody',(#8488,#8489),#2295,.F.);
#9236=ADVANCED_FACE('PartBody',(#8490),#2296,.T.);
#9237=ADVANCED_FACE('PartBody',(#8491,#8492),#8711,.T.);
#9238=ADVANCED_FACE('PartBody',(#8493,#8494),#8712,.F.);
#9239=ADVANCED_FACE('',(#8495,#8496),#8713,.F.);
#9240=ADVANCED_FACE('',(#8497,#8498),#8714,.T.);
#9241=ADVANCED_FACE('',(#8499),#2297,.T.);
#9242=ADVANCED_FACE('',(#8500,#8501),#2298,.F.);
#9243=ADVANCED_FACE('',(#8502),#2299,.T.);
#9244=ADVANCED_FACE('',(#8503),#2300,.T.);
#9245=ADVANCED_FACE('',(#8504),#2301,.T.);
#9246=ADVANCED_FACE('',(#8505),#2302,.T.);
#9247=ADVANCED_FACE('',(#8506),#2303,.T.);
#9248=ADVANCED_FACE('',(#8507),#2304,.T.);
#9249=ADVANCED_FACE('',(#8508,#8509),#2305,.T.);
#9250=ADVANCED_FACE('',(#8510),#2306,.F.);
#9251=ADVANCED_FACE('PartBody',(#8511),#2307,.F.);
#9252=ADVANCED_FACE('PartBody',(#8512,#8513),#2308,.T.);
#9253=ADVANCED_FACE('PartBody',(#8514),#2309,.T.);
#9254=ADVANCED_FACE('PartBody',(#8515),#2310,.T.);
#9255=ADVANCED_FACE('PartBody',(#8516),#2311,.T.);
#9256=ADVANCED_FACE('PartBody',(#8517),#2312,.T.);
#9257=ADVANCED_FACE('PartBody',(#8518),#2313,.T.);
#9258=ADVANCED_FACE('PartBody',(#8519),#2314,.T.);
#9259=ADVANCED_FACE('PartBody',(#8520,#8521),#2315,.F.);
#9260=ADVANCED_FACE('PartBody',(#8522),#2316,.T.);
#9261=ADVANCED_FACE('PartBody',(#8523,#8524),#8715,.T.);
#9262=ADVANCED_FACE('PartBody',(#8525,#8526),#8716,.F.);
#9263=ADVANCED_FACE('PartBody',(#8527),#2317,.F.);
#9264=ADVANCED_FACE('PartBody',(#8528,#8529),#2318,.T.);
#9265=ADVANCED_FACE('PartBody',(#8530),#2319,.T.);
#9266=ADVANCED_FACE('PartBody',(#8531),#2320,.T.);
#9267=ADVANCED_FACE('PartBody',(#8532),#2321,.T.);
#9268=ADVANCED_FACE('PartBody',(#8533),#2322,.T.);
#9269=ADVANCED_FACE('PartBody',(#8534),#2323,.T.);
#9270=ADVANCED_FACE('PartBody',(#8535),#2324,.T.);
#9271=ADVANCED_FACE('PartBody',(#8536,#8537),#2325,.F.);
#9272=ADVANCED_FACE('PartBody',(#8538),#2326,.T.);
#9273=ADVANCED_FACE('PartBody',(#8539,#8540),#8717,.T.);
#9274=ADVANCED_FACE('PartBody',(#8541,#8542),#8718,.F.);
#9275=CLOSED_SHELL('',(#8719,#8720,#8721,#8722,#8723,#8724,#8725,#8726,
#8727,#8728,#8729,#8730));
#9276=CLOSED_SHELL('',(#8731,#8732,#8733,#8734,#8735,#8736,#8737,#8738,
#8739,#8740,#8741,#8742));
#9277=CLOSED_SHELL('',(#8743,#8744,#8745,#8746,#8747,#8748,#8749,#8750,
#8751,#8752,#8753,#8754));
#9278=CLOSED_SHELL('',(#8755,#8756,#8757,#8758,#8759,#8760,#8761,#8762,
#8763,#8764,#8765,#8766));
#9279=CLOSED_SHELL('',(#8767,#8768,#8769,#8770,#8771,#8772,#8773,#8774,
#8775,#8776,#8777,#8778,#8779,#8780,#8781,#8782,#8783,#8784,#8785,#8786,
#8787,#8788,#8789,#8790,#8791,#8792,#8793,#8794,#8795,#8796,#8797,#8798,
#8799,#8800,#8801,#8802,#8803,#8804));
#9280=CLOSED_SHELL('',(#8805,#8806,#8807,#8808,#8809,#8810));
#9281=CLOSED_SHELL('',(#8811,#8812,#8813,#8814,#8815,#8816));
#9282=CLOSED_SHELL('',(#8817,#8818,#8819,#8820,#8821,#8822,#8823,#8824,
#8825,#8826,#8827,#8828));
#9283=CLOSED_SHELL('',(#8829,#8830,#8831,#8832,#8833,#8834,#8835,#8836,
#8837,#8838,#8839,#8840,#8841,#8842,#8843,#8844,#8845,#8846,#8847,#8848,
#8849,#8850,#8851,#8852,#8853,#8854,#8855,#8856,#8857,#8858,#8859));
#9284=CLOSED_SHELL('',(#8860,#8861,#8862,#8863,#8864,#8865,#8866,#8867,
#8868,#8869,#8870,#8871));
#9285=CLOSED_SHELL('',(#8872,#8873,#8874,#8875,#8876,#8877,#8878,#8879,
#8880,#8881,#8882,#8883));
#9286=CLOSED_SHELL('',(#8884,#8885,#8886,#8887,#8888,#8889,#8890,#8891,
#8892,#8893,#8894,#8895));
#9287=CLOSED_SHELL('',(#8896,#8897,#8898,#8899,#8900,#8901));
#9288=CLOSED_SHELL('',(#8902,#8903,#8904,#8905,#8906,#8907));
#9289=CLOSED_SHELL('',(#8908,#8909,#8910,#8911,#8912,#8913,#8914,#8915,
#8916,#8917,#8918,#8919));
#9290=CLOSED_SHELL('',(#8920,#8921,#8922,#8923,#8924,#8925,#8926,#8927,
#8928,#8929,#8930,#8931));
#9291=CLOSED_SHELL('',(#8932,#8933,#8934,#8935,#8936,#8937,#8938,#8939,
#8940,#8941,#8942,#8943,#8944,#8945,#8946,#8947,#8948,#8949,#8950,#8951,
#8952,#8953,#8954,#8955,#8956,#8957,#8958,#8959,#8960,#8961,#8962,#8963,
#8964,#8965,#8966,#8967,#8968,#8969));
#9292=CLOSED_SHELL('',(#8970,#8971,#8972,#8973,#8974,#8975,#8976,#8977,
#8978,#8979,#8980,#8981));
#9293=CLOSED_SHELL('',(#8982,#8983,#8984,#8985,#8986,#8987,#8988,#8989,
#8990,#8991,#8992,#8993));
#9294=CLOSED_SHELL('',(#8994,#8995,#8996,#8997,#8998,#8999,#9000,#9001,
#9002,#9003,#9004,#9005));
#9295=CLOSED_SHELL('',(#9006,#9007,#9008,#9009,#9010,#9011,#9012,#9013,
#9014,#9015,#9016,#9017));
#9296=CLOSED_SHELL('',(#9018,#9019,#9020,#9021,#9022,#9023,#9024,#9025,
#9026,#9027,#9028,#9029,#9030,#9031,#9032,#9033,#9034,#9035,#9036,#9037,
#9038,#9039,#9040,#9041,#9042,#9043,#9044,#9045,#9046,#9047,#9048,#9049,
#9050,#9051,#9052,#9053,#9054,#9055));
#9297=CLOSED_SHELL('',(#9056,#9057,#9058,#9059,#9060,#9061));
#9298=CLOSED_SHELL('',(#9062,#9063,#9064,#9065,#9066,#9067,#9068,#9069,
#9070,#9071,#9072,#9073,#9074,#9075,#9076,#9077,#9078,#9079,#9080,#9081,
#9082,#9083,#9084,#9085,#9086,#9087,#9088,#9089,#9090,#9091,#9092));
#9299=CLOSED_SHELL('',(#9093,#9094,#9095,#9096,#9097,#9098,#9099,#9100,
#9101,#9102,#9103,#9104,#9105,#9106,#9107,#9108,#9109,#9110,#9111,#9112,
#9113,#9114,#9115,#9116,#9117,#9118,#9119,#9120,#9121,#9122,#9123,#9124,
#9125,#9126,#9127,#9128,#9129,#9130));
#9300=CLOSED_SHELL('',(#9131,#9132,#9133,#9134,#9135,#9136,#9137,#9138,
#9139,#9140,#9141,#9142));
#9301=CLOSED_SHELL('',(#9143,#9144,#9145,#9146,#9147,#9148,#9149,#9150,
#9151,#9152,#9153,#9154));
#9302=CLOSED_SHELL('',(#9155,#9156,#9157,#9158,#9159,#9160));
#9303=CLOSED_SHELL('',(#9161,#9162,#9163,#9164,#9165,#9166,#9167,#9168,
#9169,#9170,#9171,#9172));
#9304=CLOSED_SHELL('',(#9173,#9174,#9175,#9176,#9177,#9178,#9179,#9180,
#9181,#9182,#9183,#9184));
#9305=CLOSED_SHELL('',(#9185,#9186,#9187,#9188,#9189,#9190));
#9306=CLOSED_SHELL('',(#9191,#9192,#9193,#9194,#9195,#9196,#9197,#9198,
#9199,#9200,#9201,#9202));
#9307=CLOSED_SHELL('',(#9203,#9204,#9205,#9206,#9207,#9208));
#9308=CLOSED_SHELL('',(#9209,#9210,#9211,#9212,#9213,#9214));
#9309=CLOSED_SHELL('',(#9215,#9216,#9217,#9218,#9219,#9220,#9221,#9222,
#9223,#9224,#9225,#9226));
#9310=CLOSED_SHELL('',(#9227,#9228,#9229,#9230,#9231,#9232,#9233,#9234,
#9235,#9236,#9237,#9238));
#9311=CLOSED_SHELL('',(#9239,#9240,#9241,#9242,#9243,#9244,#9245,#9246,
#9247,#9248,#9249,#9250));
#9312=CLOSED_SHELL('',(#9251,#9252,#9253,#9254,#9255,#9256,#9257,#9258,
#9259,#9260,#9261,#9262));
#9313=CLOSED_SHELL('',(#9263,#9264,#9265,#9266,#9267,#9268,#9269,#9270,
#9271,#9272,#9273,#9274));
#9314=STYLED_ITEM('',(#9353),#9775);
#9315=STYLED_ITEM('',(#9354),#9776);
#9316=STYLED_ITEM('',(#9355),#9777);
#9317=STYLED_ITEM('',(#9356),#9778);
#9318=STYLED_ITEM('',(#9357),#9779);
#9319=STYLED_ITEM('',(#9358),#9780);
#9320=STYLED_ITEM('',(#9359),#9781);
#9321=STYLED_ITEM('',(#9360),#9782);
#9322=STYLED_ITEM('',(#9361),#9783);
#9323=STYLED_ITEM('',(#9393),#9784);
#9324=STYLED_ITEM('',(#9394),#9785);
#9325=STYLED_ITEM('',(#9395),#9786);
#9326=STYLED_ITEM('',(#9396),#9787);
#9327=STYLED_ITEM('',(#9397),#9788);
#9328=STYLED_ITEM('',(#9398),#9789);
#9329=STYLED_ITEM('',(#9399),#9790);
#9330=STYLED_ITEM('',(#9400),#9791);
#9331=STYLED_ITEM('',(#9401),#9792);
#9332=STYLED_ITEM('',(#9402),#9793);
#9333=STYLED_ITEM('',(#9403),#9794);
#9334=STYLED_ITEM('',(#9404),#9795);
#9335=STYLED_ITEM('',(#9405),#9796);
#9336=STYLED_ITEM('',(#9406),#9797);
#9337=STYLED_ITEM('',(#9407),#9798);
#9338=STYLED_ITEM('',(#9408),#9799);
#9339=STYLED_ITEM('',(#9409),#9800);
#9340=STYLED_ITEM('',(#9410),#9801);
#9341=STYLED_ITEM('',(#9411),#9802);
#9342=STYLED_ITEM('',(#9412),#9803);
#9343=STYLED_ITEM('',(#9413),#9804);
#9344=STYLED_ITEM('',(#9414),#9805);
#9345=STYLED_ITEM('',(#9415),#9806);
#9346=STYLED_ITEM('',(#9416),#9807);
#9347=STYLED_ITEM('',(#9417),#9808);
#9348=STYLED_ITEM('',(#9418),#9809);
#9349=STYLED_ITEM('',(#9419),#9810);
#9350=STYLED_ITEM('',(#9420),#9811);
#9351=STYLED_ITEM('',(#9421),#9812);
#9352=STYLED_ITEM('',(#9422),#9813);
#9353=PRESENTATION_STYLE_ASSIGNMENT((#9423));
#9354=PRESENTATION_STYLE_ASSIGNMENT((#9424));
#9355=PRESENTATION_STYLE_ASSIGNMENT((#9425));
#9356=PRESENTATION_STYLE_ASSIGNMENT((#9426));
#9357=PRESENTATION_STYLE_ASSIGNMENT((#9427));
#9358=PRESENTATION_STYLE_ASSIGNMENT((#9428));
#9359=PRESENTATION_STYLE_ASSIGNMENT((#9429));
#9360=PRESENTATION_STYLE_ASSIGNMENT((#9430));
#9361=PRESENTATION_STYLE_ASSIGNMENT((#9431));
#9362=PRESENTATION_STYLE_ASSIGNMENT((#9432));
#9363=PRESENTATION_STYLE_ASSIGNMENT((#9433));
#9364=PRESENTATION_STYLE_ASSIGNMENT((#9434));
#9365=PRESENTATION_STYLE_ASSIGNMENT((#9435));
#9366=PRESENTATION_STYLE_ASSIGNMENT((#9436));
#9367=PRESENTATION_STYLE_ASSIGNMENT((#9437));
#9368=PRESENTATION_STYLE_ASSIGNMENT((#9438));
#9369=PRESENTATION_STYLE_ASSIGNMENT((#9439));
#9370=PRESENTATION_STYLE_ASSIGNMENT((#9440));
#9371=PRESENTATION_STYLE_ASSIGNMENT((#9441));
#9372=PRESENTATION_STYLE_ASSIGNMENT((#9442));
#9373=PRESENTATION_STYLE_ASSIGNMENT((#9443));
#9374=PRESENTATION_STYLE_ASSIGNMENT((#9444));
#9375=PRESENTATION_STYLE_ASSIGNMENT((#9445));
#9376=PRESENTATION_STYLE_ASSIGNMENT((#9446));
#9377=PRESENTATION_STYLE_ASSIGNMENT((#9447));
#9378=PRESENTATION_STYLE_ASSIGNMENT((#9448));
#9379=PRESENTATION_STYLE_ASSIGNMENT((#9449));
#9380=PRESENTATION_STYLE_ASSIGNMENT((#9450));
#9381=PRESENTATION_STYLE_ASSIGNMENT((#9451));
#9382=PRESENTATION_STYLE_ASSIGNMENT((#9452));
#9383=PRESENTATION_STYLE_ASSIGNMENT((#9453));
#9384=PRESENTATION_STYLE_ASSIGNMENT((#9454));
#9385=PRESENTATION_STYLE_ASSIGNMENT((#9455));
#9386=PRESENTATION_STYLE_ASSIGNMENT((#9456));
#9387=PRESENTATION_STYLE_ASSIGNMENT((#9457));
#9388=PRESENTATION_STYLE_ASSIGNMENT((#9458));
#9389=PRESENTATION_STYLE_ASSIGNMENT((#9459));
#9390=PRESENTATION_STYLE_ASSIGNMENT((#9460));
#9391=PRESENTATION_STYLE_ASSIGNMENT((#9461));
#9392=PRESENTATION_STYLE_ASSIGNMENT((#9462));
#9393=PRESENTATION_STYLE_ASSIGNMENT((#9463));
#9394=PRESENTATION_STYLE_ASSIGNMENT((#9464));
#9395=PRESENTATION_STYLE_ASSIGNMENT((#9465));
#9396=PRESENTATION_STYLE_ASSIGNMENT((#9466));
#9397=PRESENTATION_STYLE_ASSIGNMENT((#9467));
#9398=PRESENTATION_STYLE_ASSIGNMENT((#9468));
#9399=PRESENTATION_STYLE_ASSIGNMENT((#9469));
#9400=PRESENTATION_STYLE_ASSIGNMENT((#9470));
#9401=PRESENTATION_STYLE_ASSIGNMENT((#9471));
#9402=PRESENTATION_STYLE_ASSIGNMENT((#9472));
#9403=PRESENTATION_STYLE_ASSIGNMENT((#9473));
#9404=PRESENTATION_STYLE_ASSIGNMENT((#9474));
#9405=PRESENTATION_STYLE_ASSIGNMENT((#9475));
#9406=PRESENTATION_STYLE_ASSIGNMENT((#9476));
#9407=PRESENTATION_STYLE_ASSIGNMENT((#9477));
#9408=PRESENTATION_STYLE_ASSIGNMENT((#9478));
#9409=PRESENTATION_STYLE_ASSIGNMENT((#9479));
#9410=PRESENTATION_STYLE_ASSIGNMENT((#9480));
#9411=PRESENTATION_STYLE_ASSIGNMENT((#9481));
#9412=PRESENTATION_STYLE_ASSIGNMENT((#9482));
#9413=PRESENTATION_STYLE_ASSIGNMENT((#9483));
#9414=PRESENTATION_STYLE_ASSIGNMENT((#9484));
#9415=PRESENTATION_STYLE_ASSIGNMENT((#9485));
#9416=PRESENTATION_STYLE_ASSIGNMENT((#9486));
#9417=PRESENTATION_STYLE_ASSIGNMENT((#9487));
#9418=PRESENTATION_STYLE_ASSIGNMENT((#9488));
#9419=PRESENTATION_STYLE_ASSIGNMENT((#9489));
#9420=PRESENTATION_STYLE_ASSIGNMENT((#9490));
#9421=PRESENTATION_STYLE_ASSIGNMENT((#9491));
#9422=PRESENTATION_STYLE_ASSIGNMENT((#9492));
#9423=SURFACE_STYLE_USAGE(.BOTH.,#9493);
#9424=SURFACE_STYLE_USAGE(.BOTH.,#9494);
#9425=SURFACE_STYLE_USAGE(.BOTH.,#9495);
#9426=SURFACE_STYLE_USAGE(.BOTH.,#9496);
#9427=SURFACE_STYLE_USAGE(.BOTH.,#9497);
#9428=SURFACE_STYLE_USAGE(.BOTH.,#9498);
#9429=SURFACE_STYLE_USAGE(.BOTH.,#9499);
#9430=SURFACE_STYLE_USAGE(.BOTH.,#9500);
#9431=SURFACE_STYLE_USAGE(.BOTH.,#9501);
#9432=SURFACE_STYLE_USAGE(.BOTH.,#9502);
#9433=SURFACE_STYLE_USAGE(.BOTH.,#9503);
#9434=SURFACE_STYLE_USAGE(.BOTH.,#9504);
#9435=SURFACE_STYLE_USAGE(.BOTH.,#9505);
#9436=SURFACE_STYLE_USAGE(.BOTH.,#9506);
#9437=SURFACE_STYLE_USAGE(.BOTH.,#9507);
#9438=SURFACE_STYLE_USAGE(.BOTH.,#9508);
#9439=SURFACE_STYLE_USAGE(.BOTH.,#9509);
#9440=SURFACE_STYLE_USAGE(.BOTH.,#9510);
#9441=SURFACE_STYLE_USAGE(.BOTH.,#9511);
#9442=SURFACE_STYLE_USAGE(.BOTH.,#9512);
#9443=SURFACE_STYLE_USAGE(.BOTH.,#9513);
#9444=SURFACE_STYLE_USAGE(.BOTH.,#9514);
#9445=SURFACE_STYLE_USAGE(.BOTH.,#9515);
#9446=SURFACE_STYLE_USAGE(.BOTH.,#9516);
#9447=SURFACE_STYLE_USAGE(.BOTH.,#9517);
#9448=SURFACE_STYLE_USAGE(.BOTH.,#9518);
#9449=SURFACE_STYLE_USAGE(.BOTH.,#9519);
#9450=SURFACE_STYLE_USAGE(.BOTH.,#9520);
#9451=SURFACE_STYLE_USAGE(.BOTH.,#9521);
#9452=SURFACE_STYLE_USAGE(.BOTH.,#9522);
#9453=SURFACE_STYLE_USAGE(.BOTH.,#9523);
#9454=SURFACE_STYLE_USAGE(.BOTH.,#9524);
#9455=SURFACE_STYLE_USAGE(.BOTH.,#9525);
#9456=SURFACE_STYLE_USAGE(.BOTH.,#9526);
#9457=SURFACE_STYLE_USAGE(.BOTH.,#9527);
#9458=SURFACE_STYLE_USAGE(.BOTH.,#9528);
#9459=SURFACE_STYLE_USAGE(.BOTH.,#9529);
#9460=SURFACE_STYLE_USAGE(.BOTH.,#9530);
#9461=SURFACE_STYLE_USAGE(.BOTH.,#9531);
#9462=SURFACE_STYLE_USAGE(.BOTH.,#9532);
#9463=SURFACE_STYLE_USAGE(.BOTH.,#9533);
#9464=SURFACE_STYLE_USAGE(.BOTH.,#9534);
#9465=SURFACE_STYLE_USAGE(.BOTH.,#9535);
#9466=SURFACE_STYLE_USAGE(.BOTH.,#9536);
#9467=SURFACE_STYLE_USAGE(.BOTH.,#9537);
#9468=SURFACE_STYLE_USAGE(.BOTH.,#9538);
#9469=SURFACE_STYLE_USAGE(.BOTH.,#9539);
#9470=SURFACE_STYLE_USAGE(.BOTH.,#9540);
#9471=SURFACE_STYLE_USAGE(.BOTH.,#9541);
#9472=SURFACE_STYLE_USAGE(.BOTH.,#9542);
#9473=SURFACE_STYLE_USAGE(.BOTH.,#9543);
#9474=SURFACE_STYLE_USAGE(.BOTH.,#9544);
#9475=SURFACE_STYLE_USAGE(.BOTH.,#9545);
#9476=SURFACE_STYLE_USAGE(.BOTH.,#9546);
#9477=SURFACE_STYLE_USAGE(.BOTH.,#9547);
#9478=SURFACE_STYLE_USAGE(.BOTH.,#9548);
#9479=SURFACE_STYLE_USAGE(.BOTH.,#9549);
#9480=SURFACE_STYLE_USAGE(.BOTH.,#9550);
#9481=SURFACE_STYLE_USAGE(.BOTH.,#9551);
#9482=SURFACE_STYLE_USAGE(.BOTH.,#9552);
#9483=SURFACE_STYLE_USAGE(.BOTH.,#9553);
#9484=SURFACE_STYLE_USAGE(.BOTH.,#9554);
#9485=SURFACE_STYLE_USAGE(.BOTH.,#9555);
#9486=SURFACE_STYLE_USAGE(.BOTH.,#9556);
#9487=SURFACE_STYLE_USAGE(.BOTH.,#9557);
#9488=SURFACE_STYLE_USAGE(.BOTH.,#9558);
#9489=SURFACE_STYLE_USAGE(.BOTH.,#9559);
#9490=SURFACE_STYLE_USAGE(.BOTH.,#9560);
#9491=SURFACE_STYLE_USAGE(.BOTH.,#9561);
#9492=SURFACE_STYLE_USAGE(.BOTH.,#9562);
#9493=SURFACE_SIDE_STYLE('',(#9563));
#9494=SURFACE_SIDE_STYLE('',(#9564));
#9495=SURFACE_SIDE_STYLE('',(#9565));
#9496=SURFACE_SIDE_STYLE('',(#9566));
#9497=SURFACE_SIDE_STYLE('',(#9567));
#9498=SURFACE_SIDE_STYLE('',(#9568));
#9499=SURFACE_SIDE_STYLE('',(#9569));
#9500=SURFACE_SIDE_STYLE('',(#9570));
#9501=SURFACE_SIDE_STYLE('',(#9571));
#9502=SURFACE_SIDE_STYLE('',(#9572));
#9503=SURFACE_SIDE_STYLE('',(#9573));
#9504=SURFACE_SIDE_STYLE('',(#9574));
#9505=SURFACE_SIDE_STYLE('',(#9575));
#9506=SURFACE_SIDE_STYLE('',(#9576));
#9507=SURFACE_SIDE_STYLE('',(#9577));
#9508=SURFACE_SIDE_STYLE('',(#9578));
#9509=SURFACE_SIDE_STYLE('',(#9579));
#9510=SURFACE_SIDE_STYLE('',(#9580));
#9511=SURFACE_SIDE_STYLE('',(#9581));
#9512=SURFACE_SIDE_STYLE('',(#9582));
#9513=SURFACE_SIDE_STYLE('',(#9583));
#9514=SURFACE_SIDE_STYLE('',(#9584));
#9515=SURFACE_SIDE_STYLE('',(#9585));
#9516=SURFACE_SIDE_STYLE('',(#9586));
#9517=SURFACE_SIDE_STYLE('',(#9587));
#9518=SURFACE_SIDE_STYLE('',(#9588));
#9519=SURFACE_SIDE_STYLE('',(#9589));
#9520=SURFACE_SIDE_STYLE('',(#9590));
#9521=SURFACE_SIDE_STYLE('',(#9591));
#9522=SURFACE_SIDE_STYLE('',(#9592));
#9523=SURFACE_SIDE_STYLE('',(#9593));
#9524=SURFACE_SIDE_STYLE('',(#9594));
#9525=SURFACE_SIDE_STYLE('',(#9595));
#9526=SURFACE_SIDE_STYLE('',(#9596));
#9527=SURFACE_SIDE_STYLE('',(#9597));
#9528=SURFACE_SIDE_STYLE('',(#9598));
#9529=SURFACE_SIDE_STYLE('',(#9599));
#9530=SURFACE_SIDE_STYLE('',(#9600));
#9531=SURFACE_SIDE_STYLE('',(#9601));
#9532=SURFACE_SIDE_STYLE('',(#9602));
#9533=SURFACE_SIDE_STYLE('',(#9603));
#9534=SURFACE_SIDE_STYLE('',(#9604));
#9535=SURFACE_SIDE_STYLE('',(#9605));
#9536=SURFACE_SIDE_STYLE('',(#9606));
#9537=SURFACE_SIDE_STYLE('',(#9607));
#9538=SURFACE_SIDE_STYLE('',(#9608));
#9539=SURFACE_SIDE_STYLE('',(#9609));
#9540=SURFACE_SIDE_STYLE('',(#9610));
#9541=SURFACE_SIDE_STYLE('',(#9611));
#9542=SURFACE_SIDE_STYLE('',(#9612));
#9543=SURFACE_SIDE_STYLE('',(#9613));
#9544=SURFACE_SIDE_STYLE('',(#9614));
#9545=SURFACE_SIDE_STYLE('',(#9615));
#9546=SURFACE_SIDE_STYLE('',(#9616));
#9547=SURFACE_SIDE_STYLE('',(#9617));
#9548=SURFACE_SIDE_STYLE('',(#9618));
#9549=SURFACE_SIDE_STYLE('',(#9619));
#9550=SURFACE_SIDE_STYLE('',(#9620));
#9551=SURFACE_SIDE_STYLE('',(#9621));
#9552=SURFACE_SIDE_STYLE('',(#9622));
#9553=SURFACE_SIDE_STYLE('',(#9623));
#9554=SURFACE_SIDE_STYLE('',(#9624));
#9555=SURFACE_SIDE_STYLE('',(#9625));
#9556=SURFACE_SIDE_STYLE('',(#9626));
#9557=SURFACE_SIDE_STYLE('',(#9627));
#9558=SURFACE_SIDE_STYLE('',(#9628));
#9559=SURFACE_SIDE_STYLE('',(#9629));
#9560=SURFACE_SIDE_STYLE('',(#9630));
#9561=SURFACE_SIDE_STYLE('',(#9631));
#9562=SURFACE_SIDE_STYLE('',(#9632));
#9563=SURFACE_STYLE_FILL_AREA(#9633);
#9564=SURFACE_STYLE_FILL_AREA(#9634);
#9565=SURFACE_STYLE_FILL_AREA(#9635);
#9566=SURFACE_STYLE_FILL_AREA(#9636);
#9567=SURFACE_STYLE_FILL_AREA(#9637);
#9568=SURFACE_STYLE_FILL_AREA(#9638);
#9569=SURFACE_STYLE_FILL_AREA(#9639);
#9570=SURFACE_STYLE_FILL_AREA(#9640);
#9571=SURFACE_STYLE_FILL_AREA(#9641);
#9572=SURFACE_STYLE_FILL_AREA(#9642);
#9573=SURFACE_STYLE_FILL_AREA(#9643);
#9574=SURFACE_STYLE_FILL_AREA(#9644);
#9575=SURFACE_STYLE_FILL_AREA(#9645);
#9576=SURFACE_STYLE_FILL_AREA(#9646);
#9577=SURFACE_STYLE_FILL_AREA(#9647);
#9578=SURFACE_STYLE_FILL_AREA(#9648);
#9579=SURFACE_STYLE_FILL_AREA(#9649);
#9580=SURFACE_STYLE_FILL_AREA(#9650);
#9581=SURFACE_STYLE_FILL_AREA(#9651);
#9582=SURFACE_STYLE_FILL_AREA(#9652);
#9583=SURFACE_STYLE_FILL_AREA(#9653);
#9584=SURFACE_STYLE_FILL_AREA(#9654);
#9585=SURFACE_STYLE_FILL_AREA(#9655);
#9586=SURFACE_STYLE_FILL_AREA(#9656);
#9587=SURFACE_STYLE_FILL_AREA(#9657);
#9588=SURFACE_STYLE_FILL_AREA(#9658);
#9589=SURFACE_STYLE_FILL_AREA(#9659);
#9590=SURFACE_STYLE_FILL_AREA(#9660);
#9591=SURFACE_STYLE_FILL_AREA(#9661);
#9592=SURFACE_STYLE_FILL_AREA(#9662);
#9593=SURFACE_STYLE_FILL_AREA(#9663);
#9594=SURFACE_STYLE_FILL_AREA(#9664);
#9595=SURFACE_STYLE_FILL_AREA(#9665);
#9596=SURFACE_STYLE_FILL_AREA(#9666);
#9597=SURFACE_STYLE_FILL_AREA(#9667);
#9598=SURFACE_STYLE_FILL_AREA(#9668);
#9599=SURFACE_STYLE_FILL_AREA(#9669);
#9600=SURFACE_STYLE_FILL_AREA(#9670);
#9601=SURFACE_STYLE_FILL_AREA(#9671);
#9602=SURFACE_STYLE_FILL_AREA(#9672);
#9603=SURFACE_STYLE_FILL_AREA(#9673);
#9604=SURFACE_STYLE_FILL_AREA(#9674);
#9605=SURFACE_STYLE_FILL_AREA(#9675);
#9606=SURFACE_STYLE_FILL_AREA(#9676);
#9607=SURFACE_STYLE_FILL_AREA(#9677);
#9608=SURFACE_STYLE_FILL_AREA(#9678);
#9609=SURFACE_STYLE_FILL_AREA(#9679);
#9610=SURFACE_STYLE_FILL_AREA(#9680);
#9611=SURFACE_STYLE_FILL_AREA(#9681);
#9612=SURFACE_STYLE_FILL_AREA(#9682);
#9613=SURFACE_STYLE_FILL_AREA(#9683);
#9614=SURFACE_STYLE_FILL_AREA(#9684);
#9615=SURFACE_STYLE_FILL_AREA(#9685);
#9616=SURFACE_STYLE_FILL_AREA(#9686);
#9617=SURFACE_STYLE_FILL_AREA(#9687);
#9618=SURFACE_STYLE_FILL_AREA(#9688);
#9619=SURFACE_STYLE_FILL_AREA(#9689);
#9620=SURFACE_STYLE_FILL_AREA(#9690);
#9621=SURFACE_STYLE_FILL_AREA(#9691);
#9622=SURFACE_STYLE_FILL_AREA(#9692);
#9623=SURFACE_STYLE_FILL_AREA(#9693);
#9624=SURFACE_STYLE_FILL_AREA(#9694);
#9625=SURFACE_STYLE_FILL_AREA(#9695);
#9626=SURFACE_STYLE_FILL_AREA(#9696);
#9627=SURFACE_STYLE_FILL_AREA(#9697);
#9628=SURFACE_STYLE_FILL_AREA(#9698);
#9629=SURFACE_STYLE_FILL_AREA(#9699);
#9630=SURFACE_STYLE_FILL_AREA(#9700);
#9631=SURFACE_STYLE_FILL_AREA(#9701);
#9632=SURFACE_STYLE_FILL_AREA(#9702);
#9633=FILL_AREA_STYLE('',(#9703));
#9634=FILL_AREA_STYLE('',(#9704));
#9635=FILL_AREA_STYLE('',(#9705));
#9636=FILL_AREA_STYLE('',(#9706));
#9637=FILL_AREA_STYLE('',(#9707));
#9638=FILL_AREA_STYLE('',(#9708));
#9639=FILL_AREA_STYLE('',(#9709));
#9640=FILL_AREA_STYLE('',(#9710));
#9641=FILL_AREA_STYLE('',(#9711));
#9642=FILL_AREA_STYLE('',(#9712));
#9643=FILL_AREA_STYLE('',(#9713));
#9644=FILL_AREA_STYLE('',(#9714));
#9645=FILL_AREA_STYLE('',(#9715));
#9646=FILL_AREA_STYLE('',(#9716));
#9647=FILL_AREA_STYLE('',(#9717));
#9648=FILL_AREA_STYLE('',(#9718));
#9649=FILL_AREA_STYLE('',(#9719));
#9650=FILL_AREA_STYLE('',(#9720));
#9651=FILL_AREA_STYLE('',(#9721));
#9652=FILL_AREA_STYLE('',(#9722));
#9653=FILL_AREA_STYLE('',(#9723));
#9654=FILL_AREA_STYLE('',(#9724));
#9655=FILL_AREA_STYLE('',(#9725));
#9656=FILL_AREA_STYLE('',(#9726));
#9657=FILL_AREA_STYLE('',(#9727));
#9658=FILL_AREA_STYLE('',(#9728));
#9659=FILL_AREA_STYLE('',(#9729));
#9660=FILL_AREA_STYLE('',(#9730));
#9661=FILL_AREA_STYLE('',(#9731));
#9662=FILL_AREA_STYLE('',(#9732));
#9663=FILL_AREA_STYLE('',(#9733));
#9664=FILL_AREA_STYLE('',(#9734));
#9665=FILL_AREA_STYLE('',(#9735));
#9666=FILL_AREA_STYLE('',(#9736));
#9667=FILL_AREA_STYLE('',(#9737));
#9668=FILL_AREA_STYLE('',(#9738));
#9669=FILL_AREA_STYLE('',(#9739));
#9670=FILL_AREA_STYLE('',(#9740));
#9671=FILL_AREA_STYLE('',(#9741));
#9672=FILL_AREA_STYLE('',(#9742));
#9673=FILL_AREA_STYLE('',(#9743));
#9674=FILL_AREA_STYLE('',(#9744));
#9675=FILL_AREA_STYLE('',(#9745));
#9676=FILL_AREA_STYLE('',(#9746));
#9677=FILL_AREA_STYLE('',(#9747));
#9678=FILL_AREA_STYLE('',(#9748));
#9679=FILL_AREA_STYLE('',(#9749));
#9680=FILL_AREA_STYLE('',(#9750));
#9681=FILL_AREA_STYLE('',(#9751));
#9682=FILL_AREA_STYLE('',(#9752));
#9683=FILL_AREA_STYLE('',(#9753));
#9684=FILL_AREA_STYLE('',(#9754));
#9685=FILL_AREA_STYLE('',(#9755));
#9686=FILL_AREA_STYLE('',(#9756));
#9687=FILL_AREA_STYLE('',(#9757));
#9688=FILL_AREA_STYLE('',(#9758));
#9689=FILL_AREA_STYLE('',(#9759));
#9690=FILL_AREA_STYLE('',(#9760));
#9691=FILL_AREA_STYLE('',(#9761));
#9692=FILL_AREA_STYLE('',(#9762));
#9693=FILL_AREA_STYLE('',(#9763));
#9694=FILL_AREA_STYLE('',(#9764));
#9695=FILL_AREA_STYLE('',(#9765));
#9696=FILL_AREA_STYLE('',(#9766));
#9697=FILL_AREA_STYLE('',(#9767));
#9698=FILL_AREA_STYLE('',(#9768));
#9699=FILL_AREA_STYLE('',(#9769));
#9700=FILL_AREA_STYLE('',(#9770));
#9701=FILL_AREA_STYLE('',(#9771));
#9702=FILL_AREA_STYLE('',(#9772));
#9703=FILL_AREA_STYLE_COLOUR('',#9773);
#9704=FILL_AREA_STYLE_COLOUR('',#9773);
#9705=FILL_AREA_STYLE_COLOUR('',#9773);
#9706=FILL_AREA_STYLE_COLOUR('',#9773);
#9707=FILL_AREA_STYLE_COLOUR('',#9773);
#9708=FILL_AREA_STYLE_COLOUR('',#9773);
#9709=FILL_AREA_STYLE_COLOUR('',#9773);
#9710=FILL_AREA_STYLE_COLOUR('',#9773);
#9711=FILL_AREA_STYLE_COLOUR('',#9773);
#9712=FILL_AREA_STYLE_COLOUR('',#9774);
#9713=FILL_AREA_STYLE_COLOUR('',#9774);
#9714=FILL_AREA_STYLE_COLOUR('',#9774);
#9715=FILL_AREA_STYLE_COLOUR('',#9774);
#9716=FILL_AREA_STYLE_COLOUR('',#9774);
#9717=FILL_AREA_STYLE_COLOUR('',#9774);
#9718=FILL_AREA_STYLE_COLOUR('',#9774);
#9719=FILL_AREA_STYLE_COLOUR('',#9774);
#9720=FILL_AREA_STYLE_COLOUR('',#9774);
#9721=FILL_AREA_STYLE_COLOUR('',#9774);
#9722=FILL_AREA_STYLE_COLOUR('',#9774);
#9723=FILL_AREA_STYLE_COLOUR('',#9774);
#9724=FILL_AREA_STYLE_COLOUR('',#9774);
#9725=FILL_AREA_STYLE_COLOUR('',#9774);
#9726=FILL_AREA_STYLE_COLOUR('',#9774);
#9727=FILL_AREA_STYLE_COLOUR('',#9774);
#9728=FILL_AREA_STYLE_COLOUR('',#9774);
#9729=FILL_AREA_STYLE_COLOUR('',#9774);
#9730=FILL_AREA_STYLE_COLOUR('',#9774);
#9731=FILL_AREA_STYLE_COLOUR('',#9774);
#9732=FILL_AREA_STYLE_COLOUR('',#9774);
#9733=FILL_AREA_STYLE_COLOUR('',#9774);
#9734=FILL_AREA_STYLE_COLOUR('',#9774);
#9735=FILL_AREA_STYLE_COLOUR('',#9774);
#9736=FILL_AREA_STYLE_COLOUR('',#9774);
#9737=FILL_AREA_STYLE_COLOUR('',#9774);
#9738=FILL_AREA_STYLE_COLOUR('',#9774);
#9739=FILL_AREA_STYLE_COLOUR('',#9774);
#9740=FILL_AREA_STYLE_COLOUR('',#9774);
#9741=FILL_AREA_STYLE_COLOUR('',#9774);
#9742=FILL_AREA_STYLE_COLOUR('',#9774);
#9743=FILL_AREA_STYLE_COLOUR('',#9773);
#9744=FILL_AREA_STYLE_COLOUR('',#9773);
#9745=FILL_AREA_STYLE_COLOUR('',#9773);
#9746=FILL_AREA_STYLE_COLOUR('',#9773);
#9747=FILL_AREA_STYLE_COLOUR('',#9773);
#9748=FILL_AREA_STYLE_COLOUR('',#9773);
#9749=FILL_AREA_STYLE_COLOUR('',#9773);
#9750=FILL_AREA_STYLE_COLOUR('',#9773);
#9751=FILL_AREA_STYLE_COLOUR('',#9773);
#9752=FILL_AREA_STYLE_COLOUR('',#9773);
#9753=FILL_AREA_STYLE_COLOUR('',#9773);
#9754=FILL_AREA_STYLE_COLOUR('',#9773);
#9755=FILL_AREA_STYLE_COLOUR('',#9773);
#9756=FILL_AREA_STYLE_COLOUR('',#9773);
#9757=FILL_AREA_STYLE_COLOUR('',#9774);
#9758=FILL_AREA_STYLE_COLOUR('',#9773);
#9759=FILL_AREA_STYLE_COLOUR('',#9773);
#9760=FILL_AREA_STYLE_COLOUR('',#9773);
#9761=FILL_AREA_STYLE_COLOUR('',#9773);
#9762=FILL_AREA_STYLE_COLOUR('',#9773);
#9763=FILL_AREA_STYLE_COLOUR('',#9773);
#9764=FILL_AREA_STYLE_COLOUR('',#9773);
#9765=FILL_AREA_STYLE_COLOUR('',#9773);
#9766=FILL_AREA_STYLE_COLOUR('',#9773);
#9767=FILL_AREA_STYLE_COLOUR('',#9773);
#9768=FILL_AREA_STYLE_COLOUR('',#9773);
#9769=FILL_AREA_STYLE_COLOUR('',#9773);
#9770=FILL_AREA_STYLE_COLOUR('',#9773);
#9771=FILL_AREA_STYLE_COLOUR('',#9773);
#9772=FILL_AREA_STYLE_COLOUR('',#9773);
#9773=COLOUR_RGB('',0.823529411764706,0.823529411764706,1.);
#9774=COLOUR_RGB('',0.615686274509804,0.811764705882353,0.929411764705882);
#9775=MANIFOLD_SOLID_BREP('1730_4',#9275);
#9776=MANIFOLD_SOLID_BREP('1730_2',#9276);
#9777=MANIFOLD_SOLID_BREP('1730_5',#9277);
#9778=MANIFOLD_SOLID_BREP('pilares pionsat__PartBody_13',#9278);
#9779=MANIFOLD_SOLID_BREP('Part1__PartBody_2',#9279);
#9780=MANIFOLD_SOLID_BREP('barramento__PartBody.2_2',#9280);
#9781=MANIFOLD_SOLID_BREP('barramento__PartBody.1_2',#9281);
#9782=MANIFOLD_SOLID_BREP('pilares pionsat__PartBody_4',#9282);
#9783=MANIFOLD_SOLID_BREP('Part 1',#9283);
#9784=MANIFOLD_SOLID_BREP('pilares pionsat__PartBody_6',#9284);
#9785=MANIFOLD_SOLID_BREP('1730_6',#9285);
#9786=MANIFOLD_SOLID_BREP('pilares pionsat__PartBody_7',#9286);
#9787=MANIFOLD_SOLID_BREP('barramento__PartBody.1',#9287);
#9788=MANIFOLD_SOLID_BREP('bateria',#9288);
#9789=MANIFOLD_SOLID_BREP('pilares pionsat__PartBody_11',#9289);
#9790=MANIFOLD_SOLID_BREP('1730_1',#9290);
#9791=MANIFOLD_SOLID_BREP('Part1__PartBody',#9291);
#9792=MANIFOLD_SOLID_BREP('pilares pionsat__PartBody',#9292);
#9793=MANIFOLD_SOLID_BREP('1730_3',#9293);
#9794=MANIFOLD_SOLID_BREP('pilares pionsat__PartBody_8',#9294);
#9795=MANIFOLD_SOLID_BREP('pilares pionsat__PartBody_9',#9295);
#9796=MANIFOLD_SOLID_BREP('Part1__PartBody_1',#9296);
#9797=MANIFOLD_SOLID_BREP('barramento__PartBody.2',#9297);
#9798=MANIFOLD_SOLID_BREP('Part 1',#9298);
#9799=MANIFOLD_SOLID_BREP('Part1__PartBody_3',#9299);
#9800=MANIFOLD_SOLID_BREP('pilares pionsat__PartBody_12',#9300);
#9801=MANIFOLD_SOLID_BREP('pilares pionsat__PartBody_15',#9301);
#9802=MANIFOLD_SOLID_BREP('barramento__PartBody.1_3',#9302);
#9803=MANIFOLD_SOLID_BREP('pilares pionsat__PartBody_10',#9303);
#9804=MANIFOLD_SOLID_BREP('pilares pionsat__PartBody_5',#9304);
#9805=MANIFOLD_SOLID_BREP('barramento__PartBody.2_1',#9305);
#9806=MANIFOLD_SOLID_BREP('1730',#9306);
#9807=MANIFOLD_SOLID_BREP('barramento__PartBody.2_3',#9307);
#9808=MANIFOLD_SOLID_BREP('barramento__PartBody.1_1',#9308);
#9809=MANIFOLD_SOLID_BREP('pilares pionsat__PartBody_1',#9309);
#9810=MANIFOLD_SOLID_BREP('pilares pionsat__PartBody_3',#9310);
#9811=MANIFOLD_SOLID_BREP('1730_7',#9311);
#9812=MANIFOLD_SOLID_BREP('pilares pionsat__PartBody_2',#9312);
#9813=MANIFOLD_SOLID_BREP('pilares pionsat__PartBody_14',#9313);
#9814=SHAPE_DEFINITION_REPRESENTATION(#16282,#9854);
#9815=SHAPE_DEFINITION_REPRESENTATION(#16283,#9855);
#9816=SHAPE_DEFINITION_REPRESENTATION(#16285,#9856);
#9817=SHAPE_DEFINITION_REPRESENTATION(#16287,#9857);
#9818=SHAPE_DEFINITION_REPRESENTATION(#16290,#9858);
#9819=SHAPE_DEFINITION_REPRESENTATION(#16292,#9859);
#9820=SHAPE_DEFINITION_REPRESENTATION(#16294,#9860);
#9821=SHAPE_DEFINITION_REPRESENTATION(#16296,#9861);
#9822=SHAPE_DEFINITION_REPRESENTATION(#16298,#9862);
#9823=SHAPE_DEFINITION_REPRESENTATION(#16300,#9863);
#9824=SHAPE_DEFINITION_REPRESENTATION(#16303,#9864);
#9825=SHAPE_DEFINITION_REPRESENTATION(#16305,#9865);
#9826=SHAPE_DEFINITION_REPRESENTATION(#16307,#9866);
#9827=SHAPE_DEFINITION_REPRESENTATION(#16309,#9867);
#9828=SHAPE_DEFINITION_REPRESENTATION(#16311,#9868);
#9829=SHAPE_DEFINITION_REPRESENTATION(#16313,#9869);
#9830=SHAPE_DEFINITION_REPRESENTATION(#16315,#9870);
#9831=SHAPE_DEFINITION_REPRESENTATION(#16317,#9871);
#9832=SHAPE_DEFINITION_REPRESENTATION(#16319,#9872);
#9833=SHAPE_DEFINITION_REPRESENTATION(#16321,#9873);
#9834=SHAPE_DEFINITION_REPRESENTATION(#16323,#9874);
#9835=SHAPE_DEFINITION_REPRESENTATION(#16325,#9875);
#9836=SHAPE_DEFINITION_REPRESENTATION(#16327,#9876);
#9837=SHAPE_DEFINITION_REPRESENTATION(#16330,#9877);
#9838=SHAPE_DEFINITION_REPRESENTATION(#16332,#9878);
#9839=SHAPE_DEFINITION_REPRESENTATION(#16334,#9879);
#9840=SHAPE_DEFINITION_REPRESENTATION(#16336,#9880);
#9841=SHAPE_DEFINITION_REPRESENTATION(#16338,#9881);
#9842=SHAPE_DEFINITION_REPRESENTATION(#16340,#9882);
#9843=SHAPE_DEFINITION_REPRESENTATION(#16342,#9883);
#9844=SHAPE_DEFINITION_REPRESENTATION(#16344,#9884);
#9845=SHAPE_DEFINITION_REPRESENTATION(#16347,#9885);
#9846=SHAPE_DEFINITION_REPRESENTATION(#16349,#9886);
#9847=SHAPE_DEFINITION_REPRESENTATION(#16351,#9887);
#9848=SHAPE_DEFINITION_REPRESENTATION(#16353,#9888);
#9849=SHAPE_DEFINITION_REPRESENTATION(#16355,#9889);
#9850=SHAPE_DEFINITION_REPRESENTATION(#16357,#9890);
#9851=SHAPE_DEFINITION_REPRESENTATION(#16359,#9891);
#9852=SHAPE_DEFINITION_REPRESENTATION(#16361,#9892);
#9853=SHAPE_DEFINITION_REPRESENTATION(#16363,#9893);
#9854=SHAPE_REPRESENTATION('Sat sem chassi',(#9894,#9911,#9928,#9945,#9946,
#9963,#10050,#10057,#10064,#10081,#10145,#10146,#10163,#10180,#10197,#10204,
#10211,#10228,#10245,#10332,#10349,#10366,#10383,#10400,#10487,#10488,#10495,
#10559,#10646,#10663,#10680,#10687,#10704,#10721,#10722,#10729,#10746,#10753,
#10760,#10777,#10794,#10811,#10828,#10845),#16199);
#9855=SHAPE_REPRESENTATION('1730_4',(#9894),#16200);
#9856=SHAPE_REPRESENTATION('1730_2',(#9894),#16201);
#9857=SHAPE_REPRESENTATION('1730_5',(#9894),#16202);
#9858=SHAPE_REPRESENTATION('pilares pionsat__PartBody_13',(#9894),#16203);
#9859=SHAPE_REPRESENTATION('Part1__PartBody_2',(#9894),#16204);
#9860=SHAPE_REPRESENTATION('barramento__PartBody.2_2',(#9894),#16205);
#9861=SHAPE_REPRESENTATION('barramento__PartBody.1_2',(#9894),#16206);
#9862=SHAPE_REPRESENTATION('pilares pionsat__PartBody_4',(#9894),#16207);
#9863=SHAPE_REPRESENTATION('Part 1',(#9894),#16208);
#9864=SHAPE_REPRESENTATION('pilares pionsat__PartBody_6',(#9894),#16209);
#9865=SHAPE_REPRESENTATION('1730_6',(#9894),#16210);
#9866=SHAPE_REPRESENTATION('pilares pionsat__PartBody_7',(#9894),#16211);
#9867=SHAPE_REPRESENTATION('barramento__PartBody.1',(#9894),#16212);
#9868=SHAPE_REPRESENTATION('bateria',(#9894),#16213);
#9869=SHAPE_REPRESENTATION('pilares pionsat__PartBody_11',(#9894),#16214);
#9870=SHAPE_REPRESENTATION('1730_1',(#9894),#16215);
#9871=SHAPE_REPRESENTATION('Part1__PartBody',(#9894),#16216);
#9872=SHAPE_REPRESENTATION('pilares pionsat__PartBody',(#9894),#16217);
#9873=SHAPE_REPRESENTATION('1730_3',(#9894),#16218);
#9874=SHAPE_REPRESENTATION('pilares pionsat__PartBody_8',(#9894),#16219);
#9875=SHAPE_REPRESENTATION('pilares pionsat__PartBody_9',(#9894),#16220);
#9876=SHAPE_REPRESENTATION('Part1__PartBody_1',(#9894),#16221);
#9877=SHAPE_REPRESENTATION('barramento__PartBody.2',(#9894),#16222);
#9878=SHAPE_REPRESENTATION('Part 1',(#9894),#16223);
#9879=SHAPE_REPRESENTATION('Part1__PartBody_3',(#9894),#16224);
#9880=SHAPE_REPRESENTATION('pilares pionsat__PartBody_12',(#9894),#16225);
#9881=SHAPE_REPRESENTATION('pilares pionsat__PartBody_15',(#9894),#16226);
#9882=SHAPE_REPRESENTATION('barramento__PartBody.1_3',(#9894),#16227);
#9883=SHAPE_REPRESENTATION('pilares pionsat__PartBody_10',(#9894),#16228);
#9884=SHAPE_REPRESENTATION('pilares pionsat__PartBody_5',(#9894),#16229);
#9885=SHAPE_REPRESENTATION('barramento__PartBody.2_1',(#9894),#16230);
#9886=SHAPE_REPRESENTATION('1730',(#9894),#16231);
#9887=SHAPE_REPRESENTATION('barramento__PartBody.2_3',(#9894),#16232);
#9888=SHAPE_REPRESENTATION('barramento__PartBody.1_1',(#9894),#16233);
#9889=SHAPE_REPRESENTATION('pilares pionsat__PartBody_1',(#9894),#16234);
#9890=SHAPE_REPRESENTATION('pilares pionsat__PartBody_3',(#9894),#16235);
#9891=SHAPE_REPRESENTATION('1730_7',(#9894),#16236);
#9892=SHAPE_REPRESENTATION('pilares pionsat__PartBody_2',(#9894),#16237);
#9893=SHAPE_REPRESENTATION('pilares pionsat__PartBody_14',(#9894),#16238);
#9894=AXIS2_PLACEMENT_3D('',#13578,#10846,#10847);
#9895=AXIS2_PLACEMENT_3D('',#13579,#10848,#10849);
#9896=AXIS2_PLACEMENT_3D('',#13580,#10850,#10851);
#9897=AXIS2_PLACEMENT_3D('',#13582,#10852,#10853);
#9898=AXIS2_PLACEMENT_3D('',#13584,#10854,#10855);
#9899=AXIS2_PLACEMENT_3D('',#13585,#10856,#10857);
#9900=AXIS2_PLACEMENT_3D('',#13587,#10858,#10859);
#9901=AXIS2_PLACEMENT_3D('',#13589,#10860,#10861);
#9902=AXIS2_PLACEMENT_3D('',#13590,#10862,#10863);
#9903=AXIS2_PLACEMENT_3D('',#13603,#10870,#10871);
#9904=AXIS2_PLACEMENT_3D('',#13609,#10875,#10876);
#9905=AXIS2_PLACEMENT_3D('',#13613,#10879,#10880);
#9906=AXIS2_PLACEMENT_3D('',#13617,#10883,#10884);
#9907=AXIS2_PLACEMENT_3D('',#13621,#10887,#10888);
#9908=AXIS2_PLACEMENT_3D('',#13625,#10891,#10892);
#9909=AXIS2_PLACEMENT_3D('',#13627,#10894,#10895);
#9910=AXIS2_PLACEMENT_3D('',#13628,#10896,#10897);
#9911=AXIS2_PLACEMENT_3D('',#13629,#10898,#10899);
#9912=AXIS2_PLACEMENT_3D('',#13630,#10900,#10901);
#9913=AXIS2_PLACEMENT_3D('',#13631,#10902,#10903);
#9914=AXIS2_PLACEMENT_3D('',#13633,#10904,#10905);
#9915=AXIS2_PLACEMENT_3D('',#13635,#10906,#10907);
#9916=AXIS2_PLACEMENT_3D('',#13636,#10908,#10909);
#9917=AXIS2_PLACEMENT_3D('',#13638,#10910,#10911);
#9918=AXIS2_PLACEMENT_3D('',#13640,#10912,#10913);
#9919=AXIS2_PLACEMENT_3D('',#13641,#10914,#10915);
#9920=AXIS2_PLACEMENT_3D('',#13654,#10922,#10923);
#9921=AXIS2_PLACEMENT_3D('',#13660,#10927,#10928);
#9922=AXIS2_PLACEMENT_3D('',#13664,#10931,#10932);
#9923=AXIS2_PLACEMENT_3D('',#13668,#10935,#10936);
#9924=AXIS2_PLACEMENT_3D('',#13672,#10939,#10940);
#9925=AXIS2_PLACEMENT_3D('',#13676,#10943,#10944);
#9926=AXIS2_PLACEMENT_3D('',#13678,#10946,#10947);
#9927=AXIS2_PLACEMENT_3D('',#13679,#10948,#10949);
#9928=AXIS2_PLACEMENT_3D('',#13680,#10950,#10951);
#9929=AXIS2_PLACEMENT_3D('',#13681,#10952,#10953);
#9930=AXIS2_PLACEMENT_3D('',#13682,#10954,#10955);
#9931=AXIS2_PLACEMENT_3D('',#13684,#10956,#10957);
#9932=AXIS2_PLACEMENT_3D('',#13686,#10958,#10959);
#9933=AXIS2_PLACEMENT_3D('',#13687,#10960,#10961);
#9934=AXIS2_PLACEMENT_3D('',#13689,#10962,#10963);
#9935=AXIS2_PLACEMENT_3D('',#13691,#10964,#10965);
#9936=AXIS2_PLACEMENT_3D('',#13692,#10966,#10967);
#9937=AXIS2_PLACEMENT_3D('',#13705,#10974,#10975);
#9938=AXIS2_PLACEMENT_3D('',#13711,#10979,#10980);
#9939=AXIS2_PLACEMENT_3D('',#13715,#10983,#10984);
#9940=AXIS2_PLACEMENT_3D('',#13719,#10987,#10988);
#9941=AXIS2_PLACEMENT_3D('',#13723,#10991,#10992);
#9942=AXIS2_PLACEMENT_3D('',#13727,#10995,#10996);
#9943=AXIS2_PLACEMENT_3D('',#13729,#10998,#10999);
#9944=AXIS2_PLACEMENT_3D('',#13730,#11000,#11001);
#9945=AXIS2_PLACEMENT_3D('',#13731,#11002,#11003);
#9946=AXIS2_PLACEMENT_3D('',#13732,#11004,#11005);
#9947=AXIS2_PLACEMENT_3D('',#13733,#11006,#11007);
#9948=AXIS2_PLACEMENT_3D('',#13734,#11008,#11009);
#9949=AXIS2_PLACEMENT_3D('',#13736,#11010,#11011);
#9950=AXIS2_PLACEMENT_3D('',#13749,#11018,#11019);
#9951=AXIS2_PLACEMENT_3D('',#13751,#11020,#11021);
#9952=AXIS2_PLACEMENT_3D('',#13757,#11025,#11026);
#9953=AXIS2_PLACEMENT_3D('',#13761,#11029,#11030);
#9954=AXIS2_PLACEMENT_3D('',#13765,#11033,#11034);
#9955=AXIS2_PLACEMENT_3D('',#13769,#11037,#11038);
#9956=AXIS2_PLACEMENT_3D('',#13773,#11041,#11042);
#9957=AXIS2_PLACEMENT_3D('',#13775,#11044,#11045);
#9958=AXIS2_PLACEMENT_3D('',#13776,#11046,#11047);
#9959=AXIS2_PLACEMENT_3D('',#13778,#11048,#11049);
#9960=AXIS2_PLACEMENT_3D('',#13779,#11050,#11051);
#9961=AXIS2_PLACEMENT_3D('',#13781,#11052,#11053);
#9962=AXIS2_PLACEMENT_3D('',#13782,#11054,#11055);
#9963=AXIS2_PLACEMENT_3D('',#13783,#11056,#11057);
#9964=AXIS2_PLACEMENT_3D('',#13784,#11058,#11059);
#9965=AXIS2_PLACEMENT_3D('',#13785,#11060,#11061);
#9966=AXIS2_PLACEMENT_3D('',#13787,#11062,#11063);
#9967=AXIS2_PLACEMENT_3D('',#13789,#11064,#11065);
#9968=AXIS2_PLACEMENT_3D('',#13790,#11066,#11067);
#9969=AXIS2_PLACEMENT_3D('',#13792,#11068,#11069);
#9970=AXIS2_PLACEMENT_3D('',#13794,#11070,#11071);
#9971=AXIS2_PLACEMENT_3D('',#13795,#11072,#11073);
#9972=AXIS2_PLACEMENT_3D('',#13797,#11074,#11075);
#9973=AXIS2_PLACEMENT_3D('',#13799,#11076,#11077);
#9974=AXIS2_PLACEMENT_3D('',#13800,#11078,#11079);
#9975=AXIS2_PLACEMENT_3D('',#13802,#11080,#11081);
#9976=AXIS2_PLACEMENT_3D('',#13804,#11082,#11083);
#9977=AXIS2_PLACEMENT_3D('',#13805,#11084,#11085);
#9978=AXIS2_PLACEMENT_3D('',#13810,#11087,#11088);
#9979=AXIS2_PLACEMENT_3D('',#13813,#11090,#11091);
#9980=AXIS2_PLACEMENT_3D('',#13814,#11092,#11093);
#9981=AXIS2_PLACEMENT_3D('',#13819,#11095,#11096);
#9982=AXIS2_PLACEMENT_3D('',#13822,#11098,#11099);
#9983=AXIS2_PLACEMENT_3D('',#13826,#11101,#11102);
#9984=AXIS2_PLACEMENT_3D('',#13827,#11103,#11104);
#9985=AXIS2_PLACEMENT_3D('',#13828,#11105,#11106);
#9986=AXIS2_PLACEMENT_3D('',#13834,#11110,#11111);
#9987=AXIS2_PLACEMENT_3D('',#13840,#11115,#11116);
#9988=AXIS2_PLACEMENT_3D('',#13844,#11118,#11119);
#9989=AXIS2_PLACEMENT_3D('',#13845,#11120,#11121);
#9990=AXIS2_PLACEMENT_3D('',#13846,#11122,#11123);
#9991=AXIS2_PLACEMENT_3D('',#13847,#11124,#11125);
#9992=AXIS2_PLACEMENT_3D('',#13848,#11126,#11127);
#9993=AXIS2_PLACEMENT_3D('',#13849,#11128,#11129);
#9994=AXIS2_PLACEMENT_3D('',#13855,#11133,#11134);
#9995=AXIS2_PLACEMENT_3D('',#13856,#11135,#11136);
#9996=AXIS2_PLACEMENT_3D('',#13860,#11138,#11139);
#9997=AXIS2_PLACEMENT_3D('',#13861,#11140,#11141);
#9998=AXIS2_PLACEMENT_3D('',#13862,#11142,#11143);
#9999=AXIS2_PLACEMENT_3D('',#13867,#11145,#11146);
#10000=AXIS2_PLACEMENT_3D('',#13870,#11148,#11149);
#10001=AXIS2_PLACEMENT_3D('',#13874,#11151,#11152);
#10002=AXIS2_PLACEMENT_3D('',#13875,#11153,#11154);
#10003=AXIS2_PLACEMENT_3D('',#13876,#11155,#11156);
#10004=AXIS2_PLACEMENT_3D('',#13882,#11160,#11161);
#10005=AXIS2_PLACEMENT_3D('',#13888,#11165,#11166);
#10006=AXIS2_PLACEMENT_3D('',#13892,#11168,#11169);
#10007=AXIS2_PLACEMENT_3D('',#13893,#11170,#11171);
#10008=AXIS2_PLACEMENT_3D('',#13894,#11172,#11173);
#10009=AXIS2_PLACEMENT_3D('',#13895,#11174,#11175);
#10010=AXIS2_PLACEMENT_3D('',#13896,#11176,#11177);
#10011=AXIS2_PLACEMENT_3D('',#13897,#11178,#11179);
#10012=AXIS2_PLACEMENT_3D('',#13903,#11183,#11184);
#10013=AXIS2_PLACEMENT_3D('',#13904,#11185,#11186);
#10014=AXIS2_PLACEMENT_3D('',#13908,#11188,#11189);
#10015=AXIS2_PLACEMENT_3D('',#13909,#11190,#11191);
#10016=AXIS2_PLACEMENT_3D('',#13910,#11192,#11193);
#10017=AXIS2_PLACEMENT_3D('',#13915,#11195,#11196);
#10018=AXIS2_PLACEMENT_3D('',#13918,#11198,#11199);
#10019=AXIS2_PLACEMENT_3D('',#13922,#11201,#11202);
#10020=AXIS2_PLACEMENT_3D('',#13923,#11203,#11204);
#10021=AXIS2_PLACEMENT_3D('',#13924,#11205,#11206);
#10022=AXIS2_PLACEMENT_3D('',#13930,#11210,#11211);
#10023=AXIS2_PLACEMENT_3D('',#13936,#11215,#11216);
#10024=AXIS2_PLACEMENT_3D('',#13937,#11217,#11218);
#10025=AXIS2_PLACEMENT_3D('',#13939,#11219,#11220);
#10026=AXIS2_PLACEMENT_3D('',#13942,#11222,#11223);
#10027=AXIS2_PLACEMENT_3D('',#13943,#11224,#11225);
#10028=AXIS2_PLACEMENT_3D('',#13944,#11226,#11227);
#10029=AXIS2_PLACEMENT_3D('',#13945,#11228,#11229);
#10030=AXIS2_PLACEMENT_3D('',#13951,#11233,#11234);
#10031=AXIS2_PLACEMENT_3D('',#13952,#11235,#11236);
#10032=AXIS2_PLACEMENT_3D('',#13956,#11238,#11239);
#10033=AXIS2_PLACEMENT_3D('',#13957,#11240,#11241);
#10034=AXIS2_PLACEMENT_3D('',#13963,#11245,#11246);
#10035=AXIS2_PLACEMENT_3D('',#13969,#11250,#11251);
#10036=AXIS2_PLACEMENT_3D('',#13970,#11252,#11253);
#10037=AXIS2_PLACEMENT_3D('',#13972,#11254,#11255);
#10038=AXIS2_PLACEMENT_3D('',#13975,#11257,#11258);
#10039=AXIS2_PLACEMENT_3D('',#13976,#11259,#11260);
#10040=AXIS2_PLACEMENT_3D('',#13980,#11262,#11263);
#10041=AXIS2_PLACEMENT_3D('',#13981,#11264,#11265);
#10042=AXIS2_PLACEMENT_3D('',#13982,#11266,#11267);
#10043=AXIS2_PLACEMENT_3D('',#13986,#11269,#11270);
#10044=AXIS2_PLACEMENT_3D('',#13987,#11271,#11272);
#10045=AXIS2_PLACEMENT_3D('',#13988,#11273,#11274);
#10046=AXIS2_PLACEMENT_3D('',#13992,#11276,#11277);
#10047=AXIS2_PLACEMENT_3D('',#13993,#11278,#11279);
#10048=AXIS2_PLACEMENT_3D('',#13995,#11281,#11282);
#10049=AXIS2_PLACEMENT_3D('',#13997,#11284,#11285);
#10050=AXIS2_PLACEMENT_3D('',#13998,#11286,#11287);
#10051=AXIS2_PLACEMENT_3D('',#13999,#11288,#11289);
#10052=AXIS2_PLACEMENT_3D('',#14008,#11294,#11295);
#10053=AXIS2_PLACEMENT_3D('',#14014,#11299,#11300);
#10054=AXIS2_PLACEMENT_3D('',#14020,#11304,#11305);
#10055=AXIS2_PLACEMENT_3D('',#14023,#11308,#11309);
#10056=AXIS2_PLACEMENT_3D('',#14024,#11310,#11311);
#10057=AXIS2_PLACEMENT_3D('',#14025,#11312,#11313);
#10058=AXIS2_PLACEMENT_3D('',#14026,#11314,#11315);
#10059=AXIS2_PLACEMENT_3D('',#14035,#11320,#11321);
#10060=AXIS2_PLACEMENT_3D('',#14041,#11325,#11326);
#10061=AXIS2_PLACEMENT_3D('',#14047,#11330,#11331);
#10062=AXIS2_PLACEMENT_3D('',#14050,#11334,#11335);
#10063=AXIS2_PLACEMENT_3D('',#14051,#11336,#11337);
#10064=AXIS2_PLACEMENT_3D('',#14052,#11338,#11339);
#10065=AXIS2_PLACEMENT_3D('',#14053,#11340,#11341);
#10066=AXIS2_PLACEMENT_3D('',#14054,#11342,#11343);
#10067=AXIS2_PLACEMENT_3D('',#14056,#11344,#11345);
#10068=AXIS2_PLACEMENT_3D('',#14069,#11352,#11353);
#10069=AXIS2_PLACEMENT_3D('',#14071,#11354,#11355);
#10070=AXIS2_PLACEMENT_3D('',#14077,#11359,#11360);
#10071=AXIS2_PLACEMENT_3D('',#14081,#11363,#11364);
#10072=AXIS2_PLACEMENT_3D('',#14085,#11367,#11368);
#10073=AXIS2_PLACEMENT_3D('',#14089,#11371,#11372);
#10074=AXIS2_PLACEMENT_3D('',#14093,#11375,#11376);
#10075=AXIS2_PLACEMENT_3D('',#14095,#11378,#11379);
#10076=AXIS2_PLACEMENT_3D('',#14096,#11380,#11381);
#10077=AXIS2_PLACEMENT_3D('',#14098,#11382,#11383);
#10078=AXIS2_PLACEMENT_3D('',#14099,#11384,#11385);
#10079=AXIS2_PLACEMENT_3D('',#14101,#11386,#11387);
#10080=AXIS2_PLACEMENT_3D('',#14102,#11388,#11389);
#10081=AXIS2_PLACEMENT_3D('',#14103,#11390,#11391);
#10082=AXIS2_PLACEMENT_3D('',#14104,#11392,#11393);
#10083=AXIS2_PLACEMENT_3D('',#14105,#11394,#11395);
#10084=AXIS2_PLACEMENT_3D('',#14107,#11396,#11397);
#10085=AXIS2_PLACEMENT_3D('',#14109,#11398,#11399);
#10086=AXIS2_PLACEMENT_3D('',#14110,#11400,#11401);
#10087=AXIS2_PLACEMENT_3D('',#14112,#11402,#11403);
#10088=AXIS2_PLACEMENT_3D('',#14114,#11404,#11405);
#10089=AXIS2_PLACEMENT_3D('',#14115,#11406,#11407);
#10090=AXIS2_PLACEMENT_3D('',#14117,#11408,#11409);
#10091=AXIS2_PLACEMENT_3D('',#14119,#11410,#11411);
#10092=AXIS2_PLACEMENT_3D('',#14120,#11412,#11413);
#10093=AXIS2_PLACEMENT_3D('',#14125,#11415,#11416);
#10094=AXIS2_PLACEMENT_3D('',#14128,#11418,#11419);
#10095=AXIS2_PLACEMENT_3D('',#14134,#11423,#11424);
#10096=AXIS2_PLACEMENT_3D('',#14135,#11425,#11426);
#10097=AXIS2_PLACEMENT_3D('',#14137,#11427,#11428);
#10098=AXIS2_PLACEMENT_3D('',#14140,#11430,#11431);
#10099=AXIS2_PLACEMENT_3D('',#14146,#11435,#11436);
#10100=AXIS2_PLACEMENT_3D('',#14147,#11437,#11438);
#10101=AXIS2_PLACEMENT_3D('',#14149,#11439,#11440);
#10102=AXIS2_PLACEMENT_3D('',#14152,#11442,#11443);
#10103=AXIS2_PLACEMENT_3D('',#14158,#11447,#11448);
#10104=AXIS2_PLACEMENT_3D('',#14159,#11449,#11450);
#10105=AXIS2_PLACEMENT_3D('',#14161,#11451,#11452);
#10106=AXIS2_PLACEMENT_3D('',#14164,#11454,#11455);
#10107=AXIS2_PLACEMENT_3D('',#14167,#11458,#11459);
#10108=AXIS2_PLACEMENT_3D('',#14168,#11460,#11461);
#10109=AXIS2_PLACEMENT_3D('',#14170,#11462,#11463);
#10110=AXIS2_PLACEMENT_3D('',#14171,#11464,#11465);
#10111=AXIS2_PLACEMENT_3D('',#14173,#11466,#11467);
#10112=AXIS2_PLACEMENT_3D('',#14174,#11468,#11469);
#10113=AXIS2_PLACEMENT_3D('',#14176,#11470,#11471);
#10114=AXIS2_PLACEMENT_3D('',#14180,#11473,#11474);
#10115=AXIS2_PLACEMENT_3D('',#14184,#11476,#11477);
#10116=AXIS2_PLACEMENT_3D('',#14188,#11479,#11480);
#10117=AXIS2_PLACEMENT_3D('',#14192,#11482,#11483);
#10118=AXIS2_PLACEMENT_3D('',#14193,#11484,#11485);
#10119=AXIS2_PLACEMENT_3D('',#14194,#11486,#11487);
#10120=AXIS2_PLACEMENT_3D('',#14196,#11488,#11489);
#10121=AXIS2_PLACEMENT_3D('',#14197,#11490,#11491);
#10122=AXIS2_PLACEMENT_3D('',#14199,#11492,#11493);
#10123=AXIS2_PLACEMENT_3D('',#14200,#11494,#11495);
#10124=AXIS2_PLACEMENT_3D('',#14202,#11496,#11497);
#10125=AXIS2_PLACEMENT_3D('',#14203,#11498,#11499);
#10126=AXIS2_PLACEMENT_3D('',#14205,#11500,#11501);
#10127=AXIS2_PLACEMENT_3D('',#14206,#11502,#11503);
#10128=AXIS2_PLACEMENT_3D('',#14211,#11506,#11507);
#10129=AXIS2_PLACEMENT_3D('',#14215,#11510,#11511);
#10130=AXIS2_PLACEMENT_3D('',#14216,#11512,#11513);
#10131=AXIS2_PLACEMENT_3D('',#14219,#11515,#11516);
#10132=AXIS2_PLACEMENT_3D('',#14223,#11519,#11520);
#10133=AXIS2_PLACEMENT_3D('',#14224,#11521,#11522);
#10134=AXIS2_PLACEMENT_3D('',#14227,#11524,#11525);
#10135=AXIS2_PLACEMENT_3D('',#14231,#11528,#11529);
#10136=AXIS2_PLACEMENT_3D('',#14232,#11530,#11531);
#10137=AXIS2_PLACEMENT_3D('',#14235,#11533,#11534);
#10138=AXIS2_PLACEMENT_3D('',#14237,#11536,#11537);
#10139=AXIS2_PLACEMENT_3D('',#14238,#11538,#11539);
#10140=AXIS2_PLACEMENT_3D('',#14240,#11540,#11541);
#10141=AXIS2_PLACEMENT_3D('',#14241,#11542,#11543);
#10142=AXIS2_PLACEMENT_3D('',#14243,#11544,#11545);
#10143=AXIS2_PLACEMENT_3D('',#14244,#11546,#11547);
#10144=AXIS2_PLACEMENT_3D('',#14246,#11548,#11549);
#10145=AXIS2_PLACEMENT_3D('',#14247,#11550,#11551);
#10146=AXIS2_PLACEMENT_3D('',#14248,#11552,#11553);
#10147=AXIS2_PLACEMENT_3D('',#14249,#11554,#11555);
#10148=AXIS2_PLACEMENT_3D('',#14250,#11556,#11557);
#10149=AXIS2_PLACEMENT_3D('',#14252,#11558,#11559);
#10150=AXIS2_PLACEMENT_3D('',#14265,#11566,#11567);
#10151=AXIS2_PLACEMENT_3D('',#14267,#11568,#11569);
#10152=AXIS2_PLACEMENT_3D('',#14273,#11573,#11574);
#10153=AXIS2_PLACEMENT_3D('',#14277,#11577,#11578);
#10154=AXIS2_PLACEMENT_3D('',#14281,#11581,#11582);
#10155=AXIS2_PLACEMENT_3D('',#14285,#11585,#11586);
#10156=AXIS2_PLACEMENT_3D('',#14289,#11589,#11590);
#10157=AXIS2_PLACEMENT_3D('',#14291,#11592,#11593);
#10158=AXIS2_PLACEMENT_3D('',#14292,#11594,#11595);
#10159=AXIS2_PLACEMENT_3D('',#14294,#11596,#11597);
#10160=AXIS2_PLACEMENT_3D('',#14295,#11598,#11599);
#10161=AXIS2_PLACEMENT_3D('',#14297,#11600,#11601);
#10162=AXIS2_PLACEMENT_3D('',#14298,#11602,#11603);
#10163=AXIS2_PLACEMENT_3D('',#14299,#11604,#11605);
#10164=AXIS2_PLACEMENT_3D('',#14300,#11606,#11607);
#10165=AXIS2_PLACEMENT_3D('',#14301,#11608,#11609);
#10166=AXIS2_PLACEMENT_3D('',#14303,#11610,#11611);
#10167=AXIS2_PLACEMENT_3D('',#14305,#11612,#11613);
#10168=AXIS2_PLACEMENT_3D('',#14306,#11614,#11615);
#10169=AXIS2_PLACEMENT_3D('',#14308,#11616,#11617);
#10170=AXIS2_PLACEMENT_3D('',#14310,#11618,#11619);
#10171=AXIS2_PLACEMENT_3D('',#14311,#11620,#11621);
#10172=AXIS2_PLACEMENT_3D('',#14324,#11628,#11629);
#10173=AXIS2_PLACEMENT_3D('',#14330,#11633,#11634);
#10174=AXIS2_PLACEMENT_3D('',#14334,#11637,#11638);
#10175=AXIS2_PLACEMENT_3D('',#14338,#11641,#11642);
#10176=AXIS2_PLACEMENT_3D('',#14342,#11645,#11646);
#10177=AXIS2_PLACEMENT_3D('',#14346,#11649,#11650);
#10178=AXIS2_PLACEMENT_3D('',#14348,#11652,#11653);
#10179=AXIS2_PLACEMENT_3D('',#14349,#11654,#11655);
#10180=AXIS2_PLACEMENT_3D('',#14350,#11656,#11657);
#10181=AXIS2_PLACEMENT_3D('',#14351,#11658,#11659);
#10182=AXIS2_PLACEMENT_3D('',#14352,#11660,#11661);
#10183=AXIS2_PLACEMENT_3D('',#14354,#11662,#11663);
#10184=AXIS2_PLACEMENT_3D('',#14367,#11670,#11671);
#10185=AXIS2_PLACEMENT_3D('',#14369,#11672,#11673);
#10186=AXIS2_PLACEMENT_3D('',#14375,#11677,#11678);
#10187=AXIS2_PLACEMENT_3D('',#14379,#11681,#11682);
#10188=AXIS2_PLACEMENT_3D('',#14383,#11685,#11686);
#10189=AXIS2_PLACEMENT_3D('',#14387,#11689,#11690);
#10190=AXIS2_PLACEMENT_3D('',#14391,#11693,#11694);
#10191=AXIS2_PLACEMENT_3D('',#14393,#11696,#11697);
#10192=AXIS2_PLACEMENT_3D('',#14394,#11698,#11699);
#10193=AXIS2_PLACEMENT_3D('',#14396,#11700,#11701);
#10194=AXIS2_PLACEMENT_3D('',#14397,#11702,#11703);
#10195=AXIS2_PLACEMENT_3D('',#14399,#11704,#11705);
#10196=AXIS2_PLACEMENT_3D('',#14400,#11706,#11707);
#10197=AXIS2_PLACEMENT_3D('',#14401,#11708,#11709);
#10198=AXIS2_PLACEMENT_3D('',#14402,#11710,#11711);
#10199=AXIS2_PLACEMENT_3D('',#14411,#11716,#11717);
#10200=AXIS2_PLACEMENT_3D('',#14417,#11721,#11722);
#10201=AXIS2_PLACEMENT_3D('',#14423,#11726,#11727);
#10202=AXIS2_PLACEMENT_3D('',#14426,#11730,#11731);
#10203=AXIS2_PLACEMENT_3D('',#14427,#11732,#11733);
#10204=AXIS2_PLACEMENT_3D('',#14428,#11734,#11735);
#10205=AXIS2_PLACEMENT_3D('',#14429,#11736,#11737);
#10206=AXIS2_PLACEMENT_3D('',#14438,#11742,#11743);
#10207=AXIS2_PLACEMENT_3D('',#14444,#11747,#11748);
#10208=AXIS2_PLACEMENT_3D('',#14448,#11751,#11752);
#10209=AXIS2_PLACEMENT_3D('',#14452,#11755,#11756);
#10210=AXIS2_PLACEMENT_3D('',#14454,#11758,#11759);
#10211=AXIS2_PLACEMENT_3D('',#14455,#11760,#11761);
#10212=AXIS2_PLACEMENT_3D('',#14456,#11762,#11763);
#10213=AXIS2_PLACEMENT_3D('',#14457,#11764,#11765);
#10214=AXIS2_PLACEMENT_3D('',#14459,#11766,#11767);
#10215=AXIS2_PLACEMENT_3D('',#14472,#11774,#11775);
#10216=AXIS2_PLACEMENT_3D('',#14474,#11776,#11777);
#10217=AXIS2_PLACEMENT_3D('',#14480,#11781,#11782);
#10218=AXIS2_PLACEMENT_3D('',#14484,#11785,#11786);
#10219=AXIS2_PLACEMENT_3D('',#14488,#11789,#11790);
#10220=AXIS2_PLACEMENT_3D('',#14492,#11793,#11794);
#10221=AXIS2_PLACEMENT_3D('',#14496,#11797,#11798);
#10222=AXIS2_PLACEMENT_3D('',#14498,#11800,#11801);
#10223=AXIS2_PLACEMENT_3D('',#14499,#11802,#11803);
#10224=AXIS2_PLACEMENT_3D('',#14501,#11804,#11805);
#10225=AXIS2_PLACEMENT_3D('',#14502,#11806,#11807);
#10226=AXIS2_PLACEMENT_3D('',#14504,#11808,#11809);
#10227=AXIS2_PLACEMENT_3D('',#14505,#11810,#11811);
#10228=AXIS2_PLACEMENT_3D('',#14506,#11812,#11813);
#10229=AXIS2_PLACEMENT_3D('',#14507,#11814,#11815);
#10230=AXIS2_PLACEMENT_3D('',#14508,#11816,#11817);
#10231=AXIS2_PLACEMENT_3D('',#14510,#11818,#11819);
#10232=AXIS2_PLACEMENT_3D('',#14512,#11820,#11821);
#10233=AXIS2_PLACEMENT_3D('',#14513,#11822,#11823);
#10234=AXIS2_PLACEMENT_3D('',#14515,#11824,#11825);
#10235=AXIS2_PLACEMENT_3D('',#14517,#11826,#11827);
#10236=AXIS2_PLACEMENT_3D('',#14518,#11828,#11829);
#10237=AXIS2_PLACEMENT_3D('',#14531,#11836,#11837);
#10238=AXIS2_PLACEMENT_3D('',#14537,#11841,#11842);
#10239=AXIS2_PLACEMENT_3D('',#14541,#11845,#11846);
#10240=AXIS2_PLACEMENT_3D('',#14545,#11849,#11850);
#10241=AXIS2_PLACEMENT_3D('',#14549,#11853,#11854);
#10242=AXIS2_PLACEMENT_3D('',#14553,#11857,#11858);
#10243=AXIS2_PLACEMENT_3D('',#14555,#11860,#11861);
#10244=AXIS2_PLACEMENT_3D('',#14556,#11862,#11863);
#10245=AXIS2_PLACEMENT_3D('',#14557,#11864,#11865);
#10246=AXIS2_PLACEMENT_3D('',#14558,#11866,#11867);
#10247=AXIS2_PLACEMENT_3D('',#14559,#11868,#11869);
#10248=AXIS2_PLACEMENT_3D('',#14561,#11870,#11871);
#10249=AXIS2_PLACEMENT_3D('',#14563,#11872,#11873);
#10250=AXIS2_PLACEMENT_3D('',#14564,#11874,#11875);
#10251=AXIS2_PLACEMENT_3D('',#14566,#11876,#11877);
#10252=AXIS2_PLACEMENT_3D('',#14568,#11878,#11879);
#10253=AXIS2_PLACEMENT_3D('',#14569,#11880,#11881);
#10254=AXIS2_PLACEMENT_3D('',#14571,#11882,#11883);
#10255=AXIS2_PLACEMENT_3D('',#14573,#11884,#11885);
#10256=AXIS2_PLACEMENT_3D('',#14574,#11886,#11887);
#10257=AXIS2_PLACEMENT_3D('',#14576,#11888,#11889);
#10258=AXIS2_PLACEMENT_3D('',#14578,#11890,#11891);
#10259=AXIS2_PLACEMENT_3D('',#14579,#11892,#11893);
#10260=AXIS2_PLACEMENT_3D('',#14584,#11895,#11896);
#10261=AXIS2_PLACEMENT_3D('',#14587,#11898,#11899);
#10262=AXIS2_PLACEMENT_3D('',#14588,#11900,#11901);
#10263=AXIS2_PLACEMENT_3D('',#14593,#11903,#11904);
#10264=AXIS2_PLACEMENT_3D('',#14596,#11906,#11907);
#10265=AXIS2_PLACEMENT_3D('',#14600,#11909,#11910);
#10266=AXIS2_PLACEMENT_3D('',#14601,#11911,#11912);
#10267=AXIS2_PLACEMENT_3D('',#14602,#11913,#11914);
#10268=AXIS2_PLACEMENT_3D('',#14608,#11918,#11919);
#10269=AXIS2_PLACEMENT_3D('',#14614,#11923,#11924);
#10270=AXIS2_PLACEMENT_3D('',#14618,#11926,#11927);
#10271=AXIS2_PLACEMENT_3D('',#14619,#11928,#11929);
#10272=AXIS2_PLACEMENT_3D('',#14620,#11930,#11931);
#10273=AXIS2_PLACEMENT_3D('',#14621,#11932,#11933);
#10274=AXIS2_PLACEMENT_3D('',#14622,#11934,#11935);
#10275=AXIS2_PLACEMENT_3D('',#14623,#11936,#11937);
#10276=AXIS2_PLACEMENT_3D('',#14629,#11941,#11942);
#10277=AXIS2_PLACEMENT_3D('',#14630,#11943,#11944);
#10278=AXIS2_PLACEMENT_3D('',#14634,#11946,#11947);
#10279=AXIS2_PLACEMENT_3D('',#14635,#11948,#11949);
#10280=AXIS2_PLACEMENT_3D('',#14636,#11950,#11951);
#10281=AXIS2_PLACEMENT_3D('',#14641,#11953,#11954);
#10282=AXIS2_PLACEMENT_3D('',#14644,#11956,#11957);
#10283=AXIS2_PLACEMENT_3D('',#14648,#11959,#11960);
#10284=AXIS2_PLACEMENT_3D('',#14649,#11961,#11962);
#10285=AXIS2_PLACEMENT_3D('',#14650,#11963,#11964);
#10286=AXIS2_PLACEMENT_3D('',#14656,#11968,#11969);
#10287=AXIS2_PLACEMENT_3D('',#14662,#11973,#11974);
#10288=AXIS2_PLACEMENT_3D('',#14666,#11976,#11977);
#10289=AXIS2_PLACEMENT_3D('',#14667,#11978,#11979);
#10290=AXIS2_PLACEMENT_3D('',#14668,#11980,#11981);
#10291=AXIS2_PLACEMENT_3D('',#14669,#11982,#11983);
#10292=AXIS2_PLACEMENT_3D('',#14670,#11984,#11985);
#10293=AXIS2_PLACEMENT_3D('',#14671,#11986,#11987);
#10294=AXIS2_PLACEMENT_3D('',#14677,#11991,#11992);
#10295=AXIS2_PLACEMENT_3D('',#14678,#11993,#11994);
#10296=AXIS2_PLACEMENT_3D('',#14682,#11996,#11997);
#10297=AXIS2_PLACEMENT_3D('',#14683,#11998,#11999);
#10298=AXIS2_PLACEMENT_3D('',#14684,#12000,#12001);
#10299=AXIS2_PLACEMENT_3D('',#14689,#12003,#12004);
#10300=AXIS2_PLACEMENT_3D('',#14692,#12006,#12007);
#10301=AXIS2_PLACEMENT_3D('',#14696,#12009,#12010);
#10302=AXIS2_PLACEMENT_3D('',#14697,#12011,#12012);
#10303=AXIS2_PLACEMENT_3D('',#14698,#12013,#12014);
#10304=AXIS2_PLACEMENT_3D('',#14704,#12018,#12019);
#10305=AXIS2_PLACEMENT_3D('',#14710,#12023,#12024);
#10306=AXIS2_PLACEMENT_3D('',#14711,#12025,#12026);
#10307=AXIS2_PLACEMENT_3D('',#14713,#12027,#12028);
#10308=AXIS2_PLACEMENT_3D('',#14716,#12030,#12031);
#10309=AXIS2_PLACEMENT_3D('',#14717,#12032,#12033);
#10310=AXIS2_PLACEMENT_3D('',#14718,#12034,#12035);
#10311=AXIS2_PLACEMENT_3D('',#14719,#12036,#12037);
#10312=AXIS2_PLACEMENT_3D('',#14725,#12041,#12042);
#10313=AXIS2_PLACEMENT_3D('',#14726,#12043,#12044);
#10314=AXIS2_PLACEMENT_3D('',#14730,#12046,#12047);
#10315=AXIS2_PLACEMENT_3D('',#14731,#12048,#12049);
#10316=AXIS2_PLACEMENT_3D('',#14737,#12053,#12054);
#10317=AXIS2_PLACEMENT_3D('',#14743,#12058,#12059);
#10318=AXIS2_PLACEMENT_3D('',#14744,#12060,#12061);
#10319=AXIS2_PLACEMENT_3D('',#14746,#12062,#12063);
#10320=AXIS2_PLACEMENT_3D('',#14749,#12065,#12066);
#10321=AXIS2_PLACEMENT_3D('',#14750,#12067,#12068);
#10322=AXIS2_PLACEMENT_3D('',#14754,#12070,#12071);
#10323=AXIS2_PLACEMENT_3D('',#14755,#12072,#12073);
#10324=AXIS2_PLACEMENT_3D('',#14756,#12074,#12075);
#10325=AXIS2_PLACEMENT_3D('',#14760,#12077,#12078);
#10326=AXIS2_PLACEMENT_3D('',#14761,#12079,#12080);
#10327=AXIS2_PLACEMENT_3D('',#14762,#12081,#12082);
#10328=AXIS2_PLACEMENT_3D('',#14766,#12084,#12085);
#10329=AXIS2_PLACEMENT_3D('',#14767,#12086,#12087);
#10330=AXIS2_PLACEMENT_3D('',#14769,#12089,#12090);
#10331=AXIS2_PLACEMENT_3D('',#14771,#12092,#12093);
#10332=AXIS2_PLACEMENT_3D('',#14772,#12094,#12095);
#10333=AXIS2_PLACEMENT_3D('',#14773,#12096,#12097);
#10334=AXIS2_PLACEMENT_3D('',#14774,#12098,#12099);
#10335=AXIS2_PLACEMENT_3D('',#14776,#12100,#12101);
#10336=AXIS2_PLACEMENT_3D('',#14789,#12108,#12109);
#10337=AXIS2_PLACEMENT_3D('',#14791,#12110,#12111);
#10338=AXIS2_PLACEMENT_3D('',#14797,#12115,#12116);
#10339=AXIS2_PLACEMENT_3D('',#14801,#12119,#12120);
#10340=AXIS2_PLACEMENT_3D('',#14805,#12123,#12124);
#10341=AXIS2_PLACEMENT_3D('',#14809,#12127,#12128);
#10342=AXIS2_PLACEMENT_3D('',#14813,#12131,#12132);
#10343=AXIS2_PLACEMENT_3D('',#14815,#12134,#12135);
#10344=AXIS2_PLACEMENT_3D('',#14816,#12136,#12137);
#10345=AXIS2_PLACEMENT_3D('',#14818,#12138,#12139);
#10346=AXIS2_PLACEMENT_3D('',#14819,#12140,#12141);
#10347=AXIS2_PLACEMENT_3D('',#14821,#12142,#12143);
#10348=AXIS2_PLACEMENT_3D('',#14822,#12144,#12145);
#10349=AXIS2_PLACEMENT_3D('',#14823,#12146,#12147);
#10350=AXIS2_PLACEMENT_3D('',#14824,#12148,#12149);
#10351=AXIS2_PLACEMENT_3D('',#14825,#12150,#12151);
#10352=AXIS2_PLACEMENT_3D('',#14827,#12152,#12153);
#10353=AXIS2_PLACEMENT_3D('',#14829,#12154,#12155);
#10354=AXIS2_PLACEMENT_3D('',#14830,#12156,#12157);
#10355=AXIS2_PLACEMENT_3D('',#14832,#12158,#12159);
#10356=AXIS2_PLACEMENT_3D('',#14834,#12160,#12161);
#10357=AXIS2_PLACEMENT_3D('',#14835,#12162,#12163);
#10358=AXIS2_PLACEMENT_3D('',#14848,#12170,#12171);
#10359=AXIS2_PLACEMENT_3D('',#14854,#12175,#12176);
#10360=AXIS2_PLACEMENT_3D('',#14858,#12179,#12180);
#10361=AXIS2_PLACEMENT_3D('',#14862,#12183,#12184);
#10362=AXIS2_PLACEMENT_3D('',#14866,#12187,#12188);
#10363=AXIS2_PLACEMENT_3D('',#14870,#12191,#12192);
#10364=AXIS2_PLACEMENT_3D('',#14872,#12194,#12195);
#10365=AXIS2_PLACEMENT_3D('',#14873,#12196,#12197);
#10366=AXIS2_PLACEMENT_3D('',#14874,#12198,#12199);
#10367=AXIS2_PLACEMENT_3D('',#14875,#12200,#12201);
#10368=AXIS2_PLACEMENT_3D('',#14876,#12202,#12203);
#10369=AXIS2_PLACEMENT_3D('',#14878,#12204,#12205);
#10370=AXIS2_PLACEMENT_3D('',#14891,#12212,#12213);
#10371=AXIS2_PLACEMENT_3D('',#14893,#12214,#12215);
#10372=AXIS2_PLACEMENT_3D('',#14899,#12219,#12220);
#10373=AXIS2_PLACEMENT_3D('',#14903,#12223,#12224);
#10374=AXIS2_PLACEMENT_3D('',#14907,#12227,#12228);
#10375=AXIS2_PLACEMENT_3D('',#14911,#12231,#12232);
#10376=AXIS2_PLACEMENT_3D('',#14915,#12235,#12236);
#10377=AXIS2_PLACEMENT_3D('',#14917,#12238,#12239);
#10378=AXIS2_PLACEMENT_3D('',#14918,#12240,#12241);
#10379=AXIS2_PLACEMENT_3D('',#14920,#12242,#12243);
#10380=AXIS2_PLACEMENT_3D('',#14921,#12244,#12245);
#10381=AXIS2_PLACEMENT_3D('',#14923,#12246,#12247);
#10382=AXIS2_PLACEMENT_3D('',#14924,#12248,#12249);
#10383=AXIS2_PLACEMENT_3D('',#14925,#12250,#12251);
#10384=AXIS2_PLACEMENT_3D('',#14926,#12252,#12253);
#10385=AXIS2_PLACEMENT_3D('',#14927,#12254,#12255);
#10386=AXIS2_PLACEMENT_3D('',#14929,#12256,#12257);
#10387=AXIS2_PLACEMENT_3D('',#14942,#12264,#12265);
#10388=AXIS2_PLACEMENT_3D('',#14944,#12266,#12267);
#10389=AXIS2_PLACEMENT_3D('',#14950,#12271,#12272);
#10390=AXIS2_PLACEMENT_3D('',#14954,#12275,#12276);
#10391=AXIS2_PLACEMENT_3D('',#14958,#12279,#12280);
#10392=AXIS2_PLACEMENT_3D('',#14962,#12283,#12284);
#10393=AXIS2_PLACEMENT_3D('',#14966,#12287,#12288);
#10394=AXIS2_PLACEMENT_3D('',#14968,#12290,#12291);
#10395=AXIS2_PLACEMENT_3D('',#14969,#12292,#12293);
#10396=AXIS2_PLACEMENT_3D('',#14971,#12294,#12295);
#10397=AXIS2_PLACEMENT_3D('',#14972,#12296,#12297);
#10398=AXIS2_PLACEMENT_3D('',#14974,#12298,#12299);
#10399=AXIS2_PLACEMENT_3D('',#14975,#12300,#12301);
#10400=AXIS2_PLACEMENT_3D('',#14976,#12302,#12303);
#10401=AXIS2_PLACEMENT_3D('',#14977,#12304,#12305);
#10402=AXIS2_PLACEMENT_3D('',#14978,#12306,#12307);
#10403=AXIS2_PLACEMENT_3D('',#14980,#12308,#12309);
#10404=AXIS2_PLACEMENT_3D('',#14982,#12310,#12311);
#10405=AXIS2_PLACEMENT_3D('',#14983,#12312,#12313);
#10406=AXIS2_PLACEMENT_3D('',#14985,#12314,#12315);
#10407=AXIS2_PLACEMENT_3D('',#14987,#12316,#12317);
#10408=AXIS2_PLACEMENT_3D('',#14988,#12318,#12319);
#10409=AXIS2_PLACEMENT_3D('',#14990,#12320,#12321);
#10410=AXIS2_PLACEMENT_3D('',#14992,#12322,#12323);
#10411=AXIS2_PLACEMENT_3D('',#14993,#12324,#12325);
#10412=AXIS2_PLACEMENT_3D('',#14995,#12326,#12327);
#10413=AXIS2_PLACEMENT_3D('',#14997,#12328,#12329);
#10414=AXIS2_PLACEMENT_3D('',#14998,#12330,#12331);
#10415=AXIS2_PLACEMENT_3D('',#15003,#12333,#12334);
#10416=AXIS2_PLACEMENT_3D('',#15006,#12336,#12337);
#10417=AXIS2_PLACEMENT_3D('',#15007,#12338,#12339);
#10418=AXIS2_PLACEMENT_3D('',#15012,#12341,#12342);
#10419=AXIS2_PLACEMENT_3D('',#15015,#12344,#12345);
#10420=AXIS2_PLACEMENT_3D('',#15019,#12347,#12348);
#10421=AXIS2_PLACEMENT_3D('',#15020,#12349,#12350);
#10422=AXIS2_PLACEMENT_3D('',#15021,#12351,#12352);
#10423=AXIS2_PLACEMENT_3D('',#15027,#12356,#12357);
#10424=AXIS2_PLACEMENT_3D('',#15033,#12361,#12362);
#10425=AXIS2_PLACEMENT_3D('',#15037,#12364,#12365);
#10426=AXIS2_PLACEMENT_3D('',#15038,#12366,#12367);
#10427=AXIS2_PLACEMENT_3D('',#15039,#12368,#12369);
#10428=AXIS2_PLACEMENT_3D('',#15040,#12370,#12371);
#10429=AXIS2_PLACEMENT_3D('',#15041,#12372,#12373);
#10430=AXIS2_PLACEMENT_3D('',#15042,#12374,#12375);
#10431=AXIS2_PLACEMENT_3D('',#15048,#12379,#12380);
#10432=AXIS2_PLACEMENT_3D('',#15049,#12381,#12382);
#10433=AXIS2_PLACEMENT_3D('',#15053,#12384,#12385);
#10434=AXIS2_PLACEMENT_3D('',#15054,#12386,#12387);
#10435=AXIS2_PLACEMENT_3D('',#15055,#12388,#12389);
#10436=AXIS2_PLACEMENT_3D('',#15060,#12391,#12392);
#10437=AXIS2_PLACEMENT_3D('',#15063,#12394,#12395);
#10438=AXIS2_PLACEMENT_3D('',#15067,#12397,#12398);
#10439=AXIS2_PLACEMENT_3D('',#15068,#12399,#12400);
#10440=AXIS2_PLACEMENT_3D('',#15069,#12401,#12402);
#10441=AXIS2_PLACEMENT_3D('',#15075,#12406,#12407);
#10442=AXIS2_PLACEMENT_3D('',#15081,#12411,#12412);
#10443=AXIS2_PLACEMENT_3D('',#15085,#12414,#12415);
#10444=AXIS2_PLACEMENT_3D('',#15086,#12416,#12417);
#10445=AXIS2_PLACEMENT_3D('',#15087,#12418,#12419);
#10446=AXIS2_PLACEMENT_3D('',#15088,#12420,#12421);
#10447=AXIS2_PLACEMENT_3D('',#15089,#12422,#12423);
#10448=AXIS2_PLACEMENT_3D('',#15090,#12424,#12425);
#10449=AXIS2_PLACEMENT_3D('',#15096,#12429,#12430);
#10450=AXIS2_PLACEMENT_3D('',#15097,#12431,#12432);
#10451=AXIS2_PLACEMENT_3D('',#15101,#12434,#12435);
#10452=AXIS2_PLACEMENT_3D('',#15102,#12436,#12437);
#10453=AXIS2_PLACEMENT_3D('',#15103,#12438,#12439);
#10454=AXIS2_PLACEMENT_3D('',#15108,#12441,#12442);
#10455=AXIS2_PLACEMENT_3D('',#15111,#12444,#12445);
#10456=AXIS2_PLACEMENT_3D('',#15115,#12447,#12448);
#10457=AXIS2_PLACEMENT_3D('',#15116,#12449,#12450);
#10458=AXIS2_PLACEMENT_3D('',#15117,#12451,#12452);
#10459=AXIS2_PLACEMENT_3D('',#15123,#12456,#12457);
#10460=AXIS2_PLACEMENT_3D('',#15129,#12461,#12462);
#10461=AXIS2_PLACEMENT_3D('',#15130,#12463,#12464);
#10462=AXIS2_PLACEMENT_3D('',#15132,#12465,#12466);
#10463=AXIS2_PLACEMENT_3D('',#15135,#12468,#12469);
#10464=AXIS2_PLACEMENT_3D('',#15136,#12470,#12471);
#10465=AXIS2_PLACEMENT_3D('',#15137,#12472,#12473);
#10466=AXIS2_PLACEMENT_3D('',#15138,#12474,#12475);
#10467=AXIS2_PLACEMENT_3D('',#15144,#12479,#12480);
#10468=AXIS2_PLACEMENT_3D('',#15145,#12481,#12482);
#10469=AXIS2_PLACEMENT_3D('',#15149,#12484,#12485);
#10470=AXIS2_PLACEMENT_3D('',#15150,#12486,#12487);
#10471=AXIS2_PLACEMENT_3D('',#15156,#12491,#12492);
#10472=AXIS2_PLACEMENT_3D('',#15162,#12496,#12497);
#10473=AXIS2_PLACEMENT_3D('',#15163,#12498,#12499);
#10474=AXIS2_PLACEMENT_3D('',#15165,#12500,#12501);
#10475=AXIS2_PLACEMENT_3D('',#15168,#12503,#12504);
#10476=AXIS2_PLACEMENT_3D('',#15169,#12505,#12506);
#10477=AXIS2_PLACEMENT_3D('',#15173,#12508,#12509);
#10478=AXIS2_PLACEMENT_3D('',#15174,#12510,#12511);
#10479=AXIS2_PLACEMENT_3D('',#15175,#12512,#12513);
#10480=AXIS2_PLACEMENT_3D('',#15179,#12515,#12516);
#10481=AXIS2_PLACEMENT_3D('',#15180,#12517,#12518);
#10482=AXIS2_PLACEMENT_3D('',#15181,#12519,#12520);
#10483=AXIS2_PLACEMENT_3D('',#15185,#12522,#12523);
#10484=AXIS2_PLACEMENT_3D('',#15186,#12524,#12525);
#10485=AXIS2_PLACEMENT_3D('',#15188,#12527,#12528);
#10486=AXIS2_PLACEMENT_3D('',#15190,#12530,#12531);
#10487=AXIS2_PLACEMENT_3D('',#15191,#12532,#12533);
#10488=AXIS2_PLACEMENT_3D('',#15192,#12534,#12535);
#10489=AXIS2_PLACEMENT_3D('',#15193,#12536,#12537);
#10490=AXIS2_PLACEMENT_3D('',#15202,#12542,#12543);
#10491=AXIS2_PLACEMENT_3D('',#15208,#12547,#12548);
#10492=AXIS2_PLACEMENT_3D('',#15214,#12552,#12553);
#10493=AXIS2_PLACEMENT_3D('',#15217,#12556,#12557);
#10494=AXIS2_PLACEMENT_3D('',#15218,#12558,#12559);
#10495=AXIS2_PLACEMENT_3D('',#15219,#12560,#12561);
#10496=AXIS2_PLACEMENT_3D('',#15220,#12562,#12563);
#10497=AXIS2_PLACEMENT_3D('',#15221,#12564,#12565);
#10498=AXIS2_PLACEMENT_3D('',#15223,#12566,#12567);
#10499=AXIS2_PLACEMENT_3D('',#15225,#12568,#12569);
#10500=AXIS2_PLACEMENT_3D('',#15226,#12570,#12571);
#10501=AXIS2_PLACEMENT_3D('',#15228,#12572,#12573);
#10502=AXIS2_PLACEMENT_3D('',#15229,#12574,#12575);
#10503=AXIS2_PLACEMENT_3D('',#15231,#12576,#12577);
#10504=AXIS2_PLACEMENT_3D('',#15232,#12578,#12579);
#10505=AXIS2_PLACEMENT_3D('',#15234,#12580,#12581);
#10506=AXIS2_PLACEMENT_3D('',#15236,#12582,#12583);
#10507=AXIS2_PLACEMENT_3D('',#15237,#12584,#12585);
#10508=AXIS2_PLACEMENT_3D('',#15239,#12586,#12587);
#10509=AXIS2_PLACEMENT_3D('',#15240,#12588,#12589);
#10510=AXIS2_PLACEMENT_3D('',#15242,#12590,#12591);
#10511=AXIS2_PLACEMENT_3D('',#15243,#12592,#12593);
#10512=AXIS2_PLACEMENT_3D('',#15245,#12594,#12595);
#10513=AXIS2_PLACEMENT_3D('',#15247,#12596,#12597);
#10514=AXIS2_PLACEMENT_3D('',#15248,#12598,#12599);
#10515=AXIS2_PLACEMENT_3D('',#15250,#12600,#12601);
#10516=AXIS2_PLACEMENT_3D('',#15251,#12602,#12603);
#10517=AXIS2_PLACEMENT_3D('',#15253,#12604,#12605);
#10518=AXIS2_PLACEMENT_3D('',#15257,#12607,#12608);
#10519=AXIS2_PLACEMENT_3D('',#15261,#12610,#12611);
#10520=AXIS2_PLACEMENT_3D('',#15265,#12613,#12614);
#10521=AXIS2_PLACEMENT_3D('',#15269,#12616,#12617);
#10522=AXIS2_PLACEMENT_3D('',#15273,#12619,#12620);
#10523=AXIS2_PLACEMENT_3D('',#15277,#12622,#12623);
#10524=AXIS2_PLACEMENT_3D('',#15281,#12625,#12626);
#10525=AXIS2_PLACEMENT_3D('',#15285,#12628,#12629);
#10526=AXIS2_PLACEMENT_3D('',#15286,#12630,#12631);
#10527=AXIS2_PLACEMENT_3D('',#15292,#12635,#12636);
#10528=AXIS2_PLACEMENT_3D('',#15298,#12640,#12641);
#10529=AXIS2_PLACEMENT_3D('',#15304,#12645,#12646);
#10530=AXIS2_PLACEMENT_3D('',#15310,#12650,#12651);
#10531=AXIS2_PLACEMENT_3D('',#15311,#12652,#12653);
#10532=AXIS2_PLACEMENT_3D('',#15313,#12654,#12655);
#10533=AXIS2_PLACEMENT_3D('',#15314,#12656,#12657);
#10534=AXIS2_PLACEMENT_3D('',#15315,#12658,#12659);
#10535=AXIS2_PLACEMENT_3D('',#15316,#12660,#12661);
#10536=AXIS2_PLACEMENT_3D('',#15317,#12662,#12663);
#10537=AXIS2_PLACEMENT_3D('',#15323,#12667,#12668);
#10538=AXIS2_PLACEMENT_3D('',#15329,#12672,#12673);
#10539=AXIS2_PLACEMENT_3D('',#15335,#12677,#12678);
#10540=AXIS2_PLACEMENT_3D('',#15341,#12682,#12683);
#10541=AXIS2_PLACEMENT_3D('',#15342,#12684,#12685);
#10542=AXIS2_PLACEMENT_3D('',#15344,#12686,#12687);
#10543=AXIS2_PLACEMENT_3D('',#15345,#12688,#12689);
#10544=AXIS2_PLACEMENT_3D('',#15346,#12690,#12691);
#10545=AXIS2_PLACEMENT_3D('',#15347,#12692,#12693);
#10546=AXIS2_PLACEMENT_3D('',#15348,#12694,#12695);
#10547=AXIS2_PLACEMENT_3D('',#15349,#12696,#12697);
#10548=AXIS2_PLACEMENT_3D('',#15350,#12698,#12699);
#10549=AXIS2_PLACEMENT_3D('',#15351,#12700,#12701);
#10550=AXIS2_PLACEMENT_3D('',#15352,#12702,#12703);
#10551=AXIS2_PLACEMENT_3D('',#15353,#12704,#12705);
#10552=AXIS2_PLACEMENT_3D('',#15354,#12706,#12707);
#10553=AXIS2_PLACEMENT_3D('',#15355,#12708,#12709);
#10554=AXIS2_PLACEMENT_3D('',#15356,#12710,#12711);
#10555=AXIS2_PLACEMENT_3D('',#15357,#12712,#12713);
#10556=AXIS2_PLACEMENT_3D('',#15359,#12714,#12715);
#10557=AXIS2_PLACEMENT_3D('',#15360,#12716,#12717);
#10558=AXIS2_PLACEMENT_3D('',#15362,#12718,#12719);
#10559=AXIS2_PLACEMENT_3D('',#15363,#12720,#12721);
#10560=AXIS2_PLACEMENT_3D('',#15364,#12722,#12723);
#10561=AXIS2_PLACEMENT_3D('',#15365,#12724,#12725);
#10562=AXIS2_PLACEMENT_3D('',#15367,#12726,#12727);
#10563=AXIS2_PLACEMENT_3D('',#15369,#12728,#12729);
#10564=AXIS2_PLACEMENT_3D('',#15370,#12730,#12731);
#10565=AXIS2_PLACEMENT_3D('',#15372,#12732,#12733);
#10566=AXIS2_PLACEMENT_3D('',#15374,#12734,#12735);
#10567=AXIS2_PLACEMENT_3D('',#15375,#12736,#12737);
#10568=AXIS2_PLACEMENT_3D('',#15377,#12738,#12739);
#10569=AXIS2_PLACEMENT_3D('',#15379,#12740,#12741);
#10570=AXIS2_PLACEMENT_3D('',#15380,#12742,#12743);
#10571=AXIS2_PLACEMENT_3D('',#15382,#12744,#12745);
#10572=AXIS2_PLACEMENT_3D('',#15384,#12746,#12747);
#10573=AXIS2_PLACEMENT_3D('',#15385,#12748,#12749);
#10574=AXIS2_PLACEMENT_3D('',#15390,#12751,#12752);
#10575=AXIS2_PLACEMENT_3D('',#15393,#12754,#12755);
#10576=AXIS2_PLACEMENT_3D('',#15394,#12756,#12757);
#10577=AXIS2_PLACEMENT_3D('',#15399,#12759,#12760);
#10578=AXIS2_PLACEMENT_3D('',#15402,#12762,#12763);
#10579=AXIS2_PLACEMENT_3D('',#15406,#12765,#12766);
#10580=AXIS2_PLACEMENT_3D('',#15407,#12767,#12768);
#10581=AXIS2_PLACEMENT_3D('',#15408,#12769,#12770);
#10582=AXIS2_PLACEMENT_3D('',#15414,#12774,#12775);
#10583=AXIS2_PLACEMENT_3D('',#15420,#12779,#12780);
#10584=AXIS2_PLACEMENT_3D('',#15424,#12782,#12783);
#10585=AXIS2_PLACEMENT_3D('',#15425,#12784,#12785);
#10586=AXIS2_PLACEMENT_3D('',#15426,#12786,#12787);
#10587=AXIS2_PLACEMENT_3D('',#15427,#12788,#12789);
#10588=AXIS2_PLACEMENT_3D('',#15428,#12790,#12791);
#10589=AXIS2_PLACEMENT_3D('',#15429,#12792,#12793);
#10590=AXIS2_PLACEMENT_3D('',#15435,#12797,#12798);
#10591=AXIS2_PLACEMENT_3D('',#15436,#12799,#12800);
#10592=AXIS2_PLACEMENT_3D('',#15440,#12802,#12803);
#10593=AXIS2_PLACEMENT_3D('',#15441,#12804,#12805);
#10594=AXIS2_PLACEMENT_3D('',#15442,#12806,#12807);
#10595=AXIS2_PLACEMENT_3D('',#15447,#12809,#12810);
#10596=AXIS2_PLACEMENT_3D('',#15450,#12812,#12813);
#10597=AXIS2_PLACEMENT_3D('',#15454,#12815,#12816);
#10598=AXIS2_PLACEMENT_3D('',#15455,#12817,#12818);
#10599=AXIS2_PLACEMENT_3D('',#15456,#12819,#12820);
#10600=AXIS2_PLACEMENT_3D('',#15462,#12824,#12825);
#10601=AXIS2_PLACEMENT_3D('',#15468,#12829,#12830);
#10602=AXIS2_PLACEMENT_3D('',#15472,#12832,#12833);
#10603=AXIS2_PLACEMENT_3D('',#15473,#12834,#12835);
#10604=AXIS2_PLACEMENT_3D('',#15474,#12836,#12837);
#10605=AXIS2_PLACEMENT_3D('',#15475,#12838,#12839);
#10606=AXIS2_PLACEMENT_3D('',#15476,#12840,#12841);
#10607=AXIS2_PLACEMENT_3D('',#15477,#12842,#12843);
#10608=AXIS2_PLACEMENT_3D('',#15483,#12847,#12848);
#10609=AXIS2_PLACEMENT_3D('',#15484,#12849,#12850);
#10610=AXIS2_PLACEMENT_3D('',#15488,#12852,#12853);
#10611=AXIS2_PLACEMENT_3D('',#15489,#12854,#12855);
#10612=AXIS2_PLACEMENT_3D('',#15490,#12856,#12857);
#10613=AXIS2_PLACEMENT_3D('',#15495,#12859,#12860);
#10614=AXIS2_PLACEMENT_3D('',#15498,#12862,#12863);
#10615=AXIS2_PLACEMENT_3D('',#15502,#12865,#12866);
#10616=AXIS2_PLACEMENT_3D('',#15503,#12867,#12868);
#10617=AXIS2_PLACEMENT_3D('',#15504,#12869,#12870);
#10618=AXIS2_PLACEMENT_3D('',#15510,#12874,#12875);
#10619=AXIS2_PLACEMENT_3D('',#15516,#12879,#12880);
#10620=AXIS2_PLACEMENT_3D('',#15517,#12881,#12882);
#10621=AXIS2_PLACEMENT_3D('',#15519,#12883,#12884);
#10622=AXIS2_PLACEMENT_3D('',#15522,#12886,#12887);
#10623=AXIS2_PLACEMENT_3D('',#15523,#12888,#12889);
#10624=AXIS2_PLACEMENT_3D('',#15524,#12890,#12891);
#10625=AXIS2_PLACEMENT_3D('',#15525,#12892,#12893);
#10626=AXIS2_PLACEMENT_3D('',#15531,#12897,#12898);
#10627=AXIS2_PLACEMENT_3D('',#15532,#12899,#12900);
#10628=AXIS2_PLACEMENT_3D('',#15536,#12902,#12903);
#10629=AXIS2_PLACEMENT_3D('',#15537,#12904,#12905);
#10630=AXIS2_PLACEMENT_3D('',#15543,#12909,#12910);
#10631=AXIS2_PLACEMENT_3D('',#15549,#12914,#12915);
#10632=AXIS2_PLACEMENT_3D('',#15550,#12916,#12917);
#10633=AXIS2_PLACEMENT_3D('',#15552,#12918,#12919);
#10634=AXIS2_PLACEMENT_3D('',#15555,#12921,#12922);
#10635=AXIS2_PLACEMENT_3D('',#15556,#12923,#12924);
#10636=AXIS2_PLACEMENT_3D('',#15560,#12926,#12927);
#10637=AXIS2_PLACEMENT_3D('',#15561,#12928,#12929);
#10638=AXIS2_PLACEMENT_3D('',#15562,#12930,#12931);
#10639=AXIS2_PLACEMENT_3D('',#15566,#12933,#12934);
#10640=AXIS2_PLACEMENT_3D('',#15567,#12935,#12936);
#10641=AXIS2_PLACEMENT_3D('',#15568,#12937,#12938);
#10642=AXIS2_PLACEMENT_3D('',#15572,#12940,#12941);
#10643=AXIS2_PLACEMENT_3D('',#15573,#12942,#12943);
#10644=AXIS2_PLACEMENT_3D('',#15575,#12945,#12946);
#10645=AXIS2_PLACEMENT_3D('',#15577,#12948,#12949);
#10646=AXIS2_PLACEMENT_3D('',#15578,#12950,#12951);
#10647=AXIS2_PLACEMENT_3D('',#15579,#12952,#12953);
#10648=AXIS2_PLACEMENT_3D('',#15580,#12954,#12955);
#10649=AXIS2_PLACEMENT_3D('',#15582,#12956,#12957);
#10650=AXIS2_PLACEMENT_3D('',#15595,#12964,#12965);
#10651=AXIS2_PLACEMENT_3D('',#15597,#12966,#12967);
#10652=AXIS2_PLACEMENT_3D('',#15603,#12971,#12972);
#10653=AXIS2_PLACEMENT_3D('',#15607,#12975,#12976);
#10654=AXIS2_PLACEMENT_3D('',#15611,#12979,#12980);
#10655=AXIS2_PLACEMENT_3D('',#15615,#12983,#12984);
#10656=AXIS2_PLACEMENT_3D('',#15619,#12987,#12988);
#10657=AXIS2_PLACEMENT_3D('',#15621,#12990,#12991);
#10658=AXIS2_PLACEMENT_3D('',#15622,#12992,#12993);
#10659=AXIS2_PLACEMENT_3D('',#15624,#12994,#12995);
#10660=AXIS2_PLACEMENT_3D('',#15625,#12996,#12997);
#10661=AXIS2_PLACEMENT_3D('',#15627,#12998,#12999);
#10662=AXIS2_PLACEMENT_3D('',#15628,#13000,#13001);
#10663=AXIS2_PLACEMENT_3D('',#15629,#13002,#13003);
#10664=AXIS2_PLACEMENT_3D('',#15630,#13004,#13005);
#10665=AXIS2_PLACEMENT_3D('',#15631,#13006,#13007);
#10666=AXIS2_PLACEMENT_3D('',#15633,#13008,#13009);
#10667=AXIS2_PLACEMENT_3D('',#15646,#13016,#13017);
#10668=AXIS2_PLACEMENT_3D('',#15648,#13018,#13019);
#10669=AXIS2_PLACEMENT_3D('',#15654,#13023,#13024);
#10670=AXIS2_PLACEMENT_3D('',#15658,#13027,#13028);
#10671=AXIS2_PLACEMENT_3D('',#15662,#13031,#13032);
#10672=AXIS2_PLACEMENT_3D('',#15666,#13035,#13036);
#10673=AXIS2_PLACEMENT_3D('',#15670,#13039,#13040);
#10674=AXIS2_PLACEMENT_3D('',#15672,#13042,#13043);
#10675=AXIS2_PLACEMENT_3D('',#15673,#13044,#13045);
#10676=AXIS2_PLACEMENT_3D('',#15675,#13046,#13047);
#10677=AXIS2_PLACEMENT_3D('',#15676,#13048,#13049);
#10678=AXIS2_PLACEMENT_3D('',#15678,#13050,#13051);
#10679=AXIS2_PLACEMENT_3D('',#15679,#13052,#13053);
#10680=AXIS2_PLACEMENT_3D('',#15680,#13054,#13055);
#10681=AXIS2_PLACEMENT_3D('',#15681,#13056,#13057);
#10682=AXIS2_PLACEMENT_3D('',#15690,#13062,#13063);
#10683=AXIS2_PLACEMENT_3D('',#15696,#13067,#13068);
#10684=AXIS2_PLACEMENT_3D('',#15702,#13072,#13073);
#10685=AXIS2_PLACEMENT_3D('',#15705,#13076,#13077);
#10686=AXIS2_PLACEMENT_3D('',#15706,#13078,#13079);
#10687=AXIS2_PLACEMENT_3D('',#15707,#13080,#13081);
#10688=AXIS2_PLACEMENT_3D('',#15708,#13082,#13083);
#10689=AXIS2_PLACEMENT_3D('',#15709,#13084,#13085);
#10690=AXIS2_PLACEMENT_3D('',#15711,#13086,#13087);
#10691=AXIS2_PLACEMENT_3D('',#15724,#13094,#13095);
#10692=AXIS2_PLACEMENT_3D('',#15726,#13096,#13097);
#10693=AXIS2_PLACEMENT_3D('',#15732,#13101,#13102);
#10694=AXIS2_PLACEMENT_3D('',#15736,#13105,#13106);
#10695=AXIS2_PLACEMENT_3D('',#15740,#13109,#13110);
#10696=AXIS2_PLACEMENT_3D('',#15744,#13113,#13114);
#10697=AXIS2_PLACEMENT_3D('',#15748,#13117,#13118);
#10698=AXIS2_PLACEMENT_3D('',#15750,#13120,#13121);
#10699=AXIS2_PLACEMENT_3D('',#15751,#13122,#13123);
#10700=AXIS2_PLACEMENT_3D('',#15753,#13124,#13125);
#10701=AXIS2_PLACEMENT_3D('',#15754,#13126,#13127);
#10702=AXIS2_PLACEMENT_3D('',#15756,#13128,#13129);
#10703=AXIS2_PLACEMENT_3D('',#15757,#13130,#13131);
#10704=AXIS2_PLACEMENT_3D('',#15758,#13132,#13133);
#10705=AXIS2_PLACEMENT_3D('',#15759,#13134,#13135);
#10706=AXIS2_PLACEMENT_3D('',#15760,#13136,#13137);
#10707=AXIS2_PLACEMENT_3D('',#15762,#13138,#13139);
#10708=AXIS2_PLACEMENT_3D('',#15775,#13146,#13147);
#10709=AXIS2_PLACEMENT_3D('',#15777,#13148,#13149);
#10710=AXIS2_PLACEMENT_3D('',#15783,#13153,#13154);
#10711=AXIS2_PLACEMENT_3D('',#15787,#13157,#13158);
#10712=AXIS2_PLACEMENT_3D('',#15791,#13161,#13162);
#10713=AXIS2_PLACEMENT_3D('',#15795,#13165,#13166);
#10714=AXIS2_PLACEMENT_3D('',#15799,#13169,#13170);
#10715=AXIS2_PLACEMENT_3D('',#15801,#13172,#13173);
#10716=AXIS2_PLACEMENT_3D('',#15802,#13174,#13175);
#10717=AXIS2_PLACEMENT_3D('',#15804,#13176,#13177);
#10718=AXIS2_PLACEMENT_3D('',#15805,#13178,#13179);
#10719=AXIS2_PLACEMENT_3D('',#15807,#13180,#13181);
#10720=AXIS2_PLACEMENT_3D('',#15808,#13182,#13183);
#10721=AXIS2_PLACEMENT_3D('',#15809,#13184,#13185);
#10722=AXIS2_PLACEMENT_3D('',#15810,#13186,#13187);
#10723=AXIS2_PLACEMENT_3D('',#15811,#13188,#13189);
#10724=AXIS2_PLACEMENT_3D('',#15820,#13194,#13195);
#10725=AXIS2_PLACEMENT_3D('',#15826,#13199,#13200);
#10726=AXIS2_PLACEMENT_3D('',#15832,#13204,#13205);
#10727=AXIS2_PLACEMENT_3D('',#15835,#13208,#13209);
#10728=AXIS2_PLACEMENT_3D('',#15836,#13210,#13211);
#10729=AXIS2_PLACEMENT_3D('',#15837,#13212,#13213);
#10730=AXIS2_PLACEMENT_3D('',#15838,#13214,#13215);
#10731=AXIS2_PLACEMENT_3D('',#15839,#13216,#13217);
#10732=AXIS2_PLACEMENT_3D('',#15841,#13218,#13219);
#10733=AXIS2_PLACEMENT_3D('',#15843,#13220,#13221);
#10734=AXIS2_PLACEMENT_3D('',#15844,#13222,#13223);
#10735=AXIS2_PLACEMENT_3D('',#15846,#13224,#13225);
#10736=AXIS2_PLACEMENT_3D('',#15848,#13226,#13227);
#10737=AXIS2_PLACEMENT_3D('',#15849,#13228,#13229);
#10738=AXIS2_PLACEMENT_3D('',#15862,#13236,#13237);
#10739=AXIS2_PLACEMENT_3D('',#15868,#13241,#13242);
#10740=AXIS2_PLACEMENT_3D('',#15872,#13245,#13246);
#10741=AXIS2_PLACEMENT_3D('',#15876,#13249,#13250);
#10742=AXIS2_PLACEMENT_3D('',#15880,#13253,#13254);
#10743=AXIS2_PLACEMENT_3D('',#15884,#13257,#13258);
#10744=AXIS2_PLACEMENT_3D('',#15886,#13260,#13261);
#10745=AXIS2_PLACEMENT_3D('',#15887,#13262,#13263);
#10746=AXIS2_PLACEMENT_3D('',#15888,#13264,#13265);
#10747=AXIS2_PLACEMENT_3D('',#15889,#13266,#13267);
#10748=AXIS2_PLACEMENT_3D('',#15898,#13272,#13273);
#10749=AXIS2_PLACEMENT_3D('',#15904,#13277,#13278);
#10750=AXIS2_PLACEMENT_3D('',#15910,#13282,#13283);
#10751=AXIS2_PLACEMENT_3D('',#15913,#13286,#13287);
#10752=AXIS2_PLACEMENT_3D('',#15914,#13288,#13289);
#10753=AXIS2_PLACEMENT_3D('',#15915,#13290,#13291);
#10754=AXIS2_PLACEMENT_3D('',#15916,#13292,#13293);
#10755=AXIS2_PLACEMENT_3D('',#15925,#13298,#13299);
#10756=AXIS2_PLACEMENT_3D('',#15931,#13303,#13304);
#10757=AXIS2_PLACEMENT_3D('',#15937,#13308,#13309);
#10758=AXIS2_PLACEMENT_3D('',#15940,#13312,#13313);
#10759=AXIS2_PLACEMENT_3D('',#15941,#13314,#13315);
#10760=AXIS2_PLACEMENT_3D('',#15942,#13316,#13317);
#10761=AXIS2_PLACEMENT_3D('',#15943,#13318,#13319);
#10762=AXIS2_PLACEMENT_3D('',#15944,#13320,#13321);
#10763=AXIS2_PLACEMENT_3D('',#15946,#13322,#13323);
#10764=AXIS2_PLACEMENT_3D('',#15959,#13330,#13331);
#10765=AXIS2_PLACEMENT_3D('',#15961,#13332,#13333);
#10766=AXIS2_PLACEMENT_3D('',#15967,#13337,#13338);
#10767=AXIS2_PLACEMENT_3D('',#15971,#13341,#13342);
#10768=AXIS2_PLACEMENT_3D('',#15975,#13345,#13346);
#10769=AXIS2_PLACEMENT_3D('',#15979,#13349,#13350);
#10770=AXIS2_PLACEMENT_3D('',#15983,#13353,#13354);
#10771=AXIS2_PLACEMENT_3D('',#15985,#13356,#13357);
#10772=AXIS2_PLACEMENT_3D('',#15986,#13358,#13359);
#10773=AXIS2_PLACEMENT_3D('',#15988,#13360,#13361);
#10774=AXIS2_PLACEMENT_3D('',#15989,#13362,#13363);
#10775=AXIS2_PLACEMENT_3D('',#15991,#13364,#13365);
#10776=AXIS2_PLACEMENT_3D('',#15992,#13366,#13367);
#10777=AXIS2_PLACEMENT_3D('',#15993,#13368,#13369);
#10778=AXIS2_PLACEMENT_3D('',#15994,#13370,#13371);
#10779=AXIS2_PLACEMENT_3D('',#15995,#13372,#13373);
#10780=AXIS2_PLACEMENT_3D('',#15997,#13374,#13375);
#10781=AXIS2_PLACEMENT_3D('',#16010,#13382,#13383);
#10782=AXIS2_PLACEMENT_3D('',#16012,#13384,#13385);
#10783=AXIS2_PLACEMENT_3D('',#16018,#13389,#13390);
#10784=AXIS2_PLACEMENT_3D('',#16022,#13393,#13394);
#10785=AXIS2_PLACEMENT_3D('',#16026,#13397,#13398);
#10786=AXIS2_PLACEMENT_3D('',#16030,#13401,#13402);
#10787=AXIS2_PLACEMENT_3D('',#16034,#13405,#13406);
#10788=AXIS2_PLACEMENT_3D('',#16036,#13408,#13409);
#10789=AXIS2_PLACEMENT_3D('',#16037,#13410,#13411);
#10790=AXIS2_PLACEMENT_3D('',#16039,#13412,#13413);
#10791=AXIS2_PLACEMENT_3D('',#16040,#13414,#13415);
#10792=AXIS2_PLACEMENT_3D('',#16042,#13416,#13417);
#10793=AXIS2_PLACEMENT_3D('',#16043,#13418,#13419);
#10794=AXIS2_PLACEMENT_3D('',#16044,#13420,#13421);
#10795=AXIS2_PLACEMENT_3D('',#16045,#13422,#13423);
#10796=AXIS2_PLACEMENT_3D('',#16046,#13424,#13425);
#10797=AXIS2_PLACEMENT_3D('',#16048,#13426,#13427);
#10798=AXIS2_PLACEMENT_3D('',#16050,#13428,#13429);
#10799=AXIS2_PLACEMENT_3D('',#16051,#13430,#13431);
#10800=AXIS2_PLACEMENT_3D('',#16053,#13432,#13433);
#10801=AXIS2_PLACEMENT_3D('',#16055,#13434,#13435);
#10802=AXIS2_PLACEMENT_3D('',#16056,#13436,#13437);
#10803=AXIS2_PLACEMENT_3D('',#16069,#13444,#13445);
#10804=AXIS2_PLACEMENT_3D('',#16075,#13449,#13450);
#10805=AXIS2_PLACEMENT_3D('',#16079,#13453,#13454);
#10806=AXIS2_PLACEMENT_3D('',#16083,#13457,#13458);
#10807=AXIS2_PLACEMENT_3D('',#16087,#13461,#13462);
#10808=AXIS2_PLACEMENT_3D('',#16091,#13465,#13466);
#10809=AXIS2_PLACEMENT_3D('',#16093,#13468,#13469);
#10810=AXIS2_PLACEMENT_3D('',#16094,#13470,#13471);
#10811=AXIS2_PLACEMENT_3D('',#16095,#13472,#13473);
#10812=AXIS2_PLACEMENT_3D('',#16096,#13474,#13475);
#10813=AXIS2_PLACEMENT_3D('',#16097,#13476,#13477);
#10814=AXIS2_PLACEMENT_3D('',#16099,#13478,#13479);
#10815=AXIS2_PLACEMENT_3D('',#16112,#13486,#13487);
#10816=AXIS2_PLACEMENT_3D('',#16114,#13488,#13489);
#10817=AXIS2_PLACEMENT_3D('',#16120,#13493,#13494);
#10818=AXIS2_PLACEMENT_3D('',#16124,#13497,#13498);
#10819=AXIS2_PLACEMENT_3D('',#16128,#13501,#13502);
#10820=AXIS2_PLACEMENT_3D('',#16132,#13505,#13506);
#10821=AXIS2_PLACEMENT_3D('',#16136,#13509,#13510);
#10822=AXIS2_PLACEMENT_3D('',#16138,#13512,#13513);
#10823=AXIS2_PLACEMENT_3D('',#16139,#13514,#13515);
#10824=AXIS2_PLACEMENT_3D('',#16141,#13516,#13517);
#10825=AXIS2_PLACEMENT_3D('',#16142,#13518,#13519);
#10826=AXIS2_PLACEMENT_3D('',#16144,#13520,#13521);
#10827=AXIS2_PLACEMENT_3D('',#16145,#13522,#13523);
#10828=AXIS2_PLACEMENT_3D('',#16146,#13524,#13525);
#10829=AXIS2_PLACEMENT_3D('',#16147,#13526,#13527);
#10830=AXIS2_PLACEMENT_3D('',#16148,#13528,#13529);
#10831=AXIS2_PLACEMENT_3D('',#16150,#13530,#13531);
#10832=AXIS2_PLACEMENT_3D('',#16163,#13538,#13539);
#10833=AXIS2_PLACEMENT_3D('',#16165,#13540,#13541);
#10834=AXIS2_PLACEMENT_3D('',#16171,#13545,#13546);
#10835=AXIS2_PLACEMENT_3D('',#16175,#13549,#13550);
#10836=AXIS2_PLACEMENT_3D('',#16179,#13553,#13554);
#10837=AXIS2_PLACEMENT_3D('',#16183,#13557,#13558);
#10838=AXIS2_PLACEMENT_3D('',#16187,#13561,#13562);
#10839=AXIS2_PLACEMENT_3D('',#16189,#13564,#13565);
#10840=AXIS2_PLACEMENT_3D('',#16190,#13566,#13567);
#10841=AXIS2_PLACEMENT_3D('',#16192,#13568,#13569);
#10842=AXIS2_PLACEMENT_3D('',#16193,#13570,#13571);
#10843=AXIS2_PLACEMENT_3D('',#16195,#13572,#13573);
#10844=AXIS2_PLACEMENT_3D('',#16196,#13574,#13575);
#10845=AXIS2_PLACEMENT_3D('',#16197,#13576,#13577);
#10846=DIRECTION('',(0.,0.,1.));
#10847=DIRECTION('',(1.,0.,0.));
#10848=DIRECTION('',(0.,0.,-1.));
#10849=DIRECTION('',(0.877582561890372,-0.479425538604204,0.));
#10850=DIRECTION('',(0.,0.,-1.));
#10851=DIRECTION('',(-1.,0.,0.));
#10852=DIRECTION('',(0.,0.,1.));
#10853=DIRECTION('',(1.,0.,0.));
#10854=DIRECTION('',(0.,0.,-1.));
#10855=DIRECTION('',(1.,0.,0.));
#10856=DIRECTION('',(0.,0.,-1.));
#10857=DIRECTION('',(-1.,0.,0.));
#10858=DIRECTION('',(0.,0.,1.));
#10859=DIRECTION('',(1.,0.,0.));
#10860=DIRECTION('',(0.,0.,-1.));
#10861=DIRECTION('',(1.,0.,0.));
#10862=DIRECTION('',(0.,0.,1.));
#10863=DIRECTION('',(1.,0.,0.));
#10864=DIRECTION('',(0.866025403784329,0.50000000000019,0.));
#10865=DIRECTION('',(0.866025403784329,-0.50000000000019,0.));
#10866=DIRECTION('',(1.53837014911E-16,-1.,0.));
#10867=DIRECTION('',(-0.866025403784329,-0.50000000000019,0.));
#10868=DIRECTION('',(-0.866025403784329,0.50000000000019,0.));
#10869=DIRECTION('',(0.,1.,0.));
#10870=DIRECTION('',(0.50000000000019,-0.866025403784329,0.));
#10871=DIRECTION('',(0.866025403784329,0.50000000000019,0.));
#10872=DIRECTION('',(0.,0.,1.));
#10873=DIRECTION('',(0.,0.,1.));
#10874=DIRECTION('',(0.866025403784329,0.50000000000019,0.));
#10875=DIRECTION('',(-0.50000000000019,-0.866025403784329,0.));
#10876=DIRECTION('',(0.866025403784329,-0.50000000000019,0.));
#10877=DIRECTION('',(0.,0.,1.));
#10878=DIRECTION('',(0.866025403784329,-0.50000000000019,0.));
#10879=DIRECTION('',(-1.,0.,0.));
#10880=DIRECTION('',(0.,-1.,0.));
#10881=DIRECTION('',(0.,0.,1.));
#10882=DIRECTION('',(0.,-1.,0.));
#10883=DIRECTION('',(-0.50000000000019,0.866025403784329,0.));
#10884=DIRECTION('',(-0.866025403784329,-0.50000000000019,0.));
#10885=DIRECTION('',(0.,0.,1.));
#10886=DIRECTION('',(-0.866025403784329,-0.50000000000019,0.));
#10887=DIRECTION('',(0.50000000000019,0.866025403784329,0.));
#10888=DIRECTION('',(-0.866025403784329,0.50000000000019,0.));
#10889=DIRECTION('',(0.,0.,1.));
#10890=DIRECTION('',(-0.866025403784329,0.50000000000019,0.));
#10891=DIRECTION('',(1.,0.,0.));
#10892=DIRECTION('',(0.,1.,0.));
#10893=DIRECTION('',(0.,1.,0.));
#10894=DIRECTION('',(0.,0.,1.));
#10895=DIRECTION('',(1.,0.,0.));
#10896=DIRECTION('',(0.,0.,-1.));
#10897=DIRECTION('',(1.,0.,0.));
#10898=DIRECTION('',(0.,0.,1.));
#10899=DIRECTION('',(1.,0.,0.));
#10900=DIRECTION('',(0.,0.,-1.));
#10901=DIRECTION('',(0.877582561890372,-0.479425538604204,0.));
#10902=DIRECTION('',(0.,0.,-1.));
#10903=DIRECTION('',(-1.,0.,0.));
#10904=DIRECTION('',(0.,0.,1.));
#10905=DIRECTION('',(1.,0.,0.));
#10906=DIRECTION('',(0.,0.,-1.));
#10907=DIRECTION('',(1.,0.,0.));
#10908=DIRECTION('',(0.,0.,-1.));
#10909=DIRECTION('',(-1.,0.,0.));
#10910=DIRECTION('',(0.,0.,1.));
#10911=DIRECTION('',(1.,0.,0.));
#10912=DIRECTION('',(0.,0.,-1.));
#10913=DIRECTION('',(1.,0.,0.));
#10914=DIRECTION('',(0.,0.,1.));
#10915=DIRECTION('',(1.,0.,0.));
#10916=DIRECTION('',(0.866025403784329,0.50000000000019,0.));
#10917=DIRECTION('',(0.866025403784329,-0.50000000000019,0.));
#10918=DIRECTION('',(1.53837014911E-16,-1.,0.));
#10919=DIRECTION('',(-0.866025403784329,-0.50000000000019,0.));
#10920=DIRECTION('',(-0.866025403784329,0.50000000000019,0.));
#10921=DIRECTION('',(0.,1.,0.));
#10922=DIRECTION('',(0.50000000000019,-0.866025403784329,0.));
#10923=DIRECTION('',(0.866025403784329,0.50000000000019,0.));
#10924=DIRECTION('',(0.,0.,1.));
#10925=DIRECTION('',(0.,0.,1.));
#10926=DIRECTION('',(0.866025403784329,0.50000000000019,0.));
#10927=DIRECTION('',(-0.50000000000019,-0.866025403784329,0.));
#10928=DIRECTION('',(0.866025403784329,-0.50000000000019,0.));
#10929=DIRECTION('',(0.,0.,1.));
#10930=DIRECTION('',(0.866025403784329,-0.50000000000019,0.));
#10931=DIRECTION('',(-1.,0.,0.));
#10932=DIRECTION('',(0.,-1.,0.));
#10933=DIRECTION('',(0.,0.,1.));
#10934=DIRECTION('',(0.,-1.,0.));
#10935=DIRECTION('',(-0.50000000000019,0.866025403784329,0.));
#10936=DIRECTION('',(-0.866025403784329,-0.50000000000019,0.));
#10937=DIRECTION('',(0.,0.,1.));
#10938=DIRECTION('',(-0.866025403784329,-0.50000000000019,0.));
#10939=DIRECTION('',(0.50000000000019,0.866025403784329,0.));
#10940=DIRECTION('',(-0.866025403784329,0.50000000000019,0.));
#10941=DIRECTION('',(0.,0.,1.));
#10942=DIRECTION('',(-0.866025403784329,0.50000000000019,0.));
#10943=DIRECTION('',(1.,0.,0.));
#10944=DIRECTION('',(0.,1.,0.));
#10945=DIRECTION('',(0.,1.,0.));
#10946=DIRECTION('',(0.,0.,1.));
#10947=DIRECTION('',(1.,0.,0.));
#10948=DIRECTION('',(0.,0.,-1.));
#10949=DIRECTION('',(1.,0.,0.));
#10950=DIRECTION('',(0.,0.,1.));
#10951=DIRECTION('',(1.,0.,0.));
#10952=DIRECTION('',(0.,0.,-1.));
#10953=DIRECTION('',(0.877582561890372,-0.479425538604204,0.));
#10954=DIRECTION('',(0.,0.,-1.));
#10955=DIRECTION('',(-1.,0.,0.));
#10956=DIRECTION('',(0.,0.,1.));
#10957=DIRECTION('',(1.,0.,0.));
#10958=DIRECTION('',(0.,0.,-1.));
#10959=DIRECTION('',(1.,0.,0.));
#10960=DIRECTION('',(0.,0.,-1.));
#10961=DIRECTION('',(-1.,0.,0.));
#10962=DIRECTION('',(0.,0.,1.));
#10963=DIRECTION('',(1.,0.,0.));
#10964=DIRECTION('',(0.,0.,-1.));
#10965=DIRECTION('',(1.,0.,0.));
#10966=DIRECTION('',(0.,0.,1.));
#10967=DIRECTION('',(1.,0.,0.));
#10968=DIRECTION('',(0.866025403784329,0.50000000000019,0.));
#10969=DIRECTION('',(0.866025403784329,-0.50000000000019,0.));
#10970=DIRECTION('',(1.53837014911E-16,-1.,0.));
#10971=DIRECTION('',(-0.866025403784329,-0.50000000000019,0.));
#10972=DIRECTION('',(-0.866025403784329,0.50000000000019,0.));
#10973=DIRECTION('',(0.,1.,0.));
#10974=DIRECTION('',(0.50000000000019,-0.866025403784329,0.));
#10975=DIRECTION('',(0.866025403784329,0.50000000000019,0.));
#10976=DIRECTION('',(0.,0.,1.));
#10977=DIRECTION('',(0.,0.,1.));
#10978=DIRECTION('',(0.866025403784329,0.50000000000019,0.));
#10979=DIRECTION('',(-0.50000000000019,-0.866025403784329,0.));
#10980=DIRECTION('',(0.866025403784329,-0.50000000000019,0.));
#10981=DIRECTION('',(0.,0.,1.));
#10982=DIRECTION('',(0.866025403784329,-0.50000000000019,0.));
#10983=DIRECTION('',(-1.,0.,0.));
#10984=DIRECTION('',(0.,-1.,0.));
#10985=DIRECTION('',(0.,0.,1.));
#10986=DIRECTION('',(0.,-1.,0.));
#10987=DIRECTION('',(-0.50000000000019,0.866025403784329,0.));
#10988=DIRECTION('',(-0.866025403784329,-0.50000000000019,0.));
#10989=DIRECTION('',(0.,0.,1.));
#10990=DIRECTION('',(-0.866025403784329,-0.50000000000019,0.));
#10991=DIRECTION('',(0.50000000000019,0.866025403784329,0.));
#10992=DIRECTION('',(-0.866025403784329,0.50000000000019,0.));
#10993=DIRECTION('',(0.,0.,1.));
#10994=DIRECTION('',(-0.866025403784329,0.50000000000019,0.));
#10995=DIRECTION('',(1.,0.,0.));
#10996=DIRECTION('',(0.,1.,0.));
#10997=DIRECTION('',(0.,1.,0.));
#10998=DIRECTION('',(0.,0.,1.));
#10999=DIRECTION('',(1.,0.,0.));
#11000=DIRECTION('',(0.,0.,-1.));
#11001=DIRECTION('',(1.,0.,0.));
#11002=DIRECTION('',(0.,0.,1.));
#11003=DIRECTION('',(1.,0.,0.));
#11004=DIRECTION('',(0.,0.,1.));
#11005=DIRECTION('',(1.,0.,0.));
#11006=DIRECTION('',(0.,0.,-1.));
#11007=DIRECTION('',(1.,0.,0.));
#11008=DIRECTION('',(0.,0.,-1.));
#11009=DIRECTION('',(-1.,0.,0.));
#11010=DIRECTION('',(0.,0.,1.));
#11011=DIRECTION('',(1.,0.,0.));
#11012=DIRECTION('',(0.,1.,0.));
#11013=DIRECTION('',(-0.866025403783548,0.500000000001542,0.));
#11014=DIRECTION('',(-0.866025403783548,-0.500000000001542,0.));
#11015=DIRECTION('',(0.,1.,0.));
#11016=DIRECTION('',(0.866025403783548,-0.500000000001542,0.));
#11017=DIRECTION('',(0.866025403783548,0.500000000001542,0.));
#11018=DIRECTION('',(0.,0.,-1.));
#11019=DIRECTION('',(-1.,0.,0.));
#11020=DIRECTION('',(1.,0.,0.));
#11021=DIRECTION('',(0.,1.,0.));
#11022=DIRECTION('',(0.,0.,1.));
#11023=DIRECTION('',(0.,1.,0.));
#11024=DIRECTION('',(0.,0.,1.));
#11025=DIRECTION('',(0.50000000000019,0.866025403784329,0.));
#11026=DIRECTION('',(-0.866025403784329,0.50000000000019,0.));
#11027=DIRECTION('',(-0.866025403784329,0.50000000000019,0.));
#11028=DIRECTION('',(0.,0.,1.));
#11029=DIRECTION('',(-0.50000000000019,0.866025403784329,0.));
#11030=DIRECTION('',(-0.866025403784329,-0.50000000000019,0.));
#11031=DIRECTION('',(-0.866025403784329,-0.50000000000019,0.));
#11032=DIRECTION('',(0.,0.,1.));
#11033=DIRECTION('',(-1.,-1.53837014911E-16,0.));
#11034=DIRECTION('',(1.53837014911E-16,-1.,0.));
#11035=DIRECTION('',(1.53837014911E-16,-1.,0.));
#11036=DIRECTION('',(0.,0.,1.));
#11037=DIRECTION('',(-0.50000000000019,-0.866025403784329,0.));
#11038=DIRECTION('',(0.866025403784329,-0.50000000000019,0.));
#11039=DIRECTION('',(0.866025403784329,-0.50000000000019,0.));
#11040=DIRECTION('',(0.,0.,1.));
#11041=DIRECTION('',(0.50000000000019,-0.866025403784329,0.));
#11042=DIRECTION('',(0.866025403784329,0.50000000000019,0.));
#11043=DIRECTION('',(0.866025403784329,0.50000000000019,0.));
#11044=DIRECTION('',(0.,0.,1.));
#11045=DIRECTION('',(1.,0.,0.));
#11046=DIRECTION('',(0.,0.,-1.));
#11047=DIRECTION('',(-1.,0.,0.));
#11048=DIRECTION('',(0.,0.,-1.));
#11049=DIRECTION('',(1.,0.,0.));
#11050=DIRECTION('',(0.,0.,-1.));
#11051=DIRECTION('',(-1.,0.,0.));
#11052=DIRECTION('',(0.,0.,-1.));
#11053=DIRECTION('',(1.,0.,0.));
#11054=DIRECTION('',(0.,0.,-1.));
#11055=DIRECTION('',(0.877582561890372,-0.479425538604204,0.));
#11056=DIRECTION('',(0.,0.,1.));
#11057=DIRECTION('',(1.,0.,0.));
#11058=DIRECTION('',(0.,0.,1.));
#11059=DIRECTION('',(1.,0.,0.));
#11060=DIRECTION('',(0.,0.,1.));
#11061=DIRECTION('',(1.,0.,0.));
#11062=DIRECTION('',(0.,0.,1.));
#11063=DIRECTION('',(1.,0.,0.));
#11064=DIRECTION('',(0.,0.,1.));
#11065=DIRECTION('',(-1.,-3.21628574468E-16,0.));
#11066=DIRECTION('',(0.,0.,1.));
#11067=DIRECTION('',(1.,0.,0.));
#11068=DIRECTION('',(0.,0.,1.));
#11069=DIRECTION('',(1.,0.,0.));
#11070=DIRECTION('',(0.,0.,1.));
#11071=DIRECTION('',(-1.,-3.21628574468E-16,0.));
#11072=DIRECTION('',(0.,0.,1.));
#11073=DIRECTION('',(1.,0.,0.));
#11074=DIRECTION('',(0.,0.,1.));
#11075=DIRECTION('',(1.,0.,0.));
#11076=DIRECTION('',(0.,0.,1.));
#11077=DIRECTION('',(1.,0.,0.));
#11078=DIRECTION('',(0.,0.,1.));
#11079=DIRECTION('',(1.,0.,0.));
#11080=DIRECTION('',(0.,0.,1.));
#11081=DIRECTION('',(1.,0.,0.));
#11082=DIRECTION('',(0.,0.,1.));
#11083=DIRECTION('',(1.,-1.83690953073E-16,0.));
#11084=DIRECTION('',(0.,0.,1.));
#11085=DIRECTION('',(1.,0.,0.));
#11086=DIRECTION('',(0.,0.,1.));
#11087=DIRECTION('',(0.,0.,1.));
#11088=DIRECTION('',(1.,0.,0.));
#11089=DIRECTION('',(0.,0.,1.));
#11090=DIRECTION('',(0.,0.,1.));
#11091=DIRECTION('',(1.,-1.83690953073E-16,0.));
#11092=DIRECTION('',(0.,0.,1.));
#11093=DIRECTION('',(1.,0.,0.));
#11094=DIRECTION('',(0.,0.,1.));
#11095=DIRECTION('',(0.,0.,1.));
#11096=DIRECTION('',(1.,0.,0.));
#11097=DIRECTION('',(0.,0.,-1.));
#11098=DIRECTION('',(0.,0.,-1.));
#11099=DIRECTION('',(-0.166666666667035,-0.986013297183207,0.));
#11100=DIRECTION('',(0.,0.,1.));
#11101=DIRECTION('',(0.,0.,-1.));
#11102=DIRECTION('',(-1.,0.,0.));
#11103=DIRECTION('',(0.,0.,-1.));
#11104=DIRECTION('',(-1.,0.,0.));
#11105=DIRECTION('',(-1.,0.,0.));
#11106=DIRECTION('',(0.,-1.,0.));
#11107=DIRECTION('',(0.,0.,1.));
#11108=DIRECTION('',(0.,1.,0.));
#11109=DIRECTION('',(0.,-1.,0.));
#11110=DIRECTION('',(-1.,0.,0.));
#11111=DIRECTION('',(0.,-1.,0.));
#11112=DIRECTION('',(0.,0.,-1.));
#11113=DIRECTION('',(0.,-1.,0.));
#11114=DIRECTION('',(0.,1.,0.));
#11115=DIRECTION('',(0.,0.,1.));
#11116=DIRECTION('',(0.,1.,0.));
#11117=DIRECTION('',(0.,0.,1.));
#11118=DIRECTION('',(0.,0.,1.));
#11119=DIRECTION('',(1.,0.,0.));
#11120=DIRECTION('',(0.,0.,1.));
#11121=DIRECTION('',(1.,0.,0.));
#11122=DIRECTION('',(0.,0.,-1.));
#11123=DIRECTION('',(1.,0.,0.));
#11124=DIRECTION('',(0.,0.,-1.));
#11125=DIRECTION('',(-1.,0.,0.));
#11126=DIRECTION('',(0.,0.,-1.));
#11127=DIRECTION('',(-1.,0.,0.));
#11128=DIRECTION('',(-1.,0.,0.));
#11129=DIRECTION('',(0.,-1.,0.));
#11130=DIRECTION('',(0.,0.,1.));
#11131=DIRECTION('',(0.,-1.,0.));
#11132=DIRECTION('',(0.,1.,0.));
#11133=DIRECTION('',(0.,0.,1.));
#11134=DIRECTION('',(-1.83690953073E-16,-1.,0.));
#11135=DIRECTION('',(0.,0.,1.));
#11136=DIRECTION('',(1.,0.,0.));
#11137=DIRECTION('',(0.,0.,1.));
#11138=DIRECTION('',(0.,0.,1.));
#11139=DIRECTION('',(1.,0.,0.));
#11140=DIRECTION('',(0.,0.,1.));
#11141=DIRECTION('',(-1.83690953073E-16,-1.,0.));
#11142=DIRECTION('',(0.,0.,1.));
#11143=DIRECTION('',(1.,0.,0.));
#11144=DIRECTION('',(0.,0.,1.));
#11145=DIRECTION('',(0.,0.,1.));
#11146=DIRECTION('',(1.,0.,0.));
#11147=DIRECTION('',(0.,0.,1.));
#11148=DIRECTION('',(0.,0.,1.));
#11149=DIRECTION('',(0.,1.,0.));
#11150=DIRECTION('',(0.,0.,1.));
#11151=DIRECTION('',(0.,0.,1.));
#11152=DIRECTION('',(1.,0.,0.));
#11153=DIRECTION('',(0.,0.,1.));
#11154=DIRECTION('',(1.,0.,0.));
#11155=DIRECTION('',(0.,-1.,0.));
#11156=DIRECTION('',(1.,0.,0.));
#11157=DIRECTION('',(1.,0.,0.));
#11158=DIRECTION('',(1.,0.,0.));
#11159=DIRECTION('',(0.,0.,1.));
#11160=DIRECTION('',(0.,-1.,0.));
#11161=DIRECTION('',(1.,0.,0.));
#11162=DIRECTION('',(1.,0.,0.));
#11163=DIRECTION('',(1.,0.,0.));
#11164=DIRECTION('',(0.,0.,1.));
#11165=DIRECTION('',(0.,0.,1.));
#11166=DIRECTION('',(1.,0.,0.));
#11167=DIRECTION('',(0.,0.,1.));
#11168=DIRECTION('',(0.,0.,1.));
#11169=DIRECTION('',(1.,0.,0.));
#11170=DIRECTION('',(0.,0.,1.));
#11171=DIRECTION('',(1.,0.,0.));
#11172=DIRECTION('',(0.,0.,1.));
#11173=DIRECTION('',(-0.986013297183207,-0.166666666667035,0.));
#11174=DIRECTION('',(0.,0.,1.));
#11175=DIRECTION('',(1.,0.,0.));
#11176=DIRECTION('',(0.,0.,1.));
#11177=DIRECTION('',(1.,0.,0.));
#11178=DIRECTION('',(0.,-1.,0.));
#11179=DIRECTION('',(1.,0.,0.));
#11180=DIRECTION('',(1.,0.,0.));
#11181=DIRECTION('',(1.,0.,0.));
#11182=DIRECTION('',(0.,0.,1.));
#11183=DIRECTION('',(0.,0.,1.));
#11184=DIRECTION('',(-1.,1.83690953073E-16,0.));
#11185=DIRECTION('',(0.,0.,1.));
#11186=DIRECTION('',(1.,0.,0.));
#11187=DIRECTION('',(0.,0.,1.));
#11188=DIRECTION('',(0.,0.,1.));
#11189=DIRECTION('',(1.,0.,0.));
#11190=DIRECTION('',(0.,0.,1.));
#11191=DIRECTION('',(-1.,1.83690953073E-16,0.));
#11192=DIRECTION('',(0.,0.,1.));
#11193=DIRECTION('',(1.,0.,0.));
#11194=DIRECTION('',(0.,0.,1.));
#11195=DIRECTION('',(0.,0.,1.));
#11196=DIRECTION('',(1.,0.,0.));
#11197=DIRECTION('',(0.,0.,1.));
#11198=DIRECTION('',(0.,0.,1.));
#11199=DIRECTION('',(1.,0.,0.));
#11200=DIRECTION('',(0.,0.,1.));
#11201=DIRECTION('',(0.,0.,1.));
#11202=DIRECTION('',(1.,0.,0.));
#11203=DIRECTION('',(0.,0.,1.));
#11204=DIRECTION('',(1.,0.,0.));
#11205=DIRECTION('',(1.,0.,0.));
#11206=DIRECTION('',(0.,1.,0.));
#11207=DIRECTION('',(0.,0.,1.));
#11208=DIRECTION('',(0.,1.,0.));
#11209=DIRECTION('',(0.,1.,0.));
#11210=DIRECTION('',(-1.,0.,0.));
#11211=DIRECTION('',(0.,-1.,0.));
#11212=DIRECTION('',(0.,1.,0.));
#11213=DIRECTION('',(0.,-1.,0.));
#11214=DIRECTION('',(0.,0.,1.));
#11215=DIRECTION('',(0.,0.,1.));
#11216=DIRECTION('',(1.83690953073E-16,1.,0.));
#11217=DIRECTION('',(0.,0.,1.));
#11218=DIRECTION('',(1.,0.,0.));
#11219=DIRECTION('',(0.,0.,1.));
#11220=DIRECTION('',(1.,0.,0.));
#11221=DIRECTION('',(0.,0.,1.));
#11222=DIRECTION('',(0.,0.,1.));
#11223=DIRECTION('',(0.166666666667035,-0.986013297183207,0.));
#11224=DIRECTION('',(0.,0.,1.));
#11225=DIRECTION('',(1.,0.,0.));
#11226=DIRECTION('',(0.,0.,1.));
#11227=DIRECTION('',(1.,0.,0.));
#11228=DIRECTION('',(1.,0.,0.));
#11229=DIRECTION('',(0.,1.,0.));
#11230=DIRECTION('',(0.,0.,1.));
#11231=DIRECTION('',(0.,1.,0.));
#11232=DIRECTION('',(0.,1.,0.));
#11233=DIRECTION('',(0.,0.,1.));
#11234=DIRECTION('',(1.83690953073E-16,1.,0.));
#11235=DIRECTION('',(0.,0.,1.));
#11236=DIRECTION('',(1.,0.,0.));
#11237=DIRECTION('',(0.,0.,1.));
#11238=DIRECTION('',(0.,0.,1.));
#11239=DIRECTION('',(1.,0.,0.));
#11240=DIRECTION('',(0.,-1.,0.));
#11241=DIRECTION('',(1.,0.,0.));
#11242=DIRECTION('',(0.,0.,1.));
#11243=DIRECTION('',(1.,0.,0.));
#11244=DIRECTION('',(1.,0.,0.));
#11245=DIRECTION('',(0.,-1.,0.));
#11246=DIRECTION('',(1.,0.,0.));
#11247=DIRECTION('',(0.,0.,1.));
#11248=DIRECTION('',(1.,0.,0.));
#11249=DIRECTION('',(1.,0.,0.));
#11250=DIRECTION('',(0.,0.,1.));
#11251=DIRECTION('',(1.,-1.83690953073E-16,0.));
#11252=DIRECTION('',(0.,0.,1.));
#11253=DIRECTION('',(1.,0.,0.));
#11254=DIRECTION('',(0.,0.,1.));
#11255=DIRECTION('',(1.,0.,0.));
#11256=DIRECTION('',(0.,0.,1.));
#11257=DIRECTION('',(0.,0.,-1.));
#11258=DIRECTION('',(3.33066907388E-16,-1.,0.));
#11259=DIRECTION('',(0.,0.,-1.));
#11260=DIRECTION('',(-1.,0.,0.));
#11261=DIRECTION('',(0.,0.,-1.));
#11262=DIRECTION('',(0.,0.,-1.));
#11263=DIRECTION('',(-1.,0.,0.));
#11264=DIRECTION('',(0.,0.,1.));
#11265=DIRECTION('',(1.,0.,0.));
#11266=DIRECTION('',(0.,0.,-1.));
#11267=DIRECTION('',(-1.,0.,0.));
#11268=DIRECTION('',(1.,0.,0.));
#11269=DIRECTION('',(0.,0.,1.));
#11270=DIRECTION('',(1.,0.,0.));
#11271=DIRECTION('',(0.,0.,1.));
#11272=DIRECTION('',(1.,0.,0.));
#11273=DIRECTION('',(0.,0.,1.));
#11274=DIRECTION('',(1.,0.,0.));
#11275=DIRECTION('',(1.,0.,0.));
#11276=DIRECTION('',(0.,0.,-1.));
#11277=DIRECTION('',(-1.,0.,0.));
#11278=DIRECTION('',(0.,0.,1.));
#11279=DIRECTION('',(1.83690953073E-16,1.,0.));
#11280=DIRECTION('',(0.,0.,-1.));
#11281=DIRECTION('',(0.,-1.,0.));
#11282=DIRECTION('',(1.,0.,0.));
#11283=DIRECTION('',(0.,0.,1.));
#11284=DIRECTION('',(0.,0.,-1.));
#11285=DIRECTION('',(0.986013297183207,-0.166666666667035,0.));
#11286=DIRECTION('',(0.,0.,1.));
#11287=DIRECTION('',(1.,0.,0.));
#11288=DIRECTION('',(-1.,0.,0.));
#11289=DIRECTION('',(0.,-1.,0.));
#11290=DIRECTION('',(0.,0.,1.));
#11291=DIRECTION('',(0.,-1.,0.));
#11292=DIRECTION('',(0.,0.,1.));
#11293=DIRECTION('',(0.,1.,0.));
#11294=DIRECTION('',(0.,1.,0.));
#11295=DIRECTION('',(-1.,0.,0.));
#11296=DIRECTION('',(-1.,0.,0.));
#11297=DIRECTION('',(0.,0.,1.));
#11298=DIRECTION('',(1.,0.,0.));
#11299=DIRECTION('',(1.,0.,0.));
#11300=DIRECTION('',(0.,1.,0.));
#11301=DIRECTION('',(0.,1.,0.));
#11302=DIRECTION('',(0.,0.,1.));
#11303=DIRECTION('',(0.,1.,0.));
#11304=DIRECTION('',(0.,-1.,0.));
#11305=DIRECTION('',(1.,0.,0.));
#11306=DIRECTION('',(1.,0.,0.));
#11307=DIRECTION('',(1.,0.,0.));
#11308=DIRECTION('',(0.,0.,1.));
#11309=DIRECTION('',(1.,0.,0.));
#11310=DIRECTION('',(0.,0.,1.));
#11311=DIRECTION('',(1.,0.,0.));
#11312=DIRECTION('',(0.,0.,1.));
#11313=DIRECTION('',(1.,0.,0.));
#11314=DIRECTION('',(0.,-1.,0.));
#11315=DIRECTION('',(1.,0.,0.));
#11316=DIRECTION('',(0.,0.,1.));
#11317=DIRECTION('',(1.,0.,0.));
#11318=DIRECTION('',(0.,0.,1.));
#11319=DIRECTION('',(1.,0.,0.));
#11320=DIRECTION('',(1.,0.,0.));
#11321=DIRECTION('',(0.,1.,0.));
#11322=DIRECTION('',(0.,1.,0.));
#11323=DIRECTION('',(0.,0.,1.));
#11324=DIRECTION('',(0.,1.,0.));
#11325=DIRECTION('',(0.,1.,0.));
#11326=DIRECTION('',(-1.,0.,0.));
#11327=DIRECTION('',(-1.,0.,0.));
#11328=DIRECTION('',(0.,0.,1.));
#11329=DIRECTION('',(1.,0.,0.));
#11330=DIRECTION('',(-1.,0.,0.));
#11331=DIRECTION('',(0.,-1.,0.));
#11332=DIRECTION('',(0.,-1.,0.));
#11333=DIRECTION('',(0.,1.,0.));
#11334=DIRECTION('',(0.,0.,1.));
#11335=DIRECTION('',(1.,0.,0.));
#11336=DIRECTION('',(0.,0.,1.));
#11337=DIRECTION('',(1.,0.,0.));
#11338=DIRECTION('',(0.,0.,1.));
#11339=DIRECTION('',(1.,0.,0.));
#11340=DIRECTION('',(0.,0.,-1.));
#11341=DIRECTION('',(1.,0.,0.));
#11342=DIRECTION('',(0.,0.,-1.));
#11343=DIRECTION('',(-1.,0.,0.));
#11344=DIRECTION('',(0.,0.,1.));
#11345=DIRECTION('',(1.,0.,0.));
#11346=DIRECTION('',(0.,1.,0.));
#11347=DIRECTION('',(-0.866025403783548,0.500000000001542,0.));
#11348=DIRECTION('',(-0.866025403783548,-0.500000000001542,0.));
#11349=DIRECTION('',(0.,1.,0.));
#11350=DIRECTION('',(0.866025403783548,-0.500000000001542,0.));
#11351=DIRECTION('',(0.866025403783548,0.500000000001542,0.));
#11352=DIRECTION('',(0.,0.,-1.));
#11353=DIRECTION('',(-1.,0.,0.));
#11354=DIRECTION('',(1.,0.,0.));
#11355=DIRECTION('',(0.,1.,0.));
#11356=DIRECTION('',(0.,0.,1.));
#11357=DIRECTION('',(0.,1.,0.));
#11358=DIRECTION('',(0.,0.,1.));
#11359=DIRECTION('',(0.50000000000019,0.866025403784329,0.));
#11360=DIRECTION('',(-0.866025403784329,0.50000000000019,0.));
#11361=DIRECTION('',(-0.866025403784329,0.50000000000019,0.));
#11362=DIRECTION('',(0.,0.,1.));
#11363=DIRECTION('',(-0.50000000000019,0.866025403784329,0.));
#11364=DIRECTION('',(-0.866025403784329,-0.50000000000019,0.));
#11365=DIRECTION('',(-0.866025403784329,-0.50000000000019,0.));
#11366=DIRECTION('',(0.,0.,1.));
#11367=DIRECTION('',(-1.,-1.53837014911E-16,0.));
#11368=DIRECTION('',(1.53837014911E-16,-1.,0.));
#11369=DIRECTION('',(1.53837014911E-16,-1.,0.));
#11370=DIRECTION('',(0.,0.,1.));
#11371=DIRECTION('',(-0.50000000000019,-0.866025403784329,0.));
#11372=DIRECTION('',(0.866025403784329,-0.50000000000019,0.));
#11373=DIRECTION('',(0.866025403784329,-0.50000000000019,0.));
#11374=DIRECTION('',(0.,0.,1.));
#11375=DIRECTION('',(0.50000000000019,-0.866025403784329,0.));
#11376=DIRECTION('',(0.866025403784329,0.50000000000019,0.));
#11377=DIRECTION('',(0.866025403784329,0.50000000000019,0.));
#11378=DIRECTION('',(0.,0.,1.));
#11379=DIRECTION('',(1.,0.,0.));
#11380=DIRECTION('',(0.,0.,-1.));
#11381=DIRECTION('',(-1.,0.,0.));
#11382=DIRECTION('',(0.,0.,-1.));
#11383=DIRECTION('',(1.,0.,0.));
#11384=DIRECTION('',(0.,0.,-1.));
#11385=DIRECTION('',(-1.,0.,0.));
#11386=DIRECTION('',(0.,0.,-1.));
#11387=DIRECTION('',(1.,0.,0.));
#11388=DIRECTION('',(0.,0.,-1.));
#11389=DIRECTION('',(0.877582561890372,-0.479425538604204,0.));
#11390=DIRECTION('',(0.,0.,1.));
#11391=DIRECTION('',(1.,0.,0.));
#11392=DIRECTION('',(0.,0.,1.));
#11393=DIRECTION('',(-1.,1.22460635382E-16,0.));
#11394=DIRECTION('',(0.,0.,-1.));
#11395=DIRECTION('',(-1.,0.,0.));
#11396=DIRECTION('',(0.,0.,-1.));
#11397=DIRECTION('',(1.,0.,0.));
#11398=DIRECTION('',(0.,0.,1.));
#11399=DIRECTION('',(-1.,0.,0.));
#11400=DIRECTION('',(0.,0.,-1.));
#11401=DIRECTION('',(-1.,0.,0.));
#11402=DIRECTION('',(0.,0.,-1.));
#11403=DIRECTION('',(1.,0.,0.));
#11404=DIRECTION('',(0.,0.,1.));
#11405=DIRECTION('',(-1.,1.22460635382E-16,0.));
#11406=DIRECTION('',(0.,0.,1.));
#11407=DIRECTION('',(1.,0.,0.));
#11408=DIRECTION('',(0.,0.,1.));
#11409=DIRECTION('',(1.,0.,0.));
#11410=DIRECTION('',(0.,0.,-1.));
#11411=DIRECTION('',(1.,1.22460635382E-16,0.));
#11412=DIRECTION('',(0.,0.,1.));
#11413=DIRECTION('',(1.,0.,0.));
#11414=DIRECTION('',(0.,0.,-1.));
#11415=DIRECTION('',(0.,0.,1.));
#11416=DIRECTION('',(1.,0.,0.));
#11417=DIRECTION('',(0.,0.,-1.));
#11418=DIRECTION('',(1.,0.,0.));
#11419=DIRECTION('',(0.,1.,0.));
#11420=DIRECTION('',(0.,-1.,0.));
#11421=DIRECTION('',(0.,0.,1.));
#11422=DIRECTION('',(0.,-1.,0.));
#11423=DIRECTION('',(0.,0.,1.));
#11424=DIRECTION('',(1.,0.,0.));
#11425=DIRECTION('',(0.,0.,1.));
#11426=DIRECTION('',(1.,0.,0.));
#11427=DIRECTION('',(0.,0.,1.));
#11428=DIRECTION('',(1.,0.,0.));
#11429=DIRECTION('',(0.,0.,-1.));
#11430=DIRECTION('',(0.,-1.,0.));
#11431=DIRECTION('',(0.,0.,-1.));
#11432=DIRECTION('',(-1.,0.,0.));
#11433=DIRECTION('',(0.,0.,-1.));
#11434=DIRECTION('',(-1.,0.,0.));
#11435=DIRECTION('',(0.,0.,-1.));
#11436=DIRECTION('',(-1.,0.,0.));
#11437=DIRECTION('',(0.,0.,1.));
#11438=DIRECTION('',(1.,0.,0.));
#11439=DIRECTION('',(0.,0.,1.));
#11440=DIRECTION('',(1.,0.,0.));
#11441=DIRECTION('',(0.,0.,-1.));
#11442=DIRECTION('',(1.,0.,0.));
#11443=DIRECTION('',(0.,1.,0.));
#11444=DIRECTION('',(0.,-1.,0.));
#11445=DIRECTION('',(0.,0.,1.));
#11446=DIRECTION('',(0.,-1.,0.));
#11447=DIRECTION('',(0.,0.,1.));
#11448=DIRECTION('',(-1.,1.22460635382E-16,0.));
#11449=DIRECTION('',(0.,0.,1.));
#11450=DIRECTION('',(1.,0.,0.));
#11451=DIRECTION('',(0.,0.,1.));
#11452=DIRECTION('',(1.,0.,0.));
#11453=DIRECTION('',(0.,0.,-1.));
#11454=DIRECTION('',(0.,-1.,0.));
#11455=DIRECTION('',(0.,0.,-1.));
#11456=DIRECTION('',(-1.,0.,0.));
#11457=DIRECTION('',(-1.,0.,0.));
#11458=DIRECTION('',(0.,0.,1.));
#11459=DIRECTION('',(1.,0.,0.));
#11460=DIRECTION('',(0.,0.,1.));
#11461=DIRECTION('',(1.,0.,0.));
#11462=DIRECTION('',(0.,0.,1.));
#11463=DIRECTION('',(1.,0.,0.));
#11464=DIRECTION('',(0.,0.,1.));
#11465=DIRECTION('',(1.,0.,0.));
#11466=DIRECTION('',(0.,0.,1.));
#11467=DIRECTION('',(1.,0.,0.));
#11468=DIRECTION('',(0.,0.,1.));
#11469=DIRECTION('',(1.,0.,0.));
#11470=DIRECTION('',(0.,0.,1.));
#11471=DIRECTION('',(1.,0.,0.));
#11472=DIRECTION('',(-1.,0.,0.));
#11473=DIRECTION('',(0.,0.,1.));
#11474=DIRECTION('',(1.,0.,0.));
#11475=DIRECTION('',(1.53134210292E-16,-1.,0.));
#11476=DIRECTION('',(0.,0.,-1.));
#11477=DIRECTION('',(-1.,0.,0.));
#11478=DIRECTION('',(-1.,0.,0.));
#11479=DIRECTION('',(0.,0.,1.));
#11480=DIRECTION('',(1.,0.,0.));
#11481=DIRECTION('',(1.53134210292E-16,-1.,0.));
#11482=DIRECTION('',(0.,0.,-1.));
#11483=DIRECTION('',(-1.,0.,0.));
#11484=DIRECTION('',(0.,0.,1.));
#11485=DIRECTION('',(1.,0.,0.));
#11486=DIRECTION('',(0.,0.,1.));
#11487=DIRECTION('',(1.,0.,0.));
#11488=DIRECTION('',(0.,0.,1.));
#11489=DIRECTION('',(-1.,1.22460635382E-16,0.));
#11490=DIRECTION('',(0.,0.,-1.));
#11491=DIRECTION('',(1.,0.,0.));
#11492=DIRECTION('',(0.,0.,1.));
#11493=DIRECTION('',(-1.,0.,0.));
#11494=DIRECTION('',(0.,0.,-1.));
#11495=DIRECTION('',(1.,0.,0.));
#11496=DIRECTION('',(0.,0.,1.));
#11497=DIRECTION('',(-1.,1.22460635382E-16,0.));
#11498=DIRECTION('',(0.,0.,1.));
#11499=DIRECTION('',(1.,0.,0.));
#11500=DIRECTION('',(0.,0.,-1.));
#11501=DIRECTION('',(-1.,0.,0.));
#11502=DIRECTION('',(0.,0.,1.));
#11503=DIRECTION('',(1.,0.,0.));
#11504=DIRECTION('',(0.,0.,-1.));
#11505=DIRECTION('',(0.,0.,-1.));
#11506=DIRECTION('',(0.,-1.,0.));
#11507=DIRECTION('',(0.,0.,-1.));
#11508=DIRECTION('',(-1.,0.,0.));
#11509=DIRECTION('',(0.,0.,1.));
#11510=DIRECTION('',(0.,0.,1.));
#11511=DIRECTION('',(1.,0.,0.));
#11512=DIRECTION('',(0.,0.,1.));
#11513=DIRECTION('',(1.,0.,0.));
#11514=DIRECTION('',(0.,0.,-1.));
#11515=DIRECTION('',(1.,0.,0.));
#11516=DIRECTION('',(0.,1.,0.));
#11517=DIRECTION('',(0.,-1.,0.));
#11518=DIRECTION('',(0.,0.,-1.));
#11519=DIRECTION('',(0.,0.,-1.));
#11520=DIRECTION('',(1.,1.22460635382E-16,0.));
#11521=DIRECTION('',(0.,0.,1.));
#11522=DIRECTION('',(1.,0.,0.));
#11523=DIRECTION('',(0.,0.,-1.));
#11524=DIRECTION('',(0.,-1.,0.));
#11525=DIRECTION('',(0.,0.,-1.));
#11526=DIRECTION('',(-1.,0.,0.));
#11527=DIRECTION('',(0.,0.,1.));
#11528=DIRECTION('',(0.,0.,1.));
#11529=DIRECTION('',(-1.,1.22460635382E-16,0.));
#11530=DIRECTION('',(0.,0.,1.));
#11531=DIRECTION('',(1.,0.,0.));
#11532=DIRECTION('',(0.,0.,-1.));
#11533=DIRECTION('',(1.,0.,0.));
#11534=DIRECTION('',(0.,1.,0.));
#11535=DIRECTION('',(0.,-1.,0.));
#11536=DIRECTION('',(0.,0.,1.));
#11537=DIRECTION('',(-1.,0.,0.));
#11538=DIRECTION('',(0.,0.,1.));
#11539=DIRECTION('',(1.,0.,0.));
#11540=DIRECTION('',(0.,0.,1.));
#11541=DIRECTION('',(1.,0.,0.));
#11542=DIRECTION('',(0.,0.,1.));
#11543=DIRECTION('',(1.,0.,0.));
#11544=DIRECTION('',(0.,0.,1.));
#11545=DIRECTION('',(1.,0.,0.));
#11546=DIRECTION('',(0.,0.,1.));
#11547=DIRECTION('',(1.,0.,0.));
#11548=DIRECTION('',(0.,0.,1.));
#11549=DIRECTION('',(-1.,0.,0.));
#11550=DIRECTION('',(0.,0.,1.));
#11551=DIRECTION('',(1.,0.,0.));
#11552=DIRECTION('',(0.,0.,1.));
#11553=DIRECTION('',(1.,0.,0.));
#11554=DIRECTION('',(0.,0.,-1.));
#11555=DIRECTION('',(1.,0.,0.));
#11556=DIRECTION('',(0.,0.,-1.));
#11557=DIRECTION('',(-1.,0.,0.));
#11558=DIRECTION('',(0.,0.,1.));
#11559=DIRECTION('',(1.,0.,0.));
#11560=DIRECTION('',(0.,1.,0.));
#11561=DIRECTION('',(-0.866025403783548,0.500000000001542,0.));
#11562=DIRECTION('',(-0.866025403783548,-0.500000000001542,0.));
#11563=DIRECTION('',(0.,1.,0.));
#11564=DIRECTION('',(0.866025403783548,-0.500000000001542,0.));
#11565=DIRECTION('',(0.866025403783548,0.500000000001542,0.));
#11566=DIRECTION('',(0.,0.,-1.));
#11567=DIRECTION('',(-1.,0.,0.));
#11568=DIRECTION('',(1.,0.,0.));
#11569=DIRECTION('',(0.,1.,0.));
#11570=DIRECTION('',(0.,0.,1.));
#11571=DIRECTION('',(0.,1.,0.));
#11572=DIRECTION('',(0.,0.,1.));
#11573=DIRECTION('',(0.50000000000019,0.866025403784329,0.));
#11574=DIRECTION('',(-0.866025403784329,0.50000000000019,0.));
#11575=DIRECTION('',(-0.866025403784329,0.50000000000019,0.));
#11576=DIRECTION('',(0.,0.,1.));
#11577=DIRECTION('',(-0.50000000000019,0.866025403784329,0.));
#11578=DIRECTION('',(-0.866025403784329,-0.50000000000019,0.));
#11579=DIRECTION('',(-0.866025403784329,-0.50000000000019,0.));
#11580=DIRECTION('',(0.,0.,1.));
#11581=DIRECTION('',(-1.,-1.53837014911E-16,0.));
#11582=DIRECTION('',(1.53837014911E-16,-1.,0.));
#11583=DIRECTION('',(1.53837014911E-16,-1.,0.));
#11584=DIRECTION('',(0.,0.,1.));
#11585=DIRECTION('',(-0.50000000000019,-0.866025403784329,0.));
#11586=DIRECTION('',(0.866025403784329,-0.50000000000019,0.));
#11587=DIRECTION('',(0.866025403784329,-0.50000000000019,0.));
#11588=DIRECTION('',(0.,0.,1.));
#11589=DIRECTION('',(0.50000000000019,-0.866025403784329,0.));
#11590=DIRECTION('',(0.866025403784329,0.50000000000019,0.));
#11591=DIRECTION('',(0.866025403784329,0.50000000000019,0.));
#11592=DIRECTION('',(0.,0.,1.));
#11593=DIRECTION('',(1.,0.,0.));
#11594=DIRECTION('',(0.,0.,-1.));
#11595=DIRECTION('',(-1.,0.,0.));
#11596=DIRECTION('',(0.,0.,-1.));
#11597=DIRECTION('',(1.,0.,0.));
#11598=DIRECTION('',(0.,0.,-1.));
#11599=DIRECTION('',(-1.,0.,0.));
#11600=DIRECTION('',(0.,0.,-1.));
#11601=DIRECTION('',(1.,0.,0.));
#11602=DIRECTION('',(0.,0.,-1.));
#11603=DIRECTION('',(0.877582561890372,-0.479425538604204,0.));
#11604=DIRECTION('',(0.,0.,1.));
#11605=DIRECTION('',(1.,0.,0.));
#11606=DIRECTION('',(0.,0.,-1.));
#11607=DIRECTION('',(0.877582561890372,-0.479425538604204,0.));
#11608=DIRECTION('',(0.,0.,-1.));
#11609=DIRECTION('',(-1.,0.,0.));
#11610=DIRECTION('',(0.,0.,1.));
#11611=DIRECTION('',(1.,0.,0.));
#11612=DIRECTION('',(0.,0.,-1.));
#11613=DIRECTION('',(1.,0.,0.));
#11614=DIRECTION('',(0.,0.,-1.));
#11615=DIRECTION('',(-1.,0.,0.));
#11616=DIRECTION('',(0.,0.,1.));
#11617=DIRECTION('',(1.,0.,0.));
#11618=DIRECTION('',(0.,0.,-1.));
#11619=DIRECTION('',(1.,0.,0.));
#11620=DIRECTION('',(0.,0.,1.));
#11621=DIRECTION('',(1.,0.,0.));
#11622=DIRECTION('',(0.866025403784329,0.50000000000019,0.));
#11623=DIRECTION('',(0.866025403784329,-0.50000000000019,0.));
#11624=DIRECTION('',(1.53837014911E-16,-1.,0.));
#11625=DIRECTION('',(-0.866025403784329,-0.50000000000019,0.));
#11626=DIRECTION('',(-0.866025403784329,0.50000000000019,0.));
#11627=DIRECTION('',(0.,1.,0.));
#11628=DIRECTION('',(0.50000000000019,-0.866025403784329,0.));
#11629=DIRECTION('',(0.866025403784329,0.50000000000019,0.));
#11630=DIRECTION('',(0.,0.,1.));
#11631=DIRECTION('',(0.,0.,1.));
#11632=DIRECTION('',(0.866025403784329,0.50000000000019,0.));
#11633=DIRECTION('',(-0.50000000000019,-0.866025403784329,0.));
#11634=DIRECTION('',(0.866025403784329,-0.50000000000019,0.));
#11635=DIRECTION('',(0.,0.,1.));
#11636=DIRECTION('',(0.866025403784329,-0.50000000000019,0.));
#11637=DIRECTION('',(-1.,0.,0.));
#11638=DIRECTION('',(0.,-1.,0.));
#11639=DIRECTION('',(0.,0.,1.));
#11640=DIRECTION('',(0.,-1.,0.));
#11641=DIRECTION('',(-0.50000000000019,0.866025403784329,0.));
#11642=DIRECTION('',(-0.866025403784329,-0.50000000000019,0.));
#11643=DIRECTION('',(0.,0.,1.));
#11644=DIRECTION('',(-0.866025403784329,-0.50000000000019,0.));
#11645=DIRECTION('',(0.50000000000019,0.866025403784329,0.));
#11646=DIRECTION('',(-0.866025403784329,0.50000000000019,0.));
#11647=DIRECTION('',(0.,0.,1.));
#11648=DIRECTION('',(-0.866025403784329,0.50000000000019,0.));
#11649=DIRECTION('',(1.,0.,0.));
#11650=DIRECTION('',(0.,1.,0.));
#11651=DIRECTION('',(0.,1.,0.));
#11652=DIRECTION('',(0.,0.,1.));
#11653=DIRECTION('',(1.,0.,0.));
#11654=DIRECTION('',(0.,0.,-1.));
#11655=DIRECTION('',(1.,0.,0.));
#11656=DIRECTION('',(0.,0.,1.));
#11657=DIRECTION('',(1.,0.,0.));
#11658=DIRECTION('',(0.,0.,-1.));
#11659=DIRECTION('',(1.,0.,0.));
#11660=DIRECTION('',(0.,0.,-1.));
#11661=DIRECTION('',(-1.,0.,0.));
#11662=DIRECTION('',(0.,0.,1.));
#11663=DIRECTION('',(1.,0.,0.));
#11664=DIRECTION('',(0.,1.,0.));
#11665=DIRECTION('',(-0.866025403783548,0.500000000001542,0.));
#11666=DIRECTION('',(-0.866025403783548,-0.500000000001542,0.));
#11667=DIRECTION('',(0.,1.,0.));
#11668=DIRECTION('',(0.866025403783548,-0.500000000001542,0.));
#11669=DIRECTION('',(0.866025403783548,0.500000000001542,0.));
#11670=DIRECTION('',(0.,0.,-1.));
#11671=DIRECTION('',(-1.,0.,0.));
#11672=DIRECTION('',(1.,0.,0.));
#11673=DIRECTION('',(0.,1.,0.));
#11674=DIRECTION('',(0.,0.,1.));
#11675=DIRECTION('',(0.,1.,0.));
#11676=DIRECTION('',(0.,0.,1.));
#11677=DIRECTION('',(0.50000000000019,0.866025403784329,0.));
#11678=DIRECTION('',(-0.866025403784329,0.50000000000019,0.));
#11679=DIRECTION('',(-0.866025403784329,0.50000000000019,0.));
#11680=DIRECTION('',(0.,0.,1.));
#11681=DIRECTION('',(-0.50000000000019,0.866025403784329,0.));
#11682=DIRECTION('',(-0.866025403784329,-0.50000000000019,0.));
#11683=DIRECTION('',(-0.866025403784329,-0.50000000000019,0.));
#11684=DIRECTION('',(0.,0.,1.));
#11685=DIRECTION('',(-1.,-1.53837014911E-16,0.));
#11686=DIRECTION('',(1.53837014911E-16,-1.,0.));
#11687=DIRECTION('',(1.53837014911E-16,-1.,0.));
#11688=DIRECTION('',(0.,0.,1.));
#11689=DIRECTION('',(-0.50000000000019,-0.866025403784329,0.));
#11690=DIRECTION('',(0.866025403784329,-0.50000000000019,0.));
#11691=DIRECTION('',(0.866025403784329,-0.50000000000019,0.));
#11692=DIRECTION('',(0.,0.,1.));
#11693=DIRECTION('',(0.50000000000019,-0.866025403784329,0.));
#11694=DIRECTION('',(0.866025403784329,0.50000000000019,0.));
#11695=DIRECTION('',(0.866025403784329,0.50000000000019,0.));
#11696=DIRECTION('',(0.,0.,1.));
#11697=DIRECTION('',(1.,0.,0.));
#11698=DIRECTION('',(0.,0.,-1.));
#11699=DIRECTION('',(-1.,0.,0.));
#11700=DIRECTION('',(0.,0.,-1.));
#11701=DIRECTION('',(1.,0.,0.));
#11702=DIRECTION('',(0.,0.,-1.));
#11703=DIRECTION('',(-1.,0.,0.));
#11704=DIRECTION('',(0.,0.,-1.));
#11705=DIRECTION('',(1.,0.,0.));
#11706=DIRECTION('',(0.,0.,-1.));
#11707=DIRECTION('',(0.877582561890372,-0.479425538604204,0.));
#11708=DIRECTION('',(0.,0.,1.));
#11709=DIRECTION('',(1.,0.,0.));
#11710=DIRECTION('',(0.,-1.,0.));
#11711=DIRECTION('',(1.,0.,0.));
#11712=DIRECTION('',(0.,0.,1.));
#11713=DIRECTION('',(1.,0.,0.));
#11714=DIRECTION('',(0.,0.,1.));
#11715=DIRECTION('',(1.,0.,0.));
#11716=DIRECTION('',(1.,0.,0.));
#11717=DIRECTION('',(0.,1.,0.));
#11718=DIRECTION('',(0.,1.,0.));
#11719=DIRECTION('',(0.,0.,1.));
#11720=DIRECTION('',(0.,1.,0.));
#11721=DIRECTION('',(0.,1.,0.));
#11722=DIRECTION('',(-1.,0.,0.));
#11723=DIRECTION('',(-1.,0.,0.));
#11724=DIRECTION('',(0.,0.,1.));
#11725=DIRECTION('',(1.,0.,0.));
#11726=DIRECTION('',(-1.,0.,0.));
#11727=DIRECTION('',(0.,-1.,0.));
#11728=DIRECTION('',(0.,-1.,0.));
#11729=DIRECTION('',(0.,1.,0.));
#11730=DIRECTION('',(0.,0.,1.));
#11731=DIRECTION('',(1.,0.,0.));
#11732=DIRECTION('',(0.,0.,1.));
#11733=DIRECTION('',(1.,0.,0.));
#11734=DIRECTION('',(0.,0.,1.));
#11735=DIRECTION('',(1.,0.,0.));
#11736=DIRECTION('',(0.,0.707106781187048,0.707106781186048));
#11737=DIRECTION('',(0.,-0.707106781186048,0.707106781187048));
#11738=DIRECTION('',(1.,0.,0.));
#11739=DIRECTION('',(0.,-0.707106781186048,0.707106781187048));
#11740=DIRECTION('',(1.,0.,0.));
#11741=DIRECTION('',(0.,-0.707106781186548,0.707106781186548));
#11742=DIRECTION('',(1.,0.,0.));
#11743=DIRECTION('',(0.,1.,0.));
#11744=DIRECTION('',(0.,1.,0.));
#11745=DIRECTION('',(0.,0.,1.));
#11746=DIRECTION('',(0.,1.,0.));
#11747=DIRECTION('',(0.,0.,1.));
#11748=DIRECTION('',(1.,0.,0.));
#11749=DIRECTION('',(1.,0.,0.));
#11750=DIRECTION('',(0.,1.,0.));
#11751=DIRECTION('',(0.,1.,0.));
#11752=DIRECTION('',(-1.,0.,0.));
#11753=DIRECTION('',(-1.,0.,0.));
#11754=DIRECTION('',(0.,0.,1.));
#11755=DIRECTION('',(-1.,0.,0.));
#11756=DIRECTION('',(0.,-1.,0.));
#11757=DIRECTION('',(0.,-1.,0.));
#11758=DIRECTION('',(0.,0.,1.));
#11759=DIRECTION('',(1.,0.,0.));
#11760=DIRECTION('',(0.,0.,1.));
#11761=DIRECTION('',(1.,0.,0.));
#11762=DIRECTION('',(0.,0.,-1.));
#11763=DIRECTION('',(1.,0.,0.));
#11764=DIRECTION('',(0.,0.,-1.));
#11765=DIRECTION('',(-1.,0.,0.));
#11766=DIRECTION('',(0.,0.,1.));
#11767=DIRECTION('',(1.,0.,0.));
#11768=DIRECTION('',(0.,1.,0.));
#11769=DIRECTION('',(-0.866025403783548,0.500000000001542,0.));
#11770=DIRECTION('',(-0.866025403783548,-0.500000000001542,0.));
#11771=DIRECTION('',(0.,1.,0.));
#11772=DIRECTION('',(0.866025403783548,-0.500000000001542,0.));
#11773=DIRECTION('',(0.866025403783548,0.500000000001542,0.));
#11774=DIRECTION('',(0.,0.,-1.));
#11775=DIRECTION('',(-1.,0.,0.));
#11776=DIRECTION('',(1.,0.,0.));
#11777=DIRECTION('',(0.,1.,0.));
#11778=DIRECTION('',(0.,0.,1.));
#11779=DIRECTION('',(0.,1.,0.));
#11780=DIRECTION('',(0.,0.,1.));
#11781=DIRECTION('',(0.50000000000019,0.866025403784329,0.));
#11782=DIRECTION('',(-0.866025403784329,0.50000000000019,0.));
#11783=DIRECTION('',(-0.866025403784329,0.50000000000019,0.));
#11784=DIRECTION('',(0.,0.,1.));
#11785=DIRECTION('',(-0.50000000000019,0.866025403784329,0.));
#11786=DIRECTION('',(-0.866025403784329,-0.50000000000019,0.));
#11787=DIRECTION('',(-0.866025403784329,-0.50000000000019,0.));
#11788=DIRECTION('',(0.,0.,1.));
#11789=DIRECTION('',(-1.,-1.53837014911E-16,0.));
#11790=DIRECTION('',(1.53837014911E-16,-1.,0.));
#11791=DIRECTION('',(1.53837014911E-16,-1.,0.));
#11792=DIRECTION('',(0.,0.,1.));
#11793=DIRECTION('',(-0.50000000000019,-0.866025403784329,0.));
#11794=DIRECTION('',(0.866025403784329,-0.50000000000019,0.));
#11795=DIRECTION('',(0.866025403784329,-0.50000000000019,0.));
#11796=DIRECTION('',(0.,0.,1.));
#11797=DIRECTION('',(0.50000000000019,-0.866025403784329,0.));
#11798=DIRECTION('',(0.866025403784329,0.50000000000019,0.));
#11799=DIRECTION('',(0.866025403784329,0.50000000000019,0.));
#11800=DIRECTION('',(0.,0.,1.));
#11801=DIRECTION('',(1.,0.,0.));
#11802=DIRECTION('',(0.,0.,-1.));
#11803=DIRECTION('',(-1.,0.,0.));
#11804=DIRECTION('',(0.,0.,-1.));
#11805=DIRECTION('',(1.,0.,0.));
#11806=DIRECTION('',(0.,0.,-1.));
#11807=DIRECTION('',(-1.,0.,0.));
#11808=DIRECTION('',(0.,0.,-1.));
#11809=DIRECTION('',(1.,0.,0.));
#11810=DIRECTION('',(0.,0.,-1.));
#11811=DIRECTION('',(0.877582561890372,-0.479425538604204,0.));
#11812=DIRECTION('',(0.,0.,1.));
#11813=DIRECTION('',(1.,0.,0.));
#11814=DIRECTION('',(0.,0.,-1.));
#11815=DIRECTION('',(0.877582561890372,-0.479425538604204,0.));
#11816=DIRECTION('',(0.,0.,-1.));
#11817=DIRECTION('',(-1.,0.,0.));
#11818=DIRECTION('',(0.,0.,1.));
#11819=DIRECTION('',(1.,0.,0.));
#11820=DIRECTION('',(0.,0.,-1.));
#11821=DIRECTION('',(1.,0.,0.));
#11822=DIRECTION('',(0.,0.,-1.));
#11823=DIRECTION('',(-1.,0.,0.));
#11824=DIRECTION('',(0.,0.,1.));
#11825=DIRECTION('',(1.,0.,0.));
#11826=DIRECTION('',(0.,0.,-1.));
#11827=DIRECTION('',(1.,0.,0.));
#11828=DIRECTION('',(0.,0.,1.));
#11829=DIRECTION('',(1.,0.,0.));
#11830=DIRECTION('',(0.866025403784329,0.50000000000019,0.));
#11831=DIRECTION('',(0.866025403784329,-0.50000000000019,0.));
#11832=DIRECTION('',(1.53837014911E-16,-1.,0.));
#11833=DIRECTION('',(-0.866025403784329,-0.50000000000019,0.));
#11834=DIRECTION('',(-0.866025403784329,0.50000000000019,0.));
#11835=DIRECTION('',(0.,1.,0.));
#11836=DIRECTION('',(0.50000000000019,-0.866025403784329,0.));
#11837=DIRECTION('',(0.866025403784329,0.50000000000019,0.));
#11838=DIRECTION('',(0.,0.,1.));
#11839=DIRECTION('',(0.,0.,1.));
#11840=DIRECTION('',(0.866025403784329,0.50000000000019,0.));
#11841=DIRECTION('',(-0.50000000000019,-0.866025403784329,0.));
#11842=DIRECTION('',(0.866025403784329,-0.50000000000019,0.));
#11843=DIRECTION('',(0.,0.,1.));
#11844=DIRECTION('',(0.866025403784329,-0.50000000000019,0.));
#11845=DIRECTION('',(-1.,0.,0.));
#11846=DIRECTION('',(0.,-1.,0.));
#11847=DIRECTION('',(0.,0.,1.));
#11848=DIRECTION('',(0.,-1.,0.));
#11849=DIRECTION('',(-0.50000000000019,0.866025403784329,0.));
#11850=DIRECTION('',(-0.866025403784329,-0.50000000000019,0.));
#11851=DIRECTION('',(0.,0.,1.));
#11852=DIRECTION('',(-0.866025403784329,-0.50000000000019,0.));
#11853=DIRECTION('',(0.50000000000019,0.866025403784329,0.));
#11854=DIRECTION('',(-0.866025403784329,0.50000000000019,0.));
#11855=DIRECTION('',(0.,0.,1.));
#11856=DIRECTION('',(-0.866025403784329,0.50000000000019,0.));
#11857=DIRECTION('',(1.,0.,0.));
#11858=DIRECTION('',(0.,1.,0.));
#11859=DIRECTION('',(0.,1.,0.));
#11860=DIRECTION('',(0.,0.,1.));
#11861=DIRECTION('',(1.,0.,0.));
#11862=DIRECTION('',(0.,0.,-1.));
#11863=DIRECTION('',(1.,0.,0.));
#11864=DIRECTION('',(0.,0.,1.));
#11865=DIRECTION('',(1.,0.,0.));
#11866=DIRECTION('',(0.,0.,1.));
#11867=DIRECTION('',(1.,0.,0.));
#11868=DIRECTION('',(0.,0.,1.));
#11869=DIRECTION('',(1.,0.,0.));
#11870=DIRECTION('',(0.,0.,1.));
#11871=DIRECTION('',(1.,0.,0.));
#11872=DIRECTION('',(0.,0.,1.));
#11873=DIRECTION('',(-1.,-3.21628574468E-16,0.));
#11874=DIRECTION('',(0.,0.,1.));
#11875=DIRECTION('',(1.,0.,0.));
#11876=DIRECTION('',(0.,0.,1.));
#11877=DIRECTION('',(1.,0.,0.));
#11878=DIRECTION('',(0.,0.,1.));
#11879=DIRECTION('',(-1.,-3.21628574468E-16,0.));
#11880=DIRECTION('',(0.,0.,1.));
#11881=DIRECTION('',(1.,0.,0.));
#11882=DIRECTION('',(0.,0.,1.));
#11883=DIRECTION('',(1.,0.,0.));
#11884=DIRECTION('',(0.,0.,1.));
#11885=DIRECTION('',(1.,0.,0.));
#11886=DIRECTION('',(0.,0.,1.));
#11887=DIRECTION('',(1.,0.,0.));
#11888=DIRECTION('',(0.,0.,1.));
#11889=DIRECTION('',(1.,0.,0.));
#11890=DIRECTION('',(0.,0.,1.));
#11891=DIRECTION('',(1.,-1.83690953073E-16,0.));
#11892=DIRECTION('',(0.,0.,1.));
#11893=DIRECTION('',(1.,0.,0.));
#11894=DIRECTION('',(0.,0.,1.));
#11895=DIRECTION('',(0.,0.,1.));
#11896=DIRECTION('',(1.,0.,0.));
#11897=DIRECTION('',(0.,0.,1.));
#11898=DIRECTION('',(0.,0.,1.));
#11899=DIRECTION('',(1.,-1.83690953073E-16,0.));
#11900=DIRECTION('',(0.,0.,1.));
#11901=DIRECTION('',(1.,0.,0.));
#11902=DIRECTION('',(0.,0.,1.));
#11903=DIRECTION('',(0.,0.,1.));
#11904=DIRECTION('',(1.,0.,0.));
#11905=DIRECTION('',(0.,0.,-1.));
#11906=DIRECTION('',(0.,0.,-1.));
#11907=DIRECTION('',(-0.166666666667035,-0.986013297183207,0.));
#11908=DIRECTION('',(0.,0.,1.));
#11909=DIRECTION('',(0.,0.,-1.));
#11910=DIRECTION('',(-1.,0.,0.));
#11911=DIRECTION('',(0.,0.,-1.));
#11912=DIRECTION('',(-1.,0.,0.));
#11913=DIRECTION('',(-1.,0.,0.));
#11914=DIRECTION('',(0.,-1.,0.));
#11915=DIRECTION('',(0.,0.,1.));
#11916=DIRECTION('',(0.,1.,0.));
#11917=DIRECTION('',(0.,-1.,0.));
#11918=DIRECTION('',(-1.,0.,0.));
#11919=DIRECTION('',(0.,-1.,0.));
#11920=DIRECTION('',(0.,0.,-1.));
#11921=DIRECTION('',(0.,-1.,0.));
#11922=DIRECTION('',(0.,1.,0.));
#11923=DIRECTION('',(0.,0.,1.));
#11924=DIRECTION('',(0.,1.,0.));
#11925=DIRECTION('',(0.,0.,1.));
#11926=DIRECTION('',(0.,0.,1.));
#11927=DIRECTION('',(1.,0.,0.));
#11928=DIRECTION('',(0.,0.,1.));
#11929=DIRECTION('',(1.,0.,0.));
#11930=DIRECTION('',(0.,0.,-1.));
#11931=DIRECTION('',(1.,0.,0.));
#11932=DIRECTION('',(0.,0.,-1.));
#11933=DIRECTION('',(-1.,0.,0.));
#11934=DIRECTION('',(0.,0.,-1.));
#11935=DIRECTION('',(-1.,0.,0.));
#11936=DIRECTION('',(-1.,0.,0.));
#11937=DIRECTION('',(0.,-1.,0.));
#11938=DIRECTION('',(0.,0.,1.));
#11939=DIRECTION('',(0.,-1.,0.));
#11940=DIRECTION('',(0.,1.,0.));
#11941=DIRECTION('',(0.,0.,1.));
#11942=DIRECTION('',(-1.83690953073E-16,-1.,0.));
#11943=DIRECTION('',(0.,0.,1.));
#11944=DIRECTION('',(1.,0.,0.));
#11945=DIRECTION('',(0.,0.,1.));
#11946=DIRECTION('',(0.,0.,1.));
#11947=DIRECTION('',(1.,0.,0.));
#11948=DIRECTION('',(0.,0.,1.));
#11949=DIRECTION('',(-1.83690953073E-16,-1.,0.));
#11950=DIRECTION('',(0.,0.,1.));
#11951=DIRECTION('',(1.,0.,0.));
#11952=DIRECTION('',(0.,0.,1.));
#11953=DIRECTION('',(0.,0.,1.));
#11954=DIRECTION('',(1.,0.,0.));
#11955=DIRECTION('',(0.,0.,1.));
#11956=DIRECTION('',(0.,0.,1.));
#11957=DIRECTION('',(0.,1.,0.));
#11958=DIRECTION('',(0.,0.,1.));
#11959=DIRECTION('',(0.,0.,1.));
#11960=DIRECTION('',(1.,0.,0.));
#11961=DIRECTION('',(0.,0.,1.));
#11962=DIRECTION('',(1.,0.,0.));
#11963=DIRECTION('',(0.,-1.,0.));
#11964=DIRECTION('',(1.,0.,0.));
#11965=DIRECTION('',(1.,0.,0.));
#11966=DIRECTION('',(1.,0.,0.));
#11967=DIRECTION('',(0.,0.,1.));
#11968=DIRECTION('',(0.,-1.,0.));
#11969=DIRECTION('',(1.,0.,0.));
#11970=DIRECTION('',(1.,0.,0.));
#11971=DIRECTION('',(1.,0.,0.));
#11972=DIRECTION('',(0.,0.,1.));
#11973=DIRECTION('',(0.,0.,1.));
#11974=DIRECTION('',(1.,0.,0.));
#11975=DIRECTION('',(0.,0.,1.));
#11976=DIRECTION('',(0.,0.,1.));
#11977=DIRECTION('',(1.,0.,0.));
#11978=DIRECTION('',(0.,0.,1.));
#11979=DIRECTION('',(1.,0.,0.));
#11980=DIRECTION('',(0.,0.,1.));
#11981=DIRECTION('',(-0.986013297183207,-0.166666666667035,0.));
#11982=DIRECTION('',(0.,0.,1.));
#11983=DIRECTION('',(1.,0.,0.));
#11984=DIRECTION('',(0.,0.,1.));
#11985=DIRECTION('',(1.,0.,0.));
#11986=DIRECTION('',(0.,-1.,0.));
#11987=DIRECTION('',(1.,0.,0.));
#11988=DIRECTION('',(1.,0.,0.));
#11989=DIRECTION('',(1.,0.,0.));
#11990=DIRECTION('',(0.,0.,1.));
#11991=DIRECTION('',(0.,0.,1.));
#11992=DIRECTION('',(-1.,1.83690953073E-16,0.));
#11993=DIRECTION('',(0.,0.,1.));
#11994=DIRECTION('',(1.,0.,0.));
#11995=DIRECTION('',(0.,0.,1.));
#11996=DIRECTION('',(0.,0.,1.));
#11997=DIRECTION('',(1.,0.,0.));
#11998=DIRECTION('',(0.,0.,1.));
#11999=DIRECTION('',(-1.,1.83690953073E-16,0.));
#12000=DIRECTION('',(0.,0.,1.));
#12001=DIRECTION('',(1.,0.,0.));
#12002=DIRECTION('',(0.,0.,1.));
#12003=DIRECTION('',(0.,0.,1.));
#12004=DIRECTION('',(1.,0.,0.));
#12005=DIRECTION('',(0.,0.,1.));
#12006=DIRECTION('',(0.,0.,1.));
#12007=DIRECTION('',(1.,0.,0.));
#12008=DIRECTION('',(0.,0.,1.));
#12009=DIRECTION('',(0.,0.,1.));
#12010=DIRECTION('',(1.,0.,0.));
#12011=DIRECTION('',(0.,0.,1.));
#12012=DIRECTION('',(1.,0.,0.));
#12013=DIRECTION('',(1.,0.,0.));
#12014=DIRECTION('',(0.,1.,0.));
#12015=DIRECTION('',(0.,0.,1.));
#12016=DIRECTION('',(0.,1.,0.));
#12017=DIRECTION('',(0.,1.,0.));
#12018=DIRECTION('',(-1.,0.,0.));
#12019=DIRECTION('',(0.,-1.,0.));
#12020=DIRECTION('',(0.,1.,0.));
#12021=DIRECTION('',(0.,-1.,0.));
#12022=DIRECTION('',(0.,0.,1.));
#12023=DIRECTION('',(0.,0.,1.));
#12024=DIRECTION('',(1.83690953073E-16,1.,0.));
#12025=DIRECTION('',(0.,0.,1.));
#12026=DIRECTION('',(1.,0.,0.));
#12027=DIRECTION('',(0.,0.,1.));
#12028=DIRECTION('',(1.,0.,0.));
#12029=DIRECTION('',(0.,0.,1.));
#12030=DIRECTION('',(0.,0.,1.));
#12031=DIRECTION('',(0.166666666667035,-0.986013297183207,0.));
#12032=DIRECTION('',(0.,0.,1.));
#12033=DIRECTION('',(1.,0.,0.));
#12034=DIRECTION('',(0.,0.,1.));
#12035=DIRECTION('',(1.,0.,0.));
#12036=DIRECTION('',(1.,0.,0.));
#12037=DIRECTION('',(0.,1.,0.));
#12038=DIRECTION('',(0.,0.,1.));
#12039=DIRECTION('',(0.,1.,0.));
#12040=DIRECTION('',(0.,1.,0.));
#12041=DIRECTION('',(0.,0.,1.));
#12042=DIRECTION('',(1.83690953073E-16,1.,0.));
#12043=DIRECTION('',(0.,0.,1.));
#12044=DIRECTION('',(1.,0.,0.));
#12045=DIRECTION('',(0.,0.,1.));
#12046=DIRECTION('',(0.,0.,1.));
#12047=DIRECTION('',(1.,0.,0.));
#12048=DIRECTION('',(0.,-1.,0.));
#12049=DIRECTION('',(1.,0.,0.));
#12050=DIRECTION('',(0.,0.,1.));
#12051=DIRECTION('',(1.,0.,0.));
#12052=DIRECTION('',(1.,0.,0.));
#12053=DIRECTION('',(0.,-1.,0.));
#12054=DIRECTION('',(1.,0.,0.));
#12055=DIRECTION('',(0.,0.,1.));
#12056=DIRECTION('',(1.,0.,0.));
#12057=DIRECTION('',(1.,0.,0.));
#12058=DIRECTION('',(0.,0.,1.));
#12059=DIRECTION('',(1.,-1.83690953073E-16,0.));
#12060=DIRECTION('',(0.,0.,1.));
#12061=DIRECTION('',(1.,0.,0.));
#12062=DIRECTION('',(0.,0.,1.));
#12063=DIRECTION('',(1.,0.,0.));
#12064=DIRECTION('',(0.,0.,1.));
#12065=DIRECTION('',(0.,0.,-1.));
#12066=DIRECTION('',(3.33066907388E-16,-1.,0.));
#12067=DIRECTION('',(0.,0.,-1.));
#12068=DIRECTION('',(-1.,0.,0.));
#12069=DIRECTION('',(0.,0.,-1.));
#12070=DIRECTION('',(0.,0.,-1.));
#12071=DIRECTION('',(-1.,0.,0.));
#12072=DIRECTION('',(0.,0.,1.));
#12073=DIRECTION('',(1.,0.,0.));
#12074=DIRECTION('',(0.,0.,-1.));
#12075=DIRECTION('',(-1.,0.,0.));
#12076=DIRECTION('',(1.,0.,0.));
#12077=DIRECTION('',(0.,0.,1.));
#12078=DIRECTION('',(1.,0.,0.));
#12079=DIRECTION('',(0.,0.,1.));
#12080=DIRECTION('',(1.,0.,0.));
#12081=DIRECTION('',(0.,0.,1.));
#12082=DIRECTION('',(1.,0.,0.));
#12083=DIRECTION('',(1.,0.,0.));
#12084=DIRECTION('',(0.,0.,-1.));
#12085=DIRECTION('',(-1.,0.,0.));
#12086=DIRECTION('',(0.,0.,1.));
#12087=DIRECTION('',(1.83690953073E-16,1.,0.));
#12088=DIRECTION('',(0.,0.,-1.));
#12089=DIRECTION('',(0.,-1.,0.));
#12090=DIRECTION('',(1.,0.,0.));
#12091=DIRECTION('',(0.,0.,1.));
#12092=DIRECTION('',(0.,0.,-1.));
#12093=DIRECTION('',(0.986013297183207,-0.166666666667035,0.));
#12094=DIRECTION('',(0.,0.,1.));
#12095=DIRECTION('',(1.,0.,0.));
#12096=DIRECTION('',(0.,0.,-1.));
#12097=DIRECTION('',(1.,0.,0.));
#12098=DIRECTION('',(0.,0.,-1.));
#12099=DIRECTION('',(-1.,0.,0.));
#12100=DIRECTION('',(0.,0.,1.));
#12101=DIRECTION('',(1.,0.,0.));
#12102=DIRECTION('',(0.,1.,0.));
#12103=DIRECTION('',(-0.866025403783548,0.500000000001542,0.));
#12104=DIRECTION('',(-0.866025403783548,-0.500000000001542,0.));
#12105=DIRECTION('',(0.,1.,0.));
#12106=DIRECTION('',(0.866025403783548,-0.500000000001542,0.));
#12107=DIRECTION('',(0.866025403783548,0.500000000001542,0.));
#12108=DIRECTION('',(0.,0.,-1.));
#12109=DIRECTION('',(-1.,0.,0.));
#12110=DIRECTION('',(1.,0.,0.));
#12111=DIRECTION('',(0.,1.,0.));
#12112=DIRECTION('',(0.,0.,1.));
#12113=DIRECTION('',(0.,1.,0.));
#12114=DIRECTION('',(0.,0.,1.));
#12115=DIRECTION('',(0.50000000000019,0.866025403784329,0.));
#12116=DIRECTION('',(-0.866025403784329,0.50000000000019,0.));
#12117=DIRECTION('',(-0.866025403784329,0.50000000000019,0.));
#12118=DIRECTION('',(0.,0.,1.));
#12119=DIRECTION('',(-0.50000000000019,0.866025403784329,0.));
#12120=DIRECTION('',(-0.866025403784329,-0.50000000000019,0.));
#12121=DIRECTION('',(-0.866025403784329,-0.50000000000019,0.));
#12122=DIRECTION('',(0.,0.,1.));
#12123=DIRECTION('',(-1.,-1.53837014911E-16,0.));
#12124=DIRECTION('',(1.53837014911E-16,-1.,0.));
#12125=DIRECTION('',(1.53837014911E-16,-1.,0.));
#12126=DIRECTION('',(0.,0.,1.));
#12127=DIRECTION('',(-0.50000000000019,-0.866025403784329,0.));
#12128=DIRECTION('',(0.866025403784329,-0.50000000000019,0.));
#12129=DIRECTION('',(0.866025403784329,-0.50000000000019,0.));
#12130=DIRECTION('',(0.,0.,1.));
#12131=DIRECTION('',(0.50000000000019,-0.866025403784329,0.));
#12132=DIRECTION('',(0.866025403784329,0.50000000000019,0.));
#12133=DIRECTION('',(0.866025403784329,0.50000000000019,0.));
#12134=DIRECTION('',(0.,0.,1.));
#12135=DIRECTION('',(1.,0.,0.));
#12136=DIRECTION('',(0.,0.,-1.));
#12137=DIRECTION('',(-1.,0.,0.));
#12138=DIRECTION('',(0.,0.,-1.));
#12139=DIRECTION('',(1.,0.,0.));
#12140=DIRECTION('',(0.,0.,-1.));
#12141=DIRECTION('',(-1.,0.,0.));
#12142=DIRECTION('',(0.,0.,-1.));
#12143=DIRECTION('',(1.,0.,0.));
#12144=DIRECTION('',(0.,0.,-1.));
#12145=DIRECTION('',(0.877582561890372,-0.479425538604204,0.));
#12146=DIRECTION('',(0.,0.,1.));
#12147=DIRECTION('',(1.,0.,0.));
#12148=DIRECTION('',(0.,0.,-1.));
#12149=DIRECTION('',(0.877582561890372,-0.479425538604204,0.));
#12150=DIRECTION('',(0.,0.,-1.));
#12151=DIRECTION('',(-1.,0.,0.));
#12152=DIRECTION('',(0.,0.,1.));
#12153=DIRECTION('',(1.,0.,0.));
#12154=DIRECTION('',(0.,0.,-1.));
#12155=DIRECTION('',(1.,0.,0.));
#12156=DIRECTION('',(0.,0.,-1.));
#12157=DIRECTION('',(-1.,0.,0.));
#12158=DIRECTION('',(0.,0.,1.));
#12159=DIRECTION('',(1.,0.,0.));
#12160=DIRECTION('',(0.,0.,-1.));
#12161=DIRECTION('',(1.,0.,0.));
#12162=DIRECTION('',(0.,0.,1.));
#12163=DIRECTION('',(1.,0.,0.));
#12164=DIRECTION('',(0.866025403784329,0.50000000000019,0.));
#12165=DIRECTION('',(0.866025403784329,-0.50000000000019,0.));
#12166=DIRECTION('',(1.53837014911E-16,-1.,0.));
#12167=DIRECTION('',(-0.866025403784329,-0.50000000000019,0.));
#12168=DIRECTION('',(-0.866025403784329,0.50000000000019,0.));
#12169=DIRECTION('',(0.,1.,0.));
#12170=DIRECTION('',(0.50000000000019,-0.866025403784329,0.));
#12171=DIRECTION('',(0.866025403784329,0.50000000000019,0.));
#12172=DIRECTION('',(0.,0.,1.));
#12173=DIRECTION('',(0.,0.,1.));
#12174=DIRECTION('',(0.866025403784329,0.50000000000019,0.));
#12175=DIRECTION('',(-0.50000000000019,-0.866025403784329,0.));
#12176=DIRECTION('',(0.866025403784329,-0.50000000000019,0.));
#12177=DIRECTION('',(0.,0.,1.));
#12178=DIRECTION('',(0.866025403784329,-0.50000000000019,0.));
#12179=DIRECTION('',(-1.,0.,0.));
#12180=DIRECTION('',(0.,-1.,0.));
#12181=DIRECTION('',(0.,0.,1.));
#12182=DIRECTION('',(0.,-1.,0.));
#12183=DIRECTION('',(-0.50000000000019,0.866025403784329,0.));
#12184=DIRECTION('',(-0.866025403784329,-0.50000000000019,0.));
#12185=DIRECTION('',(0.,0.,1.));
#12186=DIRECTION('',(-0.866025403784329,-0.50000000000019,0.));
#12187=DIRECTION('',(0.50000000000019,0.866025403784329,0.));
#12188=DIRECTION('',(-0.866025403784329,0.50000000000019,0.));
#12189=DIRECTION('',(0.,0.,1.));
#12190=DIRECTION('',(-0.866025403784329,0.50000000000019,0.));
#12191=DIRECTION('',(1.,0.,0.));
#12192=DIRECTION('',(0.,1.,0.));
#12193=DIRECTION('',(0.,1.,0.));
#12194=DIRECTION('',(0.,0.,1.));
#12195=DIRECTION('',(1.,0.,0.));
#12196=DIRECTION('',(0.,0.,-1.));
#12197=DIRECTION('',(1.,0.,0.));
#12198=DIRECTION('',(0.,0.,1.));
#12199=DIRECTION('',(1.,0.,0.));
#12200=DIRECTION('',(0.,0.,-1.));
#12201=DIRECTION('',(1.,0.,0.));
#12202=DIRECTION('',(0.,0.,-1.));
#12203=DIRECTION('',(-1.,0.,0.));
#12204=DIRECTION('',(0.,0.,1.));
#12205=DIRECTION('',(1.,0.,0.));
#12206=DIRECTION('',(0.,1.,0.));
#12207=DIRECTION('',(-0.866025403783548,0.500000000001542,0.));
#12208=DIRECTION('',(-0.866025403783548,-0.500000000001542,0.));
#12209=DIRECTION('',(0.,1.,0.));
#12210=DIRECTION('',(0.866025403783548,-0.500000000001542,0.));
#12211=DIRECTION('',(0.866025403783548,0.500000000001542,0.));
#12212=DIRECTION('',(0.,0.,-1.));
#12213=DIRECTION('',(-1.,0.,0.));
#12214=DIRECTION('',(1.,0.,0.));
#12215=DIRECTION('',(0.,1.,0.));
#12216=DIRECTION('',(0.,0.,1.));
#12217=DIRECTION('',(0.,1.,0.));
#12218=DIRECTION('',(0.,0.,1.));
#12219=DIRECTION('',(0.50000000000019,0.866025403784329,0.));
#12220=DIRECTION('',(-0.866025403784329,0.50000000000019,0.));
#12221=DIRECTION('',(-0.866025403784329,0.50000000000019,0.));
#12222=DIRECTION('',(0.,0.,1.));
#12223=DIRECTION('',(-0.50000000000019,0.866025403784329,0.));
#12224=DIRECTION('',(-0.866025403784329,-0.50000000000019,0.));
#12225=DIRECTION('',(-0.866025403784329,-0.50000000000019,0.));
#12226=DIRECTION('',(0.,0.,1.));
#12227=DIRECTION('',(-1.,-1.53837014911E-16,0.));
#12228=DIRECTION('',(1.53837014911E-16,-1.,0.));
#12229=DIRECTION('',(1.53837014911E-16,-1.,0.));
#12230=DIRECTION('',(0.,0.,1.));
#12231=DIRECTION('',(-0.50000000000019,-0.866025403784329,0.));
#12232=DIRECTION('',(0.866025403784329,-0.50000000000019,0.));
#12233=DIRECTION('',(0.866025403784329,-0.50000000000019,0.));
#12234=DIRECTION('',(0.,0.,1.));
#12235=DIRECTION('',(0.50000000000019,-0.866025403784329,0.));
#12236=DIRECTION('',(0.866025403784329,0.50000000000019,0.));
#12237=DIRECTION('',(0.866025403784329,0.50000000000019,0.));
#12238=DIRECTION('',(0.,0.,1.));
#12239=DIRECTION('',(1.,0.,0.));
#12240=DIRECTION('',(0.,0.,-1.));
#12241=DIRECTION('',(-1.,0.,0.));
#12242=DIRECTION('',(0.,0.,-1.));
#12243=DIRECTION('',(1.,0.,0.));
#12244=DIRECTION('',(0.,0.,-1.));
#12245=DIRECTION('',(-1.,0.,0.));
#12246=DIRECTION('',(0.,0.,-1.));
#12247=DIRECTION('',(1.,0.,0.));
#12248=DIRECTION('',(0.,0.,-1.));
#12249=DIRECTION('',(0.877582561890372,-0.479425538604204,0.));
#12250=DIRECTION('',(0.,0.,1.));
#12251=DIRECTION('',(1.,0.,0.));
#12252=DIRECTION('',(0.,0.,-1.));
#12253=DIRECTION('',(1.,0.,0.));
#12254=DIRECTION('',(0.,0.,-1.));
#12255=DIRECTION('',(-1.,0.,0.));
#12256=DIRECTION('',(0.,0.,1.));
#12257=DIRECTION('',(1.,0.,0.));
#12258=DIRECTION('',(0.,1.,0.));
#12259=DIRECTION('',(-0.866025403783548,0.500000000001542,0.));
#12260=DIRECTION('',(-0.866025403783548,-0.500000000001542,0.));
#12261=DIRECTION('',(0.,1.,0.));
#12262=DIRECTION('',(0.866025403783548,-0.500000000001542,0.));
#12263=DIRECTION('',(0.866025403783548,0.500000000001542,0.));
#12264=DIRECTION('',(0.,0.,-1.));
#12265=DIRECTION('',(-1.,0.,0.));
#12266=DIRECTION('',(1.,0.,0.));
#12267=DIRECTION('',(0.,1.,0.));
#12268=DIRECTION('',(0.,0.,1.));
#12269=DIRECTION('',(0.,1.,0.));
#12270=DIRECTION('',(0.,0.,1.));
#12271=DIRECTION('',(0.50000000000019,0.866025403784329,0.));
#12272=DIRECTION('',(-0.866025403784329,0.50000000000019,0.));
#12273=DIRECTION('',(-0.866025403784329,0.50000000000019,0.));
#12274=DIRECTION('',(0.,0.,1.));
#12275=DIRECTION('',(-0.50000000000019,0.866025403784329,0.));
#12276=DIRECTION('',(-0.866025403784329,-0.50000000000019,0.));
#12277=DIRECTION('',(-0.866025403784329,-0.50000000000019,0.));
#12278=DIRECTION('',(0.,0.,1.));
#12279=DIRECTION('',(-1.,-1.53837014911E-16,0.));
#12280=DIRECTION('',(1.53837014911E-16,-1.,0.));
#12281=DIRECTION('',(1.53837014911E-16,-1.,0.));
#12282=DIRECTION('',(0.,0.,1.));
#12283=DIRECTION('',(-0.50000000000019,-0.866025403784329,0.));
#12284=DIRECTION('',(0.866025403784329,-0.50000000000019,0.));
#12285=DIRECTION('',(0.866025403784329,-0.50000000000019,0.));
#12286=DIRECTION('',(0.,0.,1.));
#12287=DIRECTION('',(0.50000000000019,-0.866025403784329,0.));
#12288=DIRECTION('',(0.866025403784329,0.50000000000019,0.));
#12289=DIRECTION('',(0.866025403784329,0.50000000000019,0.));
#12290=DIRECTION('',(0.,0.,1.));
#12291=DIRECTION('',(1.,0.,0.));
#12292=DIRECTION('',(0.,0.,-1.));
#12293=DIRECTION('',(-1.,0.,0.));
#12294=DIRECTION('',(0.,0.,-1.));
#12295=DIRECTION('',(1.,0.,0.));
#12296=DIRECTION('',(0.,0.,-1.));
#12297=DIRECTION('',(-1.,0.,0.));
#12298=DIRECTION('',(0.,0.,-1.));
#12299=DIRECTION('',(1.,0.,0.));
#12300=DIRECTION('',(0.,0.,-1.));
#12301=DIRECTION('',(0.877582561890372,-0.479425538604204,0.));
#12302=DIRECTION('',(0.,0.,1.));
#12303=DIRECTION('',(1.,0.,0.));
#12304=DIRECTION('',(0.,0.,1.));
#12305=DIRECTION('',(1.,0.,0.));
#12306=DIRECTION('',(0.,0.,1.));
#12307=DIRECTION('',(1.,0.,0.));
#12308=DIRECTION('',(0.,0.,1.));
#12309=DIRECTION('',(1.,0.,0.));
#12310=DIRECTION('',(0.,0.,1.));
#12311=DIRECTION('',(-1.,-3.21628574468E-16,0.));
#12312=DIRECTION('',(0.,0.,1.));
#12313=DIRECTION('',(1.,0.,0.));
#12314=DIRECTION('',(0.,0.,1.));
#12315=DIRECTION('',(1.,0.,0.));
#12316=DIRECTION('',(0.,0.,1.));
#12317=DIRECTION('',(-1.,-3.21628574468E-16,0.));
#12318=DIRECTION('',(0.,0.,1.));
#12319=DIRECTION('',(1.,0.,0.));
#12320=DIRECTION('',(0.,0.,1.));
#12321=DIRECTION('',(1.,0.,0.));
#12322=DIRECTION('',(0.,0.,1.));
#12323=DIRECTION('',(1.,0.,0.));
#12324=DIRECTION('',(0.,0.,1.));
#12325=DIRECTION('',(1.,0.,0.));
#12326=DIRECTION('',(0.,0.,1.));
#12327=DIRECTION('',(1.,0.,0.));
#12328=DIRECTION('',(0.,0.,1.));
#12329=DIRECTION('',(1.,-1.83690953073E-16,0.));
#12330=DIRECTION('',(0.,0.,1.));
#12331=DIRECTION('',(1.,0.,0.));
#12332=DIRECTION('',(0.,0.,1.));
#12333=DIRECTION('',(0.,0.,1.));
#12334=DIRECTION('',(1.,0.,0.));
#12335=DIRECTION('',(0.,0.,1.));
#12336=DIRECTION('',(0.,0.,1.));
#12337=DIRECTION('',(1.,-1.83690953073E-16,0.));
#12338=DIRECTION('',(0.,0.,1.));
#12339=DIRECTION('',(1.,0.,0.));
#12340=DIRECTION('',(0.,0.,1.));
#12341=DIRECTION('',(0.,0.,1.));
#12342=DIRECTION('',(1.,0.,0.));
#12343=DIRECTION('',(0.,0.,-1.));
#12344=DIRECTION('',(0.,0.,-1.));
#12345=DIRECTION('',(-0.166666666667035,-0.986013297183207,0.));
#12346=DIRECTION('',(0.,0.,1.));
#12347=DIRECTION('',(0.,0.,-1.));
#12348=DIRECTION('',(-1.,0.,0.));
#12349=DIRECTION('',(0.,0.,-1.));
#12350=DIRECTION('',(-1.,0.,0.));
#12351=DIRECTION('',(-1.,0.,0.));
#12352=DIRECTION('',(0.,-1.,0.));
#12353=DIRECTION('',(0.,0.,1.));
#12354=DIRECTION('',(0.,1.,0.));
#12355=DIRECTION('',(0.,-1.,0.));
#12356=DIRECTION('',(-1.,0.,0.));
#12357=DIRECTION('',(0.,-1.,0.));
#12358=DIRECTION('',(0.,0.,-1.));
#12359=DIRECTION('',(0.,-1.,0.));
#12360=DIRECTION('',(0.,1.,0.));
#12361=DIRECTION('',(0.,0.,1.));
#12362=DIRECTION('',(0.,1.,0.));
#12363=DIRECTION('',(0.,0.,1.));
#12364=DIRECTION('',(0.,0.,1.));
#12365=DIRECTION('',(1.,0.,0.));
#12366=DIRECTION('',(0.,0.,1.));
#12367=DIRECTION('',(1.,0.,0.));
#12368=DIRECTION('',(0.,0.,-1.));
#12369=DIRECTION('',(1.,0.,0.));
#12370=DIRECTION('',(0.,0.,-1.));
#12371=DIRECTION('',(-1.,0.,0.));
#12372=DIRECTION('',(0.,0.,-1.));
#12373=DIRECTION('',(-1.,0.,0.));
#12374=DIRECTION('',(-1.,0.,0.));
#12375=DIRECTION('',(0.,-1.,0.));
#12376=DIRECTION('',(0.,0.,1.));
#12377=DIRECTION('',(0.,-1.,0.));
#12378=DIRECTION('',(0.,1.,0.));
#12379=DIRECTION('',(0.,0.,1.));
#12380=DIRECTION('',(-1.83690953073E-16,-1.,0.));
#12381=DIRECTION('',(0.,0.,1.));
#12382=DIRECTION('',(1.,0.,0.));
#12383=DIRECTION('',(0.,0.,1.));
#12384=DIRECTION('',(0.,0.,1.));
#12385=DIRECTION('',(1.,0.,0.));
#12386=DIRECTION('',(0.,0.,1.));
#12387=DIRECTION('',(-1.83690953073E-16,-1.,0.));
#12388=DIRECTION('',(0.,0.,1.));
#12389=DIRECTION('',(1.,0.,0.));
#12390=DIRECTION('',(0.,0.,1.));
#12391=DIRECTION('',(0.,0.,1.));
#12392=DIRECTION('',(1.,0.,0.));
#12393=DIRECTION('',(0.,0.,1.));
#12394=DIRECTION('',(0.,0.,1.));
#12395=DIRECTION('',(0.,1.,0.));
#12396=DIRECTION('',(0.,0.,1.));
#12397=DIRECTION('',(0.,0.,1.));
#12398=DIRECTION('',(1.,0.,0.));
#12399=DIRECTION('',(0.,0.,1.));
#12400=DIRECTION('',(1.,0.,0.));
#12401=DIRECTION('',(0.,-1.,0.));
#12402=DIRECTION('',(1.,0.,0.));
#12403=DIRECTION('',(1.,0.,0.));
#12404=DIRECTION('',(1.,0.,0.));
#12405=DIRECTION('',(0.,0.,1.));
#12406=DIRECTION('',(0.,-1.,0.));
#12407=DIRECTION('',(1.,0.,0.));
#12408=DIRECTION('',(1.,0.,0.));
#12409=DIRECTION('',(1.,0.,0.));
#12410=DIRECTION('',(0.,0.,1.));
#12411=DIRECTION('',(0.,0.,1.));
#12412=DIRECTION('',(1.,0.,0.));
#12413=DIRECTION('',(0.,0.,1.));
#12414=DIRECTION('',(0.,0.,1.));
#12415=DIRECTION('',(1.,0.,0.));
#12416=DIRECTION('',(0.,0.,1.));
#12417=DIRECTION('',(1.,0.,0.));
#12418=DIRECTION('',(0.,0.,1.));
#12419=DIRECTION('',(-0.986013297183207,-0.166666666667035,0.));
#12420=DIRECTION('',(0.,0.,1.));
#12421=DIRECTION('',(1.,0.,0.));
#12422=DIRECTION('',(0.,0.,1.));
#12423=DIRECTION('',(1.,0.,0.));
#12424=DIRECTION('',(0.,-1.,0.));
#12425=DIRECTION('',(1.,0.,0.));
#12426=DIRECTION('',(1.,0.,0.));
#12427=DIRECTION('',(1.,0.,0.));
#12428=DIRECTION('',(0.,0.,1.));
#12429=DIRECTION('',(0.,0.,1.));
#12430=DIRECTION('',(-1.,1.83690953073E-16,0.));
#12431=DIRECTION('',(0.,0.,1.));
#12432=DIRECTION('',(1.,0.,0.));
#12433=DIRECTION('',(0.,0.,1.));
#12434=DIRECTION('',(0.,0.,1.));
#12435=DIRECTION('',(1.,0.,0.));
#12436=DIRECTION('',(0.,0.,1.));
#12437=DIRECTION('',(-1.,1.83690953073E-16,0.));
#12438=DIRECTION('',(0.,0.,1.));
#12439=DIRECTION('',(1.,0.,0.));
#12440=DIRECTION('',(0.,0.,1.));
#12441=DIRECTION('',(0.,0.,1.));
#12442=DIRECTION('',(1.,0.,0.));
#12443=DIRECTION('',(0.,0.,1.));
#12444=DIRECTION('',(0.,0.,1.));
#12445=DIRECTION('',(1.,0.,0.));
#12446=DIRECTION('',(0.,0.,1.));
#12447=DIRECTION('',(0.,0.,1.));
#12448=DIRECTION('',(1.,0.,0.));
#12449=DIRECTION('',(0.,0.,1.));
#12450=DIRECTION('',(1.,0.,0.));
#12451=DIRECTION('',(1.,0.,0.));
#12452=DIRECTION('',(0.,1.,0.));
#12453=DIRECTION('',(0.,0.,1.));
#12454=DIRECTION('',(0.,1.,0.));
#12455=DIRECTION('',(0.,1.,0.));
#12456=DIRECTION('',(-1.,0.,0.));
#12457=DIRECTION('',(0.,-1.,0.));
#12458=DIRECTION('',(0.,1.,0.));
#12459=DIRECTION('',(0.,-1.,0.));
#12460=DIRECTION('',(0.,0.,1.));
#12461=DIRECTION('',(0.,0.,1.));
#12462=DIRECTION('',(1.83690953073E-16,1.,0.));
#12463=DIRECTION('',(0.,0.,1.));
#12464=DIRECTION('',(1.,0.,0.));
#12465=DIRECTION('',(0.,0.,1.));
#12466=DIRECTION('',(1.,0.,0.));
#12467=DIRECTION('',(0.,0.,1.));
#12468=DIRECTION('',(0.,0.,1.));
#12469=DIRECTION('',(0.166666666667035,-0.986013297183207,0.));
#12470=DIRECTION('',(0.,0.,1.));
#12471=DIRECTION('',(1.,0.,0.));
#12472=DIRECTION('',(0.,0.,1.));
#12473=DIRECTION('',(1.,0.,0.));
#12474=DIRECTION('',(1.,0.,0.));
#12475=DIRECTION('',(0.,1.,0.));
#12476=DIRECTION('',(0.,0.,1.));
#12477=DIRECTION('',(0.,1.,0.));
#12478=DIRECTION('',(0.,1.,0.));
#12479=DIRECTION('',(0.,0.,1.));
#12480=DIRECTION('',(1.83690953073E-16,1.,0.));
#12481=DIRECTION('',(0.,0.,1.));
#12482=DIRECTION('',(1.,0.,0.));
#12483=DIRECTION('',(0.,0.,1.));
#12484=DIRECTION('',(0.,0.,1.));
#12485=DIRECTION('',(1.,0.,0.));
#12486=DIRECTION('',(0.,-1.,0.));
#12487=DIRECTION('',(1.,0.,0.));
#12488=DIRECTION('',(0.,0.,1.));
#12489=DIRECTION('',(1.,0.,0.));
#12490=DIRECTION('',(1.,0.,0.));
#12491=DIRECTION('',(0.,-1.,0.));
#12492=DIRECTION('',(1.,0.,0.));
#12493=DIRECTION('',(0.,0.,1.));
#12494=DIRECTION('',(1.,0.,0.));
#12495=DIRECTION('',(1.,0.,0.));
#12496=DIRECTION('',(0.,0.,1.));
#12497=DIRECTION('',(1.,-1.83690953073E-16,0.));
#12498=DIRECTION('',(0.,0.,1.));
#12499=DIRECTION('',(1.,0.,0.));
#12500=DIRECTION('',(0.,0.,1.));
#12501=DIRECTION('',(1.,0.,0.));
#12502=DIRECTION('',(0.,0.,1.));
#12503=DIRECTION('',(0.,0.,-1.));
#12504=DIRECTION('',(3.33066907388E-16,-1.,0.));
#12505=DIRECTION('',(0.,0.,-1.));
#12506=DIRECTION('',(-1.,0.,0.));
#12507=DIRECTION('',(0.,0.,-1.));
#12508=DIRECTION('',(0.,0.,-1.));
#12509=DIRECTION('',(-1.,0.,0.));
#12510=DIRECTION('',(0.,0.,1.));
#12511=DIRECTION('',(1.,0.,0.));
#12512=DIRECTION('',(0.,0.,-1.));
#12513=DIRECTION('',(-1.,0.,0.));
#12514=DIRECTION('',(1.,0.,0.));
#12515=DIRECTION('',(0.,0.,1.));
#12516=DIRECTION('',(1.,0.,0.));
#12517=DIRECTION('',(0.,0.,1.));
#12518=DIRECTION('',(1.,0.,0.));
#12519=DIRECTION('',(0.,0.,1.));
#12520=DIRECTION('',(1.,0.,0.));
#12521=DIRECTION('',(1.,0.,0.));
#12522=DIRECTION('',(0.,0.,-1.));
#12523=DIRECTION('',(-1.,0.,0.));
#12524=DIRECTION('',(0.,0.,1.));
#12525=DIRECTION('',(1.83690953073E-16,1.,0.));
#12526=DIRECTION('',(0.,0.,-1.));
#12527=DIRECTION('',(0.,-1.,0.));
#12528=DIRECTION('',(1.,0.,0.));
#12529=DIRECTION('',(0.,0.,1.));
#12530=DIRECTION('',(0.,0.,-1.));
#12531=DIRECTION('',(0.986013297183207,-0.166666666667035,0.));
#12532=DIRECTION('',(0.,0.,1.));
#12533=DIRECTION('',(1.,0.,0.));
#12534=DIRECTION('',(0.,0.,1.));
#12535=DIRECTION('',(1.,0.,0.));
#12536=DIRECTION('',(-1.,0.,0.));
#12537=DIRECTION('',(0.,-1.,0.));
#12538=DIRECTION('',(0.,0.,1.));
#12539=DIRECTION('',(0.,-1.,0.));
#12540=DIRECTION('',(0.,0.,1.));
#12541=DIRECTION('',(0.,1.,0.));
#12542=DIRECTION('',(0.,1.,0.));
#12543=DIRECTION('',(-1.,0.,0.));
#12544=DIRECTION('',(-1.,0.,0.));
#12545=DIRECTION('',(0.,0.,1.));
#12546=DIRECTION('',(1.,0.,0.));
#12547=DIRECTION('',(1.,0.,0.));
#12548=DIRECTION('',(0.,1.,0.));
#12549=DIRECTION('',(0.,1.,0.));
#12550=DIRECTION('',(0.,0.,1.));
#12551=DIRECTION('',(0.,1.,0.));
#12552=DIRECTION('',(0.,-1.,0.));
#12553=DIRECTION('',(1.,0.,0.));
#12554=DIRECTION('',(1.,0.,0.));
#12555=DIRECTION('',(1.,0.,0.));
#12556=DIRECTION('',(0.,0.,1.));
#12557=DIRECTION('',(1.,0.,0.));
#12558=DIRECTION('',(0.,0.,1.));
#12559=DIRECTION('',(1.,0.,0.));
#12560=DIRECTION('',(0.,0.,1.));
#12561=DIRECTION('',(1.,0.,0.));
#12562=DIRECTION('',(0.,0.,1.));
#12563=DIRECTION('',(-1.,0.,0.));
#12564=DIRECTION('',(0.,0.,1.));
#12565=DIRECTION('',(-1.,0.,0.));
#12566=DIRECTION('',(0.,0.,1.));
#12567=DIRECTION('',(-1.,0.,0.));
#12568=DIRECTION('',(0.,0.,-1.));
#12569=DIRECTION('',(1.,0.,0.));
#12570=DIRECTION('',(0.,0.,1.));
#12571=DIRECTION('',(-1.,0.,0.));
#12572=DIRECTION('',(0.,0.,1.));
#12573=DIRECTION('',(-1.,0.,0.));
#12574=DIRECTION('',(0.,0.,1.));
#12575=DIRECTION('',(-1.,0.,0.));
#12576=DIRECTION('',(0.,0.,1.));
#12577=DIRECTION('',(1.,0.,0.));
#12578=DIRECTION('',(0.,0.,-1.));
#12579=DIRECTION('',(1.,0.,0.));
#12580=DIRECTION('',(0.,0.,-1.));
#12581=DIRECTION('',(1.,0.,0.));
#12582=DIRECTION('',(0.,0.,-1.));
#12583=DIRECTION('',(-1.,0.,0.));
#12584=DIRECTION('',(0.,0.,-1.));
#12585=DIRECTION('',(1.,0.,0.));
#12586=DIRECTION('',(0.,0.,1.));
#12587=DIRECTION('',(1.,0.,0.));
#12588=DIRECTION('',(0.,0.,-1.));
#12589=DIRECTION('',(1.,0.,0.));
#12590=DIRECTION('',(0.,0.,1.));
#12591=DIRECTION('',(-1.,0.,0.));
#12592=DIRECTION('',(0.,0.,-1.));
#12593=DIRECTION('',(-1.,0.,0.));
#12594=DIRECTION('',(0.,0.,-1.));
#12595=DIRECTION('',(-1.,0.,0.));
#12596=DIRECTION('',(0.,0.,-1.));
#12597=DIRECTION('',(1.,0.,0.));
#12598=DIRECTION('',(0.,0.,-1.));
#12599=DIRECTION('',(-1.,0.,0.));
#12600=DIRECTION('',(0.,0.,1.));
#12601=DIRECTION('',(-1.,0.,0.));
#12602=DIRECTION('',(0.,0.,-1.));
#12603=DIRECTION('',(-1.,0.,0.));
#12604=DIRECTION('',(0.,0.,1.));
#12605=DIRECTION('',(1.,0.,0.));
#12606=DIRECTION('',(1.38777878078145E-16,-1.,0.));
#12607=DIRECTION('',(0.,0.,1.));
#12608=DIRECTION('',(1.,0.,0.));
#12609=DIRECTION('',(-1.,0.,0.));
#12610=DIRECTION('',(0.,0.,1.));
#12611=DIRECTION('',(1.,0.,0.));
#12612=DIRECTION('',(1.38777878078145E-16,-1.,0.));
#12613=DIRECTION('',(0.,0.,1.));
#12614=DIRECTION('',(1.,0.,0.));
#12615=DIRECTION('',(-1.,0.,0.));
#12616=DIRECTION('',(0.,0.,1.));
#12617=DIRECTION('',(1.,0.,0.));
#12618=DIRECTION('',(-1.,0.,0.));
#12619=DIRECTION('',(0.,0.,1.));
#12620=DIRECTION('',(1.,0.,0.));
#12621=DIRECTION('',(1.43365576527009E-16,-1.,0.));
#12622=DIRECTION('',(0.,0.,1.));
#12623=DIRECTION('',(1.,0.,0.));
#12624=DIRECTION('',(-1.,0.,0.));
#12625=DIRECTION('',(0.,0.,1.));
#12626=DIRECTION('',(1.,0.,0.));
#12627=DIRECTION('',(1.43365576527009E-16,-1.,0.));
#12628=DIRECTION('',(0.,0.,1.));
#12629=DIRECTION('',(1.,0.,0.));
#12630=DIRECTION('',(1.,1.38777878078145E-16,0.));
#12631=DIRECTION('',(-1.38777878078145E-16,1.,0.));
#12632=DIRECTION('',(1.38777878078145E-16,-1.,0.));
#12633=DIRECTION('',(0.,0.,-1.));
#12634=DIRECTION('',(0.,0.,-1.));
#12635=DIRECTION('',(0.,-1.,0.));
#12636=DIRECTION('',(0.,0.,-1.));
#12637=DIRECTION('',(-1.,0.,0.));
#12638=DIRECTION('',(0.,0.,-1.));
#12639=DIRECTION('',(0.,0.,-1.));
#12640=DIRECTION('',(1.,1.38777878078145E-16,0.));
#12641=DIRECTION('',(-1.38777878078145E-16,1.,0.));
#12642=DIRECTION('',(1.38777878078145E-16,-1.,0.));
#12643=DIRECTION('',(0.,0.,-1.));
#12644=DIRECTION('',(0.,0.,-1.));
#12645=DIRECTION('',(0.,-1.,0.));
#12646=DIRECTION('',(0.,0.,-1.));
#12647=DIRECTION('',(0.,0.,-1.));
#12648=DIRECTION('',(-1.,0.,0.));
#12649=DIRECTION('',(0.,0.,-1.));
#12650=DIRECTION('',(0.,0.,1.));
#12651=DIRECTION('',(1.,0.,0.));
#12652=DIRECTION('',(0.,0.,1.));
#12653=DIRECTION('',(1.,0.,0.));
#12654=DIRECTION('',(0.,0.,1.));
#12655=DIRECTION('',(1.,0.,0.));
#12656=DIRECTION('',(0.,0.,1.));
#12657=DIRECTION('',(1.,0.,0.));
#12658=DIRECTION('',(0.,0.,1.));
#12659=DIRECTION('',(1.,0.,0.));
#12660=DIRECTION('',(0.,0.,1.));
#12661=DIRECTION('',(1.,0.,0.));
#12662=DIRECTION('',(1.,1.43365576527009E-16,0.));
#12663=DIRECTION('',(-1.43365576527009E-16,1.,0.));
#12664=DIRECTION('',(0.,0.,-1.));
#12665=DIRECTION('',(1.43365576527009E-16,-1.,0.));
#12666=DIRECTION('',(0.,0.,-1.));
#12667=DIRECTION('',(0.,-1.,0.));
#12668=DIRECTION('',(0.,0.,-1.));
#12669=DIRECTION('',(0.,0.,-1.));
#12670=DIRECTION('',(-1.,0.,0.));
#12671=DIRECTION('',(0.,0.,-1.));
#12672=DIRECTION('',(1.,1.43365576527009E-16,0.));
#12673=DIRECTION('',(-1.43365576527009E-16,1.,0.));
#12674=DIRECTION('',(0.,0.,-1.));
#12675=DIRECTION('',(1.43365576527009E-16,-1.,0.));
#12676=DIRECTION('',(0.,0.,-1.));
#12677=DIRECTION('',(0.,-1.,0.));
#12678=DIRECTION('',(0.,0.,-1.));
#12679=DIRECTION('',(-1.,0.,0.));
#12680=DIRECTION('',(0.,0.,-1.));
#12681=DIRECTION('',(0.,0.,-1.));
#12682=DIRECTION('',(0.,0.,1.));
#12683=DIRECTION('',(1.,0.,0.));
#12684=DIRECTION('',(0.,0.,1.));
#12685=DIRECTION('',(1.,0.,0.));
#12686=DIRECTION('',(0.,0.,1.));
#12687=DIRECTION('',(1.,0.,0.));
#12688=DIRECTION('',(0.,0.,1.));
#12689=DIRECTION('',(1.,0.,0.));
#12690=DIRECTION('',(0.,0.,1.));
#12691=DIRECTION('',(1.,0.,0.));
#12692=DIRECTION('',(0.,0.,1.));
#12693=DIRECTION('',(1.,0.,0.));
#12694=DIRECTION('',(0.,0.,1.));
#12695=DIRECTION('',(1.,0.,0.));
#12696=DIRECTION('',(0.,0.,1.));
#12697=DIRECTION('',(1.,0.,0.));
#12698=DIRECTION('',(0.,0.,-1.));
#12699=DIRECTION('',(-1.,0.,0.));
#12700=DIRECTION('',(0.,0.,-1.));
#12701=DIRECTION('',(-1.,0.,0.));
#12702=DIRECTION('',(0.,0.,1.));
#12703=DIRECTION('',(1.,0.,0.));
#12704=DIRECTION('',(0.,0.,1.));
#12705=DIRECTION('',(1.,0.,0.));
#12706=DIRECTION('',(0.,0.,-1.));
#12707=DIRECTION('',(-1.,0.,0.));
#12708=DIRECTION('',(0.,0.,-1.));
#12709=DIRECTION('',(-1.,0.,0.));
#12710=DIRECTION('',(0.,0.,1.));
#12711=DIRECTION('',(1.,0.,0.));
#12712=DIRECTION('',(0.,0.,1.));
#12713=DIRECTION('',(1.,0.,0.));
#12714=DIRECTION('',(0.,0.,-1.));
#12715=DIRECTION('',(-1.,0.,0.));
#12716=DIRECTION('',(0.,0.,1.));
#12717=DIRECTION('',(1.,0.,0.));
#12718=DIRECTION('',(0.,0.,1.));
#12719=DIRECTION('',(1.,0.,0.));
#12720=DIRECTION('',(0.,0.,-1.));
#12721=DIRECTION('',(-1.,0.,0.));
#12722=DIRECTION('',(0.,0.,1.));
#12723=DIRECTION('',(1.,0.,0.));
#12724=DIRECTION('',(0.,0.,1.));
#12725=DIRECTION('',(1.,0.,0.));
#12726=DIRECTION('',(0.,0.,1.));
#12727=DIRECTION('',(1.,0.,0.));
#12728=DIRECTION('',(0.,0.,1.));
#12729=DIRECTION('',(-1.,-3.21628574468E-16,0.));
#12730=DIRECTION('',(0.,0.,1.));
#12731=DIRECTION('',(1.,0.,0.));
#12732=DIRECTION('',(0.,0.,1.));
#12733=DIRECTION('',(1.,0.,0.));
#12734=DIRECTION('',(0.,0.,1.));
#12735=DIRECTION('',(-1.,-3.21628574468E-16,0.));
#12736=DIRECTION('',(0.,0.,1.));
#12737=DIRECTION('',(1.,0.,0.));
#12738=DIRECTION('',(0.,0.,1.));
#12739=DIRECTION('',(1.,0.,0.));
#12740=DIRECTION('',(0.,0.,1.));
#12741=DIRECTION('',(1.,0.,0.));
#12742=DIRECTION('',(0.,0.,1.));
#12743=DIRECTION('',(1.,0.,0.));
#12744=DIRECTION('',(0.,0.,1.));
#12745=DIRECTION('',(1.,0.,0.));
#12746=DIRECTION('',(0.,0.,1.));
#12747=DIRECTION('',(1.,-1.83690953073E-16,0.));
#12748=DIRECTION('',(0.,0.,1.));
#12749=DIRECTION('',(1.,0.,0.));
#12750=DIRECTION('',(0.,0.,1.));
#12751=DIRECTION('',(0.,0.,1.));
#12752=DIRECTION('',(1.,0.,0.));
#12753=DIRECTION('',(0.,0.,1.));
#12754=DIRECTION('',(0.,0.,1.));
#12755=DIRECTION('',(1.,-1.83690953073E-16,0.));
#12756=DIRECTION('',(0.,0.,1.));
#12757=DIRECTION('',(1.,0.,0.));
#12758=DIRECTION('',(0.,0.,1.));
#12759=DIRECTION('',(0.,0.,1.));
#12760=DIRECTION('',(1.,0.,0.));
#12761=DIRECTION('',(0.,0.,-1.));
#12762=DIRECTION('',(0.,0.,-1.));
#12763=DIRECTION('',(-0.166666666667035,-0.986013297183207,0.));
#12764=DIRECTION('',(0.,0.,1.));
#12765=DIRECTION('',(0.,0.,-1.));
#12766=DIRECTION('',(-1.,0.,0.));
#12767=DIRECTION('',(0.,0.,-1.));
#12768=DIRECTION('',(-1.,0.,0.));
#12769=DIRECTION('',(-1.,0.,0.));
#12770=DIRECTION('',(0.,-1.,0.));
#12771=DIRECTION('',(0.,0.,1.));
#12772=DIRECTION('',(0.,1.,0.));
#12773=DIRECTION('',(0.,-1.,0.));
#12774=DIRECTION('',(-1.,0.,0.));
#12775=DIRECTION('',(0.,-1.,0.));
#12776=DIRECTION('',(0.,0.,-1.));
#12777=DIRECTION('',(0.,-1.,0.));
#12778=DIRECTION('',(0.,1.,0.));
#12779=DIRECTION('',(0.,0.,1.));
#12780=DIRECTION('',(0.,1.,0.));
#12781=DIRECTION('',(0.,0.,1.));
#12782=DIRECTION('',(0.,0.,1.));
#12783=DIRECTION('',(1.,0.,0.));
#12784=DIRECTION('',(0.,0.,1.));
#12785=DIRECTION('',(1.,0.,0.));
#12786=DIRECTION('',(0.,0.,-1.));
#12787=DIRECTION('',(1.,0.,0.));
#12788=DIRECTION('',(0.,0.,-1.));
#12789=DIRECTION('',(-1.,0.,0.));
#12790=DIRECTION('',(0.,0.,-1.));
#12791=DIRECTION('',(-1.,0.,0.));
#12792=DIRECTION('',(-1.,0.,0.));
#12793=DIRECTION('',(0.,-1.,0.));
#12794=DIRECTION('',(0.,0.,1.));
#12795=DIRECTION('',(0.,-1.,0.));
#12796=DIRECTION('',(0.,1.,0.));
#12797=DIRECTION('',(0.,0.,1.));
#12798=DIRECTION('',(-1.83690953073E-16,-1.,0.));
#12799=DIRECTION('',(0.,0.,1.));
#12800=DIRECTION('',(1.,0.,0.));
#12801=DIRECTION('',(0.,0.,1.));
#12802=DIRECTION('',(0.,0.,1.));
#12803=DIRECTION('',(1.,0.,0.));
#12804=DIRECTION('',(0.,0.,1.));
#12805=DIRECTION('',(-1.83690953073E-16,-1.,0.));
#12806=DIRECTION('',(0.,0.,1.));
#12807=DIRECTION('',(1.,0.,0.));
#12808=DIRECTION('',(0.,0.,1.));
#12809=DIRECTION('',(0.,0.,1.));
#12810=DIRECTION('',(1.,0.,0.));
#12811=DIRECTION('',(0.,0.,1.));
#12812=DIRECTION('',(0.,0.,1.));
#12813=DIRECTION('',(0.,1.,0.));
#12814=DIRECTION('',(0.,0.,1.));
#12815=DIRECTION('',(0.,0.,1.));
#12816=DIRECTION('',(1.,0.,0.));
#12817=DIRECTION('',(0.,0.,1.));
#12818=DIRECTION('',(1.,0.,0.));
#12819=DIRECTION('',(0.,-1.,0.));
#12820=DIRECTION('',(1.,0.,0.));
#12821=DIRECTION('',(1.,0.,0.));
#12822=DIRECTION('',(1.,0.,0.));
#12823=DIRECTION('',(0.,0.,1.));
#12824=DIRECTION('',(0.,-1.,0.));
#12825=DIRECTION('',(1.,0.,0.));
#12826=DIRECTION('',(1.,0.,0.));
#12827=DIRECTION('',(1.,0.,0.));
#12828=DIRECTION('',(0.,0.,1.));
#12829=DIRECTION('',(0.,0.,1.));
#12830=DIRECTION('',(1.,0.,0.));
#12831=DIRECTION('',(0.,0.,1.));
#12832=DIRECTION('',(0.,0.,1.));
#12833=DIRECTION('',(1.,0.,0.));
#12834=DIRECTION('',(0.,0.,1.));
#12835=DIRECTION('',(1.,0.,0.));
#12836=DIRECTION('',(0.,0.,1.));
#12837=DIRECTION('',(-0.986013297183207,-0.166666666667035,0.));
#12838=DIRECTION('',(0.,0.,1.));
#12839=DIRECTION('',(1.,0.,0.));
#12840=DIRECTION('',(0.,0.,1.));
#12841=DIRECTION('',(1.,0.,0.));
#12842=DIRECTION('',(0.,-1.,0.));
#12843=DIRECTION('',(1.,0.,0.));
#12844=DIRECTION('',(1.,0.,0.));
#12845=DIRECTION('',(1.,0.,0.));
#12846=DIRECTION('',(0.,0.,1.));
#12847=DIRECTION('',(0.,0.,1.));
#12848=DIRECTION('',(-1.,1.83690953073E-16,0.));
#12849=DIRECTION('',(0.,0.,1.));
#12850=DIRECTION('',(1.,0.,0.));
#12851=DIRECTION('',(0.,0.,1.));
#12852=DIRECTION('',(0.,0.,1.));
#12853=DIRECTION('',(1.,0.,0.));
#12854=DIRECTION('',(0.,0.,1.));
#12855=DIRECTION('',(-1.,1.83690953073E-16,0.));
#12856=DIRECTION('',(0.,0.,1.));
#12857=DIRECTION('',(1.,0.,0.));
#12858=DIRECTION('',(0.,0.,1.));
#12859=DIRECTION('',(0.,0.,1.));
#12860=DIRECTION('',(1.,0.,0.));
#12861=DIRECTION('',(0.,0.,1.));
#12862=DIRECTION('',(0.,0.,1.));
#12863=DIRECTION('',(1.,0.,0.));
#12864=DIRECTION('',(0.,0.,1.));
#12865=DIRECTION('',(0.,0.,1.));
#12866=DIRECTION('',(1.,0.,0.));
#12867=DIRECTION('',(0.,0.,1.));
#12868=DIRECTION('',(1.,0.,0.));
#12869=DIRECTION('',(1.,0.,0.));
#12870=DIRECTION('',(0.,1.,0.));
#12871=DIRECTION('',(0.,0.,1.));
#12872=DIRECTION('',(0.,1.,0.));
#12873=DIRECTION('',(0.,1.,0.));
#12874=DIRECTION('',(-1.,0.,0.));
#12875=DIRECTION('',(0.,-1.,0.));
#12876=DIRECTION('',(0.,1.,0.));
#12877=DIRECTION('',(0.,-1.,0.));
#12878=DIRECTION('',(0.,0.,1.));
#12879=DIRECTION('',(0.,0.,1.));
#12880=DIRECTION('',(1.83690953073E-16,1.,0.));
#12881=DIRECTION('',(0.,0.,1.));
#12882=DIRECTION('',(1.,0.,0.));
#12883=DIRECTION('',(0.,0.,1.));
#12884=DIRECTION('',(1.,0.,0.));
#12885=DIRECTION('',(0.,0.,1.));
#12886=DIRECTION('',(0.,0.,1.));
#12887=DIRECTION('',(0.166666666667035,-0.986013297183207,0.));
#12888=DIRECTION('',(0.,0.,1.));
#12889=DIRECTION('',(1.,0.,0.));
#12890=DIRECTION('',(0.,0.,1.));
#12891=DIRECTION('',(1.,0.,0.));
#12892=DIRECTION('',(1.,0.,0.));
#12893=DIRECTION('',(0.,1.,0.));
#12894=DIRECTION('',(0.,0.,1.));
#12895=DIRECTION('',(0.,1.,0.));
#12896=DIRECTION('',(0.,1.,0.));
#12897=DIRECTION('',(0.,0.,1.));
#12898=DIRECTION('',(1.83690953073E-16,1.,0.));
#12899=DIRECTION('',(0.,0.,1.));
#12900=DIRECTION('',(1.,0.,0.));
#12901=DIRECTION('',(0.,0.,1.));
#12902=DIRECTION('',(0.,0.,1.));
#12903=DIRECTION('',(1.,0.,0.));
#12904=DIRECTION('',(0.,-1.,0.));
#12905=DIRECTION('',(1.,0.,0.));
#12906=DIRECTION('',(0.,0.,1.));
#12907=DIRECTION('',(1.,0.,0.));
#12908=DIRECTION('',(1.,0.,0.));
#12909=DIRECTION('',(0.,-1.,0.));
#12910=DIRECTION('',(1.,0.,0.));
#12911=DIRECTION('',(0.,0.,1.));
#12912=DIRECTION('',(1.,0.,0.));
#12913=DIRECTION('',(1.,0.,0.));
#12914=DIRECTION('',(0.,0.,1.));
#12915=DIRECTION('',(1.,-1.83690953073E-16,0.));
#12916=DIRECTION('',(0.,0.,1.));
#12917=DIRECTION('',(1.,0.,0.));
#12918=DIRECTION('',(0.,0.,1.));
#12919=DIRECTION('',(1.,0.,0.));
#12920=DIRECTION('',(0.,0.,1.));
#12921=DIRECTION('',(0.,0.,-1.));
#12922=DIRECTION('',(3.33066907388E-16,-1.,0.));
#12923=DIRECTION('',(0.,0.,-1.));
#12924=DIRECTION('',(-1.,0.,0.));
#12925=DIRECTION('',(0.,0.,-1.));
#12926=DIRECTION('',(0.,0.,-1.));
#12927=DIRECTION('',(-1.,0.,0.));
#12928=DIRECTION('',(0.,0.,1.));
#12929=DIRECTION('',(1.,0.,0.));
#12930=DIRECTION('',(0.,0.,-1.));
#12931=DIRECTION('',(-1.,0.,0.));
#12932=DIRECTION('',(1.,0.,0.));
#12933=DIRECTION('',(0.,0.,1.));
#12934=DIRECTION('',(1.,0.,0.));
#12935=DIRECTION('',(0.,0.,1.));
#12936=DIRECTION('',(1.,0.,0.));
#12937=DIRECTION('',(0.,0.,1.));
#12938=DIRECTION('',(1.,0.,0.));
#12939=DIRECTION('',(1.,0.,0.));
#12940=DIRECTION('',(0.,0.,-1.));
#12941=DIRECTION('',(-1.,0.,0.));
#12942=DIRECTION('',(0.,0.,1.));
#12943=DIRECTION('',(1.83690953073E-16,1.,0.));
#12944=DIRECTION('',(0.,0.,-1.));
#12945=DIRECTION('',(0.,-1.,0.));
#12946=DIRECTION('',(1.,0.,0.));
#12947=DIRECTION('',(0.,0.,1.));
#12948=DIRECTION('',(0.,0.,-1.));
#12949=DIRECTION('',(0.986013297183207,-0.166666666667035,0.));
#12950=DIRECTION('',(0.,0.,1.));
#12951=DIRECTION('',(1.,0.,0.));
#12952=DIRECTION('',(0.,0.,-1.));
#12953=DIRECTION('',(1.,0.,0.));
#12954=DIRECTION('',(0.,0.,-1.));
#12955=DIRECTION('',(-1.,0.,0.));
#12956=DIRECTION('',(0.,0.,1.));
#12957=DIRECTION('',(1.,0.,0.));
#12958=DIRECTION('',(0.,1.,0.));
#12959=DIRECTION('',(-0.866025403783548,0.500000000001542,0.));
#12960=DIRECTION('',(-0.866025403783548,-0.500000000001542,0.));
#12961=DIRECTION('',(0.,1.,0.));
#12962=DIRECTION('',(0.866025403783548,-0.500000000001542,0.));
#12963=DIRECTION('',(0.866025403783548,0.500000000001542,0.));
#12964=DIRECTION('',(0.,0.,-1.));
#12965=DIRECTION('',(-1.,0.,0.));
#12966=DIRECTION('',(1.,0.,0.));
#12967=DIRECTION('',(0.,1.,0.));
#12968=DIRECTION('',(0.,0.,1.));
#12969=DIRECTION('',(0.,1.,0.));
#12970=DIRECTION('',(0.,0.,1.));
#12971=DIRECTION('',(0.50000000000019,0.866025403784329,0.));
#12972=DIRECTION('',(-0.866025403784329,0.50000000000019,0.));
#12973=DIRECTION('',(-0.866025403784329,0.50000000000019,0.));
#12974=DIRECTION('',(0.,0.,1.));
#12975=DIRECTION('',(-0.50000000000019,0.866025403784329,0.));
#12976=DIRECTION('',(-0.866025403784329,-0.50000000000019,0.));
#12977=DIRECTION('',(-0.866025403784329,-0.50000000000019,0.));
#12978=DIRECTION('',(0.,0.,1.));
#12979=DIRECTION('',(-1.,-1.53837014911E-16,0.));
#12980=DIRECTION('',(1.53837014911E-16,-1.,0.));
#12981=DIRECTION('',(1.53837014911E-16,-1.,0.));
#12982=DIRECTION('',(0.,0.,1.));
#12983=DIRECTION('',(-0.50000000000019,-0.866025403784329,0.));
#12984=DIRECTION('',(0.866025403784329,-0.50000000000019,0.));
#12985=DIRECTION('',(0.866025403784329,-0.50000000000019,0.));
#12986=DIRECTION('',(0.,0.,1.));
#12987=DIRECTION('',(0.50000000000019,-0.866025403784329,0.));
#12988=DIRECTION('',(0.866025403784329,0.50000000000019,0.));
#12989=DIRECTION('',(0.866025403784329,0.50000000000019,0.));
#12990=DIRECTION('',(0.,0.,1.));
#12991=DIRECTION('',(1.,0.,0.));
#12992=DIRECTION('',(0.,0.,-1.));
#12993=DIRECTION('',(-1.,0.,0.));
#12994=DIRECTION('',(0.,0.,-1.));
#12995=DIRECTION('',(1.,0.,0.));
#12996=DIRECTION('',(0.,0.,-1.));
#12997=DIRECTION('',(-1.,0.,0.));
#12998=DIRECTION('',(0.,0.,-1.));
#12999=DIRECTION('',(1.,0.,0.));
#13000=DIRECTION('',(0.,0.,-1.));
#13001=DIRECTION('',(0.877582561890372,-0.479425538604204,0.));
#13002=DIRECTION('',(0.,0.,1.));
#13003=DIRECTION('',(1.,0.,0.));
#13004=DIRECTION('',(0.,0.,-1.));
#13005=DIRECTION('',(1.,0.,0.));
#13006=DIRECTION('',(0.,0.,-1.));
#13007=DIRECTION('',(-1.,0.,0.));
#13008=DIRECTION('',(0.,0.,1.));
#13009=DIRECTION('',(1.,0.,0.));
#13010=DIRECTION('',(0.,1.,0.));
#13011=DIRECTION('',(-0.866025403783548,0.500000000001542,0.));
#13012=DIRECTION('',(-0.866025403783548,-0.500000000001542,0.));
#13013=DIRECTION('',(0.,1.,0.));
#13014=DIRECTION('',(0.866025403783548,-0.500000000001542,0.));
#13015=DIRECTION('',(0.866025403783548,0.500000000001542,0.));
#13016=DIRECTION('',(0.,0.,-1.));
#13017=DIRECTION('',(-1.,0.,0.));
#13018=DIRECTION('',(1.,0.,0.));
#13019=DIRECTION('',(0.,1.,0.));
#13020=DIRECTION('',(0.,0.,1.));
#13021=DIRECTION('',(0.,1.,0.));
#13022=DIRECTION('',(0.,0.,1.));
#13023=DIRECTION('',(0.50000000000019,0.866025403784329,0.));
#13024=DIRECTION('',(-0.866025403784329,0.50000000000019,0.));
#13025=DIRECTION('',(-0.866025403784329,0.50000000000019,0.));
#13026=DIRECTION('',(0.,0.,1.));
#13027=DIRECTION('',(-0.50000000000019,0.866025403784329,0.));
#13028=DIRECTION('',(-0.866025403784329,-0.50000000000019,0.));
#13029=DIRECTION('',(-0.866025403784329,-0.50000000000019,0.));
#13030=DIRECTION('',(0.,0.,1.));
#13031=DIRECTION('',(-1.,-1.53837014911E-16,0.));
#13032=DIRECTION('',(1.53837014911E-16,-1.,0.));
#13033=DIRECTION('',(1.53837014911E-16,-1.,0.));
#13034=DIRECTION('',(0.,0.,1.));
#13035=DIRECTION('',(-0.50000000000019,-0.866025403784329,0.));
#13036=DIRECTION('',(0.866025403784329,-0.50000000000019,0.));
#13037=DIRECTION('',(0.866025403784329,-0.50000000000019,0.));
#13038=DIRECTION('',(0.,0.,1.));
#13039=DIRECTION('',(0.50000000000019,-0.866025403784329,0.));
#13040=DIRECTION('',(0.866025403784329,0.50000000000019,0.));
#13041=DIRECTION('',(0.866025403784329,0.50000000000019,0.));
#13042=DIRECTION('',(0.,0.,1.));
#13043=DIRECTION('',(1.,0.,0.));
#13044=DIRECTION('',(0.,0.,-1.));
#13045=DIRECTION('',(-1.,0.,0.));
#13046=DIRECTION('',(0.,0.,-1.));
#13047=DIRECTION('',(1.,0.,0.));
#13048=DIRECTION('',(0.,0.,-1.));
#13049=DIRECTION('',(-1.,0.,0.));
#13050=DIRECTION('',(0.,0.,-1.));
#13051=DIRECTION('',(1.,0.,0.));
#13052=DIRECTION('',(0.,0.,-1.));
#13053=DIRECTION('',(0.877582561890372,-0.479425538604204,0.));
#13054=DIRECTION('',(0.,0.,1.));
#13055=DIRECTION('',(1.,0.,0.));
#13056=DIRECTION('',(0.,-1.,0.));
#13057=DIRECTION('',(1.,0.,0.));
#13058=DIRECTION('',(0.,0.,1.));
#13059=DIRECTION('',(1.,0.,0.));
#13060=DIRECTION('',(0.,0.,1.));
#13061=DIRECTION('',(1.,0.,0.));
#13062=DIRECTION('',(1.,0.,0.));
#13063=DIRECTION('',(0.,1.,0.));
#13064=DIRECTION('',(0.,1.,0.));
#13065=DIRECTION('',(0.,0.,1.));
#13066=DIRECTION('',(0.,1.,0.));
#13067=DIRECTION('',(0.,1.,0.));
#13068=DIRECTION('',(-1.,0.,0.));
#13069=DIRECTION('',(-1.,0.,0.));
#13070=DIRECTION('',(0.,0.,1.));
#13071=DIRECTION('',(1.,0.,0.));
#13072=DIRECTION('',(-1.,0.,0.));
#13073=DIRECTION('',(0.,-1.,0.));
#13074=DIRECTION('',(0.,-1.,0.));
#13075=DIRECTION('',(0.,1.,0.));
#13076=DIRECTION('',(0.,0.,1.));
#13077=DIRECTION('',(1.,0.,0.));
#13078=DIRECTION('',(0.,0.,1.));
#13079=DIRECTION('',(1.,0.,0.));
#13080=DIRECTION('',(0.,0.,1.));
#13081=DIRECTION('',(1.,0.,0.));
#13082=DIRECTION('',(0.,0.,-1.));
#13083=DIRECTION('',(1.,0.,0.));
#13084=DIRECTION('',(0.,0.,-1.));
#13085=DIRECTION('',(-1.,0.,0.));
#13086=DIRECTION('',(0.,0.,1.));
#13087=DIRECTION('',(1.,0.,0.));
#13088=DIRECTION('',(0.,1.,0.));
#13089=DIRECTION('',(-0.866025403783548,0.500000000001542,0.));
#13090=DIRECTION('',(-0.866025403783548,-0.500000000001542,0.));
#13091=DIRECTION('',(0.,1.,0.));
#13092=DIRECTION('',(0.866025403783548,-0.500000000001542,0.));
#13093=DIRECTION('',(0.866025403783548,0.500000000001542,0.));
#13094=DIRECTION('',(0.,0.,-1.));
#13095=DIRECTION('',(-1.,0.,0.));
#13096=DIRECTION('',(1.,0.,0.));
#13097=DIRECTION('',(0.,1.,0.));
#13098=DIRECTION('',(0.,0.,1.));
#13099=DIRECTION('',(0.,1.,0.));
#13100=DIRECTION('',(0.,0.,1.));
#13101=DIRECTION('',(0.50000000000019,0.866025403784329,0.));
#13102=DIRECTION('',(-0.866025403784329,0.50000000000019,0.));
#13103=DIRECTION('',(-0.866025403784329,0.50000000000019,0.));
#13104=DIRECTION('',(0.,0.,1.));
#13105=DIRECTION('',(-0.50000000000019,0.866025403784329,0.));
#13106=DIRECTION('',(-0.866025403784329,-0.50000000000019,0.));
#13107=DIRECTION('',(-0.866025403784329,-0.50000000000019,0.));
#13108=DIRECTION('',(0.,0.,1.));
#13109=DIRECTION('',(-1.,-1.53837014911E-16,0.));
#13110=DIRECTION('',(1.53837014911E-16,-1.,0.));
#13111=DIRECTION('',(1.53837014911E-16,-1.,0.));
#13112=DIRECTION('',(0.,0.,1.));
#13113=DIRECTION('',(-0.50000000000019,-0.866025403784329,0.));
#13114=DIRECTION('',(0.866025403784329,-0.50000000000019,0.));
#13115=DIRECTION('',(0.866025403784329,-0.50000000000019,0.));
#13116=DIRECTION('',(0.,0.,1.));
#13117=DIRECTION('',(0.50000000000019,-0.866025403784329,0.));
#13118=DIRECTION('',(0.866025403784329,0.50000000000019,0.));
#13119=DIRECTION('',(0.866025403784329,0.50000000000019,0.));
#13120=DIRECTION('',(0.,0.,1.));
#13121=DIRECTION('',(1.,0.,0.));
#13122=DIRECTION('',(0.,0.,-1.));
#13123=DIRECTION('',(-1.,0.,0.));
#13124=DIRECTION('',(0.,0.,-1.));
#13125=DIRECTION('',(1.,0.,0.));
#13126=DIRECTION('',(0.,0.,-1.));
#13127=DIRECTION('',(-1.,0.,0.));
#13128=DIRECTION('',(0.,0.,-1.));
#13129=DIRECTION('',(1.,0.,0.));
#13130=DIRECTION('',(0.,0.,-1.));
#13131=DIRECTION('',(0.877582561890372,-0.479425538604204,0.));
#13132=DIRECTION('',(0.,0.,1.));
#13133=DIRECTION('',(1.,0.,0.));
#13134=DIRECTION('',(0.,0.,-1.));
#13135=DIRECTION('',(1.,0.,0.));
#13136=DIRECTION('',(0.,0.,-1.));
#13137=DIRECTION('',(-1.,0.,0.));
#13138=DIRECTION('',(0.,0.,1.));
#13139=DIRECTION('',(1.,0.,0.));
#13140=DIRECTION('',(0.,1.,0.));
#13141=DIRECTION('',(-0.866025403783548,0.500000000001542,0.));
#13142=DIRECTION('',(-0.866025403783548,-0.500000000001542,0.));
#13143=DIRECTION('',(0.,1.,0.));
#13144=DIRECTION('',(0.866025403783548,-0.500000000001542,0.));
#13145=DIRECTION('',(0.866025403783548,0.500000000001542,0.));
#13146=DIRECTION('',(0.,0.,-1.));
#13147=DIRECTION('',(-1.,0.,0.));
#13148=DIRECTION('',(1.,0.,0.));
#13149=DIRECTION('',(0.,1.,0.));
#13150=DIRECTION('',(0.,0.,1.));
#13151=DIRECTION('',(0.,1.,0.));
#13152=DIRECTION('',(0.,0.,1.));
#13153=DIRECTION('',(0.50000000000019,0.866025403784329,0.));
#13154=DIRECTION('',(-0.866025403784329,0.50000000000019,0.));
#13155=DIRECTION('',(-0.866025403784329,0.50000000000019,0.));
#13156=DIRECTION('',(0.,0.,1.));
#13157=DIRECTION('',(-0.50000000000019,0.866025403784329,0.));
#13158=DIRECTION('',(-0.866025403784329,-0.50000000000019,0.));
#13159=DIRECTION('',(-0.866025403784329,-0.50000000000019,0.));
#13160=DIRECTION('',(0.,0.,1.));
#13161=DIRECTION('',(-1.,-1.53837014911E-16,0.));
#13162=DIRECTION('',(1.53837014911E-16,-1.,0.));
#13163=DIRECTION('',(1.53837014911E-16,-1.,0.));
#13164=DIRECTION('',(0.,0.,1.));
#13165=DIRECTION('',(-0.50000000000019,-0.866025403784329,0.));
#13166=DIRECTION('',(0.866025403784329,-0.50000000000019,0.));
#13167=DIRECTION('',(0.866025403784329,-0.50000000000019,0.));
#13168=DIRECTION('',(0.,0.,1.));
#13169=DIRECTION('',(0.50000000000019,-0.866025403784329,0.));
#13170=DIRECTION('',(0.866025403784329,0.50000000000019,0.));
#13171=DIRECTION('',(0.866025403784329,0.50000000000019,0.));
#13172=DIRECTION('',(0.,0.,1.));
#13173=DIRECTION('',(1.,0.,0.));
#13174=DIRECTION('',(0.,0.,-1.));
#13175=DIRECTION('',(-1.,0.,0.));
#13176=DIRECTION('',(0.,0.,-1.));
#13177=DIRECTION('',(1.,0.,0.));
#13178=DIRECTION('',(0.,0.,-1.));
#13179=DIRECTION('',(-1.,0.,0.));
#13180=DIRECTION('',(0.,0.,-1.));
#13181=DIRECTION('',(1.,0.,0.));
#13182=DIRECTION('',(0.,0.,-1.));
#13183=DIRECTION('',(0.877582561890372,-0.479425538604204,0.));
#13184=DIRECTION('',(0.,0.,1.));
#13185=DIRECTION('',(1.,0.,0.));
#13186=DIRECTION('',(0.,0.,1.));
#13187=DIRECTION('',(1.,0.,0.));
#13188=DIRECTION('',(-1.,0.,0.));
#13189=DIRECTION('',(0.,-1.,0.));
#13190=DIRECTION('',(0.,0.,1.));
#13191=DIRECTION('',(0.,-1.,0.));
#13192=DIRECTION('',(0.,0.,1.));
#13193=DIRECTION('',(0.,1.,0.));
#13194=DIRECTION('',(0.,1.,0.));
#13195=DIRECTION('',(-1.,0.,0.));
#13196=DIRECTION('',(-1.,0.,0.));
#13197=DIRECTION('',(0.,0.,1.));
#13198=DIRECTION('',(1.,0.,0.));
#13199=DIRECTION('',(1.,0.,0.));
#13200=DIRECTION('',(0.,1.,0.));
#13201=DIRECTION('',(0.,1.,0.));
#13202=DIRECTION('',(0.,0.,1.));
#13203=DIRECTION('',(0.,1.,0.));
#13204=DIRECTION('',(0.,-1.,0.));
#13205=DIRECTION('',(1.,0.,0.));
#13206=DIRECTION('',(1.,0.,0.));
#13207=DIRECTION('',(1.,0.,0.));
#13208=DIRECTION('',(0.,0.,1.));
#13209=DIRECTION('',(1.,0.,0.));
#13210=DIRECTION('',(0.,0.,1.));
#13211=DIRECTION('',(1.,0.,0.));
#13212=DIRECTION('',(0.,0.,1.));
#13213=DIRECTION('',(1.,0.,0.));
#13214=DIRECTION('',(0.,0.,-1.));
#13215=DIRECTION('',(0.877582561890372,-0.479425538604204,0.));
#13216=DIRECTION('',(0.,0.,-1.));
#13217=DIRECTION('',(-1.,0.,0.));
#13218=DIRECTION('',(0.,0.,1.));
#13219=DIRECTION('',(1.,0.,0.));
#13220=DIRECTION('',(0.,0.,-1.));
#13221=DIRECTION('',(1.,0.,0.));
#13222=DIRECTION('',(0.,0.,-1.));
#13223=DIRECTION('',(-1.,0.,0.));
#13224=DIRECTION('',(0.,0.,1.));
#13225=DIRECTION('',(1.,0.,0.));
#13226=DIRECTION('',(0.,0.,-1.));
#13227=DIRECTION('',(1.,0.,0.));
#13228=DIRECTION('',(0.,0.,1.));
#13229=DIRECTION('',(1.,0.,0.));
#13230=DIRECTION('',(0.866025403784329,0.50000000000019,0.));
#13231=DIRECTION('',(0.866025403784329,-0.50000000000019,0.));
#13232=DIRECTION('',(1.53837014911E-16,-1.,0.));
#13233=DIRECTION('',(-0.866025403784329,-0.50000000000019,0.));
#13234=DIRECTION('',(-0.866025403784329,0.50000000000019,0.));
#13235=DIRECTION('',(0.,1.,0.));
#13236=DIRECTION('',(0.50000000000019,-0.866025403784329,0.));
#13237=DIRECTION('',(0.866025403784329,0.50000000000019,0.));
#13238=DIRECTION('',(0.,0.,1.));
#13239=DIRECTION('',(0.,0.,1.));
#13240=DIRECTION('',(0.866025403784329,0.50000000000019,0.));
#13241=DIRECTION('',(-0.50000000000019,-0.866025403784329,0.));
#13242=DIRECTION('',(0.866025403784329,-0.50000000000019,0.));
#13243=DIRECTION('',(0.,0.,1.));
#13244=DIRECTION('',(0.866025403784329,-0.50000000000019,0.));
#13245=DIRECTION('',(-1.,0.,0.));
#13246=DIRECTION('',(0.,-1.,0.));
#13247=DIRECTION('',(0.,0.,1.));
#13248=DIRECTION('',(0.,-1.,0.));
#13249=DIRECTION('',(-0.50000000000019,0.866025403784329,0.));
#13250=DIRECTION('',(-0.866025403784329,-0.50000000000019,0.));
#13251=DIRECTION('',(0.,0.,1.));
#13252=DIRECTION('',(-0.866025403784329,-0.50000000000019,0.));
#13253=DIRECTION('',(0.50000000000019,0.866025403784329,0.));
#13254=DIRECTION('',(-0.866025403784329,0.50000000000019,0.));
#13255=DIRECTION('',(0.,0.,1.));
#13256=DIRECTION('',(-0.866025403784329,0.50000000000019,0.));
#13257=DIRECTION('',(1.,0.,0.));
#13258=DIRECTION('',(0.,1.,0.));
#13259=DIRECTION('',(0.,1.,0.));
#13260=DIRECTION('',(0.,0.,1.));
#13261=DIRECTION('',(1.,0.,0.));
#13262=DIRECTION('',(0.,0.,-1.));
#13263=DIRECTION('',(1.,0.,0.));
#13264=DIRECTION('',(0.,0.,1.));
#13265=DIRECTION('',(1.,0.,0.));
#13266=DIRECTION('',(-1.,0.,0.));
#13267=DIRECTION('',(0.,-1.,0.));
#13268=DIRECTION('',(0.,0.,1.));
#13269=DIRECTION('',(0.,-1.,0.));
#13270=DIRECTION('',(0.,0.,1.));
#13271=DIRECTION('',(0.,1.,0.));
#13272=DIRECTION('',(0.,1.,0.));
#13273=DIRECTION('',(-1.,0.,0.));
#13274=DIRECTION('',(-1.,0.,0.));
#13275=DIRECTION('',(0.,0.,1.));
#13276=DIRECTION('',(1.,0.,0.));
#13277=DIRECTION('',(1.,0.,0.));
#13278=DIRECTION('',(0.,1.,0.));
#13279=DIRECTION('',(0.,1.,0.));
#13280=DIRECTION('',(0.,0.,1.));
#13281=DIRECTION('',(0.,1.,0.));
#13282=DIRECTION('',(0.,-1.,0.));
#13283=DIRECTION('',(1.,0.,0.));
#13284=DIRECTION('',(1.,0.,0.));
#13285=DIRECTION('',(1.,0.,0.));
#13286=DIRECTION('',(0.,0.,1.));
#13287=DIRECTION('',(1.,0.,0.));
#13288=DIRECTION('',(0.,0.,1.));
#13289=DIRECTION('',(1.,0.,0.));
#13290=DIRECTION('',(0.,0.,1.));
#13291=DIRECTION('',(1.,0.,0.));
#13292=DIRECTION('',(0.,-1.,0.));
#13293=DIRECTION('',(1.,0.,0.));
#13294=DIRECTION('',(0.,0.,1.));
#13295=DIRECTION('',(1.,0.,0.));
#13296=DIRECTION('',(0.,0.,1.));
#13297=DIRECTION('',(1.,0.,0.));
#13298=DIRECTION('',(1.,0.,0.));
#13299=DIRECTION('',(0.,1.,0.));
#13300=DIRECTION('',(0.,1.,0.));
#13301=DIRECTION('',(0.,0.,1.));
#13302=DIRECTION('',(0.,1.,0.));
#13303=DIRECTION('',(0.,1.,0.));
#13304=DIRECTION('',(-1.,0.,0.));
#13305=DIRECTION('',(-1.,0.,0.));
#13306=DIRECTION('',(0.,0.,1.));
#13307=DIRECTION('',(1.,0.,0.));
#13308=DIRECTION('',(-1.,0.,0.));
#13309=DIRECTION('',(0.,-1.,0.));
#13310=DIRECTION('',(0.,-1.,0.));
#13311=DIRECTION('',(0.,1.,0.));
#13312=DIRECTION('',(0.,0.,1.));
#13313=DIRECTION('',(1.,0.,0.));
#13314=DIRECTION('',(0.,0.,1.));
#13315=DIRECTION('',(1.,0.,0.));
#13316=DIRECTION('',(0.,0.,1.));
#13317=DIRECTION('',(1.,0.,0.));
#13318=DIRECTION('',(0.,0.,-1.));
#13319=DIRECTION('',(1.,0.,0.));
#13320=DIRECTION('',(0.,0.,-1.));
#13321=DIRECTION('',(-1.,0.,0.));
#13322=DIRECTION('',(0.,0.,1.));
#13323=DIRECTION('',(1.,0.,0.));
#13324=DIRECTION('',(0.,1.,0.));
#13325=DIRECTION('',(-0.866025403783548,0.500000000001542,0.));
#13326=DIRECTION('',(-0.866025403783548,-0.500000000001542,0.));
#13327=DIRECTION('',(0.,1.,0.));
#13328=DIRECTION('',(0.866025403783548,-0.500000000001542,0.));
#13329=DIRECTION('',(0.866025403783548,0.500000000001542,0.));
#13330=DIRECTION('',(0.,0.,-1.));
#13331=DIRECTION('',(-1.,0.,0.));
#13332=DIRECTION('',(1.,0.,0.));
#13333=DIRECTION('',(0.,1.,0.));
#13334=DIRECTION('',(0.,0.,1.));
#13335=DIRECTION('',(0.,1.,0.));
#13336=DIRECTION('',(0.,0.,1.));
#13337=DIRECTION('',(0.50000000000019,0.866025403784329,0.));
#13338=DIRECTION('',(-0.866025403784329,0.50000000000019,0.));
#13339=DIRECTION('',(-0.866025403784329,0.50000000000019,0.));
#13340=DIRECTION('',(0.,0.,1.));
#13341=DIRECTION('',(-0.50000000000019,0.866025403784329,0.));
#13342=DIRECTION('',(-0.866025403784329,-0.50000000000019,0.));
#13343=DIRECTION('',(-0.866025403784329,-0.50000000000019,0.));
#13344=DIRECTION('',(0.,0.,1.));
#13345=DIRECTION('',(-1.,-1.53837014911E-16,0.));
#13346=DIRECTION('',(1.53837014911E-16,-1.,0.));
#13347=DIRECTION('',(1.53837014911E-16,-1.,0.));
#13348=DIRECTION('',(0.,0.,1.));
#13349=DIRECTION('',(-0.50000000000019,-0.866025403784329,0.));
#13350=DIRECTION('',(0.866025403784329,-0.50000000000019,0.));
#13351=DIRECTION('',(0.866025403784329,-0.50000000000019,0.));
#13352=DIRECTION('',(0.,0.,1.));
#13353=DIRECTION('',(0.50000000000019,-0.866025403784329,0.));
#13354=DIRECTION('',(0.866025403784329,0.50000000000019,0.));
#13355=DIRECTION('',(0.866025403784329,0.50000000000019,0.));
#13356=DIRECTION('',(0.,0.,1.));
#13357=DIRECTION('',(1.,0.,0.));
#13358=DIRECTION('',(0.,0.,-1.));
#13359=DIRECTION('',(-1.,0.,0.));
#13360=DIRECTION('',(0.,0.,-1.));
#13361=DIRECTION('',(1.,0.,0.));
#13362=DIRECTION('',(0.,0.,-1.));
#13363=DIRECTION('',(-1.,0.,0.));
#13364=DIRECTION('',(0.,0.,-1.));
#13365=DIRECTION('',(1.,0.,0.));
#13366=DIRECTION('',(0.,0.,-1.));
#13367=DIRECTION('',(0.877582561890372,-0.479425538604204,0.));
#13368=DIRECTION('',(0.,0.,1.));
#13369=DIRECTION('',(1.,0.,0.));
#13370=DIRECTION('',(0.,0.,-1.));
#13371=DIRECTION('',(1.,0.,0.));
#13372=DIRECTION('',(0.,0.,-1.));
#13373=DIRECTION('',(-1.,0.,0.));
#13374=DIRECTION('',(0.,0.,1.));
#13375=DIRECTION('',(1.,0.,0.));
#13376=DIRECTION('',(0.,1.,0.));
#13377=DIRECTION('',(-0.866025403783548,0.500000000001542,0.));
#13378=DIRECTION('',(-0.866025403783548,-0.500000000001542,0.));
#13379=DIRECTION('',(0.,1.,0.));
#13380=DIRECTION('',(0.866025403783548,-0.500000000001542,0.));
#13381=DIRECTION('',(0.866025403783548,0.500000000001542,0.));
#13382=DIRECTION('',(0.,0.,-1.));
#13383=DIRECTION('',(-1.,0.,0.));
#13384=DIRECTION('',(1.,0.,0.));
#13385=DIRECTION('',(0.,1.,0.));
#13386=DIRECTION('',(0.,0.,1.));
#13387=DIRECTION('',(0.,1.,0.));
#13388=DIRECTION('',(0.,0.,1.));
#13389=DIRECTION('',(0.50000000000019,0.866025403784329,0.));
#13390=DIRECTION('',(-0.866025403784329,0.50000000000019,0.));
#13391=DIRECTION('',(-0.866025403784329,0.50000000000019,0.));
#13392=DIRECTION('',(0.,0.,1.));
#13393=DIRECTION('',(-0.50000000000019,0.866025403784329,0.));
#13394=DIRECTION('',(-0.866025403784329,-0.50000000000019,0.));
#13395=DIRECTION('',(-0.866025403784329,-0.50000000000019,0.));
#13396=DIRECTION('',(0.,0.,1.));
#13397=DIRECTION('',(-1.,-1.53837014911E-16,0.));
#13398=DIRECTION('',(1.53837014911E-16,-1.,0.));
#13399=DIRECTION('',(1.53837014911E-16,-1.,0.));
#13400=DIRECTION('',(0.,0.,1.));
#13401=DIRECTION('',(-0.50000000000019,-0.866025403784329,0.));
#13402=DIRECTION('',(0.866025403784329,-0.50000000000019,0.));
#13403=DIRECTION('',(0.866025403784329,-0.50000000000019,0.));
#13404=DIRECTION('',(0.,0.,1.));
#13405=DIRECTION('',(0.50000000000019,-0.866025403784329,0.));
#13406=DIRECTION('',(0.866025403784329,0.50000000000019,0.));
#13407=DIRECTION('',(0.866025403784329,0.50000000000019,0.));
#13408=DIRECTION('',(0.,0.,1.));
#13409=DIRECTION('',(1.,0.,0.));
#13410=DIRECTION('',(0.,0.,-1.));
#13411=DIRECTION('',(-1.,0.,0.));
#13412=DIRECTION('',(0.,0.,-1.));
#13413=DIRECTION('',(1.,0.,0.));
#13414=DIRECTION('',(0.,0.,-1.));
#13415=DIRECTION('',(-1.,0.,0.));
#13416=DIRECTION('',(0.,0.,-1.));
#13417=DIRECTION('',(1.,0.,0.));
#13418=DIRECTION('',(0.,0.,-1.));
#13419=DIRECTION('',(0.877582561890372,-0.479425538604204,0.));
#13420=DIRECTION('',(0.,0.,1.));
#13421=DIRECTION('',(1.,0.,0.));
#13422=DIRECTION('',(0.,0.,-1.));
#13423=DIRECTION('',(0.877582561890372,-0.479425538604204,0.));
#13424=DIRECTION('',(0.,0.,-1.));
#13425=DIRECTION('',(-1.,0.,0.));
#13426=DIRECTION('',(0.,0.,1.));
#13427=DIRECTION('',(1.,0.,0.));
#13428=DIRECTION('',(0.,0.,-1.));
#13429=DIRECTION('',(1.,0.,0.));
#13430=DIRECTION('',(0.,0.,-1.));
#13431=DIRECTION('',(-1.,0.,0.));
#13432=DIRECTION('',(0.,0.,1.));
#13433=DIRECTION('',(1.,0.,0.));
#13434=DIRECTION('',(0.,0.,-1.));
#13435=DIRECTION('',(1.,0.,0.));
#13436=DIRECTION('',(0.,0.,1.));
#13437=DIRECTION('',(1.,0.,0.));
#13438=DIRECTION('',(0.866025403784329,0.50000000000019,0.));
#13439=DIRECTION('',(0.866025403784329,-0.50000000000019,0.));
#13440=DIRECTION('',(1.53837014911E-16,-1.,0.));
#13441=DIRECTION('',(-0.866025403784329,-0.50000000000019,0.));
#13442=DIRECTION('',(-0.866025403784329,0.50000000000019,0.));
#13443=DIRECTION('',(0.,1.,0.));
#13444=DIRECTION('',(0.50000000000019,-0.866025403784329,0.));
#13445=DIRECTION('',(0.866025403784329,0.50000000000019,0.));
#13446=DIRECTION('',(0.,0.,1.));
#13447=DIRECTION('',(0.,0.,1.));
#13448=DIRECTION('',(0.866025403784329,0.50000000000019,0.));
#13449=DIRECTION('',(-0.50000000000019,-0.866025403784329,0.));
#13450=DIRECTION('',(0.866025403784329,-0.50000000000019,0.));
#13451=DIRECTION('',(0.,0.,1.));
#13452=DIRECTION('',(0.866025403784329,-0.50000000000019,0.));
#13453=DIRECTION('',(-1.,0.,0.));
#13454=DIRECTION('',(0.,-1.,0.));
#13455=DIRECTION('',(0.,0.,1.));
#13456=DIRECTION('',(0.,-1.,0.));
#13457=DIRECTION('',(-0.50000000000019,0.866025403784329,0.));
#13458=DIRECTION('',(-0.866025403784329,-0.50000000000019,0.));
#13459=DIRECTION('',(0.,0.,1.));
#13460=DIRECTION('',(-0.866025403784329,-0.50000000000019,0.));
#13461=DIRECTION('',(0.50000000000019,0.866025403784329,0.));
#13462=DIRECTION('',(-0.866025403784329,0.50000000000019,0.));
#13463=DIRECTION('',(0.,0.,1.));
#13464=DIRECTION('',(-0.866025403784329,0.50000000000019,0.));
#13465=DIRECTION('',(1.,0.,0.));
#13466=DIRECTION('',(0.,1.,0.));
#13467=DIRECTION('',(0.,1.,0.));
#13468=DIRECTION('',(0.,0.,1.));
#13469=DIRECTION('',(1.,0.,0.));
#13470=DIRECTION('',(0.,0.,-1.));
#13471=DIRECTION('',(1.,0.,0.));
#13472=DIRECTION('',(0.,0.,1.));
#13473=DIRECTION('',(1.,0.,0.));
#13474=DIRECTION('',(0.,0.,-1.));
#13475=DIRECTION('',(1.,0.,0.));
#13476=DIRECTION('',(0.,0.,-1.));
#13477=DIRECTION('',(-1.,0.,0.));
#13478=DIRECTION('',(0.,0.,1.));
#13479=DIRECTION('',(1.,0.,0.));
#13480=DIRECTION('',(0.,1.,0.));
#13481=DIRECTION('',(-0.866025403783548,0.500000000001542,0.));
#13482=DIRECTION('',(-0.866025403783548,-0.500000000001542,0.));
#13483=DIRECTION('',(0.,1.,0.));
#13484=DIRECTION('',(0.866025403783548,-0.500000000001542,0.));
#13485=DIRECTION('',(0.866025403783548,0.500000000001542,0.));
#13486=DIRECTION('',(0.,0.,-1.));
#13487=DIRECTION('',(-1.,0.,0.));
#13488=DIRECTION('',(1.,0.,0.));
#13489=DIRECTION('',(0.,1.,0.));
#13490=DIRECTION('',(0.,0.,1.));
#13491=DIRECTION('',(0.,1.,0.));
#13492=DIRECTION('',(0.,0.,1.));
#13493=DIRECTION('',(0.50000000000019,0.866025403784329,0.));
#13494=DIRECTION('',(-0.866025403784329,0.50000000000019,0.));
#13495=DIRECTION('',(-0.866025403784329,0.50000000000019,0.));
#13496=DIRECTION('',(0.,0.,1.));
#13497=DIRECTION('',(-0.50000000000019,0.866025403784329,0.));
#13498=DIRECTION('',(-0.866025403784329,-0.50000000000019,0.));
#13499=DIRECTION('',(-0.866025403784329,-0.50000000000019,0.));
#13500=DIRECTION('',(0.,0.,1.));
#13501=DIRECTION('',(-1.,-1.53837014911E-16,0.));
#13502=DIRECTION('',(1.53837014911E-16,-1.,0.));
#13503=DIRECTION('',(1.53837014911E-16,-1.,0.));
#13504=DIRECTION('',(0.,0.,1.));
#13505=DIRECTION('',(-0.50000000000019,-0.866025403784329,0.));
#13506=DIRECTION('',(0.866025403784329,-0.50000000000019,0.));
#13507=DIRECTION('',(0.866025403784329,-0.50000000000019,0.));
#13508=DIRECTION('',(0.,0.,1.));
#13509=DIRECTION('',(0.50000000000019,-0.866025403784329,0.));
#13510=DIRECTION('',(0.866025403784329,0.50000000000019,0.));
#13511=DIRECTION('',(0.866025403784329,0.50000000000019,0.));
#13512=DIRECTION('',(0.,0.,1.));
#13513=DIRECTION('',(1.,0.,0.));
#13514=DIRECTION('',(0.,0.,-1.));
#13515=DIRECTION('',(-1.,0.,0.));
#13516=DIRECTION('',(0.,0.,-1.));
#13517=DIRECTION('',(1.,0.,0.));
#13518=DIRECTION('',(0.,0.,-1.));
#13519=DIRECTION('',(-1.,0.,0.));
#13520=DIRECTION('',(0.,0.,-1.));
#13521=DIRECTION('',(1.,0.,0.));
#13522=DIRECTION('',(0.,0.,-1.));
#13523=DIRECTION('',(0.877582561890372,-0.479425538604204,0.));
#13524=DIRECTION('',(0.,0.,1.));
#13525=DIRECTION('',(1.,0.,0.));
#13526=DIRECTION('',(0.,0.,-1.));
#13527=DIRECTION('',(1.,0.,0.));
#13528=DIRECTION('',(0.,0.,-1.));
#13529=DIRECTION('',(-1.,0.,0.));
#13530=DIRECTION('',(0.,0.,1.));
#13531=DIRECTION('',(1.,0.,0.));
#13532=DIRECTION('',(0.,1.,0.));
#13533=DIRECTION('',(-0.866025403783548,0.500000000001542,0.));
#13534=DIRECTION('',(-0.866025403783548,-0.500000000001542,0.));
#13535=DIRECTION('',(0.,1.,0.));
#13536=DIRECTION('',(0.866025403783548,-0.500000000001542,0.));
#13537=DIRECTION('',(0.866025403783548,0.500000000001542,0.));
#13538=DIRECTION('',(0.,0.,-1.));
#13539=DIRECTION('',(-1.,0.,0.));
#13540=DIRECTION('',(1.,0.,0.));
#13541=DIRECTION('',(0.,1.,0.));
#13542=DIRECTION('',(0.,0.,1.));
#13543=DIRECTION('',(0.,1.,0.));
#13544=DIRECTION('',(0.,0.,1.));
#13545=DIRECTION('',(0.50000000000019,0.866025403784329,0.));
#13546=DIRECTION('',(-0.866025403784329,0.50000000000019,0.));
#13547=DIRECTION('',(-0.866025403784329,0.50000000000019,0.));
#13548=DIRECTION('',(0.,0.,1.));
#13549=DIRECTION('',(-0.50000000000019,0.866025403784329,0.));
#13550=DIRECTION('',(-0.866025403784329,-0.50000000000019,0.));
#13551=DIRECTION('',(-0.866025403784329,-0.50000000000019,0.));
#13552=DIRECTION('',(0.,0.,1.));
#13553=DIRECTION('',(-1.,-1.53837014911E-16,0.));
#13554=DIRECTION('',(1.53837014911E-16,-1.,0.));
#13555=DIRECTION('',(1.53837014911E-16,-1.,0.));
#13556=DIRECTION('',(0.,0.,1.));
#13557=DIRECTION('',(-0.50000000000019,-0.866025403784329,0.));
#13558=DIRECTION('',(0.866025403784329,-0.50000000000019,0.));
#13559=DIRECTION('',(0.866025403784329,-0.50000000000019,0.));
#13560=DIRECTION('',(0.,0.,1.));
#13561=DIRECTION('',(0.50000000000019,-0.866025403784329,0.));
#13562=DIRECTION('',(0.866025403784329,0.50000000000019,0.));
#13563=DIRECTION('',(0.866025403784329,0.50000000000019,0.));
#13564=DIRECTION('',(0.,0.,1.));
#13565=DIRECTION('',(1.,0.,0.));
#13566=DIRECTION('',(0.,0.,-1.));
#13567=DIRECTION('',(-1.,0.,0.));
#13568=DIRECTION('',(0.,0.,-1.));
#13569=DIRECTION('',(1.,0.,0.));
#13570=DIRECTION('',(0.,0.,-1.));
#13571=DIRECTION('',(-1.,0.,0.));
#13572=DIRECTION('',(0.,0.,-1.));
#13573=DIRECTION('',(1.,0.,0.));
#13574=DIRECTION('',(0.,0.,-1.));
#13575=DIRECTION('',(0.877582561890372,-0.479425538604204,0.));
#13576=DIRECTION('',(0.,0.,1.));
#13577=DIRECTION('',(1.,0.,0.));
#13578=CARTESIAN_POINT('',(0.,0.,0.));
#13579=CARTESIAN_POINT('',(-0.039,0.0389999999999873,0.0299));
#13580=CARTESIAN_POINT('',(-0.039,0.0389999999999873,0.019));
#13581=CARTESIAN_POINT('',(-0.0406,0.0389999999999873,0.019));
#13582=CARTESIAN_POINT('',(-0.039,0.0389999999999873,0.03));
#13583=CARTESIAN_POINT('',(-0.0374,0.0389999999999873,0.03));
#13584=CARTESIAN_POINT('',(-0.039,0.0390345552042,0.015));
#13585=CARTESIAN_POINT('',(-0.039,0.0390345552042,0.012));
#13586=CARTESIAN_POINT('',(-0.0406,0.0390345552042,0.012));
#13587=CARTESIAN_POINT('',(-0.039,0.0390345552042,0.018));
#13588=CARTESIAN_POINT('',(-0.0374,0.0390345552042,0.018));
#13589=CARTESIAN_POINT('',(-0.039,0.0390345552042,0.012));
#13590=CARTESIAN_POINT('',(-0.039,0.0390345552042,0.018));
#13591=CARTESIAN_POINT('',(-0.03775,0.03686949169474,0.018));
#13592=CARTESIAN_POINT('',(-0.039,0.03614780385825,0.018));
#13593=CARTESIAN_POINT('',(-0.0365,0.03759117953123,0.018));
#13594=CARTESIAN_POINT('',(-0.04025,0.03686949169474,0.018));
#13595=CARTESIAN_POINT('',(-0.0415,0.0375911795312287,0.018));
#13596=CARTESIAN_POINT('',(-0.0415,0.0390345552042,0.018));
#13597=CARTESIAN_POINT('',(-0.0415,0.0404779308771717,0.018));
#13598=CARTESIAN_POINT('',(-0.04025,0.04119961871366,0.018));
#13599=CARTESIAN_POINT('',(-0.039,0.04192130655015,0.018));
#13600=CARTESIAN_POINT('',(-0.03775,0.04119961871366,0.018));
#13601=CARTESIAN_POINT('',(-0.0365,0.04047793087717,0.018));
#13602=CARTESIAN_POINT('',(-0.0365,0.0390345552042,0.018));
#13603=CARTESIAN_POINT('',(-0.039,0.03614780385825,0.018));
#13604=CARTESIAN_POINT('',(-0.039,0.03614780385825,0.024));
#13605=CARTESIAN_POINT('',(-0.039,0.03614780385825,0.03));
#13606=CARTESIAN_POINT('',(-0.0365,0.03759117953123,0.024));
#13607=CARTESIAN_POINT('',(-0.0365,0.03759117953123,0.03));
#13608=CARTESIAN_POINT('',(-0.03775,0.03686949169474,0.03));
#13609=CARTESIAN_POINT('',(-0.0415,0.03759117953123,0.018));
#13610=CARTESIAN_POINT('',(-0.0415,0.03759117953123,0.024));
#13611=CARTESIAN_POINT('',(-0.0415,0.0375911795312283,0.03));
#13612=CARTESIAN_POINT('',(-0.04025,0.03686949169474,0.03));
#13613=CARTESIAN_POINT('',(-0.0415,0.04047793087717,0.018));
#13614=CARTESIAN_POINT('',(-0.0415,0.04047793087717,0.024));
#13615=CARTESIAN_POINT('',(-0.0415,0.0404779308771717,0.03));
#13616=CARTESIAN_POINT('',(-0.0415,0.0390345552042,0.03));
#13617=CARTESIAN_POINT('',(-0.039,0.04192130655015,0.018));
#13618=CARTESIAN_POINT('',(-0.039,0.04192130655015,0.024));
#13619=CARTESIAN_POINT('',(-0.039,0.04192130655015,0.03));
#13620=CARTESIAN_POINT('',(-0.04025,0.04119961871366,0.03));
#13621=CARTESIAN_POINT('',(-0.0365,0.04047793087717,0.018));
#13622=CARTESIAN_POINT('',(-0.0365,0.04047793087717,0.024));
#13623=CARTESIAN_POINT('',(-0.0365,0.04047793087717,0.03));
#13624=CARTESIAN_POINT('',(-0.03775,0.04119961871366,0.03));
#13625=CARTESIAN_POINT('',(-0.0365,0.03759117953123,0.018));
#13626=CARTESIAN_POINT('',(-0.0365,0.0390345552042,0.03));
#13627=CARTESIAN_POINT('',(-0.039,0.0390345552042,0.03));
#13628=CARTESIAN_POINT('',(-0.039,0.0389999999999873,0.019));
#13629=CARTESIAN_POINT('',(0.0665717646479607,-0.0715840607200034,-0.0187117013335228));
#13630=CARTESIAN_POINT('',(0.039,-0.0390000000000127,0.0179));
#13631=CARTESIAN_POINT('',(0.039,-0.0390000000000127,0.007));
#13632=CARTESIAN_POINT('',(0.0374,-0.0390000000000127,0.007));
#13633=CARTESIAN_POINT('',(0.039,-0.0390000000000127,0.018));
#13634=CARTESIAN_POINT('',(0.0406,-0.0390000000000127,0.018));
#13635=CARTESIAN_POINT('',(0.039,-0.0389654447958,0.003));
#13636=CARTESIAN_POINT('',(0.039,-0.0389654447958,0.));
#13637=CARTESIAN_POINT('',(0.0374,-0.0389654447958,0.));
#13638=CARTESIAN_POINT('',(0.039,-0.0389654447958,0.006));
#13639=CARTESIAN_POINT('',(0.0406,-0.0389654447958,0.006));
#13640=CARTESIAN_POINT('',(0.039,-0.0389654447958,0.));
#13641=CARTESIAN_POINT('',(0.039,-0.0389654447958,0.006));
#13642=CARTESIAN_POINT('',(0.04025,-0.04113050830526,0.006));
#13643=CARTESIAN_POINT('',(0.039,-0.04185219614175,0.006));
#13644=CARTESIAN_POINT('',(0.0415,-0.04040882046877,0.006));
#13645=CARTESIAN_POINT('',(0.03775,-0.04113050830526,0.006));
#13646=CARTESIAN_POINT('',(0.0365,-0.0404088204687713,0.006));
#13647=CARTESIAN_POINT('',(0.0365,-0.0389654447958,0.006));
#13648=CARTESIAN_POINT('',(0.0365,-0.0375220691228283,0.006));
#13649=CARTESIAN_POINT('',(0.03775,-0.03680038128634,0.006));
#13650=CARTESIAN_POINT('',(0.039,-0.03607869344985,0.006));
#13651=CARTESIAN_POINT('',(0.04025,-0.03680038128634,0.006));
#13652=CARTESIAN_POINT('',(0.0415,-0.03752206912283,0.006));
#13653=CARTESIAN_POINT('',(0.0415,-0.0389654447958,0.006));
#13654=CARTESIAN_POINT('',(0.039,-0.04185219614175,0.006));
#13655=CARTESIAN_POINT('',(0.039,-0.04185219614175,0.012));
#13656=CARTESIAN_POINT('',(0.039,-0.04185219614175,0.018));
#13657=CARTESIAN_POINT('',(0.0415,-0.04040882046877,0.012));
#13658=CARTESIAN_POINT('',(0.0415,-0.04040882046877,0.018));
#13659=CARTESIAN_POINT('',(0.04025,-0.04113050830526,0.018));
#13660=CARTESIAN_POINT('',(0.0365,-0.04040882046877,0.006));
#13661=CARTESIAN_POINT('',(0.0365,-0.04040882046877,0.012));
#13662=CARTESIAN_POINT('',(0.0365,-0.0404088204687718,0.018));
#13663=CARTESIAN_POINT('',(0.03775,-0.04113050830526,0.018));
#13664=CARTESIAN_POINT('',(0.0365,-0.03752206912283,0.006));
#13665=CARTESIAN_POINT('',(0.0365,-0.03752206912283,0.012));
#13666=CARTESIAN_POINT('',(0.0365,-0.0375220691228283,0.018));
#13667=CARTESIAN_POINT('',(0.0365,-0.0389654447958,0.018));
#13668=CARTESIAN_POINT('',(0.039,-0.03607869344985,0.006));
#13669=CARTESIAN_POINT('',(0.039,-0.03607869344985,0.012));
#13670=CARTESIAN_POINT('',(0.039,-0.03607869344985,0.018));
#13671=CARTESIAN_POINT('',(0.03775,-0.03680038128634,0.018));
#13672=CARTESIAN_POINT('',(0.0415,-0.03752206912283,0.006));
#13673=CARTESIAN_POINT('',(0.0415,-0.03752206912283,0.012));
#13674=CARTESIAN_POINT('',(0.0415,-0.03752206912283,0.018));
#13675=CARTESIAN_POINT('',(0.04025,-0.03680038128634,0.018));
#13676=CARTESIAN_POINT('',(0.0415,-0.04040882046877,0.006));
#13677=CARTESIAN_POINT('',(0.0415,-0.0389654447958,0.018));
#13678=CARTESIAN_POINT('',(0.039,-0.0389654447958,0.018));
#13679=CARTESIAN_POINT('',(0.039,-0.0390000000000127,0.007));
#13680=CARTESIAN_POINT('',(-0.0114282353520393,-0.071543216184865,0.0596882986664772));
#13681=CARTESIAN_POINT('',(-0.039,-0.0390000000000127,0.0299));
#13682=CARTESIAN_POINT('',(-0.039,-0.0390000000000127,0.019));
#13683=CARTESIAN_POINT('',(-0.0406,-0.0390000000000127,0.019));
#13684=CARTESIAN_POINT('',(-0.039,-0.0390000000000127,0.03));
#13685=CARTESIAN_POINT('',(-0.0374,-0.0390000000000127,0.03));
#13686=CARTESIAN_POINT('',(-0.039,-0.0389654447958,0.015));
#13687=CARTESIAN_POINT('',(-0.039,-0.0389654447958,0.012));
#13688=CARTESIAN_POINT('',(-0.0406,-0.0389654447958,0.012));
#13689=CARTESIAN_POINT('',(-0.039,-0.0389654447958,0.018));
#13690=CARTESIAN_POINT('',(-0.0374,-0.0389654447958,0.018));
#13691=CARTESIAN_POINT('',(-0.039,-0.0389654447958,0.012));
#13692=CARTESIAN_POINT('',(-0.039,-0.0389654447958,0.018));
#13693=CARTESIAN_POINT('',(-0.03775,-0.04113050830526,0.018));
#13694=CARTESIAN_POINT('',(-0.039,-0.04185219614175,0.018));
#13695=CARTESIAN_POINT('',(-0.0365,-0.04040882046877,0.018));
#13696=CARTESIAN_POINT('',(-0.04025,-0.04113050830526,0.018));
#13697=CARTESIAN_POINT('',(-0.0415,-0.0404088204687713,0.018));
#13698=CARTESIAN_POINT('',(-0.0415,-0.0389654447958,0.018));
#13699=CARTESIAN_POINT('',(-0.0415,-0.0375220691228283,0.018));
#13700=CARTESIAN_POINT('',(-0.04025,-0.03680038128634,0.018));
#13701=CARTESIAN_POINT('',(-0.039,-0.03607869344985,0.018));
#13702=CARTESIAN_POINT('',(-0.03775,-0.03680038128634,0.018));
#13703=CARTESIAN_POINT('',(-0.0365,-0.03752206912283,0.018));
#13704=CARTESIAN_POINT('',(-0.0365,-0.0389654447958,0.018));
#13705=CARTESIAN_POINT('',(-0.039,-0.04185219614175,0.018));
#13706=CARTESIAN_POINT('',(-0.039,-0.04185219614175,0.024));
#13707=CARTESIAN_POINT('',(-0.039,-0.04185219614175,0.03));
#13708=CARTESIAN_POINT('',(-0.0365,-0.04040882046877,0.024));
#13709=CARTESIAN_POINT('',(-0.0365,-0.04040882046877,0.03));
#13710=CARTESIAN_POINT('',(-0.03775,-0.04113050830526,0.03));
#13711=CARTESIAN_POINT('',(-0.0415,-0.04040882046877,0.018));
#13712=CARTESIAN_POINT('',(-0.0415,-0.04040882046877,0.024));
#13713=CARTESIAN_POINT('',(-0.0415,-0.0404088204687718,0.03));
#13714=CARTESIAN_POINT('',(-0.04025,-0.04113050830526,0.03));
#13715=CARTESIAN_POINT('',(-0.0415,-0.03752206912283,0.018));
#13716=CARTESIAN_POINT('',(-0.0415,-0.03752206912283,0.024));
#13717=CARTESIAN_POINT('',(-0.0415,-0.0375220691228283,0.03));
#13718=CARTESIAN_POINT('',(-0.0415,-0.0389654447958,0.03));
#13719=CARTESIAN_POINT('',(-0.039,-0.03607869344985,0.018));
#13720=CARTESIAN_POINT('',(-0.039,-0.03607869344985,0.024));
#13721=CARTESIAN_POINT('',(-0.039,-0.03607869344985,0.03));
#13722=CARTESIAN_POINT('',(-0.04025,-0.03680038128634,0.03));
#13723=CARTESIAN_POINT('',(-0.0365,-0.03752206912283,0.018));
#13724=CARTESIAN_POINT('',(-0.0365,-0.03752206912283,0.024));
#13725=CARTESIAN_POINT('',(-0.0365,-0.03752206912283,0.03));
#13726=CARTESIAN_POINT('',(-0.03775,-0.03680038128634,0.03));
#13727=CARTESIAN_POINT('',(-0.0365,-0.04040882046877,0.018));
#13728=CARTESIAN_POINT('',(-0.0365,-0.0389654447958,0.03));
#13729=CARTESIAN_POINT('',(-0.039,-0.0389654447958,0.03));
#13730=CARTESIAN_POINT('',(-0.039,-0.0390000000000127,0.019));
#13731=CARTESIAN_POINT('',(0.0665717646479607,-0.0715840607200034,-0.0187117013335228));
#13732=CARTESIAN_POINT('',(-0.0114282353520393,0.00645678381513504,0.0596882986664772));
#13733=CARTESIAN_POINT('',(0.039,0.0389999999999873,0.0169727734726));
#13734=CARTESIAN_POINT('',(0.039,0.0389999999999873,0.0169727734726));
#13735=CARTESIAN_POINT('',(0.0374,0.0389999999999873,0.0169727734726));
#13736=CARTESIAN_POINT('',(0.039,0.0390345552042,0.0279727734726));
#13737=CARTESIAN_POINT('',(0.0415,0.0390345552042,0.0279727734726));
#13738=CARTESIAN_POINT('',(0.0415000000000006,0.0375911795312281,0.0279727734726));
#13739=CARTESIAN_POINT('',(0.0415,0.04047793087717,0.0279727734726));
#13740=CARTESIAN_POINT('',(0.0415,0.04047793087717,0.0279727734726));
#13741=CARTESIAN_POINT('',(0.0389999999999986,0.0419213065501486,0.0279727734726));
#13742=CARTESIAN_POINT('',(0.039,0.04192130655015,0.0279727734726));
#13743=CARTESIAN_POINT('',(0.0364999999999995,0.0404779308771719,0.0279727734726));
#13744=CARTESIAN_POINT('',(0.0365,0.0390345552042,0.0279727734726));
#13745=CARTESIAN_POINT('',(0.0365,0.03759117953123,0.0279727734726));
#13746=CARTESIAN_POINT('',(0.0365,0.03759117953123,0.0279727734726));
#13747=CARTESIAN_POINT('',(0.0390000000000014,0.0361478038582515,0.0279727734726));
#13748=CARTESIAN_POINT('',(0.039,0.03614780385825,0.0279727734726));
#13749=CARTESIAN_POINT('',(0.039,0.0389999999999873,0.0279727734726));
#13750=CARTESIAN_POINT('',(0.0374,0.0389999999999873,0.0279727734726));
#13751=CARTESIAN_POINT('',(0.0415,0.03759117953123,0.0159727734726));
#13752=CARTESIAN_POINT('',(0.0415000000000023,0.0375911795312261,0.0159727734726));
#13753=CARTESIAN_POINT('',(0.0415000000000012,0.0375911795312255,0.0159727734726));
#13754=CARTESIAN_POINT('',(0.0415,0.03759117953123,0.0159727734726));
#13755=CARTESIAN_POINT('',(0.0415,0.04047793087717,0.0159727734726));
#13756=CARTESIAN_POINT('',(0.0415,0.04047793087717,0.0159727734726));
#13757=CARTESIAN_POINT('',(0.0415,0.04047793087717,0.0159727734726));
#13758=CARTESIAN_POINT('',(0.0415,0.04047793087717,0.0159727734726));
#13759=CARTESIAN_POINT('',(0.0389999999999966,0.0419213065501467,0.0159727734726));
#13760=CARTESIAN_POINT('',(0.0389999999999978,0.0419213065501461,0.0159727734726));
#13761=CARTESIAN_POINT('',(0.039,0.04192130655015,0.0159727734726));
#13762=CARTESIAN_POINT('',(0.039,0.04192130655015,0.0159727734726));
#13763=CARTESIAN_POINT('',(0.0364999999999989,0.0404779308771746,0.0159727734726));
#13764=CARTESIAN_POINT('',(0.0364999999999978,0.0404779308771739,0.0159727734726));
#13765=CARTESIAN_POINT('',(0.0365,0.04047793087717,0.0159727734726));
#13766=CARTESIAN_POINT('',(0.0365,0.04047793087717,0.0159727734726));
#13767=CARTESIAN_POINT('',(0.0365,0.03759117953123,0.0159727734726));
#13768=CARTESIAN_POINT('',(0.0365,0.03759117953123,0.0159727734726));
#13769=CARTESIAN_POINT('',(0.0365,0.03759117953123,0.0159727734726));
#13770=CARTESIAN_POINT('',(0.0365,0.03759117953123,0.0159727734726));
#13771=CARTESIAN_POINT('',(0.0390000000000034,0.0361478038582533,0.0159727734726));
#13772=CARTESIAN_POINT('',(0.0390000000000022,0.0361478038582539,0.0159727734726));
#13773=CARTESIAN_POINT('',(0.039,0.03614780385825,0.0159727734726));
#13774=CARTESIAN_POINT('',(0.039,0.03614780385825,0.0159727734726));
#13775=CARTESIAN_POINT('',(0.039,0.0390345552042,0.0159727734726));
#13776=CARTESIAN_POINT('',(0.039,0.0390345552042,0.0159727734726));
#13777=CARTESIAN_POINT('',(0.0374,0.0390345552042,0.0159727734726));
#13778=CARTESIAN_POINT('',(0.039,0.0390345552042,0.0099727734726));
#13779=CARTESIAN_POINT('',(0.039,0.0390345552042,0.0099727734726));
#13780=CARTESIAN_POINT('',(0.0374,0.0390345552042,0.0099727734726));
#13781=CARTESIAN_POINT('',(0.039,0.0390345552042,0.0129727734726));
#13782=CARTESIAN_POINT('',(0.039,0.0389999999999873,0.0278727734726));
#13783=CARTESIAN_POINT('',(0.0665717646479607,-0.0715636384524342,-0.0030844748061228));
#13784=CARTESIAN_POINT('',(-0.039,-0.039,0.0287727734726));
#13785=CARTESIAN_POINT('',(-0.039,-0.039,0.0295727734726));
#13786=CARTESIAN_POINT('',(-0.0374,-0.039,0.0295727734726));
#13787=CARTESIAN_POINT('',(-0.039,-0.039,0.0279727734726));
#13788=CARTESIAN_POINT('',(-0.0374,-0.039,0.0279727734726));
#13789=CARTESIAN_POINT('',(0.039,-0.039,0.0287727734726));
#13790=CARTESIAN_POINT('',(0.039,-0.039,0.0295727734726));
#13791=CARTESIAN_POINT('',(0.0406,-0.039,0.0295727734726));
#13792=CARTESIAN_POINT('',(0.039,-0.039,0.0279727734726));
#13793=CARTESIAN_POINT('',(0.0406,-0.039,0.0279727734726));
#13794=CARTESIAN_POINT('',(0.039,0.039,0.0287727734726));
#13795=CARTESIAN_POINT('',(0.039,0.039,0.0295727734726));
#13796=CARTESIAN_POINT('',(0.0406,0.039,0.0295727734726));
#13797=CARTESIAN_POINT('',(0.039,0.039,0.0279727734726));
#13798=CARTESIAN_POINT('',(0.0406,0.039,0.0279727734726));
#13799=CARTESIAN_POINT('',(-0.039,0.039,0.0287727734726));
#13800=CARTESIAN_POINT('',(-0.039,0.039,0.0295727734726));
#13801=CARTESIAN_POINT('',(-0.0374,0.039,0.0295727734726));
#13802=CARTESIAN_POINT('',(-0.039,0.039,0.0279727734726));
#13803=CARTESIAN_POINT('',(-0.0374,0.039,0.0279727734726));
#13804=CARTESIAN_POINT('',(0.0438,0.0438,0.0287727734726));
#13805=CARTESIAN_POINT('',(0.0438,0.0438,0.0295727734726));
#13806=CARTESIAN_POINT('',(0.0438,0.045,0.0295727734726));
#13807=CARTESIAN_POINT('',(0.045,0.0438,0.0295727734726));
#13808=CARTESIAN_POINT('',(0.045,0.0438,0.0279727734726));
#13809=CARTESIAN_POINT('',(0.045,0.0438,0.0279727734726));
#13810=CARTESIAN_POINT('',(0.0438,0.0438,0.0279727734726));
#13811=CARTESIAN_POINT('',(0.0438,0.045,0.0279727734726));
#13812=CARTESIAN_POINT('',(0.0438,0.045,0.0287727734726));
#13813=CARTESIAN_POINT('',(0.0438,-0.0112,0.0287727734726));
#13814=CARTESIAN_POINT('',(0.0438,-0.0112,0.0295727734726));
#13815=CARTESIAN_POINT('',(0.044,-0.0100167840433799,0.0295727734726));
#13816=CARTESIAN_POINT('',(0.045,-0.0112,0.0295727734726));
#13817=CARTESIAN_POINT('',(0.045,-0.0112,0.0279727734726));
#13818=CARTESIAN_POINT('',(0.045,-0.0112,0.0279727734726));
#13819=CARTESIAN_POINT('',(0.0438,-0.0112,0.0279727734726));
#13820=CARTESIAN_POINT('',(0.044,-0.0100167840433799,0.0279727734726));
#13821=CARTESIAN_POINT('',(0.0439999999999996,-0.0100167840433798,0.0287727734726));
#13822=CARTESIAN_POINT('',(0.0442,-0.00883356808676,0.0287727734726));
#13823=CARTESIAN_POINT('',(0.043,-0.00883356808676,0.0279727734726));
#13824=CARTESIAN_POINT('',(0.043,-0.00883356808676,0.0295727734726));
#13825=CARTESIAN_POINT('',(0.043,-0.00883356808676,0.0279727734726));
#13826=CARTESIAN_POINT('',(0.0442,-0.00883356808676,0.0295727734726));
#13827=CARTESIAN_POINT('',(0.0442,-0.00883356808676,0.0279727734726));
#13828=CARTESIAN_POINT('',(0.043,0.01,0.0279727734726));
#13829=CARTESIAN_POINT('',(0.043,0.0088,0.0287727734726));
#13830=CARTESIAN_POINT('',(0.043,0.0088,0.0295727734726));
#13831=CARTESIAN_POINT('',(0.043,0.0088,0.0279727734726));
#13832=CARTESIAN_POINT('',(0.043,0.,0.0295727734726));
#13833=CARTESIAN_POINT('',(0.043,0.01,0.0279727734726));
#13834=CARTESIAN_POINT('',(0.045,-0.01,0.0279727734726));
#13835=CARTESIAN_POINT('',(0.045,0.0111664319132,0.0287727734726));
#13836=CARTESIAN_POINT('',(0.045,0.0111664319132,0.0279727734726));
#13837=CARTESIAN_POINT('',(0.045,0.0111664319132,0.0295727734726));
#13838=CARTESIAN_POINT('',(0.045,-0.01,0.0279727734726));
#13839=CARTESIAN_POINT('',(0.045,0.,0.0295727734726));
#13840=CARTESIAN_POINT('',(0.0442,0.0088,0.0287727734726));
#13841=CARTESIAN_POINT('',(0.044,0.00998321595661993,0.0287727734726));
#13842=CARTESIAN_POINT('',(0.044,0.00998321595660996,0.0279727734726));
#13843=CARTESIAN_POINT('',(0.044,0.00998321595660996,0.0295727734726));
#13844=CARTESIAN_POINT('',(0.0442,0.0088,0.0295727734726));
#13845=CARTESIAN_POINT('',(0.0442,0.0088,0.0279727734726));
#13846=CARTESIAN_POINT('',(0.0438,0.0111664319132,0.0287727734726));
#13847=CARTESIAN_POINT('',(0.0438,0.0111664319132,0.0295727734726));
#13848=CARTESIAN_POINT('',(0.0438,0.0111664319132,0.0279727734726));
#13849=CARTESIAN_POINT('',(0.045,-0.01,0.0279727734726));
#13850=CARTESIAN_POINT('',(0.045,-0.0438,0.0287727734726));
#13851=CARTESIAN_POINT('',(0.045,-0.0438,0.0279727734726));
#13852=CARTESIAN_POINT('',(0.045,-0.0438,0.0295727734726));
#13853=CARTESIAN_POINT('',(0.045,-0.01,0.0279727734726));
#13854=CARTESIAN_POINT('',(0.045,0.,0.0295727734726));
#13855=CARTESIAN_POINT('',(0.0438,-0.0438,0.0287727734726));
#13856=CARTESIAN_POINT('',(0.0438,-0.0438,0.0295727734726));
#13857=CARTESIAN_POINT('',(0.0438,-0.045,0.0295727734726));
#13858=CARTESIAN_POINT('',(0.0438,-0.045,0.0279727734726));
#13859=CARTESIAN_POINT('',(0.0438,-0.045,0.0279727734726));
#13860=CARTESIAN_POINT('',(0.0438,-0.0438,0.0279727734726));
#13861=CARTESIAN_POINT('',(-0.0112,-0.0438,0.0287727734726));
#13862=CARTESIAN_POINT('',(-0.0112,-0.0438,0.0295727734726));
#13863=CARTESIAN_POINT('',(-0.0100167840433802,-0.0440000000000016,0.0295727734726));
#13864=CARTESIAN_POINT('',(-0.0112,-0.045,0.0295727734726));
#13865=CARTESIAN_POINT('',(-0.0112,-0.045,0.0279727734726));
#13866=CARTESIAN_POINT('',(-0.0112,-0.045,0.0279727734726));
#13867=CARTESIAN_POINT('',(-0.0112,-0.0438,0.0279727734726));
#13868=CARTESIAN_POINT('',(-0.0100167840433802,-0.0440000000000016,0.0279727734726));
#13869=CARTESIAN_POINT('',(-0.0100167840433805,-0.0440000000000033,0.0287727734726));
#13870=CARTESIAN_POINT('',(-0.00883356808676,-0.0442,0.0287727734726));
#13871=CARTESIAN_POINT('',(-0.00883356808676,-0.043,0.0279727734726));
#13872=CARTESIAN_POINT('',(-0.00883356808676,-0.043,0.0295727734726));
#13873=CARTESIAN_POINT('',(-0.00883356808676,-0.043,0.0279727734726));
#13874=CARTESIAN_POINT('',(-0.00883356808676,-0.0442,0.0295727734726));
#13875=CARTESIAN_POINT('',(-0.00883356808676,-0.0442,0.0279727734726));
#13876=CARTESIAN_POINT('',(-0.01,-0.043,0.0279727734726));
#13877=CARTESIAN_POINT('',(0.,-0.043,0.0295727734726));
#13878=CARTESIAN_POINT('',(0.0088,-0.043,0.0295727734726));
#13879=CARTESIAN_POINT('',(-0.01,-0.043,0.0279727734726));
#13880=CARTESIAN_POINT('',(0.0088,-0.043,0.0279727734726));
#13881=CARTESIAN_POINT('',(0.0088,-0.043,0.0287727734726));
#13882=CARTESIAN_POINT('',(-0.045,-0.045,0.0279727734726));
#13883=CARTESIAN_POINT('',(-0.045,-0.045,0.0279727734726));
#13884=CARTESIAN_POINT('',(0.0111664319132,-0.045,0.0279727734726));
#13885=CARTESIAN_POINT('',(0.,-0.045,0.0295727734726));
#13886=CARTESIAN_POINT('',(0.0111664319132,-0.045,0.0295727734726));
#13887=CARTESIAN_POINT('',(0.0111664319132,-0.045,0.0287727734726));
#13888=CARTESIAN_POINT('',(0.0088,-0.0442,0.0287727734726));
#13889=CARTESIAN_POINT('',(0.00998321595661993,-0.044,0.0287727734726));
#13890=CARTESIAN_POINT('',(0.00998321595660996,-0.044,0.0279727734726));
#13891=CARTESIAN_POINT('',(0.00998321595660996,-0.044,0.0295727734726));
#13892=CARTESIAN_POINT('',(0.0088,-0.0442,0.0295727734726));
#13893=CARTESIAN_POINT('',(0.0088,-0.0442,0.0279727734726));
#13894=CARTESIAN_POINT('',(0.0111664319132,-0.0438,0.0287727734726));
#13895=CARTESIAN_POINT('',(0.0111664319132,-0.0438,0.0295727734726));
#13896=CARTESIAN_POINT('',(0.0111664319132,-0.0438,0.0279727734726));
#13897=CARTESIAN_POINT('',(-0.045,-0.045,0.0279727734726));
#13898=CARTESIAN_POINT('',(-0.045,-0.045,0.0279727734726));
#13899=CARTESIAN_POINT('',(-0.0438,-0.045,0.0279727734726));
#13900=CARTESIAN_POINT('',(0.,-0.045,0.0295727734726));
#13901=CARTESIAN_POINT('',(-0.0438,-0.045,0.0295727734726));
#13902=CARTESIAN_POINT('',(-0.0438,-0.045,0.0287727734726));
#13903=CARTESIAN_POINT('',(-0.0438,-0.0438,0.0287727734726));
#13904=CARTESIAN_POINT('',(-0.0438,-0.0438,0.0295727734726));
#13905=CARTESIAN_POINT('',(-0.045,-0.0438,0.0295727734726));
#13906=CARTESIAN_POINT('',(-0.045,-0.0438,0.0279727734726));
#13907=CARTESIAN_POINT('',(-0.045,-0.0438,0.0279727734726));
#13908=CARTESIAN_POINT('',(-0.0438,-0.0438,0.0279727734726));
#13909=CARTESIAN_POINT('',(-0.0438,0.0112,0.0287727734726));
#13910=CARTESIAN_POINT('',(-0.0438,0.0112,0.0295727734726));
#13911=CARTESIAN_POINT('',(-0.0440000000000016,0.0100167840433802,0.0295727734726));
#13912=CARTESIAN_POINT('',(-0.045,0.0112,0.0295727734726));
#13913=CARTESIAN_POINT('',(-0.045,0.0112,0.0279727734726));
#13914=CARTESIAN_POINT('',(-0.045,0.0112,0.0279727734726));
#13915=CARTESIAN_POINT('',(-0.0438,0.0112,0.0279727734726));
#13916=CARTESIAN_POINT('',(-0.0440000000000016,0.0100167840433802,0.0279727734726));
#13917=CARTESIAN_POINT('',(-0.0440000000000033,0.0100167840433805,0.0287727734726));
#13918=CARTESIAN_POINT('',(-0.0442,0.00883356808676,0.0287727734726));
#13919=CARTESIAN_POINT('',(-0.043,0.00883356808676,0.0279727734726));
#13920=CARTESIAN_POINT('',(-0.043,0.00883356808676,0.0295727734726));
#13921=CARTESIAN_POINT('',(-0.043,0.00883356808676,0.0279727734726));
#13922=CARTESIAN_POINT('',(-0.0442,0.00883356808676,0.0295727734726));
#13923=CARTESIAN_POINT('',(-0.0442,0.00883356808676,0.0279727734726));
#13924=CARTESIAN_POINT('',(-0.045,-0.045,0.0279727734726));
#13925=CARTESIAN_POINT('',(-0.045,-0.0112,0.0287727734726));
#13926=CARTESIAN_POINT('',(-0.045,-0.0112,0.0279727734726));
#13927=CARTESIAN_POINT('',(-0.045,-0.0112,0.0295727734726));
#13928=CARTESIAN_POINT('',(-0.045,-0.045,0.0279727734726));
#13929=CARTESIAN_POINT('',(-0.045,0.,0.0295727734726));
#13930=CARTESIAN_POINT('',(-0.043,0.01,0.0279727734726));
#13931=CARTESIAN_POINT('',(-0.043,0.,0.0295727734726));
#13932=CARTESIAN_POINT('',(-0.043,-0.00883356808676,0.0295727734726));
#13933=CARTESIAN_POINT('',(-0.043,0.01,0.0279727734726));
#13934=CARTESIAN_POINT('',(-0.043,-0.00883356808676,0.0279727734726));
#13935=CARTESIAN_POINT('',(-0.043,-0.00883356808676,0.0287727734726));
#13936=CARTESIAN_POINT('',(-0.0438,-0.0112,0.0287727734726));
#13937=CARTESIAN_POINT('',(-0.0438,-0.0112,0.0279727734726));
#13938=CARTESIAN_POINT('',(-0.0440000000000016,-0.0100167840433803,0.0279727734726));
#13939=CARTESIAN_POINT('',(-0.0438,-0.0112,0.0295727734726));
#13940=CARTESIAN_POINT('',(-0.0440000000000016,-0.0100167840433803,0.0295727734726));
#13941=CARTESIAN_POINT('',(-0.0440000000000033,-0.0100167840433806,0.0287727734726));
#13942=CARTESIAN_POINT('',(-0.0442,-0.00883356808676,0.0287727734726));
#13943=CARTESIAN_POINT('',(-0.0442,-0.00883356808676,0.0295727734726));
#13944=CARTESIAN_POINT('',(-0.0442,-0.00883356808676,0.0279727734726));
#13945=CARTESIAN_POINT('',(-0.045,-0.045,0.0279727734726));
#13946=CARTESIAN_POINT('',(-0.045,0.0438,0.0287727734726));
#13947=CARTESIAN_POINT('',(-0.045,0.0438,0.0279727734726));
#13948=CARTESIAN_POINT('',(-0.045,0.0438,0.0295727734726));
#13949=CARTESIAN_POINT('',(-0.045,-0.045,0.0279727734726));
#13950=CARTESIAN_POINT('',(-0.045,0.,0.0295727734726));
#13951=CARTESIAN_POINT('',(-0.0438,0.0438,0.0287727734726));
#13952=CARTESIAN_POINT('',(-0.0438,0.0438,0.0295727734726));
#13953=CARTESIAN_POINT('',(-0.0438,0.045,0.0295727734726));
#13954=CARTESIAN_POINT('',(-0.0438,0.045,0.0279727734726));
#13955=CARTESIAN_POINT('',(-0.0438,0.045,0.0279727734726));
#13956=CARTESIAN_POINT('',(-0.0438,0.0438,0.0279727734726));
#13957=CARTESIAN_POINT('',(0.01,0.045,0.0279727734726));
#13958=CARTESIAN_POINT('',(0.0112,0.045,0.0279727734726));
#13959=CARTESIAN_POINT('',(0.0112,0.045,0.0279727734726));
#13960=CARTESIAN_POINT('',(0.0112,0.045,0.0295727734726));
#13961=CARTESIAN_POINT('',(0.,0.045,0.0295727734726));
#13962=CARTESIAN_POINT('',(0.01,0.045,0.0279727734726));
#13963=CARTESIAN_POINT('',(0.01,0.045,0.0279727734726));
#13964=CARTESIAN_POINT('',(-0.0112,0.045,0.0287727734726));
#13965=CARTESIAN_POINT('',(-0.0112,0.045,0.0279727734726));
#13966=CARTESIAN_POINT('',(-0.0112,0.045,0.0295727734726));
#13967=CARTESIAN_POINT('',(0.01,0.045,0.0279727734726));
#13968=CARTESIAN_POINT('',(0.,0.045,0.0295727734726));
#13969=CARTESIAN_POINT('',(-0.0112,0.0438,0.0287727734726));
#13970=CARTESIAN_POINT('',(-0.0112,0.0438,0.0279727734726));
#13971=CARTESIAN_POINT('',(-0.0100167840433803,0.0440000000000016,0.0279727734726));
#13972=CARTESIAN_POINT('',(-0.0112,0.0438,0.0295727734726));
#13973=CARTESIAN_POINT('',(-0.0100167840433803,0.0440000000000016,0.0295727734726));
#13974=CARTESIAN_POINT('',(-0.0100167840433806,0.0440000000000033,0.0287727734726));
#13975=CARTESIAN_POINT('',(-0.00883356808676,0.0442,0.0287727734726));
#13976=CARTESIAN_POINT('',(-0.00883356808676,0.0442,0.0295727734726));
#13977=CARTESIAN_POINT('',(-0.00883356808676,0.043,0.0295727734726));
#13978=CARTESIAN_POINT('',(-0.00883356808676,0.043,0.0287727734726));
#13979=CARTESIAN_POINT('',(-0.00883356808676,0.043,0.0279727734726));
#13980=CARTESIAN_POINT('',(-0.00883356808676,0.0442,0.0279727734726));
#13981=CARTESIAN_POINT('',(0.,0.,0.0295727734726));
#13982=CARTESIAN_POINT('',(0.00883356808676,0.0442,0.0295727734726));
#13983=CARTESIAN_POINT('',(0.0100167840433799,0.044,0.0295727734726));
#13984=CARTESIAN_POINT('',(0.00883356808676,0.043,0.0295727734726));
#13985=CARTESIAN_POINT('',(0.,0.043,0.0295727734726));
#13986=CARTESIAN_POINT('',(0.0112,0.0438,0.0295727734726));
#13987=CARTESIAN_POINT('',(0.,0.,0.0279727734726));
#13988=CARTESIAN_POINT('',(0.0112,0.0438,0.0279727734726));
#13989=CARTESIAN_POINT('',(0.0100167840433799,0.044,0.0279727734726));
#13990=CARTESIAN_POINT('',(-0.01,0.043,0.0279727734726));
#13991=CARTESIAN_POINT('',(0.00883356808676,0.043,0.0279727734726));
#13992=CARTESIAN_POINT('',(0.00883356808676,0.0442,0.0279727734726));
#13993=CARTESIAN_POINT('',(0.0112,0.0438,0.0287727734726));
#13994=CARTESIAN_POINT('',(0.0100167840433798,0.0439999999999996,0.0287727734726));
#13995=CARTESIAN_POINT('',(-0.01,0.043,0.0279727734726));
#13996=CARTESIAN_POINT('',(0.00883356808676,0.043,0.0279727734726));
#13997=CARTESIAN_POINT('',(0.00883356808676,0.0442,0.0287727734726));
#13998=CARTESIAN_POINT('',(0.0665717646479607,-0.0715636384524342,-0.0030844748061228));
#13999=CARTESIAN_POINT('',(-0.0005,0.041,0.0295727734726));
#14000=CARTESIAN_POINT('',(-0.0005,0.036,0.0295727734726));
#14001=CARTESIAN_POINT('',(-0.0005,0.036,0.0295727734726));
#14002=CARTESIAN_POINT('',(-0.0005,0.036,0.0385727734726));
#14003=CARTESIAN_POINT('',(-0.0005,0.041,0.0295727734726));
#14004=CARTESIAN_POINT('',(-0.0005,0.041,0.0295727734726));
#14005=CARTESIAN_POINT('',(-0.0005,0.041,0.0295727734726));
#14006=CARTESIAN_POINT('',(-0.0005,0.041,0.0385727734726));
#14007=CARTESIAN_POINT('',(-0.0005,0.036,0.0385727734726));
#14008=CARTESIAN_POINT('',(0.0265,0.041,0.0295727734726));
#14009=CARTESIAN_POINT('',(0.0265,0.041,0.0295727734726));
#14010=CARTESIAN_POINT('',(-0.0265,0.041,0.0295727734726));
#14011=CARTESIAN_POINT('',(-0.0265,0.041,0.0295727734726));
#14012=CARTESIAN_POINT('',(-0.0265,0.041,0.0385727734726));
#14013=CARTESIAN_POINT('',(0.,0.041,0.0385727734726));
#14014=CARTESIAN_POINT('',(-0.0265,0.036,0.0295727734726));
#14015=CARTESIAN_POINT('',(-0.0265,0.036,0.0295727734726));
#14016=CARTESIAN_POINT('',(-0.0265,0.036,0.0295727734726));
#14017=CARTESIAN_POINT('',(-0.0265,0.036,0.0295727734726));
#14018=CARTESIAN_POINT('',(-0.0265,0.036,0.0385727734726));
#14019=CARTESIAN_POINT('',(-0.0265,0.036,0.0385727734726));
#14020=CARTESIAN_POINT('',(0.0005,0.036,0.0295727734726));
#14021=CARTESIAN_POINT('',(0.0005,0.036,0.0295727734726));
#14022=CARTESIAN_POINT('',(0.,0.036,0.0385727734726));
#14023=CARTESIAN_POINT('',(0.,0.036,0.0295727734726));
#14024=CARTESIAN_POINT('',(0.,0.036,0.0385727734726));
#14025=CARTESIAN_POINT('',(0.0665717646479607,-0.0715636384524342,-0.0030844748061228));
#14026=CARTESIAN_POINT('',(0.0005,0.036,0.0295727734726));
#14027=CARTESIAN_POINT('',(0.0005,0.036,0.0295727734726));
#14028=CARTESIAN_POINT('',(0.0005,0.036,0.0295727734726));
#14029=CARTESIAN_POINT('',(0.0005,0.036,0.0385727734726));
#14030=CARTESIAN_POINT('',(0.0005,0.036,0.0295727734726));
#14031=CARTESIAN_POINT('',(0.0265,0.036,0.0295727734726));
#14032=CARTESIAN_POINT('',(0.0265,0.036,0.0295727734726));
#14033=CARTESIAN_POINT('',(0.0265,0.036,0.0385727734726));
#14034=CARTESIAN_POINT('',(0.,0.036,0.0385727734726));
#14035=CARTESIAN_POINT('',(0.0265,0.036,0.0295727734726));
#14036=CARTESIAN_POINT('',(0.0265,0.036,0.0295727734726));
#14037=CARTESIAN_POINT('',(0.0265,0.041,0.0295727734726));
#14038=CARTESIAN_POINT('',(0.0265,0.041,0.0295727734726));
#14039=CARTESIAN_POINT('',(0.0265,0.041,0.0385727734726));
#14040=CARTESIAN_POINT('',(0.0265,0.036,0.0385727734726));
#14041=CARTESIAN_POINT('',(0.0265,0.041,0.0295727734726));
#14042=CARTESIAN_POINT('',(0.0265,0.041,0.0295727734726));
#14043=CARTESIAN_POINT('',(0.0005,0.041,0.0295727734726));
#14044=CARTESIAN_POINT('',(0.0005,0.041,0.0295727734726));
#14045=CARTESIAN_POINT('',(0.0005,0.041,0.0385727734726));
#14046=CARTESIAN_POINT('',(0.,0.041,0.0385727734726));
#14047=CARTESIAN_POINT('',(0.0005,0.041,0.0295727734726));
#14048=CARTESIAN_POINT('',(0.0005,0.041,0.0295727734726));
#14049=CARTESIAN_POINT('',(0.0005,0.036,0.0385727734726));
#14050=CARTESIAN_POINT('',(0.,0.036,0.0295727734726));
#14051=CARTESIAN_POINT('',(0.,0.036,0.0385727734726));
#14052=CARTESIAN_POINT('',(0.0665717646479607,-0.0715636384524342,-0.0030844748061228));
#14053=CARTESIAN_POINT('',(-0.039,0.0389999999999873,0.0577727734726));
#14054=CARTESIAN_POINT('',(-0.039,0.0389999999999873,0.0577727734726));
#14055=CARTESIAN_POINT('',(-0.0406,0.0389999999999873,0.0577727734726));
#14056=CARTESIAN_POINT('',(-0.039,0.0390345552042,0.0687727734726));
#14057=CARTESIAN_POINT('',(-0.0365,0.0390345552042,0.0687727734726));
#14058=CARTESIAN_POINT('',(-0.0364999999999995,0.0375911795312281,0.0687727734726));
#14059=CARTESIAN_POINT('',(-0.0365,0.04047793087717,0.0687727734726));
#14060=CARTESIAN_POINT('',(-0.0365,0.04047793087717,0.0687727734726));
#14061=CARTESIAN_POINT('',(-0.0390000000000014,0.0419213065501486,0.0687727734726));
#14062=CARTESIAN_POINT('',(-0.039,0.04192130655015,0.0687727734726));
#14063=CARTESIAN_POINT('',(-0.0415000000000006,0.0404779308771719,0.0687727734726));
#14064=CARTESIAN_POINT('',(-0.0415,0.0390345552042,0.0687727734726));
#14065=CARTESIAN_POINT('',(-0.0415,0.03759117953123,0.0687727734726));
#14066=CARTESIAN_POINT('',(-0.0415,0.03759117953123,0.0687727734726));
#14067=CARTESIAN_POINT('',(-0.0389999999999986,0.0361478038582515,0.0687727734726));
#14068=CARTESIAN_POINT('',(-0.039,0.03614780385825,0.0687727734726));
#14069=CARTESIAN_POINT('',(-0.039,0.0389999999999873,0.0687727734726));
#14070=CARTESIAN_POINT('',(-0.0406,0.0389999999999873,0.0687727734726));
#14071=CARTESIAN_POINT('',(-0.0365,0.03759117953123,0.0567727734726));
#14072=CARTESIAN_POINT('',(-0.0364999999999978,0.0375911795312261,0.0567727734726));
#14073=CARTESIAN_POINT('',(-0.0364999999999989,0.0375911795312255,0.0567727734726));
#14074=CARTESIAN_POINT('',(-0.0365,0.03759117953123,0.0567727734726));
#14075=CARTESIAN_POINT('',(-0.0365,0.04047793087717,0.0567727734726));
#14076=CARTESIAN_POINT('',(-0.0365,0.04047793087717,0.0567727734726));
#14077=CARTESIAN_POINT('',(-0.0365,0.04047793087717,0.0567727734726));
#14078=CARTESIAN_POINT('',(-0.0365,0.04047793087717,0.0567727734726));
#14079=CARTESIAN_POINT('',(-0.0390000000000034,0.0419213065501467,0.0567727734726));
#14080=CARTESIAN_POINT('',(-0.0390000000000022,0.0419213065501461,0.0567727734726));
#14081=CARTESIAN_POINT('',(-0.039,0.04192130655015,0.0567727734726));
#14082=CARTESIAN_POINT('',(-0.039,0.04192130655015,0.0567727734726));
#14083=CARTESIAN_POINT('',(-0.0415000000000012,0.0404779308771746,0.0567727734726));
#14084=CARTESIAN_POINT('',(-0.0415000000000023,0.0404779308771739,0.0567727734726));
#14085=CARTESIAN_POINT('',(-0.0415,0.04047793087717,0.0567727734726));
#14086=CARTESIAN_POINT('',(-0.0415,0.04047793087717,0.0567727734726));
#14087=CARTESIAN_POINT('',(-0.0415,0.03759117953123,0.0567727734726));
#14088=CARTESIAN_POINT('',(-0.0415,0.03759117953123,0.0567727734726));
#14089=CARTESIAN_POINT('',(-0.0415,0.03759117953123,0.0567727734726));
#14090=CARTESIAN_POINT('',(-0.0415,0.03759117953123,0.0567727734726));
#14091=CARTESIAN_POINT('',(-0.0389999999999966,0.0361478038582533,0.0567727734726));
#14092=CARTESIAN_POINT('',(-0.0389999999999978,0.0361478038582539,0.0567727734726));
#14093=CARTESIAN_POINT('',(-0.039,0.03614780385825,0.0567727734726));
#14094=CARTESIAN_POINT('',(-0.039,0.03614780385825,0.0567727734726));
#14095=CARTESIAN_POINT('',(-0.039,0.0390345552042,0.0567727734726));
#14096=CARTESIAN_POINT('',(-0.039,0.0390345552042,0.0567727734726));
#14097=CARTESIAN_POINT('',(-0.0406,0.0390345552042,0.0567727734726));
#14098=CARTESIAN_POINT('',(-0.039,0.0390345552042,0.0507727734726));
#14099=CARTESIAN_POINT('',(-0.039,0.0390345552042,0.0507727734726));
#14100=CARTESIAN_POINT('',(-0.0406,0.0390345552042,0.0507727734726));
#14101=CARTESIAN_POINT('',(-0.039,0.0390345552042,0.0537727734726));
#14102=CARTESIAN_POINT('',(-0.039,0.0389999999999873,0.0686727734726));
#14103=CARTESIAN_POINT('',(0.0665717646479607,-0.0715636384524342,-0.0030844748061228));
#14104=CARTESIAN_POINT('',(-0.039,0.039,0.));
#14105=CARTESIAN_POINT('',(-0.039,0.039,0.002));
#14106=CARTESIAN_POINT('',(-0.0415,0.039,0.002));
#14107=CARTESIAN_POINT('',(-0.039,0.039,0.));
#14108=CARTESIAN_POINT('',(-0.0365,0.039,0.));
#14109=CARTESIAN_POINT('',(0.039,-0.039,0.));
#14110=CARTESIAN_POINT('',(0.039,-0.039,0.002));
#14111=CARTESIAN_POINT('',(0.0365,-0.039,0.002));
#14112=CARTESIAN_POINT('',(0.039,-0.039,0.));
#14113=CARTESIAN_POINT('',(0.0415,-0.039,0.));
#14114=CARTESIAN_POINT('',(-0.039,-0.039,0.));
#14115=CARTESIAN_POINT('',(-0.039,-0.039,0.002));
#14116=CARTESIAN_POINT('',(-0.0365,-0.039,0.002));
#14117=CARTESIAN_POINT('',(-0.039,-0.039,0.));
#14118=CARTESIAN_POINT('',(-0.0365,-0.039,0.));
#14119=CARTESIAN_POINT('',(0.048,-0.048,0.002));
#14120=CARTESIAN_POINT('',(0.048,-0.048,0.002));
#14121=CARTESIAN_POINT('',(0.048,-0.05,0.002));
#14122=CARTESIAN_POINT('',(0.0499999999999867,-0.048,0.002));
#14123=CARTESIAN_POINT('',(0.048,-0.05,0.001));
#14124=CARTESIAN_POINT('',(0.048,-0.05,0.));
#14125=CARTESIAN_POINT('',(0.048,-0.048,0.));
#14126=CARTESIAN_POINT('',(0.0499999999999867,-0.048,0.));
#14127=CARTESIAN_POINT('',(0.05,-0.048,0.001));
#14128=CARTESIAN_POINT('',(0.05,0.,0.002));
#14129=CARTESIAN_POINT('',(0.05,0.,0.));
#14130=CARTESIAN_POINT('',(0.0499999999999867,0.048,0.));
#14131=CARTESIAN_POINT('',(0.05,0.048,0.002));
#14132=CARTESIAN_POINT('',(0.0499999999999867,0.048,0.002));
#14133=CARTESIAN_POINT('',(0.05,0.,0.002));
#14134=CARTESIAN_POINT('',(0.048,0.048,0.002));
#14135=CARTESIAN_POINT('',(0.048,0.048,0.002));
#14136=CARTESIAN_POINT('',(0.048,0.05,0.002));
#14137=CARTESIAN_POINT('',(0.048,0.048,0.));
#14138=CARTESIAN_POINT('',(0.048,0.05,0.));
#14139=CARTESIAN_POINT('',(0.048,0.05,0.001));
#14140=CARTESIAN_POINT('',(-6.93889390391E-18,0.05,0.002));
#14141=CARTESIAN_POINT('',(0.,0.05,0.));
#14142=CARTESIAN_POINT('',(-0.048,0.05,0.));
#14143=CARTESIAN_POINT('',(-0.048,0.05,0.002));
#14144=CARTESIAN_POINT('',(-0.048,0.05,0.002));
#14145=CARTESIAN_POINT('',(0.,0.05,0.002));
#14146=CARTESIAN_POINT('',(-0.048,0.048,0.002));
#14147=CARTESIAN_POINT('',(-0.048,0.048,0.002));
#14148=CARTESIAN_POINT('',(-0.0499999999999867,0.048,0.002));
#14149=CARTESIAN_POINT('',(-0.048,0.048,0.));
#14150=CARTESIAN_POINT('',(-0.0499999999999867,0.048,0.));
#14151=CARTESIAN_POINT('',(-0.05,0.048,0.001));
#14152=CARTESIAN_POINT('',(-0.05,0.,0.002));
#14153=CARTESIAN_POINT('',(-0.05,0.,0.));
#14154=CARTESIAN_POINT('',(-0.0499999999999867,-0.048,0.));
#14155=CARTESIAN_POINT('',(-0.05,-0.048,0.002));
#14156=CARTESIAN_POINT('',(-0.0499999999999867,-0.048,0.002));
#14157=CARTESIAN_POINT('',(-0.05,0.,0.002));
#14158=CARTESIAN_POINT('',(-0.048,-0.048,0.002));
#14159=CARTESIAN_POINT('',(-0.048,-0.048,0.002));
#14160=CARTESIAN_POINT('',(-0.048,-0.05,0.002));
#14161=CARTESIAN_POINT('',(-0.048,-0.048,0.));
#14162=CARTESIAN_POINT('',(-0.048,-0.05,0.));
#14163=CARTESIAN_POINT('',(-0.048,-0.05,0.001));
#14164=CARTESIAN_POINT('',(6.93889390391E-18,-0.05,0.002));
#14165=CARTESIAN_POINT('',(0.,-0.05,0.002));
#14166=CARTESIAN_POINT('',(0.,-0.05,0.));
#14167=CARTESIAN_POINT('',(0.,0.,0.002));
#14168=CARTESIAN_POINT('',(-0.039,0.039,0.002));
#14169=CARTESIAN_POINT('',(-0.0374,0.039,0.002));
#14170=CARTESIAN_POINT('',(0.,0.,0.002));
#14171=CARTESIAN_POINT('',(0.039,-0.039,0.002));
#14172=CARTESIAN_POINT('',(0.0406,-0.039,0.002));
#14173=CARTESIAN_POINT('',(0.,0.,0.002));
#14174=CARTESIAN_POINT('',(-0.039,-0.039,0.002));
#14175=CARTESIAN_POINT('',(-0.0374,-0.039,0.002));
#14176=CARTESIAN_POINT('',(0.,0.,0.002));
#14177=CARTESIAN_POINT('',(-7.1054273576E-18,0.0484,0.002));
#14178=CARTESIAN_POINT('',(0.0464000000004,0.0484000000004,0.002));
#14179=CARTESIAN_POINT('',(-0.0464000000004,0.0484000000004,0.002));
#14180=CARTESIAN_POINT('',(0.0464,0.0464,0.002));
#14181=CARTESIAN_POINT('',(0.0484,0.0464000000001333,0.002));
#14182=CARTESIAN_POINT('',(0.0484,0.,0.002));
#14183=CARTESIAN_POINT('',(0.0484,-0.0464,0.002));
#14184=CARTESIAN_POINT('',(0.0464,-0.0464,0.002));
#14185=CARTESIAN_POINT('',(0.0464000000004,-0.0484000000004,0.002));
#14186=CARTESIAN_POINT('',(7.1054273576E-18,-0.0484,0.002));
#14187=CARTESIAN_POINT('',(-0.0464000000004,-0.0484000000004,0.002));
#14188=CARTESIAN_POINT('',(-0.0464,-0.0464,0.002));
#14189=CARTESIAN_POINT('',(-0.0484,-0.0464000000001333,0.002));
#14190=CARTESIAN_POINT('',(-0.0484,0.,0.002));
#14191=CARTESIAN_POINT('',(-0.0484,0.0464000000001333,0.002));
#14192=CARTESIAN_POINT('',(-0.0464,0.0464,0.002));
#14193=CARTESIAN_POINT('',(0.,0.,0.));
#14194=CARTESIAN_POINT('',(0.039,0.039,0.));
#14195=CARTESIAN_POINT('',(0.0415,0.039,0.));
#14196=CARTESIAN_POINT('',(-0.039,0.039,0.));
#14197=CARTESIAN_POINT('',(-0.039,0.039,0.006));
#14198=CARTESIAN_POINT('',(-0.0374,0.039,0.006));
#14199=CARTESIAN_POINT('',(0.039,-0.039,0.));
#14200=CARTESIAN_POINT('',(0.039,-0.039,0.006));
#14201=CARTESIAN_POINT('',(0.0406,-0.039,0.006));
#14202=CARTESIAN_POINT('',(-0.039,-0.039,0.));
#14203=CARTESIAN_POINT('',(-0.039,-0.039,0.006));
#14204=CARTESIAN_POINT('',(-0.03740000000037,-0.039,0.006));
#14205=CARTESIAN_POINT('',(-0.0464,0.0464,0.006));
#14206=CARTESIAN_POINT('',(-0.0464000000004,0.0464000000004,0.006));
#14207=CARTESIAN_POINT('',(-0.0464000000004,0.0484,0.006));
#14208=CARTESIAN_POINT('',(-0.0484000000002533,0.0464000000004,0.006));
#14209=CARTESIAN_POINT('',(-0.0464000000004,0.0484,0.004));
#14210=CARTESIAN_POINT('',(-0.0484,0.0464000000004,0.004));
#14211=CARTESIAN_POINT('',(-6.93889390391E-18,0.0484,0.006));
#14212=CARTESIAN_POINT('',(0.,0.0484000000004,0.006));
#14213=CARTESIAN_POINT('',(0.0464000000004,0.0484,0.006));
#14214=CARTESIAN_POINT('',(0.0464,0.0484,0.006));
#14215=CARTESIAN_POINT('',(0.0464,0.0464,0.006));
#14216=CARTESIAN_POINT('',(0.0464000000004,0.0464000000004,0.006));
#14217=CARTESIAN_POINT('',(0.0484000000002533,0.0464000000004,0.006));
#14218=CARTESIAN_POINT('',(0.0484,0.0464000000004,0.004));
#14219=CARTESIAN_POINT('',(0.0484,0.,0.006));
#14220=CARTESIAN_POINT('',(0.0484000000004,0.,0.006));
#14221=CARTESIAN_POINT('',(0.0484000000002533,-0.0464000000002667,0.006));
#14222=CARTESIAN_POINT('',(0.0484,-0.0464,0.006));
#14223=CARTESIAN_POINT('',(0.0464,-0.0464,0.006));
#14224=CARTESIAN_POINT('',(0.0464000000004,-0.0464000000004,0.006));
#14225=CARTESIAN_POINT('',(0.0464000000004,-0.0484,0.006));
#14226=CARTESIAN_POINT('',(0.0464000000004,-0.0484,0.004));
#14227=CARTESIAN_POINT('',(6.93889390391E-18,-0.0484,0.006));
#14228=CARTESIAN_POINT('',(0.,-0.0484000000004,0.006));
#14229=CARTESIAN_POINT('',(-0.0464000000004,-0.0484,0.006));
#14230=CARTESIAN_POINT('',(-0.0464,-0.0484,0.006));
#14231=CARTESIAN_POINT('',(-0.0464,-0.0464,0.006));
#14232=CARTESIAN_POINT('',(-0.0464000000004,-0.0464000000004,0.006));
#14233=CARTESIAN_POINT('',(-0.0484000000002533,-0.0464000000004,0.006));
#14234=CARTESIAN_POINT('',(-0.0484,-0.0464000000004,0.004));
#14235=CARTESIAN_POINT('',(-0.0484,0.,0.006));
#14236=CARTESIAN_POINT('',(-0.0484000000004,0.,0.006));
#14237=CARTESIAN_POINT('',(0.039,0.039,0.));
#14238=CARTESIAN_POINT('',(0.039,0.039,0.002));
#14239=CARTESIAN_POINT('',(0.0415,0.039,0.002));
#14240=CARTESIAN_POINT('',(0.,0.,0.006));
#14241=CARTESIAN_POINT('',(0.039,0.039,0.006));
#14242=CARTESIAN_POINT('',(0.0406,0.039,0.006));
#14243=CARTESIAN_POINT('',(0.,0.,0.002));
#14244=CARTESIAN_POINT('',(0.039,0.039,0.002));
#14245=CARTESIAN_POINT('',(0.0406,0.039,0.002));
#14246=CARTESIAN_POINT('',(0.039,0.039,0.));
#14247=CARTESIAN_POINT('',(0.0665717646479607,-0.0715840607200034,-0.0187117013335228));
#14248=CARTESIAN_POINT('',(0.0665717646479607,-0.071543216184865,0.0596882986664772));
#14249=CARTESIAN_POINT('',(-0.039,-0.0390000000000127,0.0577727734726));
#14250=CARTESIAN_POINT('',(-0.039,-0.0390000000000127,0.0577727734726));
#14251=CARTESIAN_POINT('',(-0.0406,-0.0390000000000127,0.0577727734726));
#14252=CARTESIAN_POINT('',(-0.039,-0.0389654447958,0.0687727734726));
#14253=CARTESIAN_POINT('',(-0.0365,-0.0389654447958,0.0687727734726));
#14254=CARTESIAN_POINT('',(-0.0364999999999995,-0.040408820468772,0.0687727734726));
#14255=CARTESIAN_POINT('',(-0.0365,-0.03752206912283,0.0687727734726));
#14256=CARTESIAN_POINT('',(-0.0365,-0.03752206912283,0.0687727734726));
#14257=CARTESIAN_POINT('',(-0.0390000000000014,-0.0360786934498514,0.0687727734726));
#14258=CARTESIAN_POINT('',(-0.039,-0.03607869344985,0.0687727734726));
#14259=CARTESIAN_POINT('',(-0.0415000000000006,-0.0375220691228281,0.0687727734726));
#14260=CARTESIAN_POINT('',(-0.0415,-0.0389654447958,0.0687727734726));
#14261=CARTESIAN_POINT('',(-0.0415,-0.04040882046877,0.0687727734726));
#14262=CARTESIAN_POINT('',(-0.0415,-0.04040882046877,0.0687727734726));
#14263=CARTESIAN_POINT('',(-0.0389999999999986,-0.0418521961417486,0.0687727734726));
#14264=CARTESIAN_POINT('',(-0.039,-0.04185219614175,0.0687727734726));
#14265=CARTESIAN_POINT('',(-0.039,-0.0390000000000127,0.0687727734726));
#14266=CARTESIAN_POINT('',(-0.0406,-0.0390000000000127,0.0687727734726));
#14267=CARTESIAN_POINT('',(-0.0365,-0.04040882046877,0.0567727734726));
#14268=CARTESIAN_POINT('',(-0.0364999999999978,-0.0404088204687739,0.0567727734726));
#14269=CARTESIAN_POINT('',(-0.0364999999999989,-0.0404088204687746,0.0567727734726));
#14270=CARTESIAN_POINT('',(-0.0365,-0.04040882046877,0.0567727734726));
#14271=CARTESIAN_POINT('',(-0.0365,-0.03752206912283,0.0567727734726));
#14272=CARTESIAN_POINT('',(-0.0365,-0.03752206912283,0.0567727734726));
#14273=CARTESIAN_POINT('',(-0.0365,-0.03752206912283,0.0567727734726));
#14274=CARTESIAN_POINT('',(-0.0365,-0.03752206912283,0.0567727734726));
#14275=CARTESIAN_POINT('',(-0.0390000000000034,-0.0360786934498532,0.0567727734726));
#14276=CARTESIAN_POINT('',(-0.0390000000000022,-0.0360786934498539,0.0567727734726));
#14277=CARTESIAN_POINT('',(-0.039,-0.03607869344985,0.0567727734726));
#14278=CARTESIAN_POINT('',(-0.039,-0.03607869344985,0.0567727734726));
#14279=CARTESIAN_POINT('',(-0.0415000000000012,-0.0375220691228254,0.0567727734726));
#14280=CARTESIAN_POINT('',(-0.0415000000000023,-0.0375220691228261,0.0567727734726));
#14281=CARTESIAN_POINT('',(-0.0415,-0.03752206912283,0.0567727734726));
#14282=CARTESIAN_POINT('',(-0.0415,-0.03752206912283,0.0567727734726));
#14283=CARTESIAN_POINT('',(-0.0415,-0.04040882046877,0.0567727734726));
#14284=CARTESIAN_POINT('',(-0.0415,-0.04040882046877,0.0567727734726));
#14285=CARTESIAN_POINT('',(-0.0415,-0.04040882046877,0.0567727734726));
#14286=CARTESIAN_POINT('',(-0.0415,-0.04040882046877,0.0567727734726));
#14287=CARTESIAN_POINT('',(-0.0389999999999966,-0.0418521961417468,0.0567727734726));
#14288=CARTESIAN_POINT('',(-0.0389999999999978,-0.0418521961417461,0.0567727734726));
#14289=CARTESIAN_POINT('',(-0.039,-0.04185219614175,0.0567727734726));
#14290=CARTESIAN_POINT('',(-0.039,-0.04185219614175,0.0567727734726));
#14291=CARTESIAN_POINT('',(-0.039,-0.0389654447958,0.0567727734726));
#14292=CARTESIAN_POINT('',(-0.039,-0.0389654447958,0.0567727734726));
#14293=CARTESIAN_POINT('',(-0.0406,-0.0389654447958,0.0567727734726));
#14294=CARTESIAN_POINT('',(-0.039,-0.0389654447958,0.0507727734726));
#14295=CARTESIAN_POINT('',(-0.039,-0.0389654447958,0.0507727734726));
#14296=CARTESIAN_POINT('',(-0.0406,-0.0389654447958,0.0507727734726));
#14297=CARTESIAN_POINT('',(-0.039,-0.0389654447958,0.0537727734726));
#14298=CARTESIAN_POINT('',(-0.039,-0.0390000000000127,0.0686727734726));
#14299=CARTESIAN_POINT('',(0.0665717646479607,-0.0715636384524342,-0.0030844748061228));
#14300=CARTESIAN_POINT('',(0.039,-0.0390000000000127,0.0299));
#14301=CARTESIAN_POINT('',(0.039,-0.0390000000000127,0.019));
#14302=CARTESIAN_POINT('',(0.0374,-0.0390000000000127,0.019));
#14303=CARTESIAN_POINT('',(0.039,-0.0390000000000127,0.03));
#14304=CARTESIAN_POINT('',(0.0406,-0.0390000000000127,0.03));
#14305=CARTESIAN_POINT('',(0.039,-0.0389654447958,0.015));
#14306=CARTESIAN_POINT('',(0.039,-0.0389654447958,0.012));
#14307=CARTESIAN_POINT('',(0.0374,-0.0389654447958,0.012));
#14308=CARTESIAN_POINT('',(0.039,-0.0389654447958,0.018));
#14309=CARTESIAN_POINT('',(0.0406,-0.0389654447958,0.018));
#14310=CARTESIAN_POINT('',(0.039,-0.0389654447958,0.012));
#14311=CARTESIAN_POINT('',(0.039,-0.0389654447958,0.018));
#14312=CARTESIAN_POINT('',(0.04025,-0.04113050830526,0.018));
#14313=CARTESIAN_POINT('',(0.039,-0.04185219614175,0.018));
#14314=CARTESIAN_POINT('',(0.0415,-0.04040882046877,0.018));
#14315=CARTESIAN_POINT('',(0.03775,-0.04113050830526,0.018));
#14316=CARTESIAN_POINT('',(0.0365,-0.0404088204687713,0.018));
#14317=CARTESIAN_POINT('',(0.0365,-0.0389654447958,0.018));
#14318=CARTESIAN_POINT('',(0.0365,-0.0375220691228283,0.018));
#14319=CARTESIAN_POINT('',(0.03775,-0.03680038128634,0.018));
#14320=CARTESIAN_POINT('',(0.039,-0.03607869344985,0.018));
#14321=CARTESIAN_POINT('',(0.04025,-0.03680038128634,0.018));
#14322=CARTESIAN_POINT('',(0.0415,-0.03752206912283,0.018));
#14323=CARTESIAN_POINT('',(0.0415,-0.0389654447958,0.018));
#14324=CARTESIAN_POINT('',(0.039,-0.04185219614175,0.018));
#14325=CARTESIAN_POINT('',(0.039,-0.04185219614175,0.024));
#14326=CARTESIAN_POINT('',(0.039,-0.04185219614175,0.03));
#14327=CARTESIAN_POINT('',(0.0415,-0.04040882046877,0.024));
#14328=CARTESIAN_POINT('',(0.0415,-0.04040882046877,0.03));
#14329=CARTESIAN_POINT('',(0.04025,-0.04113050830526,0.03));
#14330=CARTESIAN_POINT('',(0.0365,-0.04040882046877,0.018));
#14331=CARTESIAN_POINT('',(0.0365,-0.04040882046877,0.024));
#14332=CARTESIAN_POINT('',(0.0365,-0.0404088204687718,0.03));
#14333=CARTESIAN_POINT('',(0.03775,-0.04113050830526,0.03));
#14334=CARTESIAN_POINT('',(0.0365,-0.03752206912283,0.018));
#14335=CARTESIAN_POINT('',(0.0365,-0.03752206912283,0.024));
#14336=CARTESIAN_POINT('',(0.0365,-0.0375220691228283,0.03));
#14337=CARTESIAN_POINT('',(0.0365,-0.0389654447958,0.03));
#14338=CARTESIAN_POINT('',(0.039,-0.03607869344985,0.018));
#14339=CARTESIAN_POINT('',(0.039,-0.03607869344985,0.024));
#14340=CARTESIAN_POINT('',(0.039,-0.03607869344985,0.03));
#14341=CARTESIAN_POINT('',(0.03775,-0.03680038128634,0.03));
#14342=CARTESIAN_POINT('',(0.0415,-0.03752206912283,0.018));
#14343=CARTESIAN_POINT('',(0.0415,-0.03752206912283,0.024));
#14344=CARTESIAN_POINT('',(0.0415,-0.03752206912283,0.03));
#14345=CARTESIAN_POINT('',(0.04025,-0.03680038128634,0.03));
#14346=CARTESIAN_POINT('',(0.0415,-0.04040882046877,0.018));
#14347=CARTESIAN_POINT('',(0.0415,-0.0389654447958,0.03));
#14348=CARTESIAN_POINT('',(0.039,-0.0389654447958,0.03));
#14349=CARTESIAN_POINT('',(0.039,-0.0390000000000127,0.019));
#14350=CARTESIAN_POINT('',(0.0665717646479607,-0.0715840607200034,-0.0187117013335228));
#14351=CARTESIAN_POINT('',(0.039,-0.0390000000000127,0.0577727734726));
#14352=CARTESIAN_POINT('',(0.039,-0.0390000000000127,0.0577727734726));
#14353=CARTESIAN_POINT('',(0.0374,-0.0390000000000127,0.0577727734726));
#14354=CARTESIAN_POINT('',(0.039,-0.0389654447958,0.0687727734726));
#14355=CARTESIAN_POINT('',(0.0415,-0.0389654447958,0.0687727734726));
#14356=CARTESIAN_POINT('',(0.0415000000000006,-0.040408820468772,0.0687727734726));
#14357=CARTESIAN_POINT('',(0.0415,-0.03752206912283,0.0687727734726));
#14358=CARTESIAN_POINT('',(0.0415,-0.03752206912283,0.0687727734726));
#14359=CARTESIAN_POINT('',(0.0389999999999986,-0.0360786934498514,0.0687727734726));
#14360=CARTESIAN_POINT('',(0.039,-0.03607869344985,0.0687727734726));
#14361=CARTESIAN_POINT('',(0.0364999999999995,-0.0375220691228281,0.0687727734726));
#14362=CARTESIAN_POINT('',(0.0365,-0.0389654447958,0.0687727734726));
#14363=CARTESIAN_POINT('',(0.0365,-0.04040882046877,0.0687727734726));
#14364=CARTESIAN_POINT('',(0.0365,-0.04040882046877,0.0687727734726));
#14365=CARTESIAN_POINT('',(0.0390000000000014,-0.0418521961417486,0.0687727734726));
#14366=CARTESIAN_POINT('',(0.039,-0.04185219614175,0.0687727734726));
#14367=CARTESIAN_POINT('',(0.039,-0.0390000000000127,0.0687727734726));
#14368=CARTESIAN_POINT('',(0.0374,-0.0390000000000127,0.0687727734726));
#14369=CARTESIAN_POINT('',(0.0415,-0.04040882046877,0.0567727734726));
#14370=CARTESIAN_POINT('',(0.0415000000000023,-0.0404088204687739,0.0567727734726));
#14371=CARTESIAN_POINT('',(0.0415000000000012,-0.0404088204687746,0.0567727734726));
#14372=CARTESIAN_POINT('',(0.0415,-0.04040882046877,0.0567727734726));
#14373=CARTESIAN_POINT('',(0.0415,-0.03752206912283,0.0567727734726));
#14374=CARTESIAN_POINT('',(0.0415,-0.03752206912283,0.0567727734726));
#14375=CARTESIAN_POINT('',(0.0415,-0.03752206912283,0.0567727734726));
#14376=CARTESIAN_POINT('',(0.0415,-0.03752206912283,0.0567727734726));
#14377=CARTESIAN_POINT('',(0.0389999999999966,-0.0360786934498532,0.0567727734726));
#14378=CARTESIAN_POINT('',(0.0389999999999978,-0.0360786934498539,0.0567727734726));
#14379=CARTESIAN_POINT('',(0.039,-0.03607869344985,0.0567727734726));
#14380=CARTESIAN_POINT('',(0.039,-0.03607869344985,0.0567727734726));
#14381=CARTESIAN_POINT('',(0.0364999999999989,-0.0375220691228254,0.0567727734726));
#14382=CARTESIAN_POINT('',(0.0364999999999978,-0.0375220691228261,0.0567727734726));
#14383=CARTESIAN_POINT('',(0.0365,-0.03752206912283,0.0567727734726));
#14384=CARTESIAN_POINT('',(0.0365,-0.03752206912283,0.0567727734726));
#14385=CARTESIAN_POINT('',(0.0365,-0.04040882046877,0.0567727734726));
#14386=CARTESIAN_POINT('',(0.0365,-0.04040882046877,0.0567727734726));
#14387=CARTESIAN_POINT('',(0.0365,-0.04040882046877,0.0567727734726));
#14388=CARTESIAN_POINT('',(0.0365,-0.04040882046877,0.0567727734726));
#14389=CARTESIAN_POINT('',(0.0390000000000034,-0.0418521961417468,0.0567727734726));
#14390=CARTESIAN_POINT('',(0.0390000000000022,-0.0418521961417461,0.0567727734726));
#14391=CARTESIAN_POINT('',(0.039,-0.04185219614175,0.0567727734726));
#14392=CARTESIAN_POINT('',(0.039,-0.04185219614175,0.0567727734726));
#14393=CARTESIAN_POINT('',(0.039,-0.0389654447958,0.0567727734726));
#14394=CARTESIAN_POINT('',(0.039,-0.0389654447958,0.0567727734726));
#14395=CARTESIAN_POINT('',(0.0374,-0.0389654447958,0.0567727734726));
#14396=CARTESIAN_POINT('',(0.039,-0.0389654447958,0.0507727734726));
#14397=CARTESIAN_POINT('',(0.039,-0.0389654447958,0.0507727734726));
#14398=CARTESIAN_POINT('',(0.0374,-0.0389654447958,0.0507727734726));
#14399=CARTESIAN_POINT('',(0.039,-0.0389654447958,0.0537727734726));
#14400=CARTESIAN_POINT('',(0.039,-0.0390000000000127,0.0686727734726));
#14401=CARTESIAN_POINT('',(0.0665717646479607,-0.0715636384524342,-0.0030844748061228));
#14402=CARTESIAN_POINT('',(0.0005,0.036,0.0431727734726));
#14403=CARTESIAN_POINT('',(0.0005,0.036,0.0431727734726));
#14404=CARTESIAN_POINT('',(0.0005,0.036,0.0431727734726));
#14405=CARTESIAN_POINT('',(0.0005,0.036,0.0521727734726));
#14406=CARTESIAN_POINT('',(0.0005,0.036,0.0431727734726));
#14407=CARTESIAN_POINT('',(0.0265,0.036,0.0431727734726));
#14408=CARTESIAN_POINT('',(0.0265,0.036,0.0431727734726));
#14409=CARTESIAN_POINT('',(0.0265,0.036,0.0521727734726));
#14410=CARTESIAN_POINT('',(0.,0.036,0.0521727734726));
#14411=CARTESIAN_POINT('',(0.0265,0.036,0.0431727734726));
#14412=CARTESIAN_POINT('',(0.0265,0.036,0.0431727734726));
#14413=CARTESIAN_POINT('',(0.0265,0.041,0.0431727734726));
#14414=CARTESIAN_POINT('',(0.0265,0.041,0.0431727734726));
#14415=CARTESIAN_POINT('',(0.0265,0.041,0.0521727734726));
#14416=CARTESIAN_POINT('',(0.0265,0.036,0.0521727734726));
#14417=CARTESIAN_POINT('',(0.0265,0.041,0.0431727734726));
#14418=CARTESIAN_POINT('',(0.0265,0.041,0.0431727734726));
#14419=CARTESIAN_POINT('',(0.0005,0.041,0.0431727734726));
#14420=CARTESIAN_POINT('',(0.0005,0.041,0.0431727734726));
#14421=CARTESIAN_POINT('',(0.0005,0.041,0.0521727734726));
#14422=CARTESIAN_POINT('',(0.,0.041,0.0521727734726));
#14423=CARTESIAN_POINT('',(0.0005,0.041,0.0431727734726));
#14424=CARTESIAN_POINT('',(0.0005,0.041,0.0431727734726));
#14425=CARTESIAN_POINT('',(0.0005,0.036,0.0521727734726));
#14426=CARTESIAN_POINT('',(0.,0.036,0.0431727734726));
#14427=CARTESIAN_POINT('',(0.,0.036,0.0521727734726));
#14428=CARTESIAN_POINT('',(0.0665717646479607,-0.0715636384524342,-0.0030844748061228));
#14429=CARTESIAN_POINT('',(-0.041,0.0340345552042,0.0159727734726));
#14430=CARTESIAN_POINT('',(-0.0105,0.0340345552042,0.0159727734726));
#14431=CARTESIAN_POINT('',(-0.041,0.0340345552042,0.0159727734726));
#14432=CARTESIAN_POINT('',(0.02,0.0340345552042,0.0159727734726));
#14433=CARTESIAN_POINT('',(-0.041,0.0340345552042,0.0159727734726));
#14434=CARTESIAN_POINT('',(-0.041,0.0230345552042116,0.0269727734726039));
#14435=CARTESIAN_POINT('',(-0.041,0.0230345552042078,0.0269727734726078));
#14436=CARTESIAN_POINT('',(0.02,0.0230345552042039,0.0269727734726019));
#14437=CARTESIAN_POINT('',(0.02,0.0340345552042,0.0159727734726));
#14438=CARTESIAN_POINT('',(-0.041,-0.0099654447958,0.0159727734726));
#14439=CARTESIAN_POINT('',(-0.041,-0.0099654447958,0.0159727734726));
#14440=CARTESIAN_POINT('',(-0.041,-0.0099654447958,0.0159727734726));
#14441=CARTESIAN_POINT('',(-0.041,-0.0099654447958,0.0159727734726));
#14442=CARTESIAN_POINT('',(-0.041,-0.0099654447958,0.0269727734726));
#14443=CARTESIAN_POINT('',(-0.041,0.0120345552042,0.0269727734726));
#14444=CARTESIAN_POINT('',(-0.0105,0.0120345552042,0.0269727734726));
#14445=CARTESIAN_POINT('',(-0.0105,-0.0099654447958,0.0269727734726));
#14446=CARTESIAN_POINT('',(0.02,-0.0099654447958,0.0269727734726));
#14447=CARTESIAN_POINT('',(0.02,0.0120345552042,0.0269727734726));
#14448=CARTESIAN_POINT('',(0.02,-0.0099654447958,0.0159727734726));
#14449=CARTESIAN_POINT('',(0.02,-0.0099654447958,0.0159727734726));
#14450=CARTESIAN_POINT('',(0.02,-0.0099654447958,0.0159727734726));
#14451=CARTESIAN_POINT('',(0.02,-0.0099654447958,0.0159727734726));
#14452=CARTESIAN_POINT('',(0.02,0.0340345552042,0.0159727734726));
#14453=CARTESIAN_POINT('',(0.02,0.0340345552042,0.0159727734726));
#14454=CARTESIAN_POINT('',(-0.0105,0.0120345552042,0.0159727734726));
#14455=CARTESIAN_POINT('',(0.0665717646479607,-0.0715636384524342,-0.0030844748061228));
#14456=CARTESIAN_POINT('',(0.039,-0.0390000000000127,0.0305727734726));
#14457=CARTESIAN_POINT('',(0.039,-0.0390000000000127,0.0305727734726));
#14458=CARTESIAN_POINT('',(0.0374,-0.0390000000000127,0.0305727734726));
#14459=CARTESIAN_POINT('',(0.039,-0.0389654447958,0.0415727734726));
#14460=CARTESIAN_POINT('',(0.0415,-0.0389654447958,0.0415727734726));
#14461=CARTESIAN_POINT('',(0.0415000000000006,-0.040408820468772,0.0415727734726));
#14462=CARTESIAN_POINT('',(0.0415,-0.03752206912283,0.0415727734726));
#14463=CARTESIAN_POINT('',(0.0415,-0.03752206912283,0.0415727734726));
#14464=CARTESIAN_POINT('',(0.0389999999999986,-0.0360786934498514,0.0415727734726));
#14465=CARTESIAN_POINT('',(0.039,-0.03607869344985,0.0415727734726));
#14466=CARTESIAN_POINT('',(0.0364999999999995,-0.0375220691228281,0.0415727734726));
#14467=CARTESIAN_POINT('',(0.0365,-0.0389654447958,0.0415727734726));
#14468=CARTESIAN_POINT('',(0.0365,-0.04040882046877,0.0415727734726));
#14469=CARTESIAN_POINT('',(0.0365,-0.04040882046877,0.0415727734726));
#14470=CARTESIAN_POINT('',(0.0390000000000014,-0.0418521961417486,0.0415727734726));
#14471=CARTESIAN_POINT('',(0.039,-0.04185219614175,0.0415727734726));
#14472=CARTESIAN_POINT('',(0.039,-0.0390000000000127,0.0415727734726));
#14473=CARTESIAN_POINT('',(0.0374,-0.0390000000000127,0.0415727734726));
#14474=CARTESIAN_POINT('',(0.0415,-0.04040882046877,0.0295727734726));
#14475=CARTESIAN_POINT('',(0.0415000000000023,-0.0404088204687739,0.0295727734726));
#14476=CARTESIAN_POINT('',(0.0415000000000012,-0.0404088204687746,0.0295727734726));
#14477=CARTESIAN_POINT('',(0.0415,-0.04040882046877,0.0295727734726));
#14478=CARTESIAN_POINT('',(0.0415,-0.03752206912283,0.0295727734726));
#14479=CARTESIAN_POINT('',(0.0415,-0.03752206912283,0.0295727734726));
#14480=CARTESIAN_POINT('',(0.0415,-0.03752206912283,0.0295727734726));
#14481=CARTESIAN_POINT('',(0.0415,-0.03752206912283,0.0295727734726));
#14482=CARTESIAN_POINT('',(0.0389999999999966,-0.0360786934498532,0.0295727734726));
#14483=CARTESIAN_POINT('',(0.0389999999999978,-0.0360786934498539,0.0295727734726));
#14484=CARTESIAN_POINT('',(0.039,-0.03607869344985,0.0295727734726));
#14485=CARTESIAN_POINT('',(0.039,-0.03607869344985,0.0295727734726));
#14486=CARTESIAN_POINT('',(0.0364999999999989,-0.0375220691228254,0.0295727734726));
#14487=CARTESIAN_POINT('',(0.0364999999999978,-0.0375220691228261,0.0295727734726));
#14488=CARTESIAN_POINT('',(0.0365,-0.03752206912283,0.0295727734726));
#14489=CARTESIAN_POINT('',(0.0365,-0.03752206912283,0.0295727734726));
#14490=CARTESIAN_POINT('',(0.0365,-0.04040882046877,0.0295727734726));
#14491=CARTESIAN_POINT('',(0.0365,-0.04040882046877,0.0295727734726));
#14492=CARTESIAN_POINT('',(0.0365,-0.04040882046877,0.0295727734726));
#14493=CARTESIAN_POINT('',(0.0365,-0.04040882046877,0.0295727734726));
#14494=CARTESIAN_POINT('',(0.0390000000000034,-0.0418521961417468,0.0295727734726));
#14495=CARTESIAN_POINT('',(0.0390000000000022,-0.0418521961417461,0.0295727734726));
#14496=CARTESIAN_POINT('',(0.039,-0.04185219614175,0.0295727734726));
#14497=CARTESIAN_POINT('',(0.039,-0.04185219614175,0.0295727734726));
#14498=CARTESIAN_POINT('',(0.039,-0.0389654447958,0.0295727734726));
#14499=CARTESIAN_POINT('',(0.039,-0.0389654447958,0.0295727734726));
#14500=CARTESIAN_POINT('',(0.0374,-0.0389654447958,0.0295727734726));
#14501=CARTESIAN_POINT('',(0.039,-0.0389654447958,0.0235727734726));
#14502=CARTESIAN_POINT('',(0.039,-0.0389654447958,0.0235727734726));
#14503=CARTESIAN_POINT('',(0.0374,-0.0389654447958,0.0235727734726));
#14504=CARTESIAN_POINT('',(0.039,-0.0389654447958,0.0265727734726));
#14505=CARTESIAN_POINT('',(0.039,-0.0390000000000127,0.0414727734726));
#14506=CARTESIAN_POINT('',(0.0665717646479607,-0.0715636384524342,-0.0030844748061228));
#14507=CARTESIAN_POINT('',(-0.039,0.0389999999999873,0.0179));
#14508=CARTESIAN_POINT('',(-0.039,0.0389999999999873,0.007));
#14509=CARTESIAN_POINT('',(-0.0406,0.0389999999999873,0.007));
#14510=CARTESIAN_POINT('',(-0.039,0.0389999999999873,0.018));
#14511=CARTESIAN_POINT('',(-0.0374,0.0389999999999873,0.018));
#14512=CARTESIAN_POINT('',(-0.039,0.0390345552042,0.003));
#14513=CARTESIAN_POINT('',(-0.039,0.0390345552042,0.));
#14514=CARTESIAN_POINT('',(-0.0406,0.0390345552042,0.));
#14515=CARTESIAN_POINT('',(-0.039,0.0390345552042,0.006));
#14516=CARTESIAN_POINT('',(-0.0374,0.0390345552042,0.006));
#14517=CARTESIAN_POINT('',(-0.039,0.0390345552042,0.));
#14518=CARTESIAN_POINT('',(-0.039,0.0390345552042,0.006));
#14519=CARTESIAN_POINT('',(-0.03775,0.03686949169474,0.006));
#14520=CARTESIAN_POINT('',(-0.039,0.03614780385825,0.006));
#14521=CARTESIAN_POINT('',(-0.0365,0.03759117953123,0.006));
#14522=CARTESIAN_POINT('',(-0.04025,0.03686949169474,0.006));
#14523=CARTESIAN_POINT('',(-0.0415,0.0375911795312287,0.006));
#14524=CARTESIAN_POINT('',(-0.0415,0.0390345552042,0.006));
#14525=CARTESIAN_POINT('',(-0.0415,0.0404779308771717,0.006));
#14526=CARTESIAN_POINT('',(-0.04025,0.04119961871366,0.006));
#14527=CARTESIAN_POINT('',(-0.039,0.04192130655015,0.006));
#14528=CARTESIAN_POINT('',(-0.03775,0.04119961871366,0.006));
#14529=CARTESIAN_POINT('',(-0.0365,0.04047793087717,0.006));
#14530=CARTESIAN_POINT('',(-0.0365,0.0390345552042,0.006));
#14531=CARTESIAN_POINT('',(-0.039,0.03614780385825,0.006));
#14532=CARTESIAN_POINT('',(-0.039,0.03614780385825,0.012));
#14533=CARTESIAN_POINT('',(-0.039,0.03614780385825,0.018));
#14534=CARTESIAN_POINT('',(-0.0365,0.03759117953123,0.012));
#14535=CARTESIAN_POINT('',(-0.0365,0.03759117953123,0.018));
#14536=CARTESIAN_POINT('',(-0.03775,0.03686949169474,0.018));
#14537=CARTESIAN_POINT('',(-0.0415,0.03759117953123,0.006));
#14538=CARTESIAN_POINT('',(-0.0415,0.03759117953123,0.012));
#14539=CARTESIAN_POINT('',(-0.0415,0.0375911795312283,0.018));
#14540=CARTESIAN_POINT('',(-0.04025,0.03686949169474,0.018));
#14541=CARTESIAN_POINT('',(-0.0415,0.04047793087717,0.006));
#14542=CARTESIAN_POINT('',(-0.0415,0.04047793087717,0.012));
#14543=CARTESIAN_POINT('',(-0.0415,0.0404779308771717,0.018));
#14544=CARTESIAN_POINT('',(-0.0415,0.0390345552042,0.018));
#14545=CARTESIAN_POINT('',(-0.039,0.04192130655015,0.006));
#14546=CARTESIAN_POINT('',(-0.039,0.04192130655015,0.012));
#14547=CARTESIAN_POINT('',(-0.039,0.04192130655015,0.018));
#14548=CARTESIAN_POINT('',(-0.04025,0.04119961871366,0.018));
#14549=CARTESIAN_POINT('',(-0.0365,0.04047793087717,0.006));
#14550=CARTESIAN_POINT('',(-0.0365,0.04047793087717,0.012));
#14551=CARTESIAN_POINT('',(-0.0365,0.04047793087717,0.018));
#14552=CARTESIAN_POINT('',(-0.03775,0.04119961871366,0.018));
#14553=CARTESIAN_POINT('',(-0.0365,0.03759117953123,0.006));
#14554=CARTESIAN_POINT('',(-0.0365,0.0390345552042,0.018));
#14555=CARTESIAN_POINT('',(-0.039,0.0390345552042,0.018));
#14556=CARTESIAN_POINT('',(-0.039,0.0389999999999873,0.007));
#14557=CARTESIAN_POINT('',(0.0665717646479607,-0.0715840607200034,-0.0187117013335228));
#14558=CARTESIAN_POINT('',(-0.039,-0.039,0.0423727734726));
#14559=CARTESIAN_POINT('',(-0.039,-0.039,0.0431727734726));
#14560=CARTESIAN_POINT('',(-0.0374,-0.039,0.0431727734726));
#14561=CARTESIAN_POINT('',(-0.039,-0.039,0.0415727734726));
#14562=CARTESIAN_POINT('',(-0.0374,-0.039,0.0415727734726));
#14563=CARTESIAN_POINT('',(0.039,-0.039,0.0423727734726));
#14564=CARTESIAN_POINT('',(0.039,-0.039,0.0431727734726));
#14565=CARTESIAN_POINT('',(0.0406,-0.039,0.0431727734726));
#14566=CARTESIAN_POINT('',(0.039,-0.039,0.0415727734726));
#14567=CARTESIAN_POINT('',(0.0406,-0.039,0.0415727734726));
#14568=CARTESIAN_POINT('',(0.039,0.039,0.0423727734726));
#14569=CARTESIAN_POINT('',(0.039,0.039,0.0431727734726));
#14570=CARTESIAN_POINT('',(0.0406,0.039,0.0431727734726));
#14571=CARTESIAN_POINT('',(0.039,0.039,0.0415727734726));
#14572=CARTESIAN_POINT('',(0.0406,0.039,0.0415727734726));
#14573=CARTESIAN_POINT('',(-0.039,0.039,0.0423727734726));
#14574=CARTESIAN_POINT('',(-0.039,0.039,0.0431727734726));
#14575=CARTESIAN_POINT('',(-0.0374,0.039,0.0431727734726));
#14576=CARTESIAN_POINT('',(-0.039,0.039,0.0415727734726));
#14577=CARTESIAN_POINT('',(-0.0374,0.039,0.0415727734726));
#14578=CARTESIAN_POINT('',(0.0438,0.0438,0.0423727734726));
#14579=CARTESIAN_POINT('',(0.0438,0.0438,0.0431727734726));
#14580=CARTESIAN_POINT('',(0.0438,0.045,0.0431727734726));
#14581=CARTESIAN_POINT('',(0.045,0.0438,0.0431727734726));
#14582=CARTESIAN_POINT('',(0.045,0.0438,0.0415727734726));
#14583=CARTESIAN_POINT('',(0.045,0.0438,0.0415727734726));
#14584=CARTESIAN_POINT('',(0.0438,0.0438,0.0415727734726));
#14585=CARTESIAN_POINT('',(0.0438,0.045,0.0415727734726));
#14586=CARTESIAN_POINT('',(0.0438,0.045,0.0423727734726));
#14587=CARTESIAN_POINT('',(0.0438,-0.0112,0.0423727734726));
#14588=CARTESIAN_POINT('',(0.0438,-0.0112,0.0431727734726));
#14589=CARTESIAN_POINT('',(0.044,-0.0100167840433799,0.0431727734726));
#14590=CARTESIAN_POINT('',(0.045,-0.0112,0.0431727734726));
#14591=CARTESIAN_POINT('',(0.045,-0.0112,0.0415727734726));
#14592=CARTESIAN_POINT('',(0.045,-0.0112,0.0415727734726));
#14593=CARTESIAN_POINT('',(0.0438,-0.0112,0.0415727734726));
#14594=CARTESIAN_POINT('',(0.044,-0.0100167840433799,0.0415727734726));
#14595=CARTESIAN_POINT('',(0.0439999999999996,-0.0100167840433798,0.0423727734726));
#14596=CARTESIAN_POINT('',(0.0442,-0.00883356808676,0.0423727734726));
#14597=CARTESIAN_POINT('',(0.043,-0.00883356808676,0.0415727734726));
#14598=CARTESIAN_POINT('',(0.043,-0.00883356808676,0.0431727734726));
#14599=CARTESIAN_POINT('',(0.043,-0.00883356808676,0.0415727734726));
#14600=CARTESIAN_POINT('',(0.0442,-0.00883356808676,0.0431727734726));
#14601=CARTESIAN_POINT('',(0.0442,-0.00883356808676,0.0415727734726));
#14602=CARTESIAN_POINT('',(0.043,0.01,0.0415727734726));
#14603=CARTESIAN_POINT('',(0.043,0.0088,0.0423727734726));
#14604=CARTESIAN_POINT('',(0.043,0.0088,0.0431727734726));
#14605=CARTESIAN_POINT('',(0.043,0.0088,0.0415727734726));
#14606=CARTESIAN_POINT('',(0.043,0.,0.0431727734726));
#14607=CARTESIAN_POINT('',(0.043,0.01,0.0415727734726));
#14608=CARTESIAN_POINT('',(0.045,-0.01,0.0415727734726));
#14609=CARTESIAN_POINT('',(0.045,0.0111664319132,0.0423727734726));
#14610=CARTESIAN_POINT('',(0.045,0.0111664319132,0.0415727734726));
#14611=CARTESIAN_POINT('',(0.045,0.0111664319132,0.0431727734726));
#14612=CARTESIAN_POINT('',(0.045,-0.01,0.0415727734726));
#14613=CARTESIAN_POINT('',(0.045,0.,0.0431727734726));
#14614=CARTESIAN_POINT('',(0.0442,0.0088,0.0423727734726));
#14615=CARTESIAN_POINT('',(0.044,0.00998321595661993,0.0423727734726));
#14616=CARTESIAN_POINT('',(0.044,0.00998321595660996,0.0415727734726));
#14617=CARTESIAN_POINT('',(0.044,0.00998321595660996,0.0431727734726));
#14618=CARTESIAN_POINT('',(0.0442,0.0088,0.0431727734726));
#14619=CARTESIAN_POINT('',(0.0442,0.0088,0.0415727734726));
#14620=CARTESIAN_POINT('',(0.0438,0.0111664319132,0.0423727734726));
#14621=CARTESIAN_POINT('',(0.0438,0.0111664319132,0.0431727734726));
#14622=CARTESIAN_POINT('',(0.0438,0.0111664319132,0.0415727734726));
#14623=CARTESIAN_POINT('',(0.045,-0.01,0.0415727734726));
#14624=CARTESIAN_POINT('',(0.045,-0.0438,0.0423727734726));
#14625=CARTESIAN_POINT('',(0.045,-0.0438,0.0415727734726));
#14626=CARTESIAN_POINT('',(0.045,-0.0438,0.0431727734726));
#14627=CARTESIAN_POINT('',(0.045,-0.01,0.0415727734726));
#14628=CARTESIAN_POINT('',(0.045,0.,0.0431727734726));
#14629=CARTESIAN_POINT('',(0.0438,-0.0438,0.0423727734726));
#14630=CARTESIAN_POINT('',(0.0438,-0.0438,0.0431727734726));
#14631=CARTESIAN_POINT('',(0.0438,-0.045,0.0431727734726));
#14632=CARTESIAN_POINT('',(0.0438,-0.045,0.0415727734726));
#14633=CARTESIAN_POINT('',(0.0438,-0.045,0.0415727734726));
#14634=CARTESIAN_POINT('',(0.0438,-0.0438,0.0415727734726));
#14635=CARTESIAN_POINT('',(-0.0112,-0.0438,0.0423727734726));
#14636=CARTESIAN_POINT('',(-0.0112,-0.0438,0.0431727734726));
#14637=CARTESIAN_POINT('',(-0.0100167840433802,-0.0440000000000016,0.0431727734726));
#14638=CARTESIAN_POINT('',(-0.0112,-0.045,0.0431727734726));
#14639=CARTESIAN_POINT('',(-0.0112,-0.045,0.0415727734726));
#14640=CARTESIAN_POINT('',(-0.0112,-0.045,0.0415727734726));
#14641=CARTESIAN_POINT('',(-0.0112,-0.0438,0.0415727734726));
#14642=CARTESIAN_POINT('',(-0.0100167840433802,-0.0440000000000016,0.0415727734726));
#14643=CARTESIAN_POINT('',(-0.0100167840433805,-0.0440000000000033,0.0423727734726));
#14644=CARTESIAN_POINT('',(-0.00883356808676,-0.0442,0.0423727734726));
#14645=CARTESIAN_POINT('',(-0.00883356808676,-0.043,0.0415727734726));
#14646=CARTESIAN_POINT('',(-0.00883356808676,-0.043,0.0431727734726));
#14647=CARTESIAN_POINT('',(-0.00883356808676,-0.043,0.0415727734726));
#14648=CARTESIAN_POINT('',(-0.00883356808676,-0.0442,0.0431727734726));
#14649=CARTESIAN_POINT('',(-0.00883356808676,-0.0442,0.0415727734726));
#14650=CARTESIAN_POINT('',(-0.01,-0.043,0.0415727734726));
#14651=CARTESIAN_POINT('',(0.,-0.043,0.0431727734726));
#14652=CARTESIAN_POINT('',(0.0088,-0.043,0.0431727734726));
#14653=CARTESIAN_POINT('',(-0.01,-0.043,0.0415727734726));
#14654=CARTESIAN_POINT('',(0.0088,-0.043,0.0415727734726));
#14655=CARTESIAN_POINT('',(0.0088,-0.043,0.0423727734726));
#14656=CARTESIAN_POINT('',(-0.045,-0.045,0.0415727734726));
#14657=CARTESIAN_POINT('',(-0.045,-0.045,0.0415727734726));
#14658=CARTESIAN_POINT('',(0.0111664319132,-0.045,0.0415727734726));
#14659=CARTESIAN_POINT('',(0.,-0.045,0.0431727734726));
#14660=CARTESIAN_POINT('',(0.0111664319132,-0.045,0.0431727734726));
#14661=CARTESIAN_POINT('',(0.0111664319132,-0.045,0.0423727734726));
#14662=CARTESIAN_POINT('',(0.0088,-0.0442,0.0423727734726));
#14663=CARTESIAN_POINT('',(0.00998321595661993,-0.044,0.0423727734726));
#14664=CARTESIAN_POINT('',(0.00998321595660996,-0.044,0.0415727734726));
#14665=CARTESIAN_POINT('',(0.00998321595660996,-0.044,0.0431727734726));
#14666=CARTESIAN_POINT('',(0.0088,-0.0442,0.0431727734726));
#14667=CARTESIAN_POINT('',(0.0088,-0.0442,0.0415727734726));
#14668=CARTESIAN_POINT('',(0.0111664319132,-0.0438,0.0423727734726));
#14669=CARTESIAN_POINT('',(0.0111664319132,-0.0438,0.0431727734726));
#14670=CARTESIAN_POINT('',(0.0111664319132,-0.0438,0.0415727734726));
#14671=CARTESIAN_POINT('',(-0.045,-0.045,0.0415727734726));
#14672=CARTESIAN_POINT('',(-0.045,-0.045,0.0415727734726));
#14673=CARTESIAN_POINT('',(-0.0438,-0.045,0.0415727734726));
#14674=CARTESIAN_POINT('',(0.,-0.045,0.0431727734726));
#14675=CARTESIAN_POINT('',(-0.0438,-0.045,0.0431727734726));
#14676=CARTESIAN_POINT('',(-0.0438,-0.045,0.0423727734726));
#14677=CARTESIAN_POINT('',(-0.0438,-0.0438,0.0423727734726));
#14678=CARTESIAN_POINT('',(-0.0438,-0.0438,0.0431727734726));
#14679=CARTESIAN_POINT('',(-0.045,-0.0438,0.0431727734726));
#14680=CARTESIAN_POINT('',(-0.045,-0.0438,0.0415727734726));
#14681=CARTESIAN_POINT('',(-0.045,-0.0438,0.0415727734726));
#14682=CARTESIAN_POINT('',(-0.0438,-0.0438,0.0415727734726));
#14683=CARTESIAN_POINT('',(-0.0438,0.0112,0.0423727734726));
#14684=CARTESIAN_POINT('',(-0.0438,0.0112,0.0431727734726));
#14685=CARTESIAN_POINT('',(-0.0440000000000016,0.0100167840433802,0.0431727734726));
#14686=CARTESIAN_POINT('',(-0.045,0.0112,0.0431727734726));
#14687=CARTESIAN_POINT('',(-0.045,0.0112,0.0415727734726));
#14688=CARTESIAN_POINT('',(-0.045,0.0112,0.0415727734726));
#14689=CARTESIAN_POINT('',(-0.0438,0.0112,0.0415727734726));
#14690=CARTESIAN_POINT('',(-0.0440000000000016,0.0100167840433802,0.0415727734726));
#14691=CARTESIAN_POINT('',(-0.0440000000000033,0.0100167840433805,0.0423727734726));
#14692=CARTESIAN_POINT('',(-0.0442,0.00883356808676,0.0423727734726));
#14693=CARTESIAN_POINT('',(-0.043,0.00883356808676,0.0415727734726));
#14694=CARTESIAN_POINT('',(-0.043,0.00883356808676,0.0431727734726));
#14695=CARTESIAN_POINT('',(-0.043,0.00883356808676,0.0415727734726));
#14696=CARTESIAN_POINT('',(-0.0442,0.00883356808676,0.0431727734726));
#14697=CARTESIAN_POINT('',(-0.0442,0.00883356808676,0.0415727734726));
#14698=CARTESIAN_POINT('',(-0.045,-0.045,0.0415727734726));
#14699=CARTESIAN_POINT('',(-0.045,-0.0112,0.0423727734726));
#14700=CARTESIAN_POINT('',(-0.045,-0.0112,0.0415727734726));
#14701=CARTESIAN_POINT('',(-0.045,-0.0112,0.0431727734726));
#14702=CARTESIAN_POINT('',(-0.045,-0.045,0.0415727734726));
#14703=CARTESIAN_POINT('',(-0.045,0.,0.0431727734726));
#14704=CARTESIAN_POINT('',(-0.043,0.01,0.0415727734726));
#14705=CARTESIAN_POINT('',(-0.043,0.,0.0431727734726));
#14706=CARTESIAN_POINT('',(-0.043,-0.00883356808676,0.0431727734726));
#14707=CARTESIAN_POINT('',(-0.043,0.01,0.0415727734726));
#14708=CARTESIAN_POINT('',(-0.043,-0.00883356808676,0.0415727734726));
#14709=CARTESIAN_POINT('',(-0.043,-0.00883356808676,0.0423727734726));
#14710=CARTESIAN_POINT('',(-0.0438,-0.0112,0.0423727734726));
#14711=CARTESIAN_POINT('',(-0.0438,-0.0112,0.0415727734726));
#14712=CARTESIAN_POINT('',(-0.0440000000000016,-0.0100167840433803,0.0415727734726));
#14713=CARTESIAN_POINT('',(-0.0438,-0.0112,0.0431727734726));
#14714=CARTESIAN_POINT('',(-0.0440000000000016,-0.0100167840433803,0.0431727734726));
#14715=CARTESIAN_POINT('',(-0.0440000000000033,-0.0100167840433806,0.0423727734726));
#14716=CARTESIAN_POINT('',(-0.0442,-0.00883356808676,0.0423727734726));
#14717=CARTESIAN_POINT('',(-0.0442,-0.00883356808676,0.0431727734726));
#14718=CARTESIAN_POINT('',(-0.0442,-0.00883356808676,0.0415727734726));
#14719=CARTESIAN_POINT('',(-0.045,-0.045,0.0415727734726));
#14720=CARTESIAN_POINT('',(-0.045,0.0438,0.0423727734726));
#14721=CARTESIAN_POINT('',(-0.045,0.0438,0.0415727734726));
#14722=CARTESIAN_POINT('',(-0.045,0.0438,0.0431727734726));
#14723=CARTESIAN_POINT('',(-0.045,-0.045,0.0415727734726));
#14724=CARTESIAN_POINT('',(-0.045,0.,0.0431727734726));
#14725=CARTESIAN_POINT('',(-0.0438,0.0438,0.0423727734726));
#14726=CARTESIAN_POINT('',(-0.0438,0.0438,0.0431727734726));
#14727=CARTESIAN_POINT('',(-0.0438,0.045,0.0431727734726));
#14728=CARTESIAN_POINT('',(-0.0438,0.045,0.0415727734726));
#14729=CARTESIAN_POINT('',(-0.0438,0.045,0.0415727734726));
#14730=CARTESIAN_POINT('',(-0.0438,0.0438,0.0415727734726));
#14731=CARTESIAN_POINT('',(0.01,0.045,0.0415727734726));
#14732=CARTESIAN_POINT('',(0.0112,0.045,0.0415727734726));
#14733=CARTESIAN_POINT('',(0.0112,0.045,0.0415727734726));
#14734=CARTESIAN_POINT('',(0.0112,0.045,0.0431727734726));
#14735=CARTESIAN_POINT('',(0.,0.045,0.0431727734726));
#14736=CARTESIAN_POINT('',(0.01,0.045,0.0415727734726));
#14737=CARTESIAN_POINT('',(0.01,0.045,0.0415727734726));
#14738=CARTESIAN_POINT('',(-0.0112,0.045,0.0423727734726));
#14739=CARTESIAN_POINT('',(-0.0112,0.045,0.0415727734726));
#14740=CARTESIAN_POINT('',(-0.0112,0.045,0.0431727734726));
#14741=CARTESIAN_POINT('',(0.01,0.045,0.0415727734726));
#14742=CARTESIAN_POINT('',(0.,0.045,0.0431727734726));
#14743=CARTESIAN_POINT('',(-0.0112,0.0438,0.0423727734726));
#14744=CARTESIAN_POINT('',(-0.0112,0.0438,0.0415727734726));
#14745=CARTESIAN_POINT('',(-0.0100167840433803,0.0440000000000016,0.0415727734726));
#14746=CARTESIAN_POINT('',(-0.0112,0.0438,0.0431727734726));
#14747=CARTESIAN_POINT('',(-0.0100167840433803,0.0440000000000016,0.0431727734726));
#14748=CARTESIAN_POINT('',(-0.0100167840433806,0.0440000000000033,0.0423727734726));
#14749=CARTESIAN_POINT('',(-0.00883356808676,0.0442,0.0423727734726));
#14750=CARTESIAN_POINT('',(-0.00883356808676,0.0442,0.0431727734726));
#14751=CARTESIAN_POINT('',(-0.00883356808676,0.043,0.0431727734726));
#14752=CARTESIAN_POINT('',(-0.00883356808676,0.043,0.0423727734726));
#14753=CARTESIAN_POINT('',(-0.00883356808676,0.043,0.0415727734726));
#14754=CARTESIAN_POINT('',(-0.00883356808676,0.0442,0.0415727734726));
#14755=CARTESIAN_POINT('',(0.,0.,0.0431727734726));
#14756=CARTESIAN_POINT('',(0.00883356808676,0.0442,0.0431727734726));
#14757=CARTESIAN_POINT('',(0.0100167840433799,0.044,0.0431727734726));
#14758=CARTESIAN_POINT('',(0.00883356808676,0.043,0.0431727734726));
#14759=CARTESIAN_POINT('',(0.,0.043,0.0431727734726));
#14760=CARTESIAN_POINT('',(0.0112,0.0438,0.0431727734726));
#14761=CARTESIAN_POINT('',(0.,0.,0.0415727734726));
#14762=CARTESIAN_POINT('',(0.0112,0.0438,0.0415727734726));
#14763=CARTESIAN_POINT('',(0.0100167840433799,0.044,0.0415727734726));
#14764=CARTESIAN_POINT('',(-0.01,0.043,0.0415727734726));
#14765=CARTESIAN_POINT('',(0.00883356808676,0.043,0.0415727734726));
#14766=CARTESIAN_POINT('',(0.00883356808676,0.0442,0.0415727734726));
#14767=CARTESIAN_POINT('',(0.0112,0.0438,0.0423727734726));
#14768=CARTESIAN_POINT('',(0.0100167840433798,0.0439999999999996,0.0423727734726));
#14769=CARTESIAN_POINT('',(-0.01,0.043,0.0415727734726));
#14770=CARTESIAN_POINT('',(0.00883356808676,0.043,0.0415727734726));
#14771=CARTESIAN_POINT('',(0.00883356808676,0.0442,0.0423727734726));
#14772=CARTESIAN_POINT('',(0.0665717646479607,-0.0715636384524342,-0.0030844748061228));
#14773=CARTESIAN_POINT('',(-0.039,0.0389999999999873,0.0441727734726));
#14774=CARTESIAN_POINT('',(-0.039,0.0389999999999873,0.0441727734726));
#14775=CARTESIAN_POINT('',(-0.0406,0.0389999999999873,0.0441727734726));
#14776=CARTESIAN_POINT('',(-0.039,0.0390345552042,0.0551727734726));
#14777=CARTESIAN_POINT('',(-0.0365,0.0390345552042,0.0551727734726));
#14778=CARTESIAN_POINT('',(-0.0364999999999995,0.0375911795312281,0.0551727734726));
#14779=CARTESIAN_POINT('',(-0.0365,0.04047793087717,0.0551727734726));
#14780=CARTESIAN_POINT('',(-0.0365,0.04047793087717,0.0551727734726));
#14781=CARTESIAN_POINT('',(-0.0390000000000014,0.0419213065501486,0.0551727734726));
#14782=CARTESIAN_POINT('',(-0.039,0.04192130655015,0.0551727734726));
#14783=CARTESIAN_POINT('',(-0.0415000000000006,0.0404779308771719,0.0551727734726));
#14784=CARTESIAN_POINT('',(-0.0415,0.0390345552042,0.0551727734726));
#14785=CARTESIAN_POINT('',(-0.0415,0.03759117953123,0.0551727734726));
#14786=CARTESIAN_POINT('',(-0.0415,0.03759117953123,0.0551727734726));
#14787=CARTESIAN_POINT('',(-0.0389999999999986,0.0361478038582515,0.0551727734726));
#14788=CARTESIAN_POINT('',(-0.039,0.03614780385825,0.0551727734726));
#14789=CARTESIAN_POINT('',(-0.039,0.0389999999999873,0.0551727734726));
#14790=CARTESIAN_POINT('',(-0.0406,0.0389999999999873,0.0551727734726));
#14791=CARTESIAN_POINT('',(-0.0365,0.03759117953123,0.0431727734726));
#14792=CARTESIAN_POINT('',(-0.0364999999999978,0.0375911795312261,0.0431727734726));
#14793=CARTESIAN_POINT('',(-0.0364999999999989,0.0375911795312255,0.0431727734726));
#14794=CARTESIAN_POINT('',(-0.0365,0.03759117953123,0.0431727734726));
#14795=CARTESIAN_POINT('',(-0.0365,0.04047793087717,0.0431727734726));
#14796=CARTESIAN_POINT('',(-0.0365,0.04047793087717,0.0431727734726));
#14797=CARTESIAN_POINT('',(-0.0365,0.04047793087717,0.0431727734726));
#14798=CARTESIAN_POINT('',(-0.0365,0.04047793087717,0.0431727734726));
#14799=CARTESIAN_POINT('',(-0.0390000000000034,0.0419213065501467,0.0431727734726));
#14800=CARTESIAN_POINT('',(-0.0390000000000022,0.0419213065501461,0.0431727734726));
#14801=CARTESIAN_POINT('',(-0.039,0.04192130655015,0.0431727734726));
#14802=CARTESIAN_POINT('',(-0.039,0.04192130655015,0.0431727734726));
#14803=CARTESIAN_POINT('',(-0.0415000000000012,0.0404779308771746,0.0431727734726));
#14804=CARTESIAN_POINT('',(-0.0415000000000023,0.0404779308771739,0.0431727734726));
#14805=CARTESIAN_POINT('',(-0.0415,0.04047793087717,0.0431727734726));
#14806=CARTESIAN_POINT('',(-0.0415,0.04047793087717,0.0431727734726));
#14807=CARTESIAN_POINT('',(-0.0415,0.03759117953123,0.0431727734726));
#14808=CARTESIAN_POINT('',(-0.0415,0.03759117953123,0.0431727734726));
#14809=CARTESIAN_POINT('',(-0.0415,0.03759117953123,0.0431727734726));
#14810=CARTESIAN_POINT('',(-0.0415,0.03759117953123,0.0431727734726));
#14811=CARTESIAN_POINT('',(-0.0389999999999966,0.0361478038582533,0.0431727734726));
#14812=CARTESIAN_POINT('',(-0.0389999999999978,0.0361478038582539,0.0431727734726));
#14813=CARTESIAN_POINT('',(-0.039,0.03614780385825,0.0431727734726));
#14814=CARTESIAN_POINT('',(-0.039,0.03614780385825,0.0431727734726));
#14815=CARTESIAN_POINT('',(-0.039,0.0390345552042,0.0431727734726));
#14816=CARTESIAN_POINT('',(-0.039,0.0390345552042,0.0431727734726));
#14817=CARTESIAN_POINT('',(-0.0406,0.0390345552042,0.0431727734726));
#14818=CARTESIAN_POINT('',(-0.039,0.0390345552042,0.0371727734726));
#14819=CARTESIAN_POINT('',(-0.039,0.0390345552042,0.0371727734726));
#14820=CARTESIAN_POINT('',(-0.0406,0.0390345552042,0.0371727734726));
#14821=CARTESIAN_POINT('',(-0.039,0.0390345552042,0.0401727734726));
#14822=CARTESIAN_POINT('',(-0.039,0.0389999999999873,0.0550727734726));
#14823=CARTESIAN_POINT('',(0.0665717646479607,-0.0715636384524342,-0.0030844748061228));
#14824=CARTESIAN_POINT('',(0.039,0.0389999999999873,0.0179));
#14825=CARTESIAN_POINT('',(0.039,0.0389999999999873,0.007));
#14826=CARTESIAN_POINT('',(0.0374,0.0389999999999873,0.007));
#14827=CARTESIAN_POINT('',(0.039,0.0389999999999873,0.018));
#14828=CARTESIAN_POINT('',(0.0406,0.0389999999999873,0.018));
#14829=CARTESIAN_POINT('',(0.039,0.0390345552042,0.003));
#14830=CARTESIAN_POINT('',(0.039,0.0390345552042,0.));
#14831=CARTESIAN_POINT('',(0.0374,0.0390345552042,0.));
#14832=CARTESIAN_POINT('',(0.039,0.0390345552042,0.006));
#14833=CARTESIAN_POINT('',(0.0406,0.0390345552042,0.006));
#14834=CARTESIAN_POINT('',(0.039,0.0390345552042,0.));
#14835=CARTESIAN_POINT('',(0.039,0.0390345552042,0.006));
#14836=CARTESIAN_POINT('',(0.04025,0.03686949169474,0.006));
#14837=CARTESIAN_POINT('',(0.039,0.03614780385825,0.006));
#14838=CARTESIAN_POINT('',(0.0415,0.03759117953123,0.006));
#14839=CARTESIAN_POINT('',(0.03775,0.03686949169474,0.006));
#14840=CARTESIAN_POINT('',(0.0365,0.0375911795312287,0.006));
#14841=CARTESIAN_POINT('',(0.0365,0.0390345552042,0.006));
#14842=CARTESIAN_POINT('',(0.0365,0.0404779308771717,0.006));
#14843=CARTESIAN_POINT('',(0.03775,0.04119961871366,0.006));
#14844=CARTESIAN_POINT('',(0.039,0.04192130655015,0.006));
#14845=CARTESIAN_POINT('',(0.04025,0.04119961871366,0.006));
#14846=CARTESIAN_POINT('',(0.0415,0.04047793087717,0.006));
#14847=CARTESIAN_POINT('',(0.0415,0.0390345552042,0.006));
#14848=CARTESIAN_POINT('',(0.039,0.03614780385825,0.006));
#14849=CARTESIAN_POINT('',(0.039,0.03614780385825,0.012));
#14850=CARTESIAN_POINT('',(0.039,0.03614780385825,0.018));
#14851=CARTESIAN_POINT('',(0.0415,0.03759117953123,0.012));
#14852=CARTESIAN_POINT('',(0.0415,0.03759117953123,0.018));
#14853=CARTESIAN_POINT('',(0.04025,0.03686949169474,0.018));
#14854=CARTESIAN_POINT('',(0.0365,0.03759117953123,0.006));
#14855=CARTESIAN_POINT('',(0.0365,0.03759117953123,0.012));
#14856=CARTESIAN_POINT('',(0.0365,0.0375911795312283,0.018));
#14857=CARTESIAN_POINT('',(0.03775,0.03686949169474,0.018));
#14858=CARTESIAN_POINT('',(0.0365,0.04047793087717,0.006));
#14859=CARTESIAN_POINT('',(0.0365,0.04047793087717,0.012));
#14860=CARTESIAN_POINT('',(0.0365,0.0404779308771717,0.018));
#14861=CARTESIAN_POINT('',(0.0365,0.0390345552042,0.018));
#14862=CARTESIAN_POINT('',(0.039,0.04192130655015,0.006));
#14863=CARTESIAN_POINT('',(0.039,0.04192130655015,0.012));
#14864=CARTESIAN_POINT('',(0.039,0.04192130655015,0.018));
#14865=CARTESIAN_POINT('',(0.03775,0.04119961871366,0.018));
#14866=CARTESIAN_POINT('',(0.0415,0.04047793087717,0.006));
#14867=CARTESIAN_POINT('',(0.0415,0.04047793087717,0.012));
#14868=CARTESIAN_POINT('',(0.0415,0.04047793087717,0.018));
#14869=CARTESIAN_POINT('',(0.04025,0.04119961871366,0.018));
#14870=CARTESIAN_POINT('',(0.0415,0.03759117953123,0.006));
#14871=CARTESIAN_POINT('',(0.0415,0.0390345552042,0.018));
#14872=CARTESIAN_POINT('',(0.039,0.0390345552042,0.018));
#14873=CARTESIAN_POINT('',(0.039,0.0389999999999873,0.007));
#14874=CARTESIAN_POINT('',(0.0665717646479607,-0.0715840607200034,-0.0187117013335228));
#14875=CARTESIAN_POINT('',(-0.039,0.0389999999999873,0.0305727734726));
#14876=CARTESIAN_POINT('',(-0.039,0.0389999999999873,0.0305727734726));
#14877=CARTESIAN_POINT('',(-0.0406,0.0389999999999873,0.0305727734726));
#14878=CARTESIAN_POINT('',(-0.039,0.0390345552042,0.0415727734726));
#14879=CARTESIAN_POINT('',(-0.0365,0.0390345552042,0.0415727734726));
#14880=CARTESIAN_POINT('',(-0.0364999999999995,0.0375911795312281,0.0415727734726));
#14881=CARTESIAN_POINT('',(-0.0365,0.04047793087717,0.0415727734726));
#14882=CARTESIAN_POINT('',(-0.0365,0.04047793087717,0.0415727734726));
#14883=CARTESIAN_POINT('',(-0.0390000000000014,0.0419213065501486,0.0415727734726));
#14884=CARTESIAN_POINT('',(-0.039,0.04192130655015,0.0415727734726));
#14885=CARTESIAN_POINT('',(-0.0415000000000006,0.0404779308771719,0.0415727734726));
#14886=CARTESIAN_POINT('',(-0.0415,0.0390345552042,0.0415727734726));
#14887=CARTESIAN_POINT('',(-0.0415,0.03759117953123,0.0415727734726));
#14888=CARTESIAN_POINT('',(-0.0415,0.03759117953123,0.0415727734726));
#14889=CARTESIAN_POINT('',(-0.0389999999999986,0.0361478038582515,0.0415727734726));
#14890=CARTESIAN_POINT('',(-0.039,0.03614780385825,0.0415727734726));
#14891=CARTESIAN_POINT('',(-0.039,0.0389999999999873,0.0415727734726));
#14892=CARTESIAN_POINT('',(-0.0406,0.0389999999999873,0.0415727734726));
#14893=CARTESIAN_POINT('',(-0.0365,0.03759117953123,0.0295727734726));
#14894=CARTESIAN_POINT('',(-0.0364999999999978,0.0375911795312261,0.0295727734726));
#14895=CARTESIAN_POINT('',(-0.0364999999999989,0.0375911795312255,0.0295727734726));
#14896=CARTESIAN_POINT('',(-0.0365,0.03759117953123,0.0295727734726));
#14897=CARTESIAN_POINT('',(-0.0365,0.04047793087717,0.0295727734726));
#14898=CARTESIAN_POINT('',(-0.0365,0.04047793087717,0.0295727734726));
#14899=CARTESIAN_POINT('',(-0.0365,0.04047793087717,0.0295727734726));
#14900=CARTESIAN_POINT('',(-0.0365,0.04047793087717,0.0295727734726));
#14901=CARTESIAN_POINT('',(-0.0390000000000034,0.0419213065501467,0.0295727734726));
#14902=CARTESIAN_POINT('',(-0.0390000000000022,0.0419213065501461,0.0295727734726));
#14903=CARTESIAN_POINT('',(-0.039,0.04192130655015,0.0295727734726));
#14904=CARTESIAN_POINT('',(-0.039,0.04192130655015,0.0295727734726));
#14905=CARTESIAN_POINT('',(-0.0415000000000012,0.0404779308771746,0.0295727734726));
#14906=CARTESIAN_POINT('',(-0.0415000000000023,0.0404779308771739,0.0295727734726));
#14907=CARTESIAN_POINT('',(-0.0415,0.04047793087717,0.0295727734726));
#14908=CARTESIAN_POINT('',(-0.0415,0.04047793087717,0.0295727734726));
#14909=CARTESIAN_POINT('',(-0.0415,0.03759117953123,0.0295727734726));
#14910=CARTESIAN_POINT('',(-0.0415,0.03759117953123,0.0295727734726));
#14911=CARTESIAN_POINT('',(-0.0415,0.03759117953123,0.0295727734726));
#14912=CARTESIAN_POINT('',(-0.0415,0.03759117953123,0.0295727734726));
#14913=CARTESIAN_POINT('',(-0.0389999999999966,0.0361478038582533,0.0295727734726));
#14914=CARTESIAN_POINT('',(-0.0389999999999978,0.0361478038582539,0.0295727734726));
#14915=CARTESIAN_POINT('',(-0.039,0.03614780385825,0.0295727734726));
#14916=CARTESIAN_POINT('',(-0.039,0.03614780385825,0.0295727734726));
#14917=CARTESIAN_POINT('',(-0.039,0.0390345552042,0.0295727734726));
#14918=CARTESIAN_POINT('',(-0.039,0.0390345552042,0.0295727734726));
#14919=CARTESIAN_POINT('',(-0.0406,0.0390345552042,0.0295727734726));
#14920=CARTESIAN_POINT('',(-0.039,0.0390345552042,0.0235727734726));
#14921=CARTESIAN_POINT('',(-0.039,0.0390345552042,0.0235727734726));
#14922=CARTESIAN_POINT('',(-0.0406,0.0390345552042,0.0235727734726));
#14923=CARTESIAN_POINT('',(-0.039,0.0390345552042,0.0265727734726));
#14924=CARTESIAN_POINT('',(-0.039,0.0389999999999873,0.0414727734726));
#14925=CARTESIAN_POINT('',(0.0665717646479607,-0.0715636384524342,-0.0030844748061228));
#14926=CARTESIAN_POINT('',(0.039,0.0389654447957873,0.0305727734726));
#14927=CARTESIAN_POINT('',(0.039,0.0389654447957873,0.0305727734726));
#14928=CARTESIAN_POINT('',(0.0374,0.0389654447957873,0.0305727734726));
#14929=CARTESIAN_POINT('',(0.039,0.039,0.0415727734726));
#14930=CARTESIAN_POINT('',(0.0415,0.039,0.0415727734726));
#14931=CARTESIAN_POINT('',(0.0415000000000006,0.0375566243270281,0.0415727734726));
#14932=CARTESIAN_POINT('',(0.0415,0.04044337567297,0.0415727734726));
#14933=CARTESIAN_POINT('',(0.0415,0.04044337567297,0.0415727734726));
#14934=CARTESIAN_POINT('',(0.0389999999999986,0.0418867513459485,0.0415727734726));
#14935=CARTESIAN_POINT('',(0.039,0.04188675134595,0.0415727734726));
#14936=CARTESIAN_POINT('',(0.0364999999999995,0.0404433756729719,0.0415727734726));
#14937=CARTESIAN_POINT('',(0.0365,0.039,0.0415727734726));
#14938=CARTESIAN_POINT('',(0.0365,0.03755662432703,0.0415727734726));
#14939=CARTESIAN_POINT('',(0.0365,0.03755662432703,0.0415727734726));
#14940=CARTESIAN_POINT('',(0.0390000000000014,0.0361132486540515,0.0415727734726));
#14941=CARTESIAN_POINT('',(0.039,0.03611324865405,0.0415727734726));
#14942=CARTESIAN_POINT('',(0.039,0.0389654447957873,0.0415727734726));
#14943=CARTESIAN_POINT('',(0.0374,0.0389654447957873,0.0415727734726));
#14944=CARTESIAN_POINT('',(0.0415,0.03755662432703,0.0295727734726));
#14945=CARTESIAN_POINT('',(0.0415000000000023,0.0375566243270261,0.0295727734726));
#14946=CARTESIAN_POINT('',(0.0415000000000012,0.0375566243270255,0.0295727734726));
#14947=CARTESIAN_POINT('',(0.0415,0.03755662432703,0.0295727734726));
#14948=CARTESIAN_POINT('',(0.0415,0.04044337567297,0.0295727734726));
#14949=CARTESIAN_POINT('',(0.0415,0.04044337567297,0.0295727734726));
#14950=CARTESIAN_POINT('',(0.0415,0.04044337567297,0.0295727734726));
#14951=CARTESIAN_POINT('',(0.0415,0.04044337567297,0.0295727734726));
#14952=CARTESIAN_POINT('',(0.0389999999999966,0.0418867513459468,0.0295727734726));
#14953=CARTESIAN_POINT('',(0.0389999999999978,0.0418867513459461,0.0295727734726));
#14954=CARTESIAN_POINT('',(0.039,0.04188675134595,0.0295727734726));
#14955=CARTESIAN_POINT('',(0.039,0.04188675134595,0.0295727734726));
#14956=CARTESIAN_POINT('',(0.0364999999999989,0.0404433756729745,0.0295727734726));
#14957=CARTESIAN_POINT('',(0.0364999999999978,0.0404433756729739,0.0295727734726));
#14958=CARTESIAN_POINT('',(0.0365,0.04044337567297,0.0295727734726));
#14959=CARTESIAN_POINT('',(0.0365,0.04044337567297,0.0295727734726));
#14960=CARTESIAN_POINT('',(0.0365,0.03755662432703,0.0295727734726));
#14961=CARTESIAN_POINT('',(0.0365,0.03755662432703,0.0295727734726));
#14962=CARTESIAN_POINT('',(0.0365,0.03755662432703,0.0295727734726));
#14963=CARTESIAN_POINT('',(0.0365,0.03755662432703,0.0295727734726));
#14964=CARTESIAN_POINT('',(0.0390000000000034,0.0361132486540532,0.0295727734726));
#14965=CARTESIAN_POINT('',(0.0390000000000022,0.0361132486540539,0.0295727734726));
#14966=CARTESIAN_POINT('',(0.039,0.03611324865405,0.0295727734726));
#14967=CARTESIAN_POINT('',(0.039,0.03611324865405,0.0295727734726));
#14968=CARTESIAN_POINT('',(0.039,0.039,0.0295727734726));
#14969=CARTESIAN_POINT('',(0.039,0.039,0.0295727734726));
#14970=CARTESIAN_POINT('',(0.0374,0.039,0.0295727734726));
#14971=CARTESIAN_POINT('',(0.039,0.039,0.0235727734726));
#14972=CARTESIAN_POINT('',(0.039,0.039,0.0235727734726));
#14973=CARTESIAN_POINT('',(0.0374,0.039,0.0235727734726));
#14974=CARTESIAN_POINT('',(0.039,0.039,0.0265727734726));
#14975=CARTESIAN_POINT('',(0.039,0.0389654447957873,0.0414727734726));
#14976=CARTESIAN_POINT('',(0.0665717646479607,-0.0715636384524342,-0.0030844748061228));
#14977=CARTESIAN_POINT('',(-0.039,-0.039,0.0559727734726));
#14978=CARTESIAN_POINT('',(-0.039,-0.039,0.0567727734726));
#14979=CARTESIAN_POINT('',(-0.0374,-0.039,0.0567727734726));
#14980=CARTESIAN_POINT('',(-0.039,-0.039,0.0551727734726));
#14981=CARTESIAN_POINT('',(-0.0374,-0.039,0.0551727734726));
#14982=CARTESIAN_POINT('',(0.039,-0.039,0.0559727734726));
#14983=CARTESIAN_POINT('',(0.039,-0.039,0.0567727734726));
#14984=CARTESIAN_POINT('',(0.0406,-0.039,0.0567727734726));
#14985=CARTESIAN_POINT('',(0.039,-0.039,0.0551727734726));
#14986=CARTESIAN_POINT('',(0.0406,-0.039,0.0551727734726));
#14987=CARTESIAN_POINT('',(0.039,0.039,0.0559727734726));
#14988=CARTESIAN_POINT('',(0.039,0.039,0.0567727734726));
#14989=CARTESIAN_POINT('',(0.0406,0.039,0.0567727734726));
#14990=CARTESIAN_POINT('',(0.039,0.039,0.0551727734726));
#14991=CARTESIAN_POINT('',(0.0406,0.039,0.0551727734726));
#14992=CARTESIAN_POINT('',(-0.039,0.039,0.0559727734726));
#14993=CARTESIAN_POINT('',(-0.039,0.039,0.0567727734726));
#14994=CARTESIAN_POINT('',(-0.0374,0.039,0.0567727734726));
#14995=CARTESIAN_POINT('',(-0.039,0.039,0.0551727734726));
#14996=CARTESIAN_POINT('',(-0.0374,0.039,0.0551727734726));
#14997=CARTESIAN_POINT('',(0.0438,0.0438,0.0559727734726));
#14998=CARTESIAN_POINT('',(0.0438,0.0438,0.0567727734726));
#14999=CARTESIAN_POINT('',(0.0438,0.045,0.0567727734726));
#15000=CARTESIAN_POINT('',(0.045,0.0438,0.0567727734726));
#15001=CARTESIAN_POINT('',(0.045,0.0438,0.0551727734726));
#15002=CARTESIAN_POINT('',(0.045,0.0438,0.0551727734726));
#15003=CARTESIAN_POINT('',(0.0438,0.0438,0.0551727734726));
#15004=CARTESIAN_POINT('',(0.0438,0.045,0.0551727734726));
#15005=CARTESIAN_POINT('',(0.0438,0.045,0.0559727734726));
#15006=CARTESIAN_POINT('',(0.0438,-0.0112,0.0559727734726));
#15007=CARTESIAN_POINT('',(0.0438,-0.0112,0.0567727734726));
#15008=CARTESIAN_POINT('',(0.044,-0.0100167840433799,0.0567727734726));
#15009=CARTESIAN_POINT('',(0.045,-0.0112,0.0567727734726));
#15010=CARTESIAN_POINT('',(0.045,-0.0112,0.0551727734726));
#15011=CARTESIAN_POINT('',(0.045,-0.0112,0.0551727734726));
#15012=CARTESIAN_POINT('',(0.0438,-0.0112,0.0551727734726));
#15013=CARTESIAN_POINT('',(0.044,-0.0100167840433799,0.0551727734726));
#15014=CARTESIAN_POINT('',(0.0439999999999996,-0.0100167840433798,0.0559727734726));
#15015=CARTESIAN_POINT('',(0.0442,-0.00883356808676,0.0559727734726));
#15016=CARTESIAN_POINT('',(0.043,-0.00883356808676,0.0551727734726));
#15017=CARTESIAN_POINT('',(0.043,-0.00883356808676,0.0567727734726));
#15018=CARTESIAN_POINT('',(0.043,-0.00883356808676,0.0551727734726));
#15019=CARTESIAN_POINT('',(0.0442,-0.00883356808676,0.0567727734726));
#15020=CARTESIAN_POINT('',(0.0442,-0.00883356808676,0.0551727734726));
#15021=CARTESIAN_POINT('',(0.043,0.01,0.0551727734726));
#15022=CARTESIAN_POINT('',(0.043,0.0088,0.0559727734726));
#15023=CARTESIAN_POINT('',(0.043,0.0088,0.0567727734726));
#15024=CARTESIAN_POINT('',(0.043,0.0088,0.0551727734726));
#15025=CARTESIAN_POINT('',(0.043,0.,0.0567727734726));
#15026=CARTESIAN_POINT('',(0.043,0.01,0.0551727734726));
#15027=CARTESIAN_POINT('',(0.045,-0.01,0.0551727734726));
#15028=CARTESIAN_POINT('',(0.045,0.0111664319132,0.0559727734726));
#15029=CARTESIAN_POINT('',(0.045,0.0111664319132,0.0551727734726));
#15030=CARTESIAN_POINT('',(0.045,0.0111664319132,0.0567727734726));
#15031=CARTESIAN_POINT('',(0.045,-0.01,0.0551727734726));
#15032=CARTESIAN_POINT('',(0.045,0.,0.0567727734726));
#15033=CARTESIAN_POINT('',(0.0442,0.0088,0.0559727734726));
#15034=CARTESIAN_POINT('',(0.044,0.00998321595661993,0.0559727734726));
#15035=CARTESIAN_POINT('',(0.044,0.00998321595660996,0.0551727734726));
#15036=CARTESIAN_POINT('',(0.044,0.00998321595660996,0.0567727734726));
#15037=CARTESIAN_POINT('',(0.0442,0.0088,0.0567727734726));
#15038=CARTESIAN_POINT('',(0.0442,0.0088,0.0551727734726));
#15039=CARTESIAN_POINT('',(0.0438,0.0111664319132,0.0559727734726));
#15040=CARTESIAN_POINT('',(0.0438,0.0111664319132,0.0567727734726));
#15041=CARTESIAN_POINT('',(0.0438,0.0111664319132,0.0551727734726));
#15042=CARTESIAN_POINT('',(0.045,-0.01,0.0551727734726));
#15043=CARTESIAN_POINT('',(0.045,-0.0438,0.0559727734726));
#15044=CARTESIAN_POINT('',(0.045,-0.0438,0.0551727734726));
#15045=CARTESIAN_POINT('',(0.045,-0.0438,0.0567727734726));
#15046=CARTESIAN_POINT('',(0.045,-0.01,0.0551727734726));
#15047=CARTESIAN_POINT('',(0.045,0.,0.0567727734726));
#15048=CARTESIAN_POINT('',(0.0438,-0.0438,0.0559727734726));
#15049=CARTESIAN_POINT('',(0.0438,-0.0438,0.0567727734726));
#15050=CARTESIAN_POINT('',(0.0438,-0.045,0.0567727734726));
#15051=CARTESIAN_POINT('',(0.0438,-0.045,0.0551727734726));
#15052=CARTESIAN_POINT('',(0.0438,-0.045,0.0551727734726));
#15053=CARTESIAN_POINT('',(0.0438,-0.0438,0.0551727734726));
#15054=CARTESIAN_POINT('',(-0.0112,-0.0438,0.0559727734726));
#15055=CARTESIAN_POINT('',(-0.0112,-0.0438,0.0567727734726));
#15056=CARTESIAN_POINT('',(-0.0100167840433802,-0.0440000000000016,0.0567727734726));
#15057=CARTESIAN_POINT('',(-0.0112,-0.045,0.0567727734726));
#15058=CARTESIAN_POINT('',(-0.0112,-0.045,0.0551727734726));
#15059=CARTESIAN_POINT('',(-0.0112,-0.045,0.0551727734726));
#15060=CARTESIAN_POINT('',(-0.0112,-0.0438,0.0551727734726));
#15061=CARTESIAN_POINT('',(-0.0100167840433802,-0.0440000000000016,0.0551727734726));
#15062=CARTESIAN_POINT('',(-0.0100167840433805,-0.0440000000000033,0.0559727734726));
#15063=CARTESIAN_POINT('',(-0.00883356808676,-0.0442,0.0559727734726));
#15064=CARTESIAN_POINT('',(-0.00883356808676,-0.043,0.0551727734726));
#15065=CARTESIAN_POINT('',(-0.00883356808676,-0.043,0.0567727734726));
#15066=CARTESIAN_POINT('',(-0.00883356808676,-0.043,0.0551727734726));
#15067=CARTESIAN_POINT('',(-0.00883356808676,-0.0442,0.0567727734726));
#15068=CARTESIAN_POINT('',(-0.00883356808676,-0.0442,0.0551727734726));
#15069=CARTESIAN_POINT('',(-0.01,-0.043,0.0551727734726));
#15070=CARTESIAN_POINT('',(0.,-0.043,0.0567727734726));
#15071=CARTESIAN_POINT('',(0.0088,-0.043,0.0567727734726));
#15072=CARTESIAN_POINT('',(-0.01,-0.043,0.0551727734726));
#15073=CARTESIAN_POINT('',(0.0088,-0.043,0.0551727734726));
#15074=CARTESIAN_POINT('',(0.0088,-0.043,0.0559727734726));
#15075=CARTESIAN_POINT('',(-0.045,-0.045,0.0551727734726));
#15076=CARTESIAN_POINT('',(-0.045,-0.045,0.0551727734726));
#15077=CARTESIAN_POINT('',(0.0111664319132,-0.045,0.0551727734726));
#15078=CARTESIAN_POINT('',(0.,-0.045,0.0567727734726));
#15079=CARTESIAN_POINT('',(0.0111664319132,-0.045,0.0567727734726));
#15080=CARTESIAN_POINT('',(0.0111664319132,-0.045,0.0559727734726));
#15081=CARTESIAN_POINT('',(0.0088,-0.0442,0.0559727734726));
#15082=CARTESIAN_POINT('',(0.00998321595661993,-0.044,0.0559727734726));
#15083=CARTESIAN_POINT('',(0.00998321595660996,-0.044,0.0551727734726));
#15084=CARTESIAN_POINT('',(0.00998321595660996,-0.044,0.0567727734726));
#15085=CARTESIAN_POINT('',(0.0088,-0.0442,0.0567727734726));
#15086=CARTESIAN_POINT('',(0.0088,-0.0442,0.0551727734726));
#15087=CARTESIAN_POINT('',(0.0111664319132,-0.0438,0.0559727734726));
#15088=CARTESIAN_POINT('',(0.0111664319132,-0.0438,0.0567727734726));
#15089=CARTESIAN_POINT('',(0.0111664319132,-0.0438,0.0551727734726));
#15090=CARTESIAN_POINT('',(-0.045,-0.045,0.0551727734726));
#15091=CARTESIAN_POINT('',(-0.045,-0.045,0.0551727734726));
#15092=CARTESIAN_POINT('',(-0.0438,-0.045,0.0551727734726));
#15093=CARTESIAN_POINT('',(0.,-0.045,0.0567727734726));
#15094=CARTESIAN_POINT('',(-0.0438,-0.045,0.0567727734726));
#15095=CARTESIAN_POINT('',(-0.0438,-0.045,0.0559727734726));
#15096=CARTESIAN_POINT('',(-0.0438,-0.0438,0.0559727734726));
#15097=CARTESIAN_POINT('',(-0.0438,-0.0438,0.0567727734726));
#15098=CARTESIAN_POINT('',(-0.045,-0.0438,0.0567727734726));
#15099=CARTESIAN_POINT('',(-0.045,-0.0438,0.0551727734726));
#15100=CARTESIAN_POINT('',(-0.045,-0.0438,0.0551727734726));
#15101=CARTESIAN_POINT('',(-0.0438,-0.0438,0.0551727734726));
#15102=CARTESIAN_POINT('',(-0.0438,0.0112,0.0559727734726));
#15103=CARTESIAN_POINT('',(-0.0438,0.0112,0.0567727734726));
#15104=CARTESIAN_POINT('',(-0.0440000000000016,0.0100167840433802,0.0567727734726));
#15105=CARTESIAN_POINT('',(-0.045,0.0112,0.0567727734726));
#15106=CARTESIAN_POINT('',(-0.045,0.0112,0.0551727734726));
#15107=CARTESIAN_POINT('',(-0.045,0.0112,0.0551727734726));
#15108=CARTESIAN_POINT('',(-0.0438,0.0112,0.0551727734726));
#15109=CARTESIAN_POINT('',(-0.0440000000000016,0.0100167840433802,0.0551727734726));
#15110=CARTESIAN_POINT('',(-0.0440000000000033,0.0100167840433805,0.0559727734726));
#15111=CARTESIAN_POINT('',(-0.0442,0.00883356808676,0.0559727734726));
#15112=CARTESIAN_POINT('',(-0.043,0.00883356808676,0.0551727734726));
#15113=CARTESIAN_POINT('',(-0.043,0.00883356808676,0.0567727734726));
#15114=CARTESIAN_POINT('',(-0.043,0.00883356808676,0.0551727734726));
#15115=CARTESIAN_POINT('',(-0.0442,0.00883356808676,0.0567727734726));
#15116=CARTESIAN_POINT('',(-0.0442,0.00883356808676,0.0551727734726));
#15117=CARTESIAN_POINT('',(-0.045,-0.045,0.0551727734726));
#15118=CARTESIAN_POINT('',(-0.045,-0.0112,0.0559727734726));
#15119=CARTESIAN_POINT('',(-0.045,-0.0112,0.0551727734726));
#15120=CARTESIAN_POINT('',(-0.045,-0.0112,0.0567727734726));
#15121=CARTESIAN_POINT('',(-0.045,-0.045,0.0551727734726));
#15122=CARTESIAN_POINT('',(-0.045,0.,0.0567727734726));
#15123=CARTESIAN_POINT('',(-0.043,0.01,0.0551727734726));
#15124=CARTESIAN_POINT('',(-0.043,0.,0.0567727734726));
#15125=CARTESIAN_POINT('',(-0.043,-0.00883356808676,0.0567727734726));
#15126=CARTESIAN_POINT('',(-0.043,0.01,0.0551727734726));
#15127=CARTESIAN_POINT('',(-0.043,-0.00883356808676,0.0551727734726));
#15128=CARTESIAN_POINT('',(-0.043,-0.00883356808676,0.0559727734726));
#15129=CARTESIAN_POINT('',(-0.0438,-0.0112,0.0559727734726));
#15130=CARTESIAN_POINT('',(-0.0438,-0.0112,0.0551727734726));
#15131=CARTESIAN_POINT('',(-0.0440000000000016,-0.0100167840433803,0.0551727734726));
#15132=CARTESIAN_POINT('',(-0.0438,-0.0112,0.0567727734726));
#15133=CARTESIAN_POINT('',(-0.0440000000000016,-0.0100167840433803,0.0567727734726));
#15134=CARTESIAN_POINT('',(-0.0440000000000033,-0.0100167840433806,0.0559727734726));
#15135=CARTESIAN_POINT('',(-0.0442,-0.00883356808676,0.0559727734726));
#15136=CARTESIAN_POINT('',(-0.0442,-0.00883356808676,0.0567727734726));
#15137=CARTESIAN_POINT('',(-0.0442,-0.00883356808676,0.0551727734726));
#15138=CARTESIAN_POINT('',(-0.045,-0.045,0.0551727734726));
#15139=CARTESIAN_POINT('',(-0.045,0.0438,0.0559727734726));
#15140=CARTESIAN_POINT('',(-0.045,0.0438,0.0551727734726));
#15141=CARTESIAN_POINT('',(-0.045,0.0438,0.0567727734726));
#15142=CARTESIAN_POINT('',(-0.045,-0.045,0.0551727734726));
#15143=CARTESIAN_POINT('',(-0.045,0.,0.0567727734726));
#15144=CARTESIAN_POINT('',(-0.0438,0.0438,0.0559727734726));
#15145=CARTESIAN_POINT('',(-0.0438,0.0438,0.0567727734726));
#15146=CARTESIAN_POINT('',(-0.0438,0.045,0.0567727734726));
#15147=CARTESIAN_POINT('',(-0.0438,0.045,0.0551727734726));
#15148=CARTESIAN_POINT('',(-0.0438,0.045,0.0551727734726));
#15149=CARTESIAN_POINT('',(-0.0438,0.0438,0.0551727734726));
#15150=CARTESIAN_POINT('',(0.01,0.045,0.0551727734726));
#15151=CARTESIAN_POINT('',(0.0112,0.045,0.0551727734726));
#15152=CARTESIAN_POINT('',(0.0112,0.045,0.0551727734726));
#15153=CARTESIAN_POINT('',(0.0112,0.045,0.0567727734726));
#15154=CARTESIAN_POINT('',(0.,0.045,0.0567727734726));
#15155=CARTESIAN_POINT('',(0.01,0.045,0.0551727734726));
#15156=CARTESIAN_POINT('',(0.01,0.045,0.0551727734726));
#15157=CARTESIAN_POINT('',(-0.0112,0.045,0.0559727734726));
#15158=CARTESIAN_POINT('',(-0.0112,0.045,0.0551727734726));
#15159=CARTESIAN_POINT('',(-0.0112,0.045,0.0567727734726));
#15160=CARTESIAN_POINT('',(0.01,0.045,0.0551727734726));
#15161=CARTESIAN_POINT('',(0.,0.045,0.0567727734726));
#15162=CARTESIAN_POINT('',(-0.0112,0.0438,0.0559727734726));
#15163=CARTESIAN_POINT('',(-0.0112,0.0438,0.0551727734726));
#15164=CARTESIAN_POINT('',(-0.0100167840433803,0.0440000000000016,0.0551727734726));
#15165=CARTESIAN_POINT('',(-0.0112,0.0438,0.0567727734726));
#15166=CARTESIAN_POINT('',(-0.0100167840433803,0.0440000000000016,0.0567727734726));
#15167=CARTESIAN_POINT('',(-0.0100167840433806,0.0440000000000033,0.0559727734726));
#15168=CARTESIAN_POINT('',(-0.00883356808676,0.0442,0.0559727734726));
#15169=CARTESIAN_POINT('',(-0.00883356808676,0.0442,0.0567727734726));
#15170=CARTESIAN_POINT('',(-0.00883356808676,0.043,0.0567727734726));
#15171=CARTESIAN_POINT('',(-0.00883356808676,0.043,0.0559727734726));
#15172=CARTESIAN_POINT('',(-0.00883356808676,0.043,0.0551727734726));
#15173=CARTESIAN_POINT('',(-0.00883356808676,0.0442,0.0551727734726));
#15174=CARTESIAN_POINT('',(0.,0.,0.0567727734726));
#15175=CARTESIAN_POINT('',(0.00883356808676,0.0442,0.0567727734726));
#15176=CARTESIAN_POINT('',(0.0100167840433799,0.044,0.0567727734726));
#15177=CARTESIAN_POINT('',(0.00883356808676,0.043,0.0567727734726));
#15178=CARTESIAN_POINT('',(0.,0.043,0.0567727734726));
#15179=CARTESIAN_POINT('',(0.0112,0.0438,0.0567727734726));
#15180=CARTESIAN_POINT('',(0.,0.,0.0551727734726));
#15181=CARTESIAN_POINT('',(0.0112,0.0438,0.0551727734726));
#15182=CARTESIAN_POINT('',(0.0100167840433799,0.044,0.0551727734726));
#15183=CARTESIAN_POINT('',(-0.01,0.043,0.0551727734726));
#15184=CARTESIAN_POINT('',(0.00883356808676,0.043,0.0551727734726));
#15185=CARTESIAN_POINT('',(0.00883356808676,0.0442,0.0551727734726));
#15186=CARTESIAN_POINT('',(0.0112,0.0438,0.0559727734726));
#15187=CARTESIAN_POINT('',(0.0100167840433798,0.0439999999999996,0.0559727734726));
#15188=CARTESIAN_POINT('',(-0.01,0.043,0.0551727734726));
#15189=CARTESIAN_POINT('',(0.00883356808676,0.043,0.0551727734726));
#15190=CARTESIAN_POINT('',(0.00883356808676,0.0442,0.0559727734726));
#15191=CARTESIAN_POINT('',(0.0665717646479607,-0.0715636384524342,-0.0030844748061228));
#15192=CARTESIAN_POINT('',(0.0665717646479607,0.00645678381513588,0.0596882986664765));
#15193=CARTESIAN_POINT('',(-0.0005,0.041,0.0431727734726));
#15194=CARTESIAN_POINT('',(-0.0005,0.036,0.0431727734726));
#15195=CARTESIAN_POINT('',(-0.0005,0.036,0.0431727734726));
#15196=CARTESIAN_POINT('',(-0.0005,0.036,0.0521727734726));
#15197=CARTESIAN_POINT('',(-0.0005,0.041,0.0431727734726));
#15198=CARTESIAN_POINT('',(-0.0005,0.041,0.0431727734726));
#15199=CARTESIAN_POINT('',(-0.0005,0.041,0.0431727734726));
#15200=CARTESIAN_POINT('',(-0.0005,0.041,0.0521727734726));
#15201=CARTESIAN_POINT('',(-0.0005,0.036,0.0521727734726));
#15202=CARTESIAN_POINT('',(0.0265,0.041,0.0431727734726));
#15203=CARTESIAN_POINT('',(0.0265,0.041,0.0431727734726));
#15204=CARTESIAN_POINT('',(-0.0265,0.041,0.0431727734726));
#15205=CARTESIAN_POINT('',(-0.0265,0.041,0.0431727734726));
#15206=CARTESIAN_POINT('',(-0.0265,0.041,0.0521727734726));
#15207=CARTESIAN_POINT('',(0.,0.041,0.0521727734726));
#15208=CARTESIAN_POINT('',(-0.0265,0.036,0.0431727734726));
#15209=CARTESIAN_POINT('',(-0.0265,0.036,0.0431727734726));
#15210=CARTESIAN_POINT('',(-0.0265,0.036,0.0431727734726));
#15211=CARTESIAN_POINT('',(-0.0265,0.036,0.0431727734726));
#15212=CARTESIAN_POINT('',(-0.0265,0.036,0.0521727734726));
#15213=CARTESIAN_POINT('',(-0.0265,0.036,0.0521727734726));
#15214=CARTESIAN_POINT('',(0.0005,0.036,0.0431727734726));
#15215=CARTESIAN_POINT('',(0.0005,0.036,0.0431727734726));
#15216=CARTESIAN_POINT('',(0.,0.036,0.0521727734726));
#15217=CARTESIAN_POINT('',(0.,0.036,0.0431727734726));
#15218=CARTESIAN_POINT('',(0.,0.036,0.0521727734726));
#15219=CARTESIAN_POINT('',(0.0665717646479607,-0.0715636384524342,-0.0030844748061228));
#15220=CARTESIAN_POINT('',(0.039,0.039,0.));
#15221=CARTESIAN_POINT('',(0.039,0.039,0.006));
#15222=CARTESIAN_POINT('',(0.0374,0.039,0.006));
#15223=CARTESIAN_POINT('',(0.039,0.039,0.002));
#15224=CARTESIAN_POINT('',(0.0374,0.039,0.002));
#15225=CARTESIAN_POINT('',(0.0365,0.039,0.002));
#15226=CARTESIAN_POINT('',(0.039,0.039,0.002));
#15227=CARTESIAN_POINT('',(0.0365,0.039,0.002));
#15228=CARTESIAN_POINT('',(0.039,0.039,0.));
#15229=CARTESIAN_POINT('',(0.039,0.039,0.));
#15230=CARTESIAN_POINT('',(0.0365,0.039,0.));
#15231=CARTESIAN_POINT('',(-0.039,0.039,0.));
#15232=CARTESIAN_POINT('',(-0.039,0.039,0.006));
#15233=CARTESIAN_POINT('',(-0.0374,0.039,0.006));
#15234=CARTESIAN_POINT('',(-0.039,0.039,0.002));
#15235=CARTESIAN_POINT('',(-0.0374,0.039,0.002));
#15236=CARTESIAN_POINT('',(-0.0365,0.039,0.002));
#15237=CARTESIAN_POINT('',(-0.039,0.039,0.002));
#15238=CARTESIAN_POINT('',(-0.0365,0.039,0.002));
#15239=CARTESIAN_POINT('',(-0.039,0.039,0.));
#15240=CARTESIAN_POINT('',(-0.039,0.039,0.));
#15241=CARTESIAN_POINT('',(-0.0365,0.039,0.));
#15242=CARTESIAN_POINT('',(0.039,-0.039,0.));
#15243=CARTESIAN_POINT('',(0.039,-0.039,0.006));
#15244=CARTESIAN_POINT('',(0.0374,-0.039,0.006));
#15245=CARTESIAN_POINT('',(0.039,-0.039,0.002));
#15246=CARTESIAN_POINT('',(0.0374,-0.039,0.002));
#15247=CARTESIAN_POINT('',(0.0365,-0.039,0.002));
#15248=CARTESIAN_POINT('',(0.039,-0.039,0.002));
#15249=CARTESIAN_POINT('',(0.0365,-0.039,0.002));
#15250=CARTESIAN_POINT('',(0.039,-0.039,0.));
#15251=CARTESIAN_POINT('',(0.039,-0.039,0.));
#15252=CARTESIAN_POINT('',(0.0365,-0.039,0.));
#15253=CARTESIAN_POINT('',(0.,0.,0.002));
#15254=CARTESIAN_POINT('',(-0.05,0.,0.002));
#15255=CARTESIAN_POINT('',(-0.05,0.048,0.002));
#15256=CARTESIAN_POINT('',(-0.05,-0.048,0.002));
#15257=CARTESIAN_POINT('',(-0.048,-0.048,0.002));
#15258=CARTESIAN_POINT('',(-0.048,-0.05,0.002));
#15259=CARTESIAN_POINT('',(6.93889390390723E-18,-0.05,0.002));
#15260=CARTESIAN_POINT('',(0.048,-0.05,0.002));
#15261=CARTESIAN_POINT('',(0.048,-0.048,0.002));
#15262=CARTESIAN_POINT('',(0.05,-0.048,0.002));
#15263=CARTESIAN_POINT('',(0.05,0.,0.002));
#15264=CARTESIAN_POINT('',(0.05,0.048,0.002));
#15265=CARTESIAN_POINT('',(0.048,0.048,0.002));
#15266=CARTESIAN_POINT('',(0.048,0.05,0.002));
#15267=CARTESIAN_POINT('',(-6.93889390390723E-18,0.05,0.002));
#15268=CARTESIAN_POINT('',(-0.048,0.05,0.002));
#15269=CARTESIAN_POINT('',(-0.048,0.048,0.002));
#15270=CARTESIAN_POINT('',(-6.93889390390723E-18,0.0484,0.002));
#15271=CARTESIAN_POINT('',(0.0464,0.0484,0.002));
#15272=CARTESIAN_POINT('',(-0.0464,0.0484,0.002));
#15273=CARTESIAN_POINT('',(0.0464,0.0464,0.002));
#15274=CARTESIAN_POINT('',(0.0484,0.0464,0.002));
#15275=CARTESIAN_POINT('',(0.0484,0.,0.002));
#15276=CARTESIAN_POINT('',(0.0484,-0.0464,0.002));
#15277=CARTESIAN_POINT('',(0.0464,-0.0464,0.002));
#15278=CARTESIAN_POINT('',(0.0464,-0.0484,0.002));
#15279=CARTESIAN_POINT('',(6.93889390390723E-18,-0.0484,0.002));
#15280=CARTESIAN_POINT('',(-0.0464,-0.0484,0.002));
#15281=CARTESIAN_POINT('',(-0.0464,-0.0464,0.002));
#15282=CARTESIAN_POINT('',(-0.0484,-0.0464,0.002));
#15283=CARTESIAN_POINT('',(-0.0484,0.,0.002));
#15284=CARTESIAN_POINT('',(-0.0484,0.0464,0.002));
#15285=CARTESIAN_POINT('',(-0.0464,0.0464,0.002));
#15286=CARTESIAN_POINT('',(0.05,0.,0.002));
#15287=CARTESIAN_POINT('',(0.05,0.,0.));
#15288=CARTESIAN_POINT('',(0.05,0.048,0.));
#15289=CARTESIAN_POINT('',(0.05,-0.048,0.));
#15290=CARTESIAN_POINT('',(0.05,0.048,0.002));
#15291=CARTESIAN_POINT('',(0.05,-0.048,0.002));
#15292=CARTESIAN_POINT('',(-6.93889390390723E-18,0.05,0.002));
#15293=CARTESIAN_POINT('',(-6.93889390390723E-18,0.05,0.));
#15294=CARTESIAN_POINT('',(0.048,0.05,0.));
#15295=CARTESIAN_POINT('',(-0.048,0.05,0.));
#15296=CARTESIAN_POINT('',(-0.048,0.05,0.002));
#15297=CARTESIAN_POINT('',(0.048,0.05,0.));
#15298=CARTESIAN_POINT('',(-0.05,0.,0.002));
#15299=CARTESIAN_POINT('',(-0.05,0.,0.));
#15300=CARTESIAN_POINT('',(-0.05,0.048,0.));
#15301=CARTESIAN_POINT('',(-0.05,-0.048,0.));
#15302=CARTESIAN_POINT('',(-0.05,-0.048,0.002));
#15303=CARTESIAN_POINT('',(-0.05,0.048,0.002));
#15304=CARTESIAN_POINT('',(6.93889390390723E-18,-0.05,0.002));
#15305=CARTESIAN_POINT('',(-0.048,-0.05,0.));
#15306=CARTESIAN_POINT('',(-0.048,-0.05,0.));
#15307=CARTESIAN_POINT('',(6.93889390390723E-18,-0.05,0.));
#15308=CARTESIAN_POINT('',(0.048,-0.05,0.));
#15309=CARTESIAN_POINT('',(0.048,-0.05,0.002));
#15310=CARTESIAN_POINT('',(0.,0.,0.));
#15311=CARTESIAN_POINT('',(-0.039,-0.039,0.));
#15312=CARTESIAN_POINT('',(-0.0365,-0.039,0.));
#15313=CARTESIAN_POINT('',(-0.048,-0.048,0.));
#15314=CARTESIAN_POINT('',(-0.048,0.048,0.));
#15315=CARTESIAN_POINT('',(0.048,0.048,0.));
#15316=CARTESIAN_POINT('',(0.048,-0.048,0.));
#15317=CARTESIAN_POINT('',(0.0484,0.,0.006));
#15318=CARTESIAN_POINT('',(0.0484,0.0464,0.006));
#15319=CARTESIAN_POINT('',(0.0484,0.0464,0.006));
#15320=CARTESIAN_POINT('',(0.0484,0.,0.006));
#15321=CARTESIAN_POINT('',(0.0484,-0.0464,0.006));
#15322=CARTESIAN_POINT('',(0.0484,-0.0464,0.006));
#15323=CARTESIAN_POINT('',(-6.93889390390723E-18,0.0484,0.006));
#15324=CARTESIAN_POINT('',(-0.0464,0.0484,0.006));
#15325=CARTESIAN_POINT('',(-0.0464,0.0484,0.006));
#15326=CARTESIAN_POINT('',(-6.93889390390723E-18,0.0484,0.006));
#15327=CARTESIAN_POINT('',(0.0464,0.0484,0.006));
#15328=CARTESIAN_POINT('',(0.0464,0.0484,0.002));
#15329=CARTESIAN_POINT('',(-0.0484,0.,0.006));
#15330=CARTESIAN_POINT('',(-0.0484,-0.0464,0.006));
#15331=CARTESIAN_POINT('',(-0.0484,-0.0464,0.006));
#15332=CARTESIAN_POINT('',(-0.0484,0.,0.006));
#15333=CARTESIAN_POINT('',(-0.0484,0.0464,0.006));
#15334=CARTESIAN_POINT('',(-0.0484,0.0464,0.006));
#15335=CARTESIAN_POINT('',(6.93889390390723E-18,-0.0484,0.006));
#15336=CARTESIAN_POINT('',(6.93889390390723E-18,-0.0484,0.006));
#15337=CARTESIAN_POINT('',(0.0464,-0.0484,0.006));
#15338=CARTESIAN_POINT('',(-0.0464,-0.0484,0.006));
#15339=CARTESIAN_POINT('',(-0.0464,-0.0484,0.002));
#15340=CARTESIAN_POINT('',(0.0464,-0.0484,0.006));
#15341=CARTESIAN_POINT('',(0.,0.,0.006));
#15342=CARTESIAN_POINT('',(-0.039,-0.039,0.006));
#15343=CARTESIAN_POINT('',(-0.0374,-0.039,0.006));
#15344=CARTESIAN_POINT('',(-0.0464,-0.0464,0.006));
#15345=CARTESIAN_POINT('',(0.0464,-0.0464,0.006));
#15346=CARTESIAN_POINT('',(0.0464,0.0464,0.006));
#15347=CARTESIAN_POINT('',(-0.0464,0.0464,0.006));
#15348=CARTESIAN_POINT('',(-0.048,-0.048,0.002));
#15349=CARTESIAN_POINT('',(-0.0464,-0.0464,0.006));
#15350=CARTESIAN_POINT('',(-0.048,0.048,0.002));
#15351=CARTESIAN_POINT('',(-0.0464,0.0464,0.006));
#15352=CARTESIAN_POINT('',(0.048,0.048,0.002));
#15353=CARTESIAN_POINT('',(0.0464,0.0464,0.006));
#15354=CARTESIAN_POINT('',(0.048,-0.048,0.002));
#15355=CARTESIAN_POINT('',(0.0464,-0.0464,0.006));
#15356=CARTESIAN_POINT('',(-0.039,-0.039,0.));
#15357=CARTESIAN_POINT('',(-0.039,-0.039,0.002));
#15358=CARTESIAN_POINT('',(-0.0374,-0.039,0.002));
#15359=CARTESIAN_POINT('',(-0.0365,-0.039,0.002));
#15360=CARTESIAN_POINT('',(-0.039,-0.039,0.002));
#15361=CARTESIAN_POINT('',(-0.0365,-0.039,0.002));
#15362=CARTESIAN_POINT('',(-0.039,-0.039,0.));
#15363=CARTESIAN_POINT('',(0.0665717646479607,-0.0714882387130957,0.0836882986664772));
#15364=CARTESIAN_POINT('',(-0.039,-0.0389654447958,0.0151727734726));
#15365=CARTESIAN_POINT('',(-0.039,-0.0389654447958,0.0159727734726));
#15366=CARTESIAN_POINT('',(-0.0374,-0.0389654447958,0.0159727734726));
#15367=CARTESIAN_POINT('',(-0.039,-0.0389654447958,0.0143727734726));
#15368=CARTESIAN_POINT('',(-0.0374,-0.0389654447958,0.0143727734726));
#15369=CARTESIAN_POINT('',(0.039,-0.0389654447958,0.0151727734726));
#15370=CARTESIAN_POINT('',(0.039,-0.0389654447958,0.0159727734726));
#15371=CARTESIAN_POINT('',(0.0406,-0.0389654447958,0.0159727734726));
#15372=CARTESIAN_POINT('',(0.039,-0.0389654447958,0.0143727734726));
#15373=CARTESIAN_POINT('',(0.0406,-0.0389654447958,0.0143727734726));
#15374=CARTESIAN_POINT('',(0.039,0.0390345552042,0.0151727734726));
#15375=CARTESIAN_POINT('',(0.039,0.0390345552042,0.0159727734726));
#15376=CARTESIAN_POINT('',(0.0406,0.0390345552042,0.0159727734726));
#15377=CARTESIAN_POINT('',(0.039,0.0390345552042,0.0143727734726));
#15378=CARTESIAN_POINT('',(0.0406,0.0390345552042,0.0143727734726));
#15379=CARTESIAN_POINT('',(-0.039,0.0390345552042,0.0151727734726));
#15380=CARTESIAN_POINT('',(-0.039,0.0390345552042,0.0159727734726));
#15381=CARTESIAN_POINT('',(-0.0374,0.0390345552042,0.0159727734726));
#15382=CARTESIAN_POINT('',(-0.039,0.0390345552042,0.0143727734726));
#15383=CARTESIAN_POINT('',(-0.0374,0.0390345552042,0.0143727734726));
#15384=CARTESIAN_POINT('',(0.0438,0.0438345552042,0.0151727734726));
#15385=CARTESIAN_POINT('',(0.0438,0.0438345552042,0.0159727734726));
#15386=CARTESIAN_POINT('',(0.0438,0.0450345552042,0.0159727734726));
#15387=CARTESIAN_POINT('',(0.045,0.0438345552042,0.0159727734726));
#15388=CARTESIAN_POINT('',(0.045,0.0438345552042,0.0143727734726));
#15389=CARTESIAN_POINT('',(0.045,0.0438345552042,0.0143727734726));
#15390=CARTESIAN_POINT('',(0.0438,0.0438345552042,0.0143727734726));
#15391=CARTESIAN_POINT('',(0.0438,0.0450345552042,0.0143727734726));
#15392=CARTESIAN_POINT('',(0.0438,0.0450345552042,0.0151727734726));
#15393=CARTESIAN_POINT('',(0.0438,-0.0111654447958,0.0151727734726));
#15394=CARTESIAN_POINT('',(0.0438,-0.0111654447958,0.0159727734726));
#15395=CARTESIAN_POINT('',(0.044,-0.00998222883917992,0.0159727734726));
#15396=CARTESIAN_POINT('',(0.045,-0.0111654447958,0.0159727734726));
#15397=CARTESIAN_POINT('',(0.045,-0.0111654447958,0.0143727734726));
#15398=CARTESIAN_POINT('',(0.045,-0.0111654447958,0.0143727734726));
#15399=CARTESIAN_POINT('',(0.0438,-0.0111654447958,0.0143727734726));
#15400=CARTESIAN_POINT('',(0.044,-0.00998222883917992,0.0143727734726));
#15401=CARTESIAN_POINT('',(0.0439999999999996,-0.00998222883917984,0.0151727734726));
#15402=CARTESIAN_POINT('',(0.0442,-0.00879901288256,0.0151727734726));
#15403=CARTESIAN_POINT('',(0.043,-0.00879901288256,0.0143727734726));
#15404=CARTESIAN_POINT('',(0.043,-0.00879901288256,0.0159727734726));
#15405=CARTESIAN_POINT('',(0.043,-0.00879901288256,0.0143727734726));
#15406=CARTESIAN_POINT('',(0.0442,-0.00879901288256,0.0159727734726));
#15407=CARTESIAN_POINT('',(0.0442,-0.00879901288256,0.0143727734726));
#15408=CARTESIAN_POINT('',(0.043,0.0100345552042,0.0143727734726));
#15409=CARTESIAN_POINT('',(0.043,0.0088345552042,0.0151727734726));
#15410=CARTESIAN_POINT('',(0.043,0.0088345552042,0.0159727734726));
#15411=CARTESIAN_POINT('',(0.043,0.0088345552042,0.0143727734726));
#15412=CARTESIAN_POINT('',(0.043,3.45552041999993E-5,0.0159727734726));
#15413=CARTESIAN_POINT('',(0.043,0.0100345552042,0.0143727734726));
#15414=CARTESIAN_POINT('',(0.045,-0.0099654447958,0.0143727734726));
#15415=CARTESIAN_POINT('',(0.045,0.0112009871174,0.0151727734726));
#15416=CARTESIAN_POINT('',(0.045,0.0112009871174,0.0143727734726));
#15417=CARTESIAN_POINT('',(0.045,0.0112009871174,0.0159727734726));
#15418=CARTESIAN_POINT('',(0.045,-0.0099654447958,0.0143727734726));
#15419=CARTESIAN_POINT('',(0.045,3.45552041999993E-5,0.0159727734726));
#15420=CARTESIAN_POINT('',(0.0442,0.0088345552042,0.0151727734726));
#15421=CARTESIAN_POINT('',(0.044,0.0100177711608199,0.0151727734726));
#15422=CARTESIAN_POINT('',(0.044,0.01001777116081,0.0143727734726));
#15423=CARTESIAN_POINT('',(0.044,0.01001777116081,0.0159727734726));
#15424=CARTESIAN_POINT('',(0.0442,0.0088345552042,0.0159727734726));
#15425=CARTESIAN_POINT('',(0.0442,0.0088345552042,0.0143727734726));
#15426=CARTESIAN_POINT('',(0.0438,0.0112009871174,0.0151727734726));
#15427=CARTESIAN_POINT('',(0.0438,0.0112009871174,0.0159727734726));
#15428=CARTESIAN_POINT('',(0.0438,0.0112009871174,0.0143727734726));
#15429=CARTESIAN_POINT('',(0.045,-0.0099654447958,0.0143727734726));
#15430=CARTESIAN_POINT('',(0.045,-0.0437654447958,0.0151727734726));
#15431=CARTESIAN_POINT('',(0.045,-0.0437654447958,0.0143727734726));
#15432=CARTESIAN_POINT('',(0.045,-0.0437654447958,0.0159727734726));
#15433=CARTESIAN_POINT('',(0.045,-0.0099654447958,0.0143727734726));
#15434=CARTESIAN_POINT('',(0.045,3.45552041999993E-5,0.0159727734726));
#15435=CARTESIAN_POINT('',(0.0438,-0.0437654447958,0.0151727734726));
#15436=CARTESIAN_POINT('',(0.0438,-0.0437654447958,0.0159727734726));
#15437=CARTESIAN_POINT('',(0.0438,-0.0449654447958,0.0159727734726));
#15438=CARTESIAN_POINT('',(0.0438,-0.0449654447958,0.0143727734726));
#15439=CARTESIAN_POINT('',(0.0438,-0.0449654447958,0.0143727734726));
#15440=CARTESIAN_POINT('',(0.0438,-0.0437654447958,0.0143727734726));
#15441=CARTESIAN_POINT('',(-0.0112,-0.0437654447958,0.0151727734726));
#15442=CARTESIAN_POINT('',(-0.0112,-0.0437654447958,0.0159727734726));
#15443=CARTESIAN_POINT('',(-0.0100167840433802,-0.0439654447958017,0.0159727734726));
#15444=CARTESIAN_POINT('',(-0.0112,-0.0449654447958,0.0159727734726));
#15445=CARTESIAN_POINT('',(-0.0112,-0.0449654447958,0.0143727734726));
#15446=CARTESIAN_POINT('',(-0.0112,-0.0449654447958,0.0143727734726));
#15447=CARTESIAN_POINT('',(-0.0112,-0.0437654447958,0.0143727734726));
#15448=CARTESIAN_POINT('',(-0.0100167840433802,-0.0439654447958017,0.0143727734726));
#15449=CARTESIAN_POINT('',(-0.0100167840433805,-0.0439654447958033,0.0151727734726));
#15450=CARTESIAN_POINT('',(-0.00883356808676,-0.0441654447958,0.0151727734726));
#15451=CARTESIAN_POINT('',(-0.00883356808676,-0.0429654447958,0.0143727734726));
#15452=CARTESIAN_POINT('',(-0.00883356808676,-0.0429654447958,0.0159727734726));
#15453=CARTESIAN_POINT('',(-0.00883356808676,-0.0429654447958,0.0143727734726));
#15454=CARTESIAN_POINT('',(-0.00883356808676,-0.0441654447958,0.0159727734726));
#15455=CARTESIAN_POINT('',(-0.00883356808676,-0.0441654447958,0.0143727734726));
#15456=CARTESIAN_POINT('',(-0.01,-0.0429654447958,0.0143727734726));
#15457=CARTESIAN_POINT('',(0.,-0.0429654447958,0.0159727734726));
#15458=CARTESIAN_POINT('',(0.0088,-0.0429654447958,0.0159727734726));
#15459=CARTESIAN_POINT('',(-0.01,-0.0429654447958,0.0143727734726));
#15460=CARTESIAN_POINT('',(0.0088,-0.0429654447958,0.0143727734726));
#15461=CARTESIAN_POINT('',(0.0088,-0.0429654447958,0.0151727734726));
#15462=CARTESIAN_POINT('',(-0.045,-0.0449654447958,0.0143727734726));
#15463=CARTESIAN_POINT('',(-0.045,-0.0449654447958,0.0143727734726));
#15464=CARTESIAN_POINT('',(0.0111664319132,-0.0449654447958,0.0143727734726));
#15465=CARTESIAN_POINT('',(0.,-0.0449654447958,0.0159727734726));
#15466=CARTESIAN_POINT('',(0.0111664319132,-0.0449654447958,0.0159727734726));
#15467=CARTESIAN_POINT('',(0.0111664319132,-0.0449654447958,0.0151727734726));
#15468=CARTESIAN_POINT('',(0.0088,-0.0441654447958,0.0151727734726));
#15469=CARTESIAN_POINT('',(0.00998321595661993,-0.0439654447958,0.0151727734726));
#15470=CARTESIAN_POINT('',(0.00998321595660996,-0.0439654447958,0.0143727734726));
#15471=CARTESIAN_POINT('',(0.00998321595660996,-0.0439654447958,0.0159727734726));
#15472=CARTESIAN_POINT('',(0.0088,-0.0441654447958,0.0159727734726));
#15473=CARTESIAN_POINT('',(0.0088,-0.0441654447958,0.0143727734726));
#15474=CARTESIAN_POINT('',(0.0111664319132,-0.0437654447958,0.0151727734726));
#15475=CARTESIAN_POINT('',(0.0111664319132,-0.0437654447958,0.0159727734726));
#15476=CARTESIAN_POINT('',(0.0111664319132,-0.0437654447958,0.0143727734726));
#15477=CARTESIAN_POINT('',(-0.045,-0.0449654447958,0.0143727734726));
#15478=CARTESIAN_POINT('',(-0.045,-0.0449654447958,0.0143727734726));
#15479=CARTESIAN_POINT('',(-0.0438,-0.0449654447958,0.0143727734726));
#15480=CARTESIAN_POINT('',(0.,-0.0449654447958,0.0159727734726));
#15481=CARTESIAN_POINT('',(-0.0438,-0.0449654447958,0.0159727734726));
#15482=CARTESIAN_POINT('',(-0.0438,-0.0449654447958,0.0151727734726));
#15483=CARTESIAN_POINT('',(-0.0438,-0.0437654447958,0.0151727734726));
#15484=CARTESIAN_POINT('',(-0.0438,-0.0437654447958,0.0159727734726));
#15485=CARTESIAN_POINT('',(-0.045,-0.0437654447958,0.0159727734726));
#15486=CARTESIAN_POINT('',(-0.045,-0.0437654447958,0.0143727734726));
#15487=CARTESIAN_POINT('',(-0.045,-0.0437654447958,0.0143727734726));
#15488=CARTESIAN_POINT('',(-0.0438,-0.0437654447958,0.0143727734726));
#15489=CARTESIAN_POINT('',(-0.0438,0.0112345552042,0.0151727734726));
#15490=CARTESIAN_POINT('',(-0.0438,0.0112345552042,0.0159727734726));
#15491=CARTESIAN_POINT('',(-0.0440000000000016,0.0100513392475802,0.0159727734726));
#15492=CARTESIAN_POINT('',(-0.045,0.0112345552042,0.0159727734726));
#15493=CARTESIAN_POINT('',(-0.045,0.0112345552042,0.0143727734726));
#15494=CARTESIAN_POINT('',(-0.045,0.0112345552042,0.0143727734726));
#15495=CARTESIAN_POINT('',(-0.0438,0.0112345552042,0.0143727734726));
#15496=CARTESIAN_POINT('',(-0.0440000000000016,0.0100513392475802,0.0143727734726));
#15497=CARTESIAN_POINT('',(-0.0440000000000033,0.0100513392475805,0.0151727734726));
#15498=CARTESIAN_POINT('',(-0.0442,0.00886812329096,0.0151727734726));
#15499=CARTESIAN_POINT('',(-0.043,0.00886812329096,0.0143727734726));
#15500=CARTESIAN_POINT('',(-0.043,0.00886812329096,0.0159727734726));
#15501=CARTESIAN_POINT('',(-0.043,0.00886812329096,0.0143727734726));
#15502=CARTESIAN_POINT('',(-0.0442,0.00886812329096,0.0159727734726));
#15503=CARTESIAN_POINT('',(-0.0442,0.00886812329096,0.0143727734726));
#15504=CARTESIAN_POINT('',(-0.045,-0.0449654447958,0.0143727734726));
#15505=CARTESIAN_POINT('',(-0.045,-0.0111654447958,0.0151727734726));
#15506=CARTESIAN_POINT('',(-0.045,-0.0111654447958,0.0143727734726));
#15507=CARTESIAN_POINT('',(-0.045,-0.0111654447958,0.0159727734726));
#15508=CARTESIAN_POINT('',(-0.045,-0.0449654447958,0.0143727734726));
#15509=CARTESIAN_POINT('',(-0.045,3.45552041999993E-5,0.0159727734726));
#15510=CARTESIAN_POINT('',(-0.043,0.0100345552042,0.0143727734726));
#15511=CARTESIAN_POINT('',(-0.043,3.45552041999993E-5,0.0159727734726));
#15512=CARTESIAN_POINT('',(-0.043,-0.00879901288256,0.0159727734726));
#15513=CARTESIAN_POINT('',(-0.043,0.0100345552042,0.0143727734726));
#15514=CARTESIAN_POINT('',(-0.043,-0.00879901288256,0.0143727734726));
#15515=CARTESIAN_POINT('',(-0.043,-0.00879901288256,0.0151727734726));
#15516=CARTESIAN_POINT('',(-0.0438,-0.0111654447958,0.0151727734726));
#15517=CARTESIAN_POINT('',(-0.0438,-0.0111654447958,0.0143727734726));
#15518=CARTESIAN_POINT('',(-0.0440000000000016,-0.0099822288391803,0.0143727734726));
#15519=CARTESIAN_POINT('',(-0.0438,-0.0111654447958,0.0159727734726));
#15520=CARTESIAN_POINT('',(-0.0440000000000016,-0.0099822288391803,0.0159727734726));
#15521=CARTESIAN_POINT('',(-0.0440000000000033,-0.00998222883918062,0.0151727734726));
#15522=CARTESIAN_POINT('',(-0.0442,-0.00879901288256,0.0151727734726));
#15523=CARTESIAN_POINT('',(-0.0442,-0.00879901288256,0.0159727734726));
#15524=CARTESIAN_POINT('',(-0.0442,-0.00879901288256,0.0143727734726));
#15525=CARTESIAN_POINT('',(-0.045,-0.0449654447958,0.0143727734726));
#15526=CARTESIAN_POINT('',(-0.045,0.0438345552042,0.0151727734726));
#15527=CARTESIAN_POINT('',(-0.045,0.0438345552042,0.0143727734726));
#15528=CARTESIAN_POINT('',(-0.045,0.0438345552042,0.0159727734726));
#15529=CARTESIAN_POINT('',(-0.045,-0.0449654447958,0.0143727734726));
#15530=CARTESIAN_POINT('',(-0.045,3.45552041999993E-5,0.0159727734726));
#15531=CARTESIAN_POINT('',(-0.0438,0.0438345552042,0.0151727734726));
#15532=CARTESIAN_POINT('',(-0.0438,0.0438345552042,0.0159727734726));
#15533=CARTESIAN_POINT('',(-0.0438,0.0450345552042,0.0159727734726));
#15534=CARTESIAN_POINT('',(-0.0438,0.0450345552042,0.0143727734726));
#15535=CARTESIAN_POINT('',(-0.0438,0.0450345552042,0.0143727734726));
#15536=CARTESIAN_POINT('',(-0.0438,0.0438345552042,0.0143727734726));
#15537=CARTESIAN_POINT('',(0.01,0.0450345552042,0.0143727734726));
#15538=CARTESIAN_POINT('',(0.0112,0.0450345552042,0.0143727734726));
#15539=CARTESIAN_POINT('',(0.0112,0.0450345552042,0.0143727734726));
#15540=CARTESIAN_POINT('',(0.0112,0.0450345552042,0.0159727734726));
#15541=CARTESIAN_POINT('',(0.,0.0450345552042,0.0159727734726));
#15542=CARTESIAN_POINT('',(0.01,0.0450345552042,0.0143727734726));
#15543=CARTESIAN_POINT('',(0.01,0.0450345552042,0.0143727734726));
#15544=CARTESIAN_POINT('',(-0.0112,0.0450345552042,0.0151727734726));
#15545=CARTESIAN_POINT('',(-0.0112,0.0450345552042,0.0143727734726));
#15546=CARTESIAN_POINT('',(-0.0112,0.0450345552042,0.0159727734726));
#15547=CARTESIAN_POINT('',(0.01,0.0450345552042,0.0143727734726));
#15548=CARTESIAN_POINT('',(0.,0.0450345552042,0.0159727734726));
#15549=CARTESIAN_POINT('',(-0.0112,0.0438345552042,0.0151727734726));
#15550=CARTESIAN_POINT('',(-0.0112,0.0438345552042,0.0143727734726));
#15551=CARTESIAN_POINT('',(-0.0100167840433803,0.0440345552042017,0.0143727734726));
#15552=CARTESIAN_POINT('',(-0.0112,0.0438345552042,0.0159727734726));
#15553=CARTESIAN_POINT('',(-0.0100167840433803,0.0440345552042017,0.0159727734726));
#15554=CARTESIAN_POINT('',(-0.0100167840433806,0.0440345552042033,0.0151727734726));
#15555=CARTESIAN_POINT('',(-0.00883356808676,0.0442345552042,0.0151727734726));
#15556=CARTESIAN_POINT('',(-0.00883356808676,0.0442345552042,0.0159727734726));
#15557=CARTESIAN_POINT('',(-0.00883356808676,0.0430345552042,0.0159727734726));
#15558=CARTESIAN_POINT('',(-0.00883356808676,0.0430345552042,0.0151727734726));
#15559=CARTESIAN_POINT('',(-0.00883356808676,0.0430345552042,0.0143727734726));
#15560=CARTESIAN_POINT('',(-0.00883356808676,0.0442345552042,0.0143727734726));
#15561=CARTESIAN_POINT('',(0.,3.45552041999993E-5,0.0159727734726));
#15562=CARTESIAN_POINT('',(0.00883356808676,0.0442345552042,0.0159727734726));
#15563=CARTESIAN_POINT('',(0.0100167840433799,0.0440345552042,0.0159727734726));
#15564=CARTESIAN_POINT('',(0.00883356808676,0.0430345552042,0.0159727734726));
#15565=CARTESIAN_POINT('',(0.,0.0430345552042,0.0159727734726));
#15566=CARTESIAN_POINT('',(0.0112,0.0438345552042,0.0159727734726));
#15567=CARTESIAN_POINT('',(0.,3.45552041999993E-5,0.0143727734726));
#15568=CARTESIAN_POINT('',(0.0112,0.0438345552042,0.0143727734726));
#15569=CARTESIAN_POINT('',(0.0100167840433799,0.0440345552042,0.0143727734726));
#15570=CARTESIAN_POINT('',(-0.01,0.0430345552042,0.0143727734726));
#15571=CARTESIAN_POINT('',(0.00883356808676,0.0430345552042,0.0143727734726));
#15572=CARTESIAN_POINT('',(0.00883356808676,0.0442345552042,0.0143727734726));
#15573=CARTESIAN_POINT('',(0.0112,0.0438345552042,0.0151727734726));
#15574=CARTESIAN_POINT('',(0.0100167840433798,0.0440345552041995,0.0151727734726));
#15575=CARTESIAN_POINT('',(-0.01,0.0430345552042,0.0143727734726));
#15576=CARTESIAN_POINT('',(0.00883356808676,0.0430345552042,0.0143727734726));
#15577=CARTESIAN_POINT('',(0.00883356808676,0.0442345552042,0.0151727734726));
#15578=CARTESIAN_POINT('',(0.0665717646479607,-0.0715636384524342,-0.0030844748061228));
#15579=CARTESIAN_POINT('',(-0.039,0.0390345552041873,0.0169727734726));
#15580=CARTESIAN_POINT('',(-0.039,0.0390345552041873,0.0169727734726));
#15581=CARTESIAN_POINT('',(-0.0406,0.0390345552041873,0.0169727734726));
#15582=CARTESIAN_POINT('',(-0.039,0.0390691104084,0.0279727734726));
#15583=CARTESIAN_POINT('',(-0.0365,0.0390691104084,0.0279727734726));
#15584=CARTESIAN_POINT('',(-0.0364999999999995,0.0376257347354281,0.0279727734726));
#15585=CARTESIAN_POINT('',(-0.0365,0.04051248608137,0.0279727734726));
#15586=CARTESIAN_POINT('',(-0.0365,0.04051248608137,0.0279727734726));
#15587=CARTESIAN_POINT('',(-0.0390000000000014,0.0419558617543486,0.0279727734726));
#15588=CARTESIAN_POINT('',(-0.039,0.04195586175435,0.0279727734726));
#15589=CARTESIAN_POINT('',(-0.0415000000000006,0.040512486081372,0.0279727734726));
#15590=CARTESIAN_POINT('',(-0.0415,0.0390691104084,0.0279727734726));
#15591=CARTESIAN_POINT('',(-0.0415,0.03762573473543,0.0279727734726));
#15592=CARTESIAN_POINT('',(-0.0415,0.03762573473543,0.0279727734726));
#15593=CARTESIAN_POINT('',(-0.0389999999999986,0.0361823590624514,0.0279727734726));
#15594=CARTESIAN_POINT('',(-0.039,0.03618235906245,0.0279727734726));
#15595=CARTESIAN_POINT('',(-0.039,0.0390345552041873,0.0279727734726));
#15596=CARTESIAN_POINT('',(-0.0406,0.0390345552041873,0.0279727734726));
#15597=CARTESIAN_POINT('',(-0.0365,0.03762573473543,0.0159727734726));
#15598=CARTESIAN_POINT('',(-0.0364999999999978,0.0376257347354261,0.0159727734726));
#15599=CARTESIAN_POINT('',(-0.0364999999999989,0.0376257347354255,0.0159727734726));
#15600=CARTESIAN_POINT('',(-0.0365,0.03762573473543,0.0159727734726));
#15601=CARTESIAN_POINT('',(-0.0365,0.04051248608137,0.0159727734726));
#15602=CARTESIAN_POINT('',(-0.0365,0.04051248608137,0.0159727734726));
#15603=CARTESIAN_POINT('',(-0.0365,0.04051248608137,0.0159727734726));
#15604=CARTESIAN_POINT('',(-0.0365,0.04051248608137,0.0159727734726));
#15605=CARTESIAN_POINT('',(-0.0390000000000034,0.0419558617543467,0.0159727734726));
#15606=CARTESIAN_POINT('',(-0.0390000000000022,0.0419558617543461,0.0159727734726));
#15607=CARTESIAN_POINT('',(-0.039,0.04195586175435,0.0159727734726));
#15608=CARTESIAN_POINT('',(-0.039,0.04195586175435,0.0159727734726));
#15609=CARTESIAN_POINT('',(-0.0415000000000012,0.0405124860813746,0.0159727734726));
#15610=CARTESIAN_POINT('',(-0.0415000000000023,0.0405124860813739,0.0159727734726));
#15611=CARTESIAN_POINT('',(-0.0415,0.04051248608137,0.0159727734726));
#15612=CARTESIAN_POINT('',(-0.0415,0.04051248608137,0.0159727734726));
#15613=CARTESIAN_POINT('',(-0.0415,0.03762573473543,0.0159727734726));
#15614=CARTESIAN_POINT('',(-0.0415,0.03762573473543,0.0159727734726));
#15615=CARTESIAN_POINT('',(-0.0415,0.03762573473543,0.0159727734726));
#15616=CARTESIAN_POINT('',(-0.0415,0.03762573473543,0.0159727734726));
#15617=CARTESIAN_POINT('',(-0.0389999999999966,0.0361823590624532,0.0159727734726));
#15618=CARTESIAN_POINT('',(-0.0389999999999978,0.0361823590624539,0.0159727734726));
#15619=CARTESIAN_POINT('',(-0.039,0.03618235906245,0.0159727734726));
#15620=CARTESIAN_POINT('',(-0.039,0.03618235906245,0.0159727734726));
#15621=CARTESIAN_POINT('',(-0.039,0.0390691104084,0.0159727734726));
#15622=CARTESIAN_POINT('',(-0.039,0.0390691104084,0.0159727734726));
#15623=CARTESIAN_POINT('',(-0.0406,0.0390691104084,0.0159727734726));
#15624=CARTESIAN_POINT('',(-0.039,0.0390691104084,0.0099727734726));
#15625=CARTESIAN_POINT('',(-0.039,0.0390691104084,0.0099727734726));
#15626=CARTESIAN_POINT('',(-0.0406,0.0390691104084,0.0099727734726));
#15627=CARTESIAN_POINT('',(-0.039,0.0390691104084,0.0129727734726));
#15628=CARTESIAN_POINT('',(-0.039,0.0390345552041873,0.0278727734726));
#15629=CARTESIAN_POINT('',(0.0665717646479607,-0.0715636384524342,-0.0030844748061228));
#15630=CARTESIAN_POINT('',(0.039,-0.0389654447958127,0.0169727734726));
#15631=CARTESIAN_POINT('',(0.039,-0.0389654447958127,0.0169727734726));
#15632=CARTESIAN_POINT('',(0.0374,-0.0389654447958127,0.0169727734726));
#15633=CARTESIAN_POINT('',(0.039,-0.0389308895916,0.0279727734726));
#15634=CARTESIAN_POINT('',(0.0415,-0.0389308895916,0.0279727734726));
#15635=CARTESIAN_POINT('',(0.0415000000000006,-0.040374265264572,0.0279727734726));
#15636=CARTESIAN_POINT('',(0.0415,-0.03748751391863,0.0279727734726));
#15637=CARTESIAN_POINT('',(0.0415,-0.03748751391863,0.0279727734726));
#15638=CARTESIAN_POINT('',(0.0389999999999986,-0.0360441382456514,0.0279727734726));
#15639=CARTESIAN_POINT('',(0.039,-0.03604413824565,0.0279727734726));
#15640=CARTESIAN_POINT('',(0.0364999999999995,-0.037487513918628,0.0279727734726));
#15641=CARTESIAN_POINT('',(0.0365,-0.0389308895916,0.0279727734726));
#15642=CARTESIAN_POINT('',(0.0365,-0.04037426526457,0.0279727734726));
#15643=CARTESIAN_POINT('',(0.0365,-0.04037426526457,0.0279727734726));
#15644=CARTESIAN_POINT('',(0.0390000000000014,-0.0418176409375485,0.0279727734726));
#15645=CARTESIAN_POINT('',(0.039,-0.04181764093755,0.0279727734726));
#15646=CARTESIAN_POINT('',(0.039,-0.0389654447958127,0.0279727734726));
#15647=CARTESIAN_POINT('',(0.0374,-0.0389654447958127,0.0279727734726));
#15648=CARTESIAN_POINT('',(0.0415,-0.04037426526457,0.0159727734726));
#15649=CARTESIAN_POINT('',(0.0415000000000023,-0.0403742652645739,0.0159727734726));
#15650=CARTESIAN_POINT('',(0.0415000000000012,-0.0403742652645745,0.0159727734726));
#15651=CARTESIAN_POINT('',(0.0415,-0.04037426526457,0.0159727734726));
#15652=CARTESIAN_POINT('',(0.0415,-0.03748751391863,0.0159727734726));
#15653=CARTESIAN_POINT('',(0.0415,-0.03748751391863,0.0159727734726));
#15654=CARTESIAN_POINT('',(0.0415,-0.03748751391863,0.0159727734726));
#15655=CARTESIAN_POINT('',(0.0415,-0.03748751391863,0.0159727734726));
#15656=CARTESIAN_POINT('',(0.0389999999999966,-0.0360441382456533,0.0159727734726));
#15657=CARTESIAN_POINT('',(0.0389999999999978,-0.0360441382456539,0.0159727734726));
#15658=CARTESIAN_POINT('',(0.039,-0.03604413824565,0.0159727734726));
#15659=CARTESIAN_POINT('',(0.039,-0.03604413824565,0.0159727734726));
#15660=CARTESIAN_POINT('',(0.0364999999999989,-0.0374875139186254,0.0159727734726));
#15661=CARTESIAN_POINT('',(0.0364999999999978,-0.0374875139186261,0.0159727734726));
#15662=CARTESIAN_POINT('',(0.0365,-0.03748751391863,0.0159727734726));
#15663=CARTESIAN_POINT('',(0.0365,-0.03748751391863,0.0159727734726));
#15664=CARTESIAN_POINT('',(0.0365,-0.04037426526457,0.0159727734726));
#15665=CARTESIAN_POINT('',(0.0365,-0.04037426526457,0.0159727734726));
#15666=CARTESIAN_POINT('',(0.0365,-0.04037426526457,0.0159727734726));
#15667=CARTESIAN_POINT('',(0.0365,-0.04037426526457,0.0159727734726));
#15668=CARTESIAN_POINT('',(0.0390000000000034,-0.0418176409375468,0.0159727734726));
#15669=CARTESIAN_POINT('',(0.0390000000000022,-0.0418176409375461,0.0159727734726));
#15670=CARTESIAN_POINT('',(0.039,-0.04181764093755,0.0159727734726));
#15671=CARTESIAN_POINT('',(0.039,-0.04181764093755,0.0159727734726));
#15672=CARTESIAN_POINT('',(0.039,-0.0389308895916,0.0159727734726));
#15673=CARTESIAN_POINT('',(0.039,-0.0389308895916,0.0159727734726));
#15674=CARTESIAN_POINT('',(0.0374,-0.0389308895916,0.0159727734726));
#15675=CARTESIAN_POINT('',(0.039,-0.0389308895916,0.0099727734726));
#15676=CARTESIAN_POINT('',(0.039,-0.0389308895916,0.0099727734726));
#15677=CARTESIAN_POINT('',(0.0374,-0.0389308895916,0.0099727734726));
#15678=CARTESIAN_POINT('',(0.039,-0.0389308895916,0.0129727734726));
#15679=CARTESIAN_POINT('',(0.039,-0.0389654447958127,0.0278727734726));
#15680=CARTESIAN_POINT('',(0.0665717646479607,-0.0715636384524342,-0.0030844748061228));
#15681=CARTESIAN_POINT('',(0.0005,0.0360345552042,0.0159727734726));
#15682=CARTESIAN_POINT('',(0.0005,0.0360345552042,0.0159727734726));
#15683=CARTESIAN_POINT('',(0.0005,0.0360345552042,0.0159727734726));
#15684=CARTESIAN_POINT('',(0.0005,0.0360345552042,0.0249727734726));
#15685=CARTESIAN_POINT('',(0.0005,0.0360345552042,0.0159727734726));
#15686=CARTESIAN_POINT('',(0.0265,0.0360345552042,0.0159727734726));
#15687=CARTESIAN_POINT('',(0.0265,0.0360345552042,0.0159727734726));
#15688=CARTESIAN_POINT('',(0.0265,0.0360345552042,0.0249727734726));
#15689=CARTESIAN_POINT('',(0.,0.0360345552042,0.0249727734726));
#15690=CARTESIAN_POINT('',(0.0265,0.0360345552042,0.0159727734726));
#15691=CARTESIAN_POINT('',(0.0265,0.0360345552042,0.0159727734726));
#15692=CARTESIAN_POINT('',(0.0265,0.0410345552042,0.0159727734726));
#15693=CARTESIAN_POINT('',(0.0265,0.0410345552042,0.0159727734726));
#15694=CARTESIAN_POINT('',(0.0265,0.0410345552042,0.0249727734726));
#15695=CARTESIAN_POINT('',(0.0265,0.0360345552042,0.0249727734726));
#15696=CARTESIAN_POINT('',(0.0265,0.0410345552042,0.0159727734726));
#15697=CARTESIAN_POINT('',(0.0265,0.0410345552042,0.0159727734726));
#15698=CARTESIAN_POINT('',(0.0005,0.0410345552042,0.0159727734726));
#15699=CARTESIAN_POINT('',(0.0005,0.0410345552042,0.0159727734726));
#15700=CARTESIAN_POINT('',(0.0005,0.0410345552042,0.0249727734726));
#15701=CARTESIAN_POINT('',(0.,0.0410345552042,0.0249727734726));
#15702=CARTESIAN_POINT('',(0.0005,0.0410345552042,0.0159727734726));
#15703=CARTESIAN_POINT('',(0.0005,0.0410345552042,0.0159727734726));
#15704=CARTESIAN_POINT('',(0.0005,0.0360345552042,0.0249727734726));
#15705=CARTESIAN_POINT('',(0.,0.0360345552042,0.0159727734726));
#15706=CARTESIAN_POINT('',(0.,0.0360345552042,0.0249727734726));
#15707=CARTESIAN_POINT('',(0.0665717646479607,-0.0715636384524342,-0.0030844748061228));
#15708=CARTESIAN_POINT('',(-0.039,-0.0390000000000127,0.0305727734726));
#15709=CARTESIAN_POINT('',(-0.039,-0.0390000000000127,0.0305727734726));
#15710=CARTESIAN_POINT('',(-0.0406,-0.0390000000000127,0.0305727734726));
#15711=CARTESIAN_POINT('',(-0.039,-0.0389654447958,0.0415727734726));
#15712=CARTESIAN_POINT('',(-0.0365,-0.0389654447958,0.0415727734726));
#15713=CARTESIAN_POINT('',(-0.0364999999999995,-0.040408820468772,0.0415727734726));
#15714=CARTESIAN_POINT('',(-0.0365,-0.03752206912283,0.0415727734726));
#15715=CARTESIAN_POINT('',(-0.0365,-0.03752206912283,0.0415727734726));
#15716=CARTESIAN_POINT('',(-0.0390000000000014,-0.0360786934498514,0.0415727734726));
#15717=CARTESIAN_POINT('',(-0.039,-0.03607869344985,0.0415727734726));
#15718=CARTESIAN_POINT('',(-0.0415000000000006,-0.0375220691228281,0.0415727734726));
#15719=CARTESIAN_POINT('',(-0.0415,-0.0389654447958,0.0415727734726));
#15720=CARTESIAN_POINT('',(-0.0415,-0.04040882046877,0.0415727734726));
#15721=CARTESIAN_POINT('',(-0.0415,-0.04040882046877,0.0415727734726));
#15722=CARTESIAN_POINT('',(-0.0389999999999986,-0.0418521961417486,0.0415727734726));
#15723=CARTESIAN_POINT('',(-0.039,-0.04185219614175,0.0415727734726));
#15724=CARTESIAN_POINT('',(-0.039,-0.0390000000000127,0.0415727734726));
#15725=CARTESIAN_POINT('',(-0.0406,-0.0390000000000127,0.0415727734726));
#15726=CARTESIAN_POINT('',(-0.0365,-0.04040882046877,0.0295727734726));
#15727=CARTESIAN_POINT('',(-0.0364999999999978,-0.0404088204687739,0.0295727734726));
#15728=CARTESIAN_POINT('',(-0.0364999999999989,-0.0404088204687746,0.0295727734726));
#15729=CARTESIAN_POINT('',(-0.0365,-0.04040882046877,0.0295727734726));
#15730=CARTESIAN_POINT('',(-0.0365,-0.03752206912283,0.0295727734726));
#15731=CARTESIAN_POINT('',(-0.0365,-0.03752206912283,0.0295727734726));
#15732=CARTESIAN_POINT('',(-0.0365,-0.03752206912283,0.0295727734726));
#15733=CARTESIAN_POINT('',(-0.0365,-0.03752206912283,0.0295727734726));
#15734=CARTESIAN_POINT('',(-0.0390000000000034,-0.0360786934498532,0.0295727734726));
#15735=CARTESIAN_POINT('',(-0.0390000000000022,-0.0360786934498539,0.0295727734726));
#15736=CARTESIAN_POINT('',(-0.039,-0.03607869344985,0.0295727734726));
#15737=CARTESIAN_POINT('',(-0.039,-0.03607869344985,0.0295727734726));
#15738=CARTESIAN_POINT('',(-0.0415000000000012,-0.0375220691228254,0.0295727734726));
#15739=CARTESIAN_POINT('',(-0.0415000000000023,-0.0375220691228261,0.0295727734726));
#15740=CARTESIAN_POINT('',(-0.0415,-0.03752206912283,0.0295727734726));
#15741=CARTESIAN_POINT('',(-0.0415,-0.03752206912283,0.0295727734726));
#15742=CARTESIAN_POINT('',(-0.0415,-0.04040882046877,0.0295727734726));
#15743=CARTESIAN_POINT('',(-0.0415,-0.04040882046877,0.0295727734726));
#15744=CARTESIAN_POINT('',(-0.0415,-0.04040882046877,0.0295727734726));
#15745=CARTESIAN_POINT('',(-0.0415,-0.04040882046877,0.0295727734726));
#15746=CARTESIAN_POINT('',(-0.0389999999999966,-0.0418521961417468,0.0295727734726));
#15747=CARTESIAN_POINT('',(-0.0389999999999978,-0.0418521961417461,0.0295727734726));
#15748=CARTESIAN_POINT('',(-0.039,-0.04185219614175,0.0295727734726));
#15749=CARTESIAN_POINT('',(-0.039,-0.04185219614175,0.0295727734726));
#15750=CARTESIAN_POINT('',(-0.039,-0.0389654447958,0.0295727734726));
#15751=CARTESIAN_POINT('',(-0.039,-0.0389654447958,0.0295727734726));
#15752=CARTESIAN_POINT('',(-0.0406,-0.0389654447958,0.0295727734726));
#15753=CARTESIAN_POINT('',(-0.039,-0.0389654447958,0.0235727734726));
#15754=CARTESIAN_POINT('',(-0.039,-0.0389654447958,0.0235727734726));
#15755=CARTESIAN_POINT('',(-0.0406,-0.0389654447958,0.0235727734726));
#15756=CARTESIAN_POINT('',(-0.039,-0.0389654447958,0.0265727734726));
#15757=CARTESIAN_POINT('',(-0.039,-0.0390000000000127,0.0414727734726));
#15758=CARTESIAN_POINT('',(0.0665717646479607,-0.0715636384524342,-0.0030844748061228));
#15759=CARTESIAN_POINT('',(0.039,0.0389654447957873,0.0577727734726));
#15760=CARTESIAN_POINT('',(0.039,0.0389654447957873,0.0577727734726));
#15761=CARTESIAN_POINT('',(0.0374,0.0389654447957873,0.0577727734726));
#15762=CARTESIAN_POINT('',(0.039,0.039,0.0687727734726));
#15763=CARTESIAN_POINT('',(0.0415,0.039,0.0687727734726));
#15764=CARTESIAN_POINT('',(0.0415000000000006,0.0375566243270281,0.0687727734726));
#15765=CARTESIAN_POINT('',(0.0415,0.04044337567297,0.0687727734726));
#15766=CARTESIAN_POINT('',(0.0415,0.04044337567297,0.0687727734726));
#15767=CARTESIAN_POINT('',(0.0389999999999986,0.0418867513459485,0.0687727734726));
#15768=CARTESIAN_POINT('',(0.039,0.04188675134595,0.0687727734726));
#15769=CARTESIAN_POINT('',(0.0364999999999995,0.0404433756729719,0.0687727734726));
#15770=CARTESIAN_POINT('',(0.0365,0.039,0.0687727734726));
#15771=CARTESIAN_POINT('',(0.0365,0.03755662432703,0.0687727734726));
#15772=CARTESIAN_POINT('',(0.0365,0.03755662432703,0.0687727734726));
#15773=CARTESIAN_POINT('',(0.0390000000000014,0.0361132486540515,0.0687727734726));
#15774=CARTESIAN_POINT('',(0.039,0.03611324865405,0.0687727734726));
#15775=CARTESIAN_POINT('',(0.039,0.0389654447957873,0.0687727734726));
#15776=CARTESIAN_POINT('',(0.0374,0.0389654447957873,0.0687727734726));
#15777=CARTESIAN_POINT('',(0.0415,0.03755662432703,0.0567727734726));
#15778=CARTESIAN_POINT('',(0.0415000000000023,0.0375566243270261,0.0567727734726));
#15779=CARTESIAN_POINT('',(0.0415000000000012,0.0375566243270255,0.0567727734726));
#15780=CARTESIAN_POINT('',(0.0415,0.03755662432703,0.0567727734726));
#15781=CARTESIAN_POINT('',(0.0415,0.04044337567297,0.0567727734726));
#15782=CARTESIAN_POINT('',(0.0415,0.04044337567297,0.0567727734726));
#15783=CARTESIAN_POINT('',(0.0415,0.04044337567297,0.0567727734726));
#15784=CARTESIAN_POINT('',(0.0415,0.04044337567297,0.0567727734726));
#15785=CARTESIAN_POINT('',(0.0389999999999966,0.0418867513459468,0.0567727734726));
#15786=CARTESIAN_POINT('',(0.0389999999999978,0.0418867513459461,0.0567727734726));
#15787=CARTESIAN_POINT('',(0.039,0.04188675134595,0.0567727734726));
#15788=CARTESIAN_POINT('',(0.039,0.04188675134595,0.0567727734726));
#15789=CARTESIAN_POINT('',(0.0364999999999989,0.0404433756729745,0.0567727734726));
#15790=CARTESIAN_POINT('',(0.0364999999999978,0.0404433756729739,0.0567727734726));
#15791=CARTESIAN_POINT('',(0.0365,0.04044337567297,0.0567727734726));
#15792=CARTESIAN_POINT('',(0.0365,0.04044337567297,0.0567727734726));
#15793=CARTESIAN_POINT('',(0.0365,0.03755662432703,0.0567727734726));
#15794=CARTESIAN_POINT('',(0.0365,0.03755662432703,0.0567727734726));
#15795=CARTESIAN_POINT('',(0.0365,0.03755662432703,0.0567727734726));
#15796=CARTESIAN_POINT('',(0.0365,0.03755662432703,0.0567727734726));
#15797=CARTESIAN_POINT('',(0.0390000000000034,0.0361132486540532,0.0567727734726));
#15798=CARTESIAN_POINT('',(0.0390000000000022,0.0361132486540539,0.0567727734726));
#15799=CARTESIAN_POINT('',(0.039,0.03611324865405,0.0567727734726));
#15800=CARTESIAN_POINT('',(0.039,0.03611324865405,0.0567727734726));
#15801=CARTESIAN_POINT('',(0.039,0.039,0.0567727734726));
#15802=CARTESIAN_POINT('',(0.039,0.039,0.0567727734726));
#15803=CARTESIAN_POINT('',(0.0374,0.039,0.0567727734726));
#15804=CARTESIAN_POINT('',(0.039,0.039,0.0507727734726));
#15805=CARTESIAN_POINT('',(0.039,0.039,0.0507727734726));
#15806=CARTESIAN_POINT('',(0.0374,0.039,0.0507727734726));
#15807=CARTESIAN_POINT('',(0.039,0.039,0.0537727734726));
#15808=CARTESIAN_POINT('',(0.039,0.0389654447957873,0.0686727734726));
#15809=CARTESIAN_POINT('',(0.0665717646479607,-0.0715636384524342,-0.0030844748061228));
#15810=CARTESIAN_POINT('',(0.0665717646479607,-0.0715840607200034,-0.0187117013335228));
#15811=CARTESIAN_POINT('',(-0.0005,0.041,0.0567727734726));
#15812=CARTESIAN_POINT('',(-0.0005,0.036,0.0567727734726));
#15813=CARTESIAN_POINT('',(-0.0005,0.036,0.0567727734726));
#15814=CARTESIAN_POINT('',(-0.0005,0.036,0.0657727734726));
#15815=CARTESIAN_POINT('',(-0.0005,0.041,0.0567727734726));
#15816=CARTESIAN_POINT('',(-0.0005,0.041,0.0567727734726));
#15817=CARTESIAN_POINT('',(-0.0005,0.041,0.0567727734726));
#15818=CARTESIAN_POINT('',(-0.0005,0.041,0.0657727734726));
#15819=CARTESIAN_POINT('',(-0.0005,0.036,0.0657727734726));
#15820=CARTESIAN_POINT('',(0.0265,0.041,0.0567727734726));
#15821=CARTESIAN_POINT('',(0.0265,0.041,0.0567727734726));
#15822=CARTESIAN_POINT('',(-0.0265,0.041,0.0567727734726));
#15823=CARTESIAN_POINT('',(-0.0265,0.041,0.0567727734726));
#15824=CARTESIAN_POINT('',(-0.0265,0.041,0.0657727734726));
#15825=CARTESIAN_POINT('',(0.,0.041,0.0657727734726));
#15826=CARTESIAN_POINT('',(-0.0265,0.036,0.0567727734726));
#15827=CARTESIAN_POINT('',(-0.0265,0.036,0.0567727734726));
#15828=CARTESIAN_POINT('',(-0.0265,0.036,0.0567727734726));
#15829=CARTESIAN_POINT('',(-0.0265,0.036,0.0567727734726));
#15830=CARTESIAN_POINT('',(-0.0265,0.036,0.0657727734726));
#15831=CARTESIAN_POINT('',(-0.0265,0.036,0.0657727734726));
#15832=CARTESIAN_POINT('',(0.0005,0.036,0.0567727734726));
#15833=CARTESIAN_POINT('',(0.0005,0.036,0.0567727734726));
#15834=CARTESIAN_POINT('',(0.,0.036,0.0657727734726));
#15835=CARTESIAN_POINT('',(0.,0.036,0.0567727734726));
#15836=CARTESIAN_POINT('',(0.,0.036,0.0657727734726));
#15837=CARTESIAN_POINT('',(0.0665717646479607,-0.0715636384524342,-0.0030844748061228));
#15838=CARTESIAN_POINT('',(-0.039,-0.0390000000000127,0.0179));
#15839=CARTESIAN_POINT('',(-0.039,-0.0390000000000127,0.007));
#15840=CARTESIAN_POINT('',(-0.0406,-0.0390000000000127,0.007));
#15841=CARTESIAN_POINT('',(-0.039,-0.0390000000000127,0.018));
#15842=CARTESIAN_POINT('',(-0.0374,-0.0390000000000127,0.018));
#15843=CARTESIAN_POINT('',(-0.039,-0.0389654447958,0.003));
#15844=CARTESIAN_POINT('',(-0.039,-0.0389654447958,0.));
#15845=CARTESIAN_POINT('',(-0.0406,-0.0389654447958,0.));
#15846=CARTESIAN_POINT('',(-0.039,-0.0389654447958,0.006));
#15847=CARTESIAN_POINT('',(-0.0374,-0.0389654447958,0.006));
#15848=CARTESIAN_POINT('',(-0.039,-0.0389654447958,0.));
#15849=CARTESIAN_POINT('',(-0.039,-0.0389654447958,0.006));
#15850=CARTESIAN_POINT('',(-0.03775,-0.04113050830526,0.006));
#15851=CARTESIAN_POINT('',(-0.039,-0.04185219614175,0.006));
#15852=CARTESIAN_POINT('',(-0.0365,-0.04040882046877,0.006));
#15853=CARTESIAN_POINT('',(-0.04025,-0.04113050830526,0.006));
#15854=CARTESIAN_POINT('',(-0.0415,-0.0404088204687713,0.006));
#15855=CARTESIAN_POINT('',(-0.0415,-0.0389654447958,0.006));
#15856=CARTESIAN_POINT('',(-0.0415,-0.0375220691228283,0.006));
#15857=CARTESIAN_POINT('',(-0.04025,-0.03680038128634,0.006));
#15858=CARTESIAN_POINT('',(-0.039,-0.03607869344985,0.006));
#15859=CARTESIAN_POINT('',(-0.03775,-0.03680038128634,0.006));
#15860=CARTESIAN_POINT('',(-0.0365,-0.03752206912283,0.006));
#15861=CARTESIAN_POINT('',(-0.0365,-0.0389654447958,0.006));
#15862=CARTESIAN_POINT('',(-0.039,-0.04185219614175,0.006));
#15863=CARTESIAN_POINT('',(-0.039,-0.04185219614175,0.012));
#15864=CARTESIAN_POINT('',(-0.039,-0.04185219614175,0.018));
#15865=CARTESIAN_POINT('',(-0.0365,-0.04040882046877,0.012));
#15866=CARTESIAN_POINT('',(-0.0365,-0.04040882046877,0.018));
#15867=CARTESIAN_POINT('',(-0.03775,-0.04113050830526,0.018));
#15868=CARTESIAN_POINT('',(-0.0415,-0.04040882046877,0.006));
#15869=CARTESIAN_POINT('',(-0.0415,-0.04040882046877,0.012));
#15870=CARTESIAN_POINT('',(-0.0415,-0.0404088204687718,0.018));
#15871=CARTESIAN_POINT('',(-0.04025,-0.04113050830526,0.018));
#15872=CARTESIAN_POINT('',(-0.0415,-0.03752206912283,0.006));
#15873=CARTESIAN_POINT('',(-0.0415,-0.03752206912283,0.012));
#15874=CARTESIAN_POINT('',(-0.0415,-0.0375220691228283,0.018));
#15875=CARTESIAN_POINT('',(-0.0415,-0.0389654447958,0.018));
#15876=CARTESIAN_POINT('',(-0.039,-0.03607869344985,0.006));
#15877=CARTESIAN_POINT('',(-0.039,-0.03607869344985,0.012));
#15878=CARTESIAN_POINT('',(-0.039,-0.03607869344985,0.018));
#15879=CARTESIAN_POINT('',(-0.04025,-0.03680038128634,0.018));
#15880=CARTESIAN_POINT('',(-0.0365,-0.03752206912283,0.006));
#15881=CARTESIAN_POINT('',(-0.0365,-0.03752206912283,0.012));
#15882=CARTESIAN_POINT('',(-0.0365,-0.03752206912283,0.018));
#15883=CARTESIAN_POINT('',(-0.03775,-0.03680038128634,0.018));
#15884=CARTESIAN_POINT('',(-0.0365,-0.04040882046877,0.006));
#15885=CARTESIAN_POINT('',(-0.0365,-0.0389654447958,0.018));
#15886=CARTESIAN_POINT('',(-0.039,-0.0389654447958,0.018));
#15887=CARTESIAN_POINT('',(-0.039,-0.0390000000000127,0.007));
#15888=CARTESIAN_POINT('',(0.0665717646479607,-0.0715840607200034,-0.0187117013335228));
#15889=CARTESIAN_POINT('',(-0.0005,0.0410345552042,0.0159727734726));
#15890=CARTESIAN_POINT('',(-0.0005,0.0360345552042,0.0159727734726));
#15891=CARTESIAN_POINT('',(-0.0005,0.0360345552042,0.0159727734726));
#15892=CARTESIAN_POINT('',(-0.0005,0.0360345552042,0.0249727734726));
#15893=CARTESIAN_POINT('',(-0.0005,0.0410345552042,0.0159727734726));
#15894=CARTESIAN_POINT('',(-0.0005,0.0410345552042,0.0159727734726));
#15895=CARTESIAN_POINT('',(-0.0005,0.0410345552042,0.0159727734726));
#15896=CARTESIAN_POINT('',(-0.0005,0.0410345552042,0.0249727734726));
#15897=CARTESIAN_POINT('',(-0.0005,0.0360345552042,0.0249727734726));
#15898=CARTESIAN_POINT('',(0.0265,0.0410345552042,0.0159727734726));
#15899=CARTESIAN_POINT('',(0.0265,0.0410345552042,0.0159727734726));
#15900=CARTESIAN_POINT('',(-0.0265,0.0410345552042,0.0159727734726));
#15901=CARTESIAN_POINT('',(-0.0265,0.0410345552042,0.0159727734726));
#15902=CARTESIAN_POINT('',(-0.0265,0.0410345552042,0.0249727734726));
#15903=CARTESIAN_POINT('',(0.,0.0410345552042,0.0249727734726));
#15904=CARTESIAN_POINT('',(-0.0265,0.0360345552042,0.0159727734726));
#15905=CARTESIAN_POINT('',(-0.0265,0.0360345552042,0.0159727734726));
#15906=CARTESIAN_POINT('',(-0.0265,0.0360345552042,0.0159727734726));
#15907=CARTESIAN_POINT('',(-0.0265,0.0360345552042,0.0159727734726));
#15908=CARTESIAN_POINT('',(-0.0265,0.0360345552042,0.0249727734726));
#15909=CARTESIAN_POINT('',(-0.0265,0.0360345552042,0.0249727734726));
#15910=CARTESIAN_POINT('',(0.0005,0.0360345552042,0.0159727734726));
#15911=CARTESIAN_POINT('',(0.0005,0.0360345552042,0.0159727734726));
#15912=CARTESIAN_POINT('',(0.,0.0360345552042,0.0249727734726));
#15913=CARTESIAN_POINT('',(0.,0.0360345552042,0.0159727734726));
#15914=CARTESIAN_POINT('',(0.,0.0360345552042,0.0249727734726));
#15915=CARTESIAN_POINT('',(0.0665717646479607,-0.0715636384524342,-0.0030844748061228));
#15916=CARTESIAN_POINT('',(0.0005,0.036,0.0567727734726));
#15917=CARTESIAN_POINT('',(0.0005,0.036,0.0567727734726));
#15918=CARTESIAN_POINT('',(0.0005,0.036,0.0567727734726));
#15919=CARTESIAN_POINT('',(0.0005,0.036,0.0657727734726));
#15920=CARTESIAN_POINT('',(0.0005,0.036,0.0567727734726));
#15921=CARTESIAN_POINT('',(0.0265,0.036,0.0567727734726));
#15922=CARTESIAN_POINT('',(0.0265,0.036,0.0567727734726));
#15923=CARTESIAN_POINT('',(0.0265,0.036,0.0657727734726));
#15924=CARTESIAN_POINT('',(0.,0.036,0.0657727734726));
#15925=CARTESIAN_POINT('',(0.0265,0.036,0.0567727734726));
#15926=CARTESIAN_POINT('',(0.0265,0.036,0.0567727734726));
#15927=CARTESIAN_POINT('',(0.0265,0.041,0.0567727734726));
#15928=CARTESIAN_POINT('',(0.0265,0.041,0.0567727734726));
#15929=CARTESIAN_POINT('',(0.0265,0.041,0.0657727734726));
#15930=CARTESIAN_POINT('',(0.0265,0.036,0.0657727734726));
#15931=CARTESIAN_POINT('',(0.0265,0.041,0.0567727734726));
#15932=CARTESIAN_POINT('',(0.0265,0.041,0.0567727734726));
#15933=CARTESIAN_POINT('',(0.0005,0.041,0.0567727734726));
#15934=CARTESIAN_POINT('',(0.0005,0.041,0.0567727734726));
#15935=CARTESIAN_POINT('',(0.0005,0.041,0.0657727734726));
#15936=CARTESIAN_POINT('',(0.,0.041,0.0657727734726));
#15937=CARTESIAN_POINT('',(0.0005,0.041,0.0567727734726));
#15938=CARTESIAN_POINT('',(0.0005,0.041,0.0567727734726));
#15939=CARTESIAN_POINT('',(0.0005,0.036,0.0657727734726));
#15940=CARTESIAN_POINT('',(0.,0.036,0.0567727734726));
#15941=CARTESIAN_POINT('',(0.,0.036,0.0657727734726));
#15942=CARTESIAN_POINT('',(0.0665717646479607,-0.0715636384524342,-0.0030844748061228));
#15943=CARTESIAN_POINT('',(0.039,0.0389654447957873,0.0441727734726));
#15944=CARTESIAN_POINT('',(0.039,0.0389654447957873,0.0441727734726));
#15945=CARTESIAN_POINT('',(0.0374,0.0389654447957873,0.0441727734726));
#15946=CARTESIAN_POINT('',(0.039,0.039,0.0551727734726));
#15947=CARTESIAN_POINT('',(0.0415,0.039,0.0551727734726));
#15948=CARTESIAN_POINT('',(0.0415000000000006,0.0375566243270281,0.0551727734726));
#15949=CARTESIAN_POINT('',(0.0415,0.04044337567297,0.0551727734726));
#15950=CARTESIAN_POINT('',(0.0415,0.04044337567297,0.0551727734726));
#15951=CARTESIAN_POINT('',(0.0389999999999986,0.0418867513459485,0.0551727734726));
#15952=CARTESIAN_POINT('',(0.039,0.04188675134595,0.0551727734726));
#15953=CARTESIAN_POINT('',(0.0364999999999995,0.0404433756729719,0.0551727734726));
#15954=CARTESIAN_POINT('',(0.0365,0.039,0.0551727734726));
#15955=CARTESIAN_POINT('',(0.0365,0.03755662432703,0.0551727734726));
#15956=CARTESIAN_POINT('',(0.0365,0.03755662432703,0.0551727734726));
#15957=CARTESIAN_POINT('',(0.0390000000000014,0.0361132486540515,0.0551727734726));
#15958=CARTESIAN_POINT('',(0.039,0.03611324865405,0.0551727734726));
#15959=CARTESIAN_POINT('',(0.039,0.0389654447957873,0.0551727734726));
#15960=CARTESIAN_POINT('',(0.0374,0.0389654447957873,0.0551727734726));
#15961=CARTESIAN_POINT('',(0.0415,0.03755662432703,0.0431727734726));
#15962=CARTESIAN_POINT('',(0.0415000000000023,0.0375566243270261,0.0431727734726));
#15963=CARTESIAN_POINT('',(0.0415000000000012,0.0375566243270255,0.0431727734726));
#15964=CARTESIAN_POINT('',(0.0415,0.03755662432703,0.0431727734726));
#15965=CARTESIAN_POINT('',(0.0415,0.04044337567297,0.0431727734726));
#15966=CARTESIAN_POINT('',(0.0415,0.04044337567297,0.0431727734726));
#15967=CARTESIAN_POINT('',(0.0415,0.04044337567297,0.0431727734726));
#15968=CARTESIAN_POINT('',(0.0415,0.04044337567297,0.0431727734726));
#15969=CARTESIAN_POINT('',(0.0389999999999966,0.0418867513459468,0.0431727734726));
#15970=CARTESIAN_POINT('',(0.0389999999999978,0.0418867513459461,0.0431727734726));
#15971=CARTESIAN_POINT('',(0.039,0.04188675134595,0.0431727734726));
#15972=CARTESIAN_POINT('',(0.039,0.04188675134595,0.0431727734726));
#15973=CARTESIAN_POINT('',(0.0364999999999989,0.0404433756729745,0.0431727734726));
#15974=CARTESIAN_POINT('',(0.0364999999999978,0.0404433756729739,0.0431727734726));
#15975=CARTESIAN_POINT('',(0.0365,0.04044337567297,0.0431727734726));
#15976=CARTESIAN_POINT('',(0.0365,0.04044337567297,0.0431727734726));
#15977=CARTESIAN_POINT('',(0.0365,0.03755662432703,0.0431727734726));
#15978=CARTESIAN_POINT('',(0.0365,0.03755662432703,0.0431727734726));
#15979=CARTESIAN_POINT('',(0.0365,0.03755662432703,0.0431727734726));
#15980=CARTESIAN_POINT('',(0.0365,0.03755662432703,0.0431727734726));
#15981=CARTESIAN_POINT('',(0.0390000000000034,0.0361132486540532,0.0431727734726));
#15982=CARTESIAN_POINT('',(0.0390000000000022,0.0361132486540539,0.0431727734726));
#15983=CARTESIAN_POINT('',(0.039,0.03611324865405,0.0431727734726));
#15984=CARTESIAN_POINT('',(0.039,0.03611324865405,0.0431727734726));
#15985=CARTESIAN_POINT('',(0.039,0.039,0.0431727734726));
#15986=CARTESIAN_POINT('',(0.039,0.039,0.0431727734726));
#15987=CARTESIAN_POINT('',(0.0374,0.039,0.0431727734726));
#15988=CARTESIAN_POINT('',(0.039,0.039,0.0371727734726));
#15989=CARTESIAN_POINT('',(0.039,0.039,0.0371727734726));
#15990=CARTESIAN_POINT('',(0.0374,0.039,0.0371727734726));
#15991=CARTESIAN_POINT('',(0.039,0.039,0.0401727734726));
#15992=CARTESIAN_POINT('',(0.039,0.0389654447957873,0.0550727734726));
#15993=CARTESIAN_POINT('',(0.0665717646479607,-0.0715636384524342,-0.0030844748061228));
#15994=CARTESIAN_POINT('',(0.039,-0.0390000000000127,0.0441727734726));
#15995=CARTESIAN_POINT('',(0.039,-0.0390000000000127,0.0441727734726));
#15996=CARTESIAN_POINT('',(0.0374,-0.0390000000000127,0.0441727734726));
#15997=CARTESIAN_POINT('',(0.039,-0.0389654447958,0.0551727734726));
#15998=CARTESIAN_POINT('',(0.0415,-0.0389654447958,0.0551727734726));
#15999=CARTESIAN_POINT('',(0.0415000000000006,-0.040408820468772,0.0551727734726));
#16000=CARTESIAN_POINT('',(0.0415,-0.03752206912283,0.0551727734726));
#16001=CARTESIAN_POINT('',(0.0415,-0.03752206912283,0.0551727734726));
#16002=CARTESIAN_POINT('',(0.0389999999999986,-0.0360786934498514,0.0551727734726));
#16003=CARTESIAN_POINT('',(0.039,-0.03607869344985,0.0551727734726));
#16004=CARTESIAN_POINT('',(0.0364999999999995,-0.0375220691228281,0.0551727734726));
#16005=CARTESIAN_POINT('',(0.0365,-0.0389654447958,0.0551727734726));
#16006=CARTESIAN_POINT('',(0.0365,-0.04040882046877,0.0551727734726));
#16007=CARTESIAN_POINT('',(0.0365,-0.04040882046877,0.0551727734726));
#16008=CARTESIAN_POINT('',(0.0390000000000014,-0.0418521961417486,0.0551727734726));
#16009=CARTESIAN_POINT('',(0.039,-0.04185219614175,0.0551727734726));
#16010=CARTESIAN_POINT('',(0.039,-0.0390000000000127,0.0551727734726));
#16011=CARTESIAN_POINT('',(0.0374,-0.0390000000000127,0.0551727734726));
#16012=CARTESIAN_POINT('',(0.0415,-0.04040882046877,0.0431727734726));
#16013=CARTESIAN_POINT('',(0.0415000000000023,-0.0404088204687739,0.0431727734726));
#16014=CARTESIAN_POINT('',(0.0415000000000012,-0.0404088204687746,0.0431727734726));
#16015=CARTESIAN_POINT('',(0.0415,-0.04040882046877,0.0431727734726));
#16016=CARTESIAN_POINT('',(0.0415,-0.03752206912283,0.0431727734726));
#16017=CARTESIAN_POINT('',(0.0415,-0.03752206912283,0.0431727734726));
#16018=CARTESIAN_POINT('',(0.0415,-0.03752206912283,0.0431727734726));
#16019=CARTESIAN_POINT('',(0.0415,-0.03752206912283,0.0431727734726));
#16020=CARTESIAN_POINT('',(0.0389999999999966,-0.0360786934498532,0.0431727734726));
#16021=CARTESIAN_POINT('',(0.0389999999999978,-0.0360786934498539,0.0431727734726));
#16022=CARTESIAN_POINT('',(0.039,-0.03607869344985,0.0431727734726));
#16023=CARTESIAN_POINT('',(0.039,-0.03607869344985,0.0431727734726));
#16024=CARTESIAN_POINT('',(0.0364999999999989,-0.0375220691228254,0.0431727734726));
#16025=CARTESIAN_POINT('',(0.0364999999999978,-0.0375220691228261,0.0431727734726));
#16026=CARTESIAN_POINT('',(0.0365,-0.03752206912283,0.0431727734726));
#16027=CARTESIAN_POINT('',(0.0365,-0.03752206912283,0.0431727734726));
#16028=CARTESIAN_POINT('',(0.0365,-0.04040882046877,0.0431727734726));
#16029=CARTESIAN_POINT('',(0.0365,-0.04040882046877,0.0431727734726));
#16030=CARTESIAN_POINT('',(0.0365,-0.04040882046877,0.0431727734726));
#16031=CARTESIAN_POINT('',(0.0365,-0.04040882046877,0.0431727734726));
#16032=CARTESIAN_POINT('',(0.0390000000000034,-0.0418521961417468,0.0431727734726));
#16033=CARTESIAN_POINT('',(0.0390000000000022,-0.0418521961417461,0.0431727734726));
#16034=CARTESIAN_POINT('',(0.039,-0.04185219614175,0.0431727734726));
#16035=CARTESIAN_POINT('',(0.039,-0.04185219614175,0.0431727734726));
#16036=CARTESIAN_POINT('',(0.039,-0.0389654447958,0.0431727734726));
#16037=CARTESIAN_POINT('',(0.039,-0.0389654447958,0.0431727734726));
#16038=CARTESIAN_POINT('',(0.0374,-0.0389654447958,0.0431727734726));
#16039=CARTESIAN_POINT('',(0.039,-0.0389654447958,0.0371727734726));
#16040=CARTESIAN_POINT('',(0.039,-0.0389654447958,0.0371727734726));
#16041=CARTESIAN_POINT('',(0.0374,-0.0389654447958,0.0371727734726));
#16042=CARTESIAN_POINT('',(0.039,-0.0389654447958,0.0401727734726));
#16043=CARTESIAN_POINT('',(0.039,-0.0390000000000127,0.0550727734726));
#16044=CARTESIAN_POINT('',(0.0665717646479607,-0.0715636384524342,-0.0030844748061228));
#16045=CARTESIAN_POINT('',(0.039,0.0389999999999873,0.0299));
#16046=CARTESIAN_POINT('',(0.039,0.0389999999999873,0.019));
#16047=CARTESIAN_POINT('',(0.0374,0.0389999999999873,0.019));
#16048=CARTESIAN_POINT('',(0.039,0.0389999999999873,0.03));
#16049=CARTESIAN_POINT('',(0.0406,0.0389999999999873,0.03));
#16050=CARTESIAN_POINT('',(0.039,0.0390345552042,0.015));
#16051=CARTESIAN_POINT('',(0.039,0.0390345552042,0.012));
#16052=CARTESIAN_POINT('',(0.0374,0.0390345552042,0.012));
#16053=CARTESIAN_POINT('',(0.039,0.0390345552042,0.018));
#16054=CARTESIAN_POINT('',(0.0406,0.0390345552042,0.018));
#16055=CARTESIAN_POINT('',(0.039,0.0390345552042,0.012));
#16056=CARTESIAN_POINT('',(0.039,0.0390345552042,0.018));
#16057=CARTESIAN_POINT('',(0.04025,0.03686949169474,0.018));
#16058=CARTESIAN_POINT('',(0.039,0.03614780385825,0.018));
#16059=CARTESIAN_POINT('',(0.0415,0.03759117953123,0.018));
#16060=CARTESIAN_POINT('',(0.03775,0.03686949169474,0.018));
#16061=CARTESIAN_POINT('',(0.0365,0.0375911795312287,0.018));
#16062=CARTESIAN_POINT('',(0.0365,0.0390345552042,0.018));
#16063=CARTESIAN_POINT('',(0.0365,0.0404779308771717,0.018));
#16064=CARTESIAN_POINT('',(0.03775,0.04119961871366,0.018));
#16065=CARTESIAN_POINT('',(0.039,0.04192130655015,0.018));
#16066=CARTESIAN_POINT('',(0.04025,0.04119961871366,0.018));
#16067=CARTESIAN_POINT('',(0.0415,0.04047793087717,0.018));
#16068=CARTESIAN_POINT('',(0.0415,0.0390345552042,0.018));
#16069=CARTESIAN_POINT('',(0.039,0.03614780385825,0.018));
#16070=CARTESIAN_POINT('',(0.039,0.03614780385825,0.024));
#16071=CARTESIAN_POINT('',(0.039,0.03614780385825,0.03));
#16072=CARTESIAN_POINT('',(0.0415,0.03759117953123,0.024));
#16073=CARTESIAN_POINT('',(0.0415,0.03759117953123,0.03));
#16074=CARTESIAN_POINT('',(0.04025,0.03686949169474,0.03));
#16075=CARTESIAN_POINT('',(0.0365,0.03759117953123,0.018));
#16076=CARTESIAN_POINT('',(0.0365,0.03759117953123,0.024));
#16077=CARTESIAN_POINT('',(0.0365,0.0375911795312283,0.03));
#16078=CARTESIAN_POINT('',(0.03775,0.03686949169474,0.03));
#16079=CARTESIAN_POINT('',(0.0365,0.04047793087717,0.018));
#16080=CARTESIAN_POINT('',(0.0365,0.04047793087717,0.024));
#16081=CARTESIAN_POINT('',(0.0365,0.0404779308771717,0.03));
#16082=CARTESIAN_POINT('',(0.0365,0.0390345552042,0.03));
#16083=CARTESIAN_POINT('',(0.039,0.04192130655015,0.018));
#16084=CARTESIAN_POINT('',(0.039,0.04192130655015,0.024));
#16085=CARTESIAN_POINT('',(0.039,0.04192130655015,0.03));
#16086=CARTESIAN_POINT('',(0.03775,0.04119961871366,0.03));
#16087=CARTESIAN_POINT('',(0.0415,0.04047793087717,0.018));
#16088=CARTESIAN_POINT('',(0.0415,0.04047793087717,0.024));
#16089=CARTESIAN_POINT('',(0.0415,0.04047793087717,0.03));
#16090=CARTESIAN_POINT('',(0.04025,0.04119961871366,0.03));
#16091=CARTESIAN_POINT('',(0.0415,0.03759117953123,0.018));
#16092=CARTESIAN_POINT('',(0.0415,0.0390345552042,0.03));
#16093=CARTESIAN_POINT('',(0.039,0.0390345552042,0.03));
#16094=CARTESIAN_POINT('',(0.039,0.0389999999999873,0.019));
#16095=CARTESIAN_POINT('',(0.0665717646479607,-0.0715840607200034,-0.0187117013335228));
#16096=CARTESIAN_POINT('',(-0.039,-0.0390000000000127,0.0441727734726));
#16097=CARTESIAN_POINT('',(-0.039,-0.0390000000000127,0.0441727734726));
#16098=CARTESIAN_POINT('',(-0.0406,-0.0390000000000127,0.0441727734726));
#16099=CARTESIAN_POINT('',(-0.039,-0.0389654447958,0.0551727734726));
#16100=CARTESIAN_POINT('',(-0.0365,-0.0389654447958,0.0551727734726));
#16101=CARTESIAN_POINT('',(-0.0364999999999995,-0.040408820468772,0.0551727734726));
#16102=CARTESIAN_POINT('',(-0.0365,-0.03752206912283,0.0551727734726));
#16103=CARTESIAN_POINT('',(-0.0365,-0.03752206912283,0.0551727734726));
#16104=CARTESIAN_POINT('',(-0.0390000000000014,-0.0360786934498514,0.0551727734726));
#16105=CARTESIAN_POINT('',(-0.039,-0.03607869344985,0.0551727734726));
#16106=CARTESIAN_POINT('',(-0.0415000000000006,-0.0375220691228281,0.0551727734726));
#16107=CARTESIAN_POINT('',(-0.0415,-0.0389654447958,0.0551727734726));
#16108=CARTESIAN_POINT('',(-0.0415,-0.04040882046877,0.0551727734726));
#16109=CARTESIAN_POINT('',(-0.0415,-0.04040882046877,0.0551727734726));
#16110=CARTESIAN_POINT('',(-0.0389999999999986,-0.0418521961417486,0.0551727734726));
#16111=CARTESIAN_POINT('',(-0.039,-0.04185219614175,0.0551727734726));
#16112=CARTESIAN_POINT('',(-0.039,-0.0390000000000127,0.0551727734726));
#16113=CARTESIAN_POINT('',(-0.0406,-0.0390000000000127,0.0551727734726));
#16114=CARTESIAN_POINT('',(-0.0365,-0.04040882046877,0.0431727734726));
#16115=CARTESIAN_POINT('',(-0.0364999999999978,-0.0404088204687739,0.0431727734726));
#16116=CARTESIAN_POINT('',(-0.0364999999999989,-0.0404088204687746,0.0431727734726));
#16117=CARTESIAN_POINT('',(-0.0365,-0.04040882046877,0.0431727734726));
#16118=CARTESIAN_POINT('',(-0.0365,-0.03752206912283,0.0431727734726));
#16119=CARTESIAN_POINT('',(-0.0365,-0.03752206912283,0.0431727734726));
#16120=CARTESIAN_POINT('',(-0.0365,-0.03752206912283,0.0431727734726));
#16121=CARTESIAN_POINT('',(-0.0365,-0.03752206912283,0.0431727734726));
#16122=CARTESIAN_POINT('',(-0.0390000000000034,-0.0360786934498532,0.0431727734726));
#16123=CARTESIAN_POINT('',(-0.0390000000000022,-0.0360786934498539,0.0431727734726));
#16124=CARTESIAN_POINT('',(-0.039,-0.03607869344985,0.0431727734726));
#16125=CARTESIAN_POINT('',(-0.039,-0.03607869344985,0.0431727734726));
#16126=CARTESIAN_POINT('',(-0.0415000000000012,-0.0375220691228254,0.0431727734726));
#16127=CARTESIAN_POINT('',(-0.0415000000000023,-0.0375220691228261,0.0431727734726));
#16128=CARTESIAN_POINT('',(-0.0415,-0.03752206912283,0.0431727734726));
#16129=CARTESIAN_POINT('',(-0.0415,-0.03752206912283,0.0431727734726));
#16130=CARTESIAN_POINT('',(-0.0415,-0.04040882046877,0.0431727734726));
#16131=CARTESIAN_POINT('',(-0.0415,-0.04040882046877,0.0431727734726));
#16132=CARTESIAN_POINT('',(-0.0415,-0.04040882046877,0.0431727734726));
#16133=CARTESIAN_POINT('',(-0.0415,-0.04040882046877,0.0431727734726));
#16134=CARTESIAN_POINT('',(-0.0389999999999966,-0.0418521961417468,0.0431727734726));
#16135=CARTESIAN_POINT('',(-0.0389999999999978,-0.0418521961417461,0.0431727734726));
#16136=CARTESIAN_POINT('',(-0.039,-0.04185219614175,0.0431727734726));
#16137=CARTESIAN_POINT('',(-0.039,-0.04185219614175,0.0431727734726));
#16138=CARTESIAN_POINT('',(-0.039,-0.0389654447958,0.0431727734726));
#16139=CARTESIAN_POINT('',(-0.039,-0.0389654447958,0.0431727734726));
#16140=CARTESIAN_POINT('',(-0.0406,-0.0389654447958,0.0431727734726));
#16141=CARTESIAN_POINT('',(-0.039,-0.0389654447958,0.0371727734726));
#16142=CARTESIAN_POINT('',(-0.039,-0.0389654447958,0.0371727734726));
#16143=CARTESIAN_POINT('',(-0.0406,-0.0389654447958,0.0371727734726));
#16144=CARTESIAN_POINT('',(-0.039,-0.0389654447958,0.0401727734726));
#16145=CARTESIAN_POINT('',(-0.039,-0.0390000000000127,0.0550727734726));
#16146=CARTESIAN_POINT('',(0.0665717646479607,-0.0715636384524342,-0.0030844748061228));
#16147=CARTESIAN_POINT('',(-0.039,-0.0389654447958127,0.0169727734726));
#16148=CARTESIAN_POINT('',(-0.039,-0.0389654447958127,0.0169727734726));
#16149=CARTESIAN_POINT('',(-0.0406,-0.0389654447958127,0.0169727734726));
#16150=CARTESIAN_POINT('',(-0.039,-0.0389308895916,0.0279727734726));
#16151=CARTESIAN_POINT('',(-0.0365,-0.0389308895916,0.0279727734726));
#16152=CARTESIAN_POINT('',(-0.0364999999999995,-0.040374265264572,0.0279727734726));
#16153=CARTESIAN_POINT('',(-0.0365,-0.03748751391863,0.0279727734726));
#16154=CARTESIAN_POINT('',(-0.0365,-0.03748751391863,0.0279727734726));
#16155=CARTESIAN_POINT('',(-0.0390000000000014,-0.0360441382456514,0.0279727734726));
#16156=CARTESIAN_POINT('',(-0.039,-0.03604413824565,0.0279727734726));
#16157=CARTESIAN_POINT('',(-0.0415000000000006,-0.037487513918628,0.0279727734726));
#16158=CARTESIAN_POINT('',(-0.0415,-0.0389308895916,0.0279727734726));
#16159=CARTESIAN_POINT('',(-0.0415,-0.04037426526457,0.0279727734726));
#16160=CARTESIAN_POINT('',(-0.0415,-0.04037426526457,0.0279727734726));
#16161=CARTESIAN_POINT('',(-0.0389999999999986,-0.0418176409375485,0.0279727734726));
#16162=CARTESIAN_POINT('',(-0.039,-0.04181764093755,0.0279727734726));
#16163=CARTESIAN_POINT('',(-0.039,-0.0389654447958127,0.0279727734726));
#16164=CARTESIAN_POINT('',(-0.0406,-0.0389654447958127,0.0279727734726));
#16165=CARTESIAN_POINT('',(-0.0365,-0.04037426526457,0.0159727734726));
#16166=CARTESIAN_POINT('',(-0.0364999999999978,-0.0403742652645739,0.0159727734726));
#16167=CARTESIAN_POINT('',(-0.0364999999999989,-0.0403742652645745,0.0159727734726));
#16168=CARTESIAN_POINT('',(-0.0365,-0.04037426526457,0.0159727734726));
#16169=CARTESIAN_POINT('',(-0.0365,-0.03748751391863,0.0159727734726));
#16170=CARTESIAN_POINT('',(-0.0365,-0.03748751391863,0.0159727734726));
#16171=CARTESIAN_POINT('',(-0.0365,-0.03748751391863,0.0159727734726));
#16172=CARTESIAN_POINT('',(-0.0365,-0.03748751391863,0.0159727734726));
#16173=CARTESIAN_POINT('',(-0.0390000000000034,-0.0360441382456533,0.0159727734726));
#16174=CARTESIAN_POINT('',(-0.0390000000000022,-0.0360441382456539,0.0159727734726));
#16175=CARTESIAN_POINT('',(-0.039,-0.03604413824565,0.0159727734726));
#16176=CARTESIAN_POINT('',(-0.039,-0.03604413824565,0.0159727734726));
#16177=CARTESIAN_POINT('',(-0.0415000000000012,-0.0374875139186254,0.0159727734726));
#16178=CARTESIAN_POINT('',(-0.0415000000000023,-0.0374875139186261,0.0159727734726));
#16179=CARTESIAN_POINT('',(-0.0415,-0.03748751391863,0.0159727734726));
#16180=CARTESIAN_POINT('',(-0.0415,-0.03748751391863,0.0159727734726));
#16181=CARTESIAN_POINT('',(-0.0415,-0.04037426526457,0.0159727734726));
#16182=CARTESIAN_POINT('',(-0.0415,-0.04037426526457,0.0159727734726));
#16183=CARTESIAN_POINT('',(-0.0415,-0.04037426526457,0.0159727734726));
#16184=CARTESIAN_POINT('',(-0.0415,-0.04037426526457,0.0159727734726));
#16185=CARTESIAN_POINT('',(-0.0389999999999966,-0.0418176409375468,0.0159727734726));
#16186=CARTESIAN_POINT('',(-0.0389999999999978,-0.0418176409375461,0.0159727734726));
#16187=CARTESIAN_POINT('',(-0.039,-0.04181764093755,0.0159727734726));
#16188=CARTESIAN_POINT('',(-0.039,-0.04181764093755,0.0159727734726));
#16189=CARTESIAN_POINT('',(-0.039,-0.0389308895916,0.0159727734726));
#16190=CARTESIAN_POINT('',(-0.039,-0.0389308895916,0.0159727734726));
#16191=CARTESIAN_POINT('',(-0.0406,-0.0389308895916,0.0159727734726));
#16192=CARTESIAN_POINT('',(-0.039,-0.0389308895916,0.0099727734726));
#16193=CARTESIAN_POINT('',(-0.039,-0.0389308895916,0.0099727734726));
#16194=CARTESIAN_POINT('',(-0.0406,-0.0389308895916,0.0099727734726));
#16195=CARTESIAN_POINT('',(-0.039,-0.0389308895916,0.0129727734726));
#16196=CARTESIAN_POINT('',(-0.039,-0.0389654447958127,0.0278727734726));
#16197=CARTESIAN_POINT('',(0.0665717646479607,-0.0715636384524342,-0.0030844748061228));
#16198=MECHANICAL_DESIGN_GEOMETRIC_PRESENTATION_REPRESENTATION('',(#9314,
#9315,#9316,#9317,#9318,#9319,#9320,#9321,#9322,#10,#11,#12,#13,#14,#15,
#16,#17,#18,#19,#20,#21,#22,#23,#24,#25,#26,#27,#28,#29,#30,#31,#32,#33,
#34,#35,#36,#37,#38,#39,#40,#9323,#9324,#9325,#9326,#9327,#9328,#9329,#9330,
#9331,#9332,#9333,#9334,#9335,#9336,#9337,#9338,#9339,#9340,#9341,#9342,
#9343,#9344,#9345,#9346,#9347,#9348,#9349,#9350,#9351,#9352),#16199);
#16199=(
GEOMETRIC_REPRESENTATION_CONTEXT(3)
GLOBAL_UNCERTAINTY_ASSIGNED_CONTEXT((#16239))
GLOBAL_UNIT_ASSIGNED_CONTEXT((#16281,#16280,#16279))
REPRESENTATION_CONTEXT('Sat sem chassi','TOP_LEVEL_ASSEMBLY_PART')
);
#16200=(
GEOMETRIC_REPRESENTATION_CONTEXT(3)
GLOBAL_UNCERTAINTY_ASSIGNED_CONTEXT((#16240))
GLOBAL_UNIT_ASSIGNED_CONTEXT((#16281,#16280,#16279))
REPRESENTATION_CONTEXT('1730_4','COMPONENT_PART')
);
#16201=(
GEOMETRIC_REPRESENTATION_CONTEXT(3)
GLOBAL_UNCERTAINTY_ASSIGNED_CONTEXT((#16241))
GLOBAL_UNIT_ASSIGNED_CONTEXT((#16281,#16280,#16279))
REPRESENTATION_CONTEXT('1730_2','COMPONENT_PART')
);
#16202=(
GEOMETRIC_REPRESENTATION_CONTEXT(3)
GLOBAL_UNCERTAINTY_ASSIGNED_CONTEXT((#16242))
GLOBAL_UNIT_ASSIGNED_CONTEXT((#16281,#16280,#16279))
REPRESENTATION_CONTEXT('1730_5','COMPONENT_PART')
);
#16203=(
GEOMETRIC_REPRESENTATION_CONTEXT(3)
GLOBAL_UNCERTAINTY_ASSIGNED_CONTEXT((#16243))
GLOBAL_UNIT_ASSIGNED_CONTEXT((#16281,#16280,#16279))
REPRESENTATION_CONTEXT('pilares pionsat__PartBody_13','COMPONENT_PART')
);
#16204=(
GEOMETRIC_REPRESENTATION_CONTEXT(3)
GLOBAL_UNCERTAINTY_ASSIGNED_CONTEXT((#16244))
GLOBAL_UNIT_ASSIGNED_CONTEXT((#16281,#16280,#16279))
REPRESENTATION_CONTEXT('Part1__PartBody_2','COMPONENT_PART')
);
#16205=(
GEOMETRIC_REPRESENTATION_CONTEXT(3)
GLOBAL_UNCERTAINTY_ASSIGNED_CONTEXT((#16245))
GLOBAL_UNIT_ASSIGNED_CONTEXT((#16281,#16280,#16279))
REPRESENTATION_CONTEXT('barramento__PartBody.2_2','COMPONENT_PART')
);
#16206=(
GEOMETRIC_REPRESENTATION_CONTEXT(3)
GLOBAL_UNCERTAINTY_ASSIGNED_CONTEXT((#16246))
GLOBAL_UNIT_ASSIGNED_CONTEXT((#16281,#16280,#16279))
REPRESENTATION_CONTEXT('barramento__PartBody.1_2','COMPONENT_PART')
);
#16207=(
GEOMETRIC_REPRESENTATION_CONTEXT(3)
GLOBAL_UNCERTAINTY_ASSIGNED_CONTEXT((#16247))
GLOBAL_UNIT_ASSIGNED_CONTEXT((#16281,#16280,#16279))
REPRESENTATION_CONTEXT('pilares pionsat__PartBody_4','COMPONENT_PART')
);
#16208=(
GEOMETRIC_REPRESENTATION_CONTEXT(3)
GLOBAL_UNCERTAINTY_ASSIGNED_CONTEXT((#16248))
GLOBAL_UNIT_ASSIGNED_CONTEXT((#16281,#16280,#16279))
REPRESENTATION_CONTEXT('Part 1','COMPONENT_PART')
);
#16209=(
GEOMETRIC_REPRESENTATION_CONTEXT(3)
GLOBAL_UNCERTAINTY_ASSIGNED_CONTEXT((#16249))
GLOBAL_UNIT_ASSIGNED_CONTEXT((#16281,#16280,#16279))
REPRESENTATION_CONTEXT('pilares pionsat__PartBody_6','COMPONENT_PART')
);
#16210=(
GEOMETRIC_REPRESENTATION_CONTEXT(3)
GLOBAL_UNCERTAINTY_ASSIGNED_CONTEXT((#16250))
GLOBAL_UNIT_ASSIGNED_CONTEXT((#16281,#16280,#16279))
REPRESENTATION_CONTEXT('1730_6','COMPONENT_PART')
);
#16211=(
GEOMETRIC_REPRESENTATION_CONTEXT(3)
GLOBAL_UNCERTAINTY_ASSIGNED_CONTEXT((#16251))
GLOBAL_UNIT_ASSIGNED_CONTEXT((#16281,#16280,#16279))
REPRESENTATION_CONTEXT('pilares pionsat__PartBody_7','COMPONENT_PART')
);
#16212=(
GEOMETRIC_REPRESENTATION_CONTEXT(3)
GLOBAL_UNCERTAINTY_ASSIGNED_CONTEXT((#16252))
GLOBAL_UNIT_ASSIGNED_CONTEXT((#16281,#16280,#16279))
REPRESENTATION_CONTEXT('barramento__PartBody.1','COMPONENT_PART')
);
#16213=(
GEOMETRIC_REPRESENTATION_CONTEXT(3)
GLOBAL_UNCERTAINTY_ASSIGNED_CONTEXT((#16253))
GLOBAL_UNIT_ASSIGNED_CONTEXT((#16281,#16280,#16279))
REPRESENTATION_CONTEXT('bateria','COMPONENT_PART')
);
#16214=(
GEOMETRIC_REPRESENTATION_CONTEXT(3)
GLOBAL_UNCERTAINTY_ASSIGNED_CONTEXT((#16254))
GLOBAL_UNIT_ASSIGNED_CONTEXT((#16281,#16280,#16279))
REPRESENTATION_CONTEXT('pilares pionsat__PartBody_11','COMPONENT_PART')
);
#16215=(
GEOMETRIC_REPRESENTATION_CONTEXT(3)
GLOBAL_UNCERTAINTY_ASSIGNED_CONTEXT((#16255))
GLOBAL_UNIT_ASSIGNED_CONTEXT((#16281,#16280,#16279))
REPRESENTATION_CONTEXT('1730_1','COMPONENT_PART')
);
#16216=(
GEOMETRIC_REPRESENTATION_CONTEXT(3)
GLOBAL_UNCERTAINTY_ASSIGNED_CONTEXT((#16256))
GLOBAL_UNIT_ASSIGNED_CONTEXT((#16281,#16280,#16279))
REPRESENTATION_CONTEXT('Part1__PartBody','COMPONENT_PART')
);
#16217=(
GEOMETRIC_REPRESENTATION_CONTEXT(3)
GLOBAL_UNCERTAINTY_ASSIGNED_CONTEXT((#16257))
GLOBAL_UNIT_ASSIGNED_CONTEXT((#16281,#16280,#16279))
REPRESENTATION_CONTEXT('pilares pionsat__PartBody','COMPONENT_PART')
);
#16218=(
GEOMETRIC_REPRESENTATION_CONTEXT(3)
GLOBAL_UNCERTAINTY_ASSIGNED_CONTEXT((#16258))
GLOBAL_UNIT_ASSIGNED_CONTEXT((#16281,#16280,#16279))
REPRESENTATION_CONTEXT('1730_3','COMPONENT_PART')
);
#16219=(
GEOMETRIC_REPRESENTATION_CONTEXT(3)
GLOBAL_UNCERTAINTY_ASSIGNED_CONTEXT((#16259))
GLOBAL_UNIT_ASSIGNED_CONTEXT((#16281,#16280,#16279))
REPRESENTATION_CONTEXT('pilares pionsat__PartBody_8','COMPONENT_PART')
);
#16220=(
GEOMETRIC_REPRESENTATION_CONTEXT(3)
GLOBAL_UNCERTAINTY_ASSIGNED_CONTEXT((#16260))
GLOBAL_UNIT_ASSIGNED_CONTEXT((#16281,#16280,#16279))
REPRESENTATION_CONTEXT('pilares pionsat__PartBody_9','COMPONENT_PART')
);
#16221=(
GEOMETRIC_REPRESENTATION_CONTEXT(3)
GLOBAL_UNCERTAINTY_ASSIGNED_CONTEXT((#16261))
GLOBAL_UNIT_ASSIGNED_CONTEXT((#16281,#16280,#16279))
REPRESENTATION_CONTEXT('Part1__PartBody_1','COMPONENT_PART')
);
#16222=(
GEOMETRIC_REPRESENTATION_CONTEXT(3)
GLOBAL_UNCERTAINTY_ASSIGNED_CONTEXT((#16262))
GLOBAL_UNIT_ASSIGNED_CONTEXT((#16281,#16280,#16279))
REPRESENTATION_CONTEXT('barramento__PartBody.2','COMPONENT_PART')
);
#16223=(
GEOMETRIC_REPRESENTATION_CONTEXT(3)
GLOBAL_UNCERTAINTY_ASSIGNED_CONTEXT((#16263))
GLOBAL_UNIT_ASSIGNED_CONTEXT((#16281,#16280,#16279))
REPRESENTATION_CONTEXT('Part 1','COMPONENT_PART')
);
#16224=(
GEOMETRIC_REPRESENTATION_CONTEXT(3)
GLOBAL_UNCERTAINTY_ASSIGNED_CONTEXT((#16264))
GLOBAL_UNIT_ASSIGNED_CONTEXT((#16281,#16280,#16279))
REPRESENTATION_CONTEXT('Part1__PartBody_3','COMPONENT_PART')
);
#16225=(
GEOMETRIC_REPRESENTATION_CONTEXT(3)
GLOBAL_UNCERTAINTY_ASSIGNED_CONTEXT((#16265))
GLOBAL_UNIT_ASSIGNED_CONTEXT((#16281,#16280,#16279))
REPRESENTATION_CONTEXT('pilares pionsat__PartBody_12','COMPONENT_PART')
);
#16226=(
GEOMETRIC_REPRESENTATION_CONTEXT(3)
GLOBAL_UNCERTAINTY_ASSIGNED_CONTEXT((#16266))
GLOBAL_UNIT_ASSIGNED_CONTEXT((#16281,#16280,#16279))
REPRESENTATION_CONTEXT('pilares pionsat__PartBody_15','COMPONENT_PART')
);
#16227=(
GEOMETRIC_REPRESENTATION_CONTEXT(3)
GLOBAL_UNCERTAINTY_ASSIGNED_CONTEXT((#16267))
GLOBAL_UNIT_ASSIGNED_CONTEXT((#16281,#16280,#16279))
REPRESENTATION_CONTEXT('barramento__PartBody.1_3','COMPONENT_PART')
);
#16228=(
GEOMETRIC_REPRESENTATION_CONTEXT(3)
GLOBAL_UNCERTAINTY_ASSIGNED_CONTEXT((#16268))
GLOBAL_UNIT_ASSIGNED_CONTEXT((#16281,#16280,#16279))
REPRESENTATION_CONTEXT('pilares pionsat__PartBody_10','COMPONENT_PART')
);
#16229=(
GEOMETRIC_REPRESENTATION_CONTEXT(3)
GLOBAL_UNCERTAINTY_ASSIGNED_CONTEXT((#16269))
GLOBAL_UNIT_ASSIGNED_CONTEXT((#16281,#16280,#16279))
REPRESENTATION_CONTEXT('pilares pionsat__PartBody_5','COMPONENT_PART')
);
#16230=(
GEOMETRIC_REPRESENTATION_CONTEXT(3)
GLOBAL_UNCERTAINTY_ASSIGNED_CONTEXT((#16270))
GLOBAL_UNIT_ASSIGNED_CONTEXT((#16281,#16280,#16279))
REPRESENTATION_CONTEXT('barramento__PartBody.2_1','COMPONENT_PART')
);
#16231=(
GEOMETRIC_REPRESENTATION_CONTEXT(3)
GLOBAL_UNCERTAINTY_ASSIGNED_CONTEXT((#16271))
GLOBAL_UNIT_ASSIGNED_CONTEXT((#16281,#16280,#16279))
REPRESENTATION_CONTEXT('1730','COMPONENT_PART')
);
#16232=(
GEOMETRIC_REPRESENTATION_CONTEXT(3)
GLOBAL_UNCERTAINTY_ASSIGNED_CONTEXT((#16272))
GLOBAL_UNIT_ASSIGNED_CONTEXT((#16281,#16280,#16279))
REPRESENTATION_CONTEXT('barramento__PartBody.2_3','COMPONENT_PART')
);
#16233=(
GEOMETRIC_REPRESENTATION_CONTEXT(3)
GLOBAL_UNCERTAINTY_ASSIGNED_CONTEXT((#16273))
GLOBAL_UNIT_ASSIGNED_CONTEXT((#16281,#16280,#16279))
REPRESENTATION_CONTEXT('barramento__PartBody.1_1','COMPONENT_PART')
);
#16234=(
GEOMETRIC_REPRESENTATION_CONTEXT(3)
GLOBAL_UNCERTAINTY_ASSIGNED_CONTEXT((#16274))
GLOBAL_UNIT_ASSIGNED_CONTEXT((#16281,#16280,#16279))
REPRESENTATION_CONTEXT('pilares pionsat__PartBody_1','COMPONENT_PART')
);
#16235=(
GEOMETRIC_REPRESENTATION_CONTEXT(3)
GLOBAL_UNCERTAINTY_ASSIGNED_CONTEXT((#16275))
GLOBAL_UNIT_ASSIGNED_CONTEXT((#16281,#16280,#16279))
REPRESENTATION_CONTEXT('pilares pionsat__PartBody_3','COMPONENT_PART')
);
#16236=(
GEOMETRIC_REPRESENTATION_CONTEXT(3)
GLOBAL_UNCERTAINTY_ASSIGNED_CONTEXT((#16276))
GLOBAL_UNIT_ASSIGNED_CONTEXT((#16281,#16280,#16279))
REPRESENTATION_CONTEXT('1730_7','COMPONENT_PART')
);
#16237=(
GEOMETRIC_REPRESENTATION_CONTEXT(3)
GLOBAL_UNCERTAINTY_ASSIGNED_CONTEXT((#16277))
GLOBAL_UNIT_ASSIGNED_CONTEXT((#16281,#16280,#16279))
REPRESENTATION_CONTEXT('pilares pionsat__PartBody_2','COMPONENT_PART')
);
#16238=(
GEOMETRIC_REPRESENTATION_CONTEXT(3)
GLOBAL_UNCERTAINTY_ASSIGNED_CONTEXT((#16278))
GLOBAL_UNIT_ASSIGNED_CONTEXT((#16281,#16280,#16279))
REPRESENTATION_CONTEXT('pilares pionsat__PartBody_14','COMPONENT_PART')
);
#16239=UNCERTAINTY_MEASURE_WITH_UNIT(LENGTH_MEASURE(1.E-8),#16281,
'DISTANCE_ACCURACY_VALUE','Maximum Tolerance applied to model');
#16240=UNCERTAINTY_MEASURE_WITH_UNIT(LENGTH_MEASURE(1.E-6),#16281,
'DISTANCE_ACCURACY_VALUE','Maximum Tolerance applied to model');
#16241=UNCERTAINTY_MEASURE_WITH_UNIT(LENGTH_MEASURE(1.E-6),#16281,
'DISTANCE_ACCURACY_VALUE','Maximum Tolerance applied to model');
#16242=UNCERTAINTY_MEASURE_WITH_UNIT(LENGTH_MEASURE(1.E-6),#16281,
'DISTANCE_ACCURACY_VALUE','Maximum Tolerance applied to model');
#16243=UNCERTAINTY_MEASURE_WITH_UNIT(LENGTH_MEASURE(1.E-8),#16281,
'DISTANCE_ACCURACY_VALUE','Maximum Tolerance applied to model');
#16244=UNCERTAINTY_MEASURE_WITH_UNIT(LENGTH_MEASURE(1.E-8),#16281,
'DISTANCE_ACCURACY_VALUE','Maximum Tolerance applied to model');
#16245=UNCERTAINTY_MEASURE_WITH_UNIT(LENGTH_MEASURE(1.E-8),#16281,
'DISTANCE_ACCURACY_VALUE','Maximum Tolerance applied to model');
#16246=UNCERTAINTY_MEASURE_WITH_UNIT(LENGTH_MEASURE(1.E-8),#16281,
'DISTANCE_ACCURACY_VALUE','Maximum Tolerance applied to model');
#16247=UNCERTAINTY_MEASURE_WITH_UNIT(LENGTH_MEASURE(1.E-8),#16281,
'DISTANCE_ACCURACY_VALUE','Maximum Tolerance applied to model');
#16248=UNCERTAINTY_MEASURE_WITH_UNIT(LENGTH_MEASURE(1.E-6),#16281,
'DISTANCE_ACCURACY_VALUE','Maximum Tolerance applied to model');
#16249=UNCERTAINTY_MEASURE_WITH_UNIT(LENGTH_MEASURE(1.E-8),#16281,
'DISTANCE_ACCURACY_VALUE','Maximum Tolerance applied to model');
#16250=UNCERTAINTY_MEASURE_WITH_UNIT(LENGTH_MEASURE(1.E-6),#16281,
'DISTANCE_ACCURACY_VALUE','Maximum Tolerance applied to model');
#16251=UNCERTAINTY_MEASURE_WITH_UNIT(LENGTH_MEASURE(1.E-8),#16281,
'DISTANCE_ACCURACY_VALUE','Maximum Tolerance applied to model');
#16252=UNCERTAINTY_MEASURE_WITH_UNIT(LENGTH_MEASURE(1.E-8),#16281,
'DISTANCE_ACCURACY_VALUE','Maximum Tolerance applied to model');
#16253=UNCERTAINTY_MEASURE_WITH_UNIT(LENGTH_MEASURE(1.E-8),#16281,
'DISTANCE_ACCURACY_VALUE','Maximum Tolerance applied to model');
#16254=UNCERTAINTY_MEASURE_WITH_UNIT(LENGTH_MEASURE(1.E-8),#16281,
'DISTANCE_ACCURACY_VALUE','Maximum Tolerance applied to model');
#16255=UNCERTAINTY_MEASURE_WITH_UNIT(LENGTH_MEASURE(1.E-6),#16281,
'DISTANCE_ACCURACY_VALUE','Maximum Tolerance applied to model');
#16256=UNCERTAINTY_MEASURE_WITH_UNIT(LENGTH_MEASURE(1.E-8),#16281,
'DISTANCE_ACCURACY_VALUE','Maximum Tolerance applied to model');
#16257=UNCERTAINTY_MEASURE_WITH_UNIT(LENGTH_MEASURE(1.E-8),#16281,
'DISTANCE_ACCURACY_VALUE','Maximum Tolerance applied to model');
#16258=UNCERTAINTY_MEASURE_WITH_UNIT(LENGTH_MEASURE(1.E-6),#16281,
'DISTANCE_ACCURACY_VALUE','Maximum Tolerance applied to model');
#16259=UNCERTAINTY_MEASURE_WITH_UNIT(LENGTH_MEASURE(1.E-8),#16281,
'DISTANCE_ACCURACY_VALUE','Maximum Tolerance applied to model');
#16260=UNCERTAINTY_MEASURE_WITH_UNIT(LENGTH_MEASURE(1.E-8),#16281,
'DISTANCE_ACCURACY_VALUE','Maximum Tolerance applied to model');
#16261=UNCERTAINTY_MEASURE_WITH_UNIT(LENGTH_MEASURE(1.E-8),#16281,
'DISTANCE_ACCURACY_VALUE','Maximum Tolerance applied to model');
#16262=UNCERTAINTY_MEASURE_WITH_UNIT(LENGTH_MEASURE(1.E-8),#16281,
'DISTANCE_ACCURACY_VALUE','Maximum Tolerance applied to model');
#16263=UNCERTAINTY_MEASURE_WITH_UNIT(LENGTH_MEASURE(1.E-8),#16281,
'DISTANCE_ACCURACY_VALUE','Maximum Tolerance applied to model');
#16264=UNCERTAINTY_MEASURE_WITH_UNIT(LENGTH_MEASURE(1.E-8),#16281,
'DISTANCE_ACCURACY_VALUE','Maximum Tolerance applied to model');
#16265=UNCERTAINTY_MEASURE_WITH_UNIT(LENGTH_MEASURE(1.E-8),#16281,
'DISTANCE_ACCURACY_VALUE','Maximum Tolerance applied to model');
#16266=UNCERTAINTY_MEASURE_WITH_UNIT(LENGTH_MEASURE(1.E-8),#16281,
'DISTANCE_ACCURACY_VALUE','Maximum Tolerance applied to model');
#16267=UNCERTAINTY_MEASURE_WITH_UNIT(LENGTH_MEASURE(1.E-8),#16281,
'DISTANCE_ACCURACY_VALUE','Maximum Tolerance applied to model');
#16268=UNCERTAINTY_MEASURE_WITH_UNIT(LENGTH_MEASURE(1.E-8),#16281,
'DISTANCE_ACCURACY_VALUE','Maximum Tolerance applied to model');
#16269=UNCERTAINTY_MEASURE_WITH_UNIT(LENGTH_MEASURE(1.E-8),#16281,
'DISTANCE_ACCURACY_VALUE','Maximum Tolerance applied to model');
#16270=UNCERTAINTY_MEASURE_WITH_UNIT(LENGTH_MEASURE(1.E-8),#16281,
'DISTANCE_ACCURACY_VALUE','Maximum Tolerance applied to model');
#16271=UNCERTAINTY_MEASURE_WITH_UNIT(LENGTH_MEASURE(1.E-6),#16281,
'DISTANCE_ACCURACY_VALUE','Maximum Tolerance applied to model');
#16272=UNCERTAINTY_MEASURE_WITH_UNIT(LENGTH_MEASURE(1.E-8),#16281,
'DISTANCE_ACCURACY_VALUE','Maximum Tolerance applied to model');
#16273=UNCERTAINTY_MEASURE_WITH_UNIT(LENGTH_MEASURE(1.E-8),#16281,
'DISTANCE_ACCURACY_VALUE','Maximum Tolerance applied to model');
#16274=UNCERTAINTY_MEASURE_WITH_UNIT(LENGTH_MEASURE(1.E-8),#16281,
'DISTANCE_ACCURACY_VALUE','Maximum Tolerance applied to model');
#16275=UNCERTAINTY_MEASURE_WITH_UNIT(LENGTH_MEASURE(1.E-8),#16281,
'DISTANCE_ACCURACY_VALUE','Maximum Tolerance applied to model');
#16276=UNCERTAINTY_MEASURE_WITH_UNIT(LENGTH_MEASURE(1.E-6),#16281,
'DISTANCE_ACCURACY_VALUE','Maximum Tolerance applied to model');
#16277=UNCERTAINTY_MEASURE_WITH_UNIT(LENGTH_MEASURE(1.E-8),#16281,
'DISTANCE_ACCURACY_VALUE','Maximum Tolerance applied to model');
#16278=UNCERTAINTY_MEASURE_WITH_UNIT(LENGTH_MEASURE(1.E-8),#16281,
'DISTANCE_ACCURACY_VALUE','Maximum Tolerance applied to model');
#16279=(
NAMED_UNIT(*)
SI_UNIT($,.STERADIAN.)
SOLID_ANGLE_UNIT()
);
#16280=(
NAMED_UNIT(*)
PLANE_ANGLE_UNIT()
SI_UNIT($,.RADIAN.)
);
#16281=(
LENGTH_UNIT()
NAMED_UNIT(*)
SI_UNIT($,.METRE.)
);
#16282=PRODUCT_DEFINITION_SHAPE('','',#16365);
#16283=PRODUCT_DEFINITION_SHAPE('','',#16366);
#16284=PRODUCT_DEFINITION_SHAPE(' ','NAUO PRDDFN',#84);
#16285=PRODUCT_DEFINITION_SHAPE('','',#16367);
#16286=PRODUCT_DEFINITION_SHAPE(' ','NAUO PRDDFN',#85);
#16287=PRODUCT_DEFINITION_SHAPE('','',#16368);
#16288=PRODUCT_DEFINITION_SHAPE(' ','NAUO PRDDFN',#86);
#16289=PRODUCT_DEFINITION_SHAPE(' ','NAUO PRDDFN',#87);
#16290=PRODUCT_DEFINITION_SHAPE('','',#16369);
#16291=PRODUCT_DEFINITION_SHAPE(' ','NAUO PRDDFN',#88);
#16292=PRODUCT_DEFINITION_SHAPE('','',#16370);
#16293=PRODUCT_DEFINITION_SHAPE(' ','NAUO PRDDFN',#89);
#16294=PRODUCT_DEFINITION_SHAPE('','',#16371);
#16295=PRODUCT_DEFINITION_SHAPE(' ','NAUO PRDDFN',#90);
#16296=PRODUCT_DEFINITION_SHAPE('','',#16372);
#16297=PRODUCT_DEFINITION_SHAPE(' ','NAUO PRDDFN',#91);
#16298=PRODUCT_DEFINITION_SHAPE('','',#16373);
#16299=PRODUCT_DEFINITION_SHAPE(' ','NAUO PRDDFN',#92);
#16300=PRODUCT_DEFINITION_SHAPE('','',#16374);
#16301=PRODUCT_DEFINITION_SHAPE(' ','NAUO PRDDFN',#93);
#16302=PRODUCT_DEFINITION_SHAPE(' ','NAUO PRDDFN',#94);
#16303=PRODUCT_DEFINITION_SHAPE('','',#16375);
#16304=PRODUCT_DEFINITION_SHAPE(' ','NAUO PRDDFN',#95);
#16305=PRODUCT_DEFINITION_SHAPE('','',#16376);
#16306=PRODUCT_DEFINITION_SHAPE(' ','NAUO PRDDFN',#96);
#16307=PRODUCT_DEFINITION_SHAPE('','',#16377);
#16308=PRODUCT_DEFINITION_SHAPE(' ','NAUO PRDDFN',#97);
#16309=PRODUCT_DEFINITION_SHAPE('','',#16378);
#16310=PRODUCT_DEFINITION_SHAPE(' ','NAUO PRDDFN',#98);
#16311=PRODUCT_DEFINITION_SHAPE('','',#16379);
#16312=PRODUCT_DEFINITION_SHAPE(' ','NAUO PRDDFN',#99);
#16313=PRODUCT_DEFINITION_SHAPE('','',#16380);
#16314=PRODUCT_DEFINITION_SHAPE(' ','NAUO PRDDFN',#100);
#16315=PRODUCT_DEFINITION_SHAPE('','',#16381);
#16316=PRODUCT_DEFINITION_SHAPE(' ','NAUO PRDDFN',#101);
#16317=PRODUCT_DEFINITION_SHAPE('','',#16382);
#16318=PRODUCT_DEFINITION_SHAPE(' ','NAUO PRDDFN',#102);
#16319=PRODUCT_DEFINITION_SHAPE('','',#16383);
#16320=PRODUCT_DEFINITION_SHAPE(' ','NAUO PRDDFN',#103);
#16321=PRODUCT_DEFINITION_SHAPE('','',#16384);
#16322=PRODUCT_DEFINITION_SHAPE(' ','NAUO PRDDFN',#104);
#16323=PRODUCT_DEFINITION_SHAPE('','',#16385);
#16324=PRODUCT_DEFINITION_SHAPE(' ','NAUO PRDDFN',#105);
#16325=PRODUCT_DEFINITION_SHAPE('','',#16386);
#16326=PRODUCT_DEFINITION_SHAPE(' ','NAUO PRDDFN',#106);
#16327=PRODUCT_DEFINITION_SHAPE('','',#16387);
#16328=PRODUCT_DEFINITION_SHAPE(' ','NAUO PRDDFN',#107);
#16329=PRODUCT_DEFINITION_SHAPE(' ','NAUO PRDDFN',#108);
#16330=PRODUCT_DEFINITION_SHAPE('','',#16388);
#16331=PRODUCT_DEFINITION_SHAPE(' ','NAUO PRDDFN',#109);
#16332=PRODUCT_DEFINITION_SHAPE('','',#16389);
#16333=PRODUCT_DEFINITION_SHAPE(' ','NAUO PRDDFN',#110);
#16334=PRODUCT_DEFINITION_SHAPE('','',#16390);
#16335=PRODUCT_DEFINITION_SHAPE(' ','NAUO PRDDFN',#111);
#16336=PRODUCT_DEFINITION_SHAPE('','',#16391);
#16337=PRODUCT_DEFINITION_SHAPE(' ','NAUO PRDDFN',#112);
#16338=PRODUCT_DEFINITION_SHAPE('','',#16392);
#16339=PRODUCT_DEFINITION_SHAPE(' ','NAUO PRDDFN',#113);
#16340=PRODUCT_DEFINITION_SHAPE('','',#16393);
#16341=PRODUCT_DEFINITION_SHAPE(' ','NAUO PRDDFN',#114);
#16342=PRODUCT_DEFINITION_SHAPE('','',#16394);
#16343=PRODUCT_DEFINITION_SHAPE(' ','NAUO PRDDFN',#115);
#16344=PRODUCT_DEFINITION_SHAPE('','',#16395);
#16345=PRODUCT_DEFINITION_SHAPE(' ','NAUO PRDDFN',#116);
#16346=PRODUCT_DEFINITION_SHAPE(' ','NAUO PRDDFN',#117);
#16347=PRODUCT_DEFINITION_SHAPE('','',#16396);
#16348=PRODUCT_DEFINITION_SHAPE(' ','NAUO PRDDFN',#118);
#16349=PRODUCT_DEFINITION_SHAPE('','',#16397);
#16350=PRODUCT_DEFINITION_SHAPE(' ','NAUO PRDDFN',#119);
#16351=PRODUCT_DEFINITION_SHAPE('','',#16398);
#16352=PRODUCT_DEFINITION_SHAPE(' ','NAUO PRDDFN',#120);
#16353=PRODUCT_DEFINITION_SHAPE('','',#16399);
#16354=PRODUCT_DEFINITION_SHAPE(' ','NAUO PRDDFN',#121);
#16355=PRODUCT_DEFINITION_SHAPE('','',#16400);
#16356=PRODUCT_DEFINITION_SHAPE(' ','NAUO PRDDFN',#122);
#16357=PRODUCT_DEFINITION_SHAPE('','',#16401);
#16358=PRODUCT_DEFINITION_SHAPE(' ','NAUO PRDDFN',#123);
#16359=PRODUCT_DEFINITION_SHAPE('','',#16402);
#16360=PRODUCT_DEFINITION_SHAPE(' ','NAUO PRDDFN',#124);
#16361=PRODUCT_DEFINITION_SHAPE('','',#16403);
#16362=PRODUCT_DEFINITION_SHAPE(' ','NAUO PRDDFN',#125);
#16363=PRODUCT_DEFINITION_SHAPE('','',#16404);
#16364=PRODUCT_DEFINITION_SHAPE(' ','NAUO PRDDFN',#126);
#16365=PRODUCT_DEFINITION('','',#16445,#16405);
#16366=PRODUCT_DEFINITION('','',#16446,#16406);
#16367=PRODUCT_DEFINITION('','',#16447,#16407);
#16368=PRODUCT_DEFINITION('','',#16448,#16408);
#16369=PRODUCT_DEFINITION('','',#16449,#16409);
#16370=PRODUCT_DEFINITION('','',#16450,#16410);
#16371=PRODUCT_DEFINITION('','',#16451,#16411);
#16372=PRODUCT_DEFINITION('','',#16452,#16412);
#16373=PRODUCT_DEFINITION('','',#16453,#16413);
#16374=PRODUCT_DEFINITION('','',#16454,#16414);
#16375=PRODUCT_DEFINITION('','',#16455,#16415);
#16376=PRODUCT_DEFINITION('','',#16456,#16416);
#16377=PRODUCT_DEFINITION('','',#16457,#16417);
#16378=PRODUCT_DEFINITION('','',#16458,#16418);
#16379=PRODUCT_DEFINITION('','',#16459,#16419);
#16380=PRODUCT_DEFINITION('','',#16460,#16420);
#16381=PRODUCT_DEFINITION('','',#16461,#16421);
#16382=PRODUCT_DEFINITION('','',#16462,#16422);
#16383=PRODUCT_DEFINITION('','',#16463,#16423);
#16384=PRODUCT_DEFINITION('','',#16464,#16424);
#16385=PRODUCT_DEFINITION('','',#16465,#16425);
#16386=PRODUCT_DEFINITION('','',#16466,#16426);
#16387=PRODUCT_DEFINITION('','',#16467,#16427);
#16388=PRODUCT_DEFINITION('','',#16468,#16428);
#16389=PRODUCT_DEFINITION('','',#16469,#16429);
#16390=PRODUCT_DEFINITION('','',#16470,#16430);
#16391=PRODUCT_DEFINITION('','',#16471,#16431);
#16392=PRODUCT_DEFINITION('','',#16472,#16432);
#16393=PRODUCT_DEFINITION('','',#16473,#16433);
#16394=PRODUCT_DEFINITION('','',#16474,#16434);
#16395=PRODUCT_DEFINITION('','',#16475,#16435);
#16396=PRODUCT_DEFINITION('','',#16476,#16436);
#16397=PRODUCT_DEFINITION('','',#16477,#16437);
#16398=PRODUCT_DEFINITION('','',#16478,#16438);
#16399=PRODUCT_DEFINITION('','',#16479,#16439);
#16400=PRODUCT_DEFINITION('','',#16480,#16440);
#16401=PRODUCT_DEFINITION('','',#16481,#16441);
#16402=PRODUCT_DEFINITION('','',#16482,#16442);
#16403=PRODUCT_DEFINITION('','',#16483,#16443);
#16404=PRODUCT_DEFINITION('','',#16484,#16444);
#16405=PRODUCT_DEFINITION_CONTEXT('',#16646,'design');
#16406=PRODUCT_DEFINITION_CONTEXT('',#16646,'design');
#16407=PRODUCT_DEFINITION_CONTEXT('',#16646,'design');
#16408=PRODUCT_DEFINITION_CONTEXT('',#16646,'design');
#16409=PRODUCT_DEFINITION_CONTEXT('',#16646,'design');
#16410=PRODUCT_DEFINITION_CONTEXT('',#16646,'design');
#16411=PRODUCT_DEFINITION_CONTEXT('',#16646,'design');
#16412=PRODUCT_DEFINITION_CONTEXT('',#16646,'design');
#16413=PRODUCT_DEFINITION_CONTEXT('',#16646,'design');
#16414=PRODUCT_DEFINITION_CONTEXT('',#16646,'design');
#16415=PRODUCT_DEFINITION_CONTEXT('',#16646,'design');
#16416=PRODUCT_DEFINITION_CONTEXT('',#16646,'design');
#16417=PRODUCT_DEFINITION_CONTEXT('',#16646,'design');
#16418=PRODUCT_DEFINITION_CONTEXT('',#16646,'design');
#16419=PRODUCT_DEFINITION_CONTEXT('',#16646,'design');
#16420=PRODUCT_DEFINITION_CONTEXT('',#16646,'design');
#16421=PRODUCT_DEFINITION_CONTEXT('',#16646,'design');
#16422=PRODUCT_DEFINITION_CONTEXT('',#16646,'design');
#16423=PRODUCT_DEFINITION_CONTEXT('',#16646,'design');
#16424=PRODUCT_DEFINITION_CONTEXT('',#16646,'design');
#16425=PRODUCT_DEFINITION_CONTEXT('',#16646,'design');
#16426=PRODUCT_DEFINITION_CONTEXT('',#16646,'design');
#16427=PRODUCT_DEFINITION_CONTEXT('',#16646,'design');
#16428=PRODUCT_DEFINITION_CONTEXT('',#16646,'design');
#16429=PRODUCT_DEFINITION_CONTEXT('',#16646,'design');
#16430=PRODUCT_DEFINITION_CONTEXT('',#16646,'design');
#16431=PRODUCT_DEFINITION_CONTEXT('',#16646,'design');
#16432=PRODUCT_DEFINITION_CONTEXT('',#16646,'design');
#16433=PRODUCT_DEFINITION_CONTEXT('',#16646,'design');
#16434=PRODUCT_DEFINITION_CONTEXT('',#16646,'design');
#16435=PRODUCT_DEFINITION_CONTEXT('',#16646,'design');
#16436=PRODUCT_DEFINITION_CONTEXT('',#16646,'design');
#16437=PRODUCT_DEFINITION_CONTEXT('',#16646,'design');
#16438=PRODUCT_DEFINITION_CONTEXT('',#16646,'design');
#16439=PRODUCT_DEFINITION_CONTEXT('',#16646,'design');
#16440=PRODUCT_DEFINITION_CONTEXT('',#16646,'design');
#16441=PRODUCT_DEFINITION_CONTEXT('',#16646,'design');
#16442=PRODUCT_DEFINITION_CONTEXT('',#16646,'design');
#16443=PRODUCT_DEFINITION_CONTEXT('',#16646,'design');
#16444=PRODUCT_DEFINITION_CONTEXT('',#16646,'design');
#16445=PRODUCT_DEFINITION_FORMATION_WITH_SPECIFIED_SOURCE('','',#16525,
 .NOT_KNOWN.);
#16446=PRODUCT_DEFINITION_FORMATION_WITH_SPECIFIED_SOURCE('','',#16526,
 .NOT_KNOWN.);
#16447=PRODUCT_DEFINITION_FORMATION_WITH_SPECIFIED_SOURCE('','',#16527,
 .NOT_KNOWN.);
#16448=PRODUCT_DEFINITION_FORMATION_WITH_SPECIFIED_SOURCE('','',#16528,
 .NOT_KNOWN.);
#16449=PRODUCT_DEFINITION_FORMATION_WITH_SPECIFIED_SOURCE('','',#16529,
 .NOT_KNOWN.);
#16450=PRODUCT_DEFINITION_FORMATION_WITH_SPECIFIED_SOURCE('','',#16530,
 .NOT_KNOWN.);
#16451=PRODUCT_DEFINITION_FORMATION_WITH_SPECIFIED_SOURCE('','',#16531,
 .NOT_KNOWN.);
#16452=PRODUCT_DEFINITION_FORMATION_WITH_SPECIFIED_SOURCE('','',#16532,
 .NOT_KNOWN.);
#16453=PRODUCT_DEFINITION_FORMATION_WITH_SPECIFIED_SOURCE('','',#16533,
 .NOT_KNOWN.);
#16454=PRODUCT_DEFINITION_FORMATION_WITH_SPECIFIED_SOURCE('','',#16534,
 .NOT_KNOWN.);
#16455=PRODUCT_DEFINITION_FORMATION_WITH_SPECIFIED_SOURCE('','',#16535,
 .NOT_KNOWN.);
#16456=PRODUCT_DEFINITION_FORMATION_WITH_SPECIFIED_SOURCE('','',#16536,
 .NOT_KNOWN.);
#16457=PRODUCT_DEFINITION_FORMATION_WITH_SPECIFIED_SOURCE('','',#16537,
 .NOT_KNOWN.);
#16458=PRODUCT_DEFINITION_FORMATION_WITH_SPECIFIED_SOURCE('','',#16538,
 .NOT_KNOWN.);
#16459=PRODUCT_DEFINITION_FORMATION_WITH_SPECIFIED_SOURCE('','',#16539,
 .NOT_KNOWN.);
#16460=PRODUCT_DEFINITION_FORMATION_WITH_SPECIFIED_SOURCE('','',#16540,
 .NOT_KNOWN.);
#16461=PRODUCT_DEFINITION_FORMATION_WITH_SPECIFIED_SOURCE('','',#16541,
 .NOT_KNOWN.);
#16462=PRODUCT_DEFINITION_FORMATION_WITH_SPECIFIED_SOURCE('','',#16542,
 .NOT_KNOWN.);
#16463=PRODUCT_DEFINITION_FORMATION_WITH_SPECIFIED_SOURCE('','',#16543,
 .NOT_KNOWN.);
#16464=PRODUCT_DEFINITION_FORMATION_WITH_SPECIFIED_SOURCE('','',#16544,
 .NOT_KNOWN.);
#16465=PRODUCT_DEFINITION_FORMATION_WITH_SPECIFIED_SOURCE('','',#16545,
 .NOT_KNOWN.);
#16466=PRODUCT_DEFINITION_FORMATION_WITH_SPECIFIED_SOURCE('','',#16546,
 .NOT_KNOWN.);
#16467=PRODUCT_DEFINITION_FORMATION_WITH_SPECIFIED_SOURCE('','',#16547,
 .NOT_KNOWN.);
#16468=PRODUCT_DEFINITION_FORMATION_WITH_SPECIFIED_SOURCE('','',#16548,
 .NOT_KNOWN.);
#16469=PRODUCT_DEFINITION_FORMATION_WITH_SPECIFIED_SOURCE('','',#16549,
 .NOT_KNOWN.);
#16470=PRODUCT_DEFINITION_FORMATION_WITH_SPECIFIED_SOURCE('','',#16550,
 .NOT_KNOWN.);
#16471=PRODUCT_DEFINITION_FORMATION_WITH_SPECIFIED_SOURCE('','',#16551,
 .NOT_KNOWN.);
#16472=PRODUCT_DEFINITION_FORMATION_WITH_SPECIFIED_SOURCE('','',#16552,
 .NOT_KNOWN.);
#16473=PRODUCT_DEFINITION_FORMATION_WITH_SPECIFIED_SOURCE('','',#16553,
 .NOT_KNOWN.);
#16474=PRODUCT_DEFINITION_FORMATION_WITH_SPECIFIED_SOURCE('','',#16554,
 .NOT_KNOWN.);
#16475=PRODUCT_DEFINITION_FORMATION_WITH_SPECIFIED_SOURCE('','',#16555,
 .NOT_KNOWN.);
#16476=PRODUCT_DEFINITION_FORMATION_WITH_SPECIFIED_SOURCE('','',#16556,
 .NOT_KNOWN.);
#16477=PRODUCT_DEFINITION_FORMATION_WITH_SPECIFIED_SOURCE('','',#16557,
 .NOT_KNOWN.);
#16478=PRODUCT_DEFINITION_FORMATION_WITH_SPECIFIED_SOURCE('','',#16558,
 .NOT_KNOWN.);
#16479=PRODUCT_DEFINITION_FORMATION_WITH_SPECIFIED_SOURCE('','',#16559,
 .NOT_KNOWN.);
#16480=PRODUCT_DEFINITION_FORMATION_WITH_SPECIFIED_SOURCE('','',#16560,
 .NOT_KNOWN.);
#16481=PRODUCT_DEFINITION_FORMATION_WITH_SPECIFIED_SOURCE('','',#16561,
 .NOT_KNOWN.);
#16482=PRODUCT_DEFINITION_FORMATION_WITH_SPECIFIED_SOURCE('','',#16562,
 .NOT_KNOWN.);
#16483=PRODUCT_DEFINITION_FORMATION_WITH_SPECIFIED_SOURCE('','',#16563,
 .NOT_KNOWN.);
#16484=PRODUCT_DEFINITION_FORMATION_WITH_SPECIFIED_SOURCE('','',#16564,
 .NOT_KNOWN.);
#16485=PRODUCT_RELATED_PRODUCT_CATEGORY('','',(#16525));
#16486=PRODUCT_RELATED_PRODUCT_CATEGORY('','',(#16526));
#16487=PRODUCT_RELATED_PRODUCT_CATEGORY('','',(#16527));
#16488=PRODUCT_RELATED_PRODUCT_CATEGORY('','',(#16528));
#16489=PRODUCT_RELATED_PRODUCT_CATEGORY('','',(#16529));
#16490=PRODUCT_RELATED_PRODUCT_CATEGORY('','',(#16530));
#16491=PRODUCT_RELATED_PRODUCT_CATEGORY('','',(#16531));
#16492=PRODUCT_RELATED_PRODUCT_CATEGORY('','',(#16532));
#16493=PRODUCT_RELATED_PRODUCT_CATEGORY('','',(#16533));
#16494=PRODUCT_RELATED_PRODUCT_CATEGORY('','',(#16534));
#16495=PRODUCT_RELATED_PRODUCT_CATEGORY('','',(#16535));
#16496=PRODUCT_RELATED_PRODUCT_CATEGORY('','',(#16536));
#16497=PRODUCT_RELATED_PRODUCT_CATEGORY('','',(#16537));
#16498=PRODUCT_RELATED_PRODUCT_CATEGORY('','',(#16538));
#16499=PRODUCT_RELATED_PRODUCT_CATEGORY('','',(#16539));
#16500=PRODUCT_RELATED_PRODUCT_CATEGORY('','',(#16540));
#16501=PRODUCT_RELATED_PRODUCT_CATEGORY('','',(#16541));
#16502=PRODUCT_RELATED_PRODUCT_CATEGORY('','',(#16542));
#16503=PRODUCT_RELATED_PRODUCT_CATEGORY('','',(#16543));
#16504=PRODUCT_RELATED_PRODUCT_CATEGORY('','',(#16544));
#16505=PRODUCT_RELATED_PRODUCT_CATEGORY('','',(#16545));
#16506=PRODUCT_RELATED_PRODUCT_CATEGORY('','',(#16546));
#16507=PRODUCT_RELATED_PRODUCT_CATEGORY('','',(#16547));
#16508=PRODUCT_RELATED_PRODUCT_CATEGORY('','',(#16548));
#16509=PRODUCT_RELATED_PRODUCT_CATEGORY('','',(#16549));
#16510=PRODUCT_RELATED_PRODUCT_CATEGORY('','',(#16550));
#16511=PRODUCT_RELATED_PRODUCT_CATEGORY('','',(#16551));
#16512=PRODUCT_RELATED_PRODUCT_CATEGORY('','',(#16552));
#16513=PRODUCT_RELATED_PRODUCT_CATEGORY('','',(#16553));
#16514=PRODUCT_RELATED_PRODUCT_CATEGORY('','',(#16554));
#16515=PRODUCT_RELATED_PRODUCT_CATEGORY('','',(#16555));
#16516=PRODUCT_RELATED_PRODUCT_CATEGORY('','',(#16556));
#16517=PRODUCT_RELATED_PRODUCT_CATEGORY('','',(#16557));
#16518=PRODUCT_RELATED_PRODUCT_CATEGORY('','',(#16558));
#16519=PRODUCT_RELATED_PRODUCT_CATEGORY('','',(#16559));
#16520=PRODUCT_RELATED_PRODUCT_CATEGORY('','',(#16560));
#16521=PRODUCT_RELATED_PRODUCT_CATEGORY('','',(#16561));
#16522=PRODUCT_RELATED_PRODUCT_CATEGORY('','',(#16562));
#16523=PRODUCT_RELATED_PRODUCT_CATEGORY('','',(#16563));
#16524=PRODUCT_RELATED_PRODUCT_CATEGORY('','',(#16564));
#16525=PRODUCT('Sat sem chassi','Sat sem chassi','Sat sem chassi',(#16605));
#16526=PRODUCT('1730_4','1730_4','1730_4',(#16606));
#16527=PRODUCT('1730_2','1730_2','1730_2',(#16607));
#16528=PRODUCT('1730_5','1730_5','1730_5',(#16608));
#16529=PRODUCT('pilares pionsat__PartBody_13',
'pilares pionsat__PartBody_13','pilares pionsat__PartBody_13',(#16609));
#16530=PRODUCT('Part1__PartBody_2','Part1__PartBody_2',
'Part1__PartBody_2',(#16610));
#16531=PRODUCT('barramento__PartBody.2_2','barramento__PartBody.2_2',
'barramento__PartBody.2_2',(#16611));
#16532=PRODUCT('barramento__PartBody.1_2','barramento__PartBody.1_2',
'barramento__PartBody.1_2',(#16612));
#16533=PRODUCT('pilares pionsat__PartBody_4',
'pilares pionsat__PartBody_4','pilares pionsat__PartBody_4',(#16613));
#16534=PRODUCT('Part 1','Part 1','Part 1',(#16614));
#16535=PRODUCT('pilares pionsat__PartBody_6',
'pilares pionsat__PartBody_6','pilares pionsat__PartBody_6',(#16615));
#16536=PRODUCT('1730_6','1730_6','1730_6',(#16616));
#16537=PRODUCT('pilares pionsat__PartBody_7',
'pilares pionsat__PartBody_7','pilares pionsat__PartBody_7',(#16617));
#16538=PRODUCT('barramento__PartBody.1','barramento__PartBody.1',
'barramento__PartBody.1',(#16618));
#16539=PRODUCT('bateria','bateria','bateria',(#16619));
#16540=PRODUCT('pilares pionsat__PartBody_11',
'pilares pionsat__PartBody_11','pilares pionsat__PartBody_11',(#16620));
#16541=PRODUCT('1730_1','1730_1','1730_1',(#16621));
#16542=PRODUCT('Part1__PartBody','Part1__PartBody','Part1__PartBody',(#16622));
#16543=PRODUCT('pilares pionsat__PartBody','pilares pionsat__PartBody',
'pilares pionsat__PartBody',(#16623));
#16544=PRODUCT('1730_3','1730_3','1730_3',(#16624));
#16545=PRODUCT('pilares pionsat__PartBody_8',
'pilares pionsat__PartBody_8','pilares pionsat__PartBody_8',(#16625));
#16546=PRODUCT('pilares pionsat__PartBody_9',
'pilares pionsat__PartBody_9','pilares pionsat__PartBody_9',(#16626));
#16547=PRODUCT('Part1__PartBody_1','Part1__PartBody_1',
'Part1__PartBody_1',(#16627));
#16548=PRODUCT('barramento__PartBody.2','barramento__PartBody.2',
'barramento__PartBody.2',(#16628));
#16549=PRODUCT('Part 1','Part 1','Part 1',(#16629));
#16550=PRODUCT('Part1__PartBody_3','Part1__PartBody_3',
'Part1__PartBody_3',(#16630));
#16551=PRODUCT('pilares pionsat__PartBody_12',
'pilares pionsat__PartBody_12','pilares pionsat__PartBody_12',(#16631));
#16552=PRODUCT('pilares pionsat__PartBody_15',
'pilares pionsat__PartBody_15','pilares pionsat__PartBody_15',(#16632));
#16553=PRODUCT('barramento__PartBody.1_3','barramento__PartBody.1_3',
'barramento__PartBody.1_3',(#16633));
#16554=PRODUCT('pilares pionsat__PartBody_10',
'pilares pionsat__PartBody_10','pilares pionsat__PartBody_10',(#16634));
#16555=PRODUCT('pilares pionsat__PartBody_5',
'pilares pionsat__PartBody_5','pilares pionsat__PartBody_5',(#16635));
#16556=PRODUCT('barramento__PartBody.2_1','barramento__PartBody.2_1',
'barramento__PartBody.2_1',(#16636));
#16557=PRODUCT('1730','1730','1730',(#16637));
#16558=PRODUCT('barramento__PartBody.2_3','barramento__PartBody.2_3',
'barramento__PartBody.2_3',(#16638));
#16559=PRODUCT('barramento__PartBody.1_1','barramento__PartBody.1_1',
'barramento__PartBody.1_1',(#16639));
#16560=PRODUCT('pilares pionsat__PartBody_1',
'pilares pionsat__PartBody_1','pilares pionsat__PartBody_1',(#16640));
#16561=PRODUCT('pilares pionsat__PartBody_3',
'pilares pionsat__PartBody_3','pilares pionsat__PartBody_3',(#16641));
#16562=PRODUCT('1730_7','1730_7','1730_7',(#16642));
#16563=PRODUCT('pilares pionsat__PartBody_2',
'pilares pionsat__PartBody_2','pilares pionsat__PartBody_2',(#16643));
#16564=PRODUCT('pilares pionsat__PartBody_14',
'pilares pionsat__PartBody_14','pilares pionsat__PartBody_14',(#16644));
#16565=PRODUCT_CATEGORY('','');
#16566=PRODUCT_CATEGORY('','');
#16567=PRODUCT_CATEGORY('','');
#16568=PRODUCT_CATEGORY('','');
#16569=PRODUCT_CATEGORY('','');
#16570=PRODUCT_CATEGORY('','');
#16571=PRODUCT_CATEGORY('','');
#16572=PRODUCT_CATEGORY('','');
#16573=PRODUCT_CATEGORY('','');
#16574=PRODUCT_CATEGORY('','');
#16575=PRODUCT_CATEGORY('','');
#16576=PRODUCT_CATEGORY('','');
#16577=PRODUCT_CATEGORY('','');
#16578=PRODUCT_CATEGORY('','');
#16579=PRODUCT_CATEGORY('','');
#16580=PRODUCT_CATEGORY('','');
#16581=PRODUCT_CATEGORY('','');
#16582=PRODUCT_CATEGORY('','');
#16583=PRODUCT_CATEGORY('','');
#16584=PRODUCT_CATEGORY('','');
#16585=PRODUCT_CATEGORY('','');
#16586=PRODUCT_CATEGORY('','');
#16587=PRODUCT_CATEGORY('','');
#16588=PRODUCT_CATEGORY('','');
#16589=PRODUCT_CATEGORY('','');
#16590=PRODUCT_CATEGORY('','');
#16591=PRODUCT_CATEGORY('','');
#16592=PRODUCT_CATEGORY('','');
#16593=PRODUCT_CATEGORY('','');
#16594=PRODUCT_CATEGORY('','');
#16595=PRODUCT_CATEGORY('','');
#16596=PRODUCT_CATEGORY('','');
#16597=PRODUCT_CATEGORY('','');
#16598=PRODUCT_CATEGORY('','');
#16599=PRODUCT_CATEGORY('','');
#16600=PRODUCT_CATEGORY('','');
#16601=PRODUCT_CATEGORY('','');
#16602=PRODUCT_CATEGORY('','');
#16603=PRODUCT_CATEGORY('','');
#16604=PRODUCT_CATEGORY('','');
#16605=PRODUCT_CONTEXT('',#16646,'mechanical');
#16606=PRODUCT_CONTEXT('',#16646,'mechanical');
#16607=PRODUCT_CONTEXT('',#16646,'mechanical');
#16608=PRODUCT_CONTEXT('',#16646,'mechanical');
#16609=PRODUCT_CONTEXT('',#16646,'mechanical');
#16610=PRODUCT_CONTEXT('',#16646,'mechanical');
#16611=PRODUCT_CONTEXT('',#16646,'mechanical');
#16612=PRODUCT_CONTEXT('',#16646,'mechanical');
#16613=PRODUCT_CONTEXT('',#16646,'mechanical');
#16614=PRODUCT_CONTEXT('',#16646,'mechanical');
#16615=PRODUCT_CONTEXT('',#16646,'mechanical');
#16616=PRODUCT_CONTEXT('',#16646,'mechanical');
#16617=PRODUCT_CONTEXT('',#16646,'mechanical');
#16618=PRODUCT_CONTEXT('',#16646,'mechanical');
#16619=PRODUCT_CONTEXT('',#16646,'mechanical');
#16620=PRODUCT_CONTEXT('',#16646,'mechanical');
#16621=PRODUCT_CONTEXT('',#16646,'mechanical');
#16622=PRODUCT_CONTEXT('',#16646,'mechanical');
#16623=PRODUCT_CONTEXT('',#16646,'mechanical');
#16624=PRODUCT_CONTEXT('',#16646,'mechanical');
#16625=PRODUCT_CONTEXT('',#16646,'mechanical');
#16626=PRODUCT_CONTEXT('',#16646,'mechanical');
#16627=PRODUCT_CONTEXT('',#16646,'mechanical');
#16628=PRODUCT_CONTEXT('',#16646,'mechanical');
#16629=PRODUCT_CONTEXT('',#16646,'mechanical');
#16630=PRODUCT_CONTEXT('',#16646,'mechanical');
#16631=PRODUCT_CONTEXT('',#16646,'mechanical');
#16632=PRODUCT_CONTEXT('',#16646,'mechanical');
#16633=PRODUCT_CONTEXT('',#16646,'mechanical');
#16634=PRODUCT_CONTEXT('',#16646,'mechanical');
#16635=PRODUCT_CONTEXT('',#16646,'mechanical');
#16636=PRODUCT_CONTEXT('',#16646,'mechanical');
#16637=PRODUCT_CONTEXT('',#16646,'mechanical');
#16638=PRODUCT_CONTEXT('',#16646,'mechanical');
#16639=PRODUCT_CONTEXT('',#16646,'mechanical');
#16640=PRODUCT_CONTEXT('',#16646,'mechanical');
#16641=PRODUCT_CONTEXT('',#16646,'mechanical');
#16642=PRODUCT_CONTEXT('',#16646,'mechanical');
#16643=PRODUCT_CONTEXT('',#16646,'mechanical');
#16644=PRODUCT_CONTEXT('',#16646,'mechanical');
#16645=APPLICATION_PROTOCOL_DEFINITION('international standard',
'ap242_managed_model_based_3d_engineering',2020,#16646);
#16646=APPLICATION_CONTEXT('managed model based 3d engineering');
ENDSEC;
END-ISO-10303-21;
